timestamp,T,CO2,VOC,NO2,PMS1,PMS10,PMS2_5,C2H5OH,H
2026-07-06 20:27:32,19.6,292.6,83.13,29.1,11.43,25.38,20.16,1.85,46.37
2026-07-06 20:37:59,18.91,218.5,76.36,29.1,11.48,26.59,18.45,7.22,43.79
2026-07-06 20:50:52,19.52,265.2,83.28,17.0,8.6,18.54,19.49,14.75,44.8
2026-07-06 20:58:15,20.93,243.9,94.44,36.6,12.15,23.84,11.17,0.58,49.98
2026-07-06 21:07:31,19.28,230.5,109.41,22.4,7.05,27.18,13.22,4.96,46.22
2026-07-06 21:21:25,19.97,189.8,111.23,15.7,10.2,31.87,15.57,21.12,48.24
2026-07-06 21:35:41,19.0,219.3,103.51,5.1,7.01,20.4,10.48,3.93,46.47
2026-07-06 21:46:30,19.14,233.7,111.54,26.0,12.04,29.18,19.11,2.06,46.51
2026-07-06 21:59:14,20.38,170.7,113.47,6.9,14.79,20.6,19.66,7.7,44.42
2026-07-06 22:10:10,19.06,160.6,109.23,21.8,15.36,27.12,18.33,8.04,43.53
2026-07-06 22:23:38,19.59,215.8,93.01,23.8,13.97,27.26,9.93,0.33,45.39
2026-07-06 22:28:48,19.41,208.1,110.34,33.4,12.21,21.2,13.94,7.44,48.56
2026-07-06 22:39:50,19.83,199.0,108.3,19.8,12.22,31.03,15.49,4.2,47.16
2026-07-06 22:46:39,19.83,136.0,107.3,21.7,7.87,24.31,17.63,1.27,40.94
2026-07-06 23:01:18,19.04,208.7,123.37,6.5,13.63,22.71,8.62,5.68,44.38
2026-07-06 23:15:44,18.82,171.7,105.52,15.9,16.89,27.44,11.85,10.34,44.4
2026-07-06 23:29:15,19.48,130.5,100.04,37.9,9.57,25.14,16.01,0.54,43.12
2026-07-06 23:34:20,18.3,168.6,94.83,35.6,3.93,24.1,21.48,2.87,45.74
2026-07-06 23:45:21,19.23,148.6,115.34,8.9,6.31,25.15,11.63,1.45,45.48
2026-07-06 23:56:05,18.94,114.5,119.16,5.8,7.84,13.21,17.47,1.16,41.51
2026-07-07 00:06:09,19.63,154.2,127.98,7.2,10.31,22.05,11.68,12.64,40.13
2026-07-07 00:18:26,19.44,124.4,94.91,17.8,11.67,22.4,18.49,3.64,43.54
2026-07-07 00:32:06,19.1,150.2,111.99,10.4,10.26,29.67,14.34,1.9,41.36
2026-07-07 00:40:44,19.86,225.2,90.85,35.2,8.23,25.29,13.63,2.19,45.46
2026-07-07 00:50:27,19.27,144.4,137.25,11.7,10.34,33.11,14.43,1.69,42.06
2026-07-07 00:58:16,18.67,181.0,104.36,14.5,11.35,17.95,14.78,0.55,42.97
2026-07-07 01:04:19,19.28,136.7,103.85,31.5,12.56,25.3,14.64,3.51,41.62
2026-07-07 01:13:01,18.93,152.2,109.0,26.2,11.71,29.08,19.71,0.5,44.81
2026-07-07 01:27:52,19.09,215.5,98.67,32.8,6.95,28.86,15.73,7.59,48.02
2026-07-07 01:40:45,19.19,137.9,94.0,34.1,8.81,25.97,10.23,5.09,44.05
2026-07-07 01:47:26,18.55,138.7,93.47,39.6,7.91,23.03,12.93,2.14,40.24
2026-07-07 01:54:21,18.68,227.7,104.33,22.7,12.24,22.49,13.35,2.19,43.12
2026-07-07 02:02:20,20.02,218.0,88.38,10.4,7.86,21.92,17.64,2.08,40.53
2026-07-07 02:07:26,19.37,258.8,119.65,23.9,6.13,24.41,15.7,11.9,42.47
2026-07-07 02:17:50,19.52,178.5,98.87,31.9,8.57,30.36,16.28,5.51,44.43
2026-07-07 02:32:26,19.37,220.6,106.74,10.6,4.08,21.11,21.17,0.09,44.54
2026-07-07 02:44:03,19.78,198.9,95.38,39.1,13.23,27.3,11.53,4.06,45.08
2026-07-07 02:49:59,19.19,154.2,89.24,31.9,7.2,23.92,15.89,2.0,42.53
2026-07-07 03:00:54,19.51,242.5,76.09,7.1,9.05,22.46,9.52,1.23,46.1
2026-07-07 03:07:17,19.46,207.1,83.63,5.4,8.56,22.03,11.03,2.61,42.7
2026-07-07 03:19:31,20.43,214.0,87.66,19.5,8.97,32.18,14.11,0.62,42.48
2026-07-07 03:25:36,20.53,268.9,85.77,31.2,11.16,31.14,15.19,0.25,49.55
2026-07-07 03:35:31,19.83,221.0,74.15,26.8,12.4,17.33,15.27,1.78,47.68
2026-07-07 03:44:55,21.05,279.0,80.96,25.6,10.45,26.47,22.83,11.82,47.32
2026-07-07 03:52:19,20.04,284.8,73.88,33.7,12.57,28.98,13.63,19.77,45.44
2026-07-07 03:59:09,20.42,241.7,94.55,35.2,4.63,24.27,17.8,4.38,46.09
2026-07-07 04:07:40,21.65,291.8,83.43,35.7,8.33,26.78,17.01,2.73,48.5
2026-07-07 04:18:48,21.69,301.1,78.97,24.3,7.97,25.7,15.61,0.66,50.11
2026-07-07 04:24:38,19.99,320.4,80.08,15.7,7.13,15.25,13.96,4.0,45.28
2026-07-07 04:38:25,20.17,284.0,67.09,14.5,11.28,33.51,11.25,4.49,49.01
2026-07-07 04:51:21,21.27,325.7,71.81,5.7,12.92,24.72,11.74,1.05,48.42
2026-07-07 04:58:51,21.82,331.3,45.78,30.9,7.51,21.22,21.59,6.51,49.43
2026-07-07 05:07:38,21.99,373.3,76.16,24.3,8.78,29.1,11.62,3.22,48.52
2026-07-07 05:16:05,21.69,328.0,59.55,13.7,11.39,34.8,8.38,6.0,48.76
2026-07-07 05:30:57,22.32,381.3,70.28,38.1,13.02,24.42,5.5,1.64,47.74
2026-07-07 05:40:11,22.07,390.8,41.0,13.6,8.87,12.24,10.78,1.36,49.63
2026-07-07 05:47:52,22.05,392.8,56.14,11.0,4.79,27.44,14.46,1.42,51.26
2026-07-07 06:02:30,21.37,438.3,53.42,15.5,11.0,20.71,8.63,4.03,49.59
2026-07-07 06:09:25,21.58,425.7,60.0,20.9,9.11,22.83,8.41,5.68,48.48
2026-07-07 06:15:37,22.33,441.1,56.32,17.1,5.84,24.44,18.51,1.08,50.86
2026-07-07 06:28:46,22.12,461.1,48.46,15.9,7.83,17.89,13.3,3.93,51.82
2026-07-07 06:41:41,21.91,462.6,55.27,11.3,12.47,26.06,16.25,4.74,48.18
2026-07-07 06:52:43,22.84,472.6,79.65,29.8,8.2,32.5,21.4,0.15,56.7
2026-07-07 06:59:54,22.42,519.7,62.21,21.9,6.55,23.58,8.56,11.7,49.51
2026-07-07 07:11:50,22.15,466.1,76.67,36.1,8.39,17.41,15.25,1.47,48.12
2026-07-07 07:23:54,22.59,452.2,64.72,29.4,12.84,25.46,11.94,1.97,50.08
2026-07-07 07:29:29,23.33,491.1,98.12,14.5,15.69,22.81,11.65,1.02,51.97
2026-07-07 07:44:12,23.74,542.4,82.41,23.1,12.72,30.16,12.4,2.22,51.23
2026-07-07 07:57:52,23.82,505.3,65.03,26.3,13.47,31.77,6.09,7.15,55.76
2026-07-07 08:07:38,24.11,494.2,85.47,34.2,4.2,30.31,19.22,0.16,53.67
2026-07-07 08:17:55,24.44,523.3,93.83,33.7,14.3,27.93,11.95,8.84,54.29
2026-07-07 08:24:53,23.59,505.7,82.87,27.9,8.35,25.24,12.43,2.32,55.63
2026-07-07 08:33:32,23.46,520.5,79.25,26.6,9.25,17.01,16.89,2.08,52.43
2026-07-07 08:45:05,23.72,548.5,80.25,25.3,11.53,29.89,19.0,4.61,53.05
2026-07-07 08:50:09,22.91,566.1,79.31,36.7,16.23,32.36,16.23,2.41,52.51
2026-07-07 08:57:37,23.65,532.8,76.74,15.7,6.04,32.13,11.07,3.28,50.95
2026-07-07 09:03:36,24.48,564.5,97.72,22.9,14.62,26.55,22.23,8.41,55.89
2026-07-07 09:08:53,24.4,579.4,87.26,29.8,14.94,32.17,15.44,3.24,60.23
2026-07-07 09:18:58,23.91,681.9,103.45,25.4,9.53,22.29,13.25,0.78,54.08
2026-07-07 09:27:04,23.96,537.1,86.35,5.7,16.76,26.75,14.47,1.82,54.61
2026-07-07 09:32:59,24.23,589.8,81.12,19.8,5.75,17.55,16.95,3.49,55.97
2026-07-07 09:46:10,25.06,596.0,94.37,16.1,7.22,19.72,22.38,7.87,51.58
2026-07-07 10:01:05,25.13,645.1,110.54,11.4,9.62,28.1,10.33,10.19,57.52
2026-07-07 10:13:00,24.35,648.3,81.44,7.9,13.44,38.93,15.58,0.16,53.8
2026-07-07 10:27:26,24.99,654.2,83.76,27.9,8.09,19.51,4.29,3.52,54.88
2026-07-07 10:34:20,25.2,603.7,115.86,16.9,11.34,24.07,21.67,7.39,56.04
2026-07-07 10:46:44,24.79,650.8,116.27,35.3,2.98,40.42,16.6,1.01,51.37
2026-07-07 10:57:08,24.48,692.7,107.35,21.4,8.93,30.94,10.48,0.36,57.42
2026-07-07 11:02:45,25.37,646.2,118.17,12.4,7.9,21.34,15.65,10.19,59.84
2026-07-07 11:11:59,24.17,640.2,116.15,11.5,9.33,23.8,12.72,3.24,54.65
2026-07-07 11:24:00,25.09,668.8,129.02,16.5,14.57,24.13,12.87,4.56,54.28
2026-07-07 11:29:53,25.59,617.5,106.71,39.4,10.85,28.95,16.91,5.76,52.78
2026-07-07 11:40:14,24.95,591.8,105.13,38.0,11.83,21.06,17.96,1.6,53.39
2026-07-07 11:46:33,25.51,601.9,121.91,8.6,14.3,28.03,17.76,6.55,56.41
2026-07-07 12:01:06,24.7,653.6,112.07,36.3,16.87,28.87,11.14,0.26,59.96
2026-07-07 12:11:23,24.63,649.2,116.71,18.0,10.2,17.71,10.85,0.21,53.92
2026-07-07 12:16:57,24.42,671.6,123.19,11.8,10.89,25.53,11.62,1.21,53.21
2026-07-07 12:25:50,25.31,687.9,106.35,12.7,3.59,25.2,16.48,1.93,53.23
2026-07-07 12:35:47,24.77,611.8,122.12,37.4,12.04,23.36,15.14,6.8,55.44
2026-07-07 12:47:49,25.13,674.1,118.67,12.8,7.73,24.3,16.65,6.17,60.37
2026-07-07 12:58:31,24.74,638.7,110.96,29.2,8.23,30.67,10.03,4.98,54.02
2026-07-07 13:06:26,24.73,668.4,100.32,16.2,14.04,22.91,11.43,7.45,56.29
2026-07-07 13:20:35,24.35,600.5,107.05,37.5,9.69,26.73,15.73,0.54,55.39
2026-07-07 13:30:04,24.88,634.6,113.39,24.6,5.9,20.84,17.24,0.06,55.86
2026-07-07 13:43:59,24.03,595.2,92.64,36.2,9.87,19.59,12.34,0.22,57.08
2026-07-07 13:50:45,24.65,592.8,107.63,27.1,11.85,20.53,14.63,0.31,52.8
2026-07-07 13:57:57,23.87,587.1,96.03,18.1,11.06,21.33,11.94,0.84,57.34
2026-07-07 14:06:58,25.25,581.3,87.75,8.1,1.98,20.33,16.85,13.89,57.17
2026-07-07 14:20:10,24.92,554.1,92.68,7.8,4.6,20.57,9.06,0.93,54.68
2026-07-07 14:34:18,24.14,629.5,104.75,24.1,13.51,23.89,16.32,1.21,58.84
2026-07-07 14:39:19,24.24,600.8,89.73,13.9,11.24,28.25,8.79,0.56,50.99
2026-07-07 14:48:34,24.32,569.4,98.08,29.2,12.18,24.36,15.87,9.95,55.81
2026-07-07 15:01:00,23.26,606.2,86.64,38.9,10.6,17.48,14.33,7.16,52.04
2026-07-07 15:08:00,23.68,565.3,89.04,9.8,13.26,13.27,13.04,1.75,56.47
2026-07-07 15:22:52,24.17,524.1,88.88,6.3,8.58,17.32,17.23,4.08,51.8
2026-07-07 15:29:37,23.72,503.3,82.97,24.1,11.52,24.92,14.75,15.64,54.3
2026-07-07 15:40:08,23.39,592.5,88.59,24.9,13.36,28.12,12.41,5.17,55.29
2026-07-07 15:47:31,23.32,592.1,79.39,12.5,5.52,27.61,10.72,7.57,53.95
2026-07-07 15:56:24,23.92,487.5,100.84,35.3,14.73,21.85,10.05,9.85,54.22
2026-07-07 16:08:53,24.24,512.8,87.93,7.1,4.99,21.15,4.81,22.54,53.2
2026-07-07 16:23:15,24.16,443.4,89.06,9.7,16.73,24.4,18.85,8.12,53.66
2026-07-07 16:36:10,22.45,499.8,66.76,38.6,14.05,21.28,11.25,4.59,53.93
2026-07-07 16:50:29,22.41,497.5,70.2,11.4,11.87,24.48,16.71,7.17,50.68
2026-07-07 16:56:58,22.56,462.1,77.1,29.1,9.79,32.35,16.04,11.09,49.52
2026-07-07 17:04:49,23.07,429.4,64.32,15.0,6.09,17.89,14.63,1.83,52.96
2026-07-07 17:13:41,22.56,454.8,61.94,32.7,4.99,24.81,11.62,0.27,50.67
2026-07-07 17:26:19,22.14,452.7,61.66,30.3,8.09,21.99,18.11,0.89,54.19
2026-07-07 17:33:25,22.12,424.1,54.24,17.3,12.21,22.32,16.74,7.0,50.66
2026-07-07 17:43:36,21.78,398.3,69.6,24.6,9.6,24.04,15.73,22.71,48.93
2026-07-07 17:50:55,21.77,397.2,61.41,7.8,7.11,27.78,8.21,0.37,49.12
2026-07-07 17:58:46,21.48,402.7,62.44,9.3,6.46,22.22,14.3,7.8,53.43
2026-07-07 18:08:07,21.49,352.7,65.39,6.4,9.73,24.16,15.69,13.08,50.3
2026-07-07 18:17:21,22.28,394.9,55.89,13.8,10.52,20.58,8.0,6.93,49.81
2026-07-07 18:23:26,21.24,353.0,63.41,25.7,7.06,29.11,14.36,2.25,46.71
2026-07-07 18:31:18,21.66,384.5,49.48,14.9,11.56,30.84,12.45,12.85,52.51
2026-07-07 18:42:32,21.75,363.7,62.93,38.4,8.48,24.49,16.5,3.24,49.49
2026-07-07 18:51:09,21.23,390.8,69.53,20.2,6.48,21.27,17.28,1.53,48.0
2026-07-07 19:01:24,20.77,293.7,67.54,11.1,4.66,28.14,11.02,3.23,51.02
2026-07-07 19:10:49,21.13,371.3,76.14,21.6,14.69,25.0,17.29,3.63,47.82
2026-07-07 19:20:25,20.92,297.7,75.71,34.7,14.16,22.97,14.17,1.98,49.25
2026-07-07 19:30:39,20.74,344.9,62.63,11.7,8.64,24.88,13.8,4.1,47.19
2026-07-07 19:45:22,19.93,260.5,77.7,22.2,11.28,25.73,13.77,0.71,48.75
2026-07-07 19:56:19,19.35,246.6,84.72,30.1,12.26,20.92,12.4,5.11,47.86
2026-07-07 20:07:37,20.67,264.0,81.91,35.6,5.13,25.87,12.82,2.97,45.84
2026-07-07 20:15:39,20.9,273.5,81.56,31.7,12.6,21.09,16.77,1.84,49.03
2026-07-07 20:22:43,20.0,270.8,84.92,28.5,6.03,25.94,15.7,7.95,48.32
2026-07-07 20:28:36,20.77,307.1,83.87,11.7,7.18,29.45,16.83,9.43,50.44
2026-07-07 20:35:16,20.5,306.8,84.8,23.9,6.08,29.7,16.26,0.57,45.51
2026-07-07 20:43:01,19.52,254.6,83.03,11.4,11.21,22.35,25.72,11.76,43.96
2026-07-07 20:54:46,19.67,286.8,82.13,12.4,10.61,23.89,14.53,6.47,44.77
2026-07-07 21:03:34,19.75,194.3,98.17,11.2,12.65,22.5,19.5,0.63,49.63
2026-07-07 21:14:05,18.89,211.9,82.26,6.3,11.33,24.69,10.99,2.25,44.05
2026-07-07 21:19:18,19.99,194.8,114.43,17.5,12.22,23.56,13.87,13.21,44.8
2026-07-07 21:30:28,20.23,151.5,106.28,29.1,15.06,31.9,15.27,3.1,46.81
2026-07-07 21:42:16,19.76,203.8,105.66,10.5,18.62,29.23,15.31,1.75,45.78
2026-07-07 21:51:14,20.06,233.5,113.35,8.1,13.32,26.88,19.73,9.76,42.87
2026-07-07 21:58:03,19.95,204.8,94.82,36.6,12.8,42.07,11.69,3.17,45.33
2026-07-07 22:04:16,19.7,170.3,94.4,20.8,12.12,19.36,13.43,0.81,45.4
2026-07-07 22:18:24,20.23,181.1,86.43,17.0,8.81,31.38,13.43,6.04,46.42
2026-07-07 22:24:07,18.72,186.9,118.45,22.5,11.35,29.77,17.67,3.21,42.66
2026-07-07 22:34:31,19.35,159.8,117.75,24.1,7.82,25.4,20.83,6.25,43.6
2026-07-07 22:40:34,19.14,150.2,114.38,17.5,7.95,26.16,10.85,6.67,44.18
2026-07-07 22:46:06,19.7,152.4,103.33,12.2,8.98,22.63,18.56,2.58,43.68
2026-07-07 23:00:08,19.34,135.1,106.59,17.0,10.37,28.72,17.41,4.12,40.94
2026-07-07 23:08:17,18.91,171.3,129.51,16.9,8.86,20.42,7.88,3.73,41.78
2026-07-07 23:18:13,18.49,146.1,93.48,25.0,12.99,17.95,14.0,4.27,46.46
2026-07-07 23:28:34,18.27,124.5,115.94,9.5,9.67,20.56,15.75,1.58,45.83
2026-07-07 23:36:46,19.06,155.9,111.89,33.1,6.65,18.77,17.87,1.17,43.31
2026-07-07 23:46:10,19.2,124.3,103.41,15.9,8.19,24.59,20.16,0.67,43.65
2026-07-07 23:58:18,18.43,81.6,96.17,30.9,3.18,23.41,17.08,0.47,43.61
2026-07-08 00:11:04,18.9,134.8,115.9,33.6,7.98,15.99,9.62,12.63,44.76
2026-07-08 00:18:27,18.06,129.5,120.94,38.1,6.44,30.13,18.45,4.59,40.73
2026-07-08 00:23:29,18.87,147.8,126.85,7.1,6.23,23.44,14.77,0.18,44.22
2026-07-08 00:36:33,19.66,202.7,120.18,20.8,11.53,23.24,14.28,8.51,43.56
2026-07-08 00:43:22,19.35,175.6,110.93,28.4,10.71,29.91,19.89,4.71,44.39
2026-07-08 00:48:30,18.16,158.6,92.12,13.9,11.69,24.09,21.32,4.85,50.56
2026-07-08 00:58:16,18.97,202.1,108.69,12.8,13.76,29.31,17.11,1.29,43.22
2026-07-08 01:10:37,19.55,177.4,89.9,5.4,13.39,20.76,11.18,0.02,44.28
2026-07-08 01:17:09,19.4,185.3,118.9,31.9,8.04,24.34,15.04,0.42,44.07
2026-07-08 01:24:09,18.93,236.8,91.28,23.0,10.25,29.0,12.25,1.32,41.8
2026-07-08 01:34:38,19.25,208.8,107.35,28.8,12.77,21.22,21.04,0.8,41.67
2026-07-08 01:40:57,19.03,196.4,115.15,33.8,9.64,18.2,15.09,4.59,45.37
2026-07-08 01:50:29,20.11,171.4,103.86,8.3,8.66,16.67,14.47,7.55,45.59
2026-07-08 01:56:32,18.84,204.5,96.39,29.6,7.24,28.66,10.78,7.47,42.48
2026-07-08 02:05:42,19.26,180.4,86.2,37.9,13.4,35.37,11.76,3.8,48.09
2026-07-08 02:14:34,18.14,142.8,113.22,8.0,10.76,21.31,15.2,0.42,46.25
2026-07-08 02:24:28,18.61,239.4,83.74,25.2,8.62,24.32,13.56,3.98,47.39
2026-07-08 02:34:09,19.52,231.8,84.02,9.1,13.7,22.1,20.82,2.97,43.97
2026-07-08 02:42:08,19.8,192.7,92.38,28.4,17.29,24.67,19.52,6.63,46.39
2026-07-08 02:52:24,19.67,253.8,73.13,28.6,11.12,33.66,17.85,0.05,46.87
2026-07-08 03:02:55,19.23,256.8,82.47,26.9,6.47,29.03,15.33,2.74,46.8
2026-07-08 03:10:59,19.83,237.3,81.38,33.9,11.69,28.59,20.55,1.03,44.77
2026-07-08 03:21:30,20.24,165.6,82.37,37.3,5.05,27.88,15.17,5.06,43.07
2026-07-08 03:34:59,20.06,252.4,91.7,26.0,14.05,29.29,22.9,0.19,45.84
2026-07-08 03:44:43,20.03,266.4,83.48,14.8,16.71,22.15,16.68,1.01,44.17
2026-07-08 03:56:36,20.6,262.5,65.19,14.9,10.61,21.63,13.0,5.41,48.81
2026-07-08 04:08:02,20.14,277.6,76.99,17.2,8.32,28.87,14.21,4.52,47.55
2026-07-08 04:18:07,20.07,265.5,75.57,39.3,10.06,23.52,13.45,1.48,44.93
2026-07-08 04:29:33,20.65,297.5,75.3,28.3,7.57,23.14,7.37,3.01,51.46
2026-07-08 04:41:37,21.5,312.0,79.06,36.6,10.82,25.6,9.36,22.21,51.97
2026-07-08 04:54:22,20.7,333.9,78.21,18.2,8.66,22.81,12.63,2.33,50.69
2026-07-08 05:01:20,20.77,370.4,62.15,18.4,9.25,25.99,13.56,4.75,48.05
2026-07-08 05:06:59,20.53,365.4,65.8,10.5,15.13,27.3,19.52,1.19,49.1
2026-07-08 05:13:32,21.26,336.9,57.23,28.4,9.18,17.64,15.65,4.07,46.81
2026-07-08 05:21:12,22.01,350.4,67.28,28.2,10.71,25.15,12.1,2.76,47.35
2026-07-08 05:29:53,21.4,315.2,70.53,25.1,12.43,16.36,19.91,0.08,49.77
2026-07-08 05:43:52,21.9,375.4,58.69,35.7,5.36,22.88,15.96,4.83,48.25
2026-07-08 05:57:27,22.42,395.7,54.37,8.1,11.96,26.78,9.28,0.06,48.52
2026-07-08 06:11:43,22.8,375.7,54.48,7.2,8.9,30.32,9.41,2.43,46.89
2026-07-08 06:17:04,22.04,414.9,43.9,25.4,9.48,22.7,9.05,2.42,51.53
2026-07-08 06:30:12,22.49,503.9,63.46,34.4,9.84,27.53,16.58,1.24,48.03
2026-07-08 06:37:56,22.31,437.4,67.68,11.6,11.28,24.0,17.92,1.76,50.71
2026-07-08 06:43:53,23.46,459.3,56.06,16.0,13.76,30.01,14.81,5.85,49.49
2026-07-08 06:50:10,22.9,444.0,84.52,9.3,13.48,29.18,15.74,12.78,48.53
2026-07-08 06:58:15,22.36,469.1,66.73,37.0,5.82,31.69,13.84,1.53,53.77
2026-07-08 07:08:54,22.7,475.8,69.56,32.5,10.04,25.64,23.35,1.32,51.91
2026-07-08 07:14:07,23.07,473.5,67.73,9.9,13.2,21.76,15.5,6.76,47.06
2026-07-08 07:22:47,23.34,497.0,84.52,19.8,8.05,32.34,9.23,1.87,52.45
2026-07-08 07:34:24,22.71,474.7,81.74,30.7,8.61,23.14,13.57,2.92,52.47
2026-07-08 07:47:04,24.3,481.7,82.92,17.9,10.93,30.32,16.88,8.44,54.18
2026-07-08 07:52:57,23.39,527.6,80.3,18.1,8.04,23.97,15.63,7.59,54.46
2026-07-08 08:02:12,23.64,503.0,76.06,27.3,8.8,24.22,17.6,4.32,52.0
2026-07-08 08:16:40,24.14,515.7,95.54,38.9,8.93,23.77,11.79,2.41,50.4
2026-07-08 08:22:28,23.67,578.7,74.75,13.2,8.54,22.74,18.28,3.18,54.56
2026-07-08 08:30:08,23.77,552.8,90.96,39.2,14.95,31.18,12.58,3.77,52.43
2026-07-08 08:41:00,23.85,542.2,93.7,26.6,5.1,26.42,5.94,3.78,57.21
2026-07-08 08:55:11,23.35,490.2,94.03,25.5,3.07,22.47,16.27,1.14,53.68
2026-07-08 09:07:11,25.56,652.6,113.29,34.5,11.18,29.02,23.29,1.6,54.29
2026-07-08 09:13:20,24.19,621.4,105.83,9.5,10.01,26.65,15.82,8.55,55.36
2026-07-08 09:20:32,24.52,529.7,85.04,18.9,12.98,22.67,9.41,2.65,53.19
2026-07-08 09:32:21,24.88,620.6,96.29,7.5,7.83,26.05,18.97,14.63,55.19
2026-07-08 09:46:43,24.94,550.2,101.38,21.7,5.01,24.8,15.92,10.36,52.72
2026-07-08 09:56:34,25.0,624.9,109.37,9.0,7.97,26.07,8.92,0.87,54.66
2026-07-08 10:10:22,23.75,621.1,105.44,25.1,9.53,24.4,14.34,0.35,57.69
2026-07-08 10:24:22,24.39,596.4,106.65,18.5,9.42,24.47,15.21,0.93,56.33
2026-07-08 10:38:35,24.86,597.5,109.09,28.6,9.93,17.8,21.67,1.41,55.44
2026-07-08 10:45:12,24.51,634.2,110.61,6.1,10.43,28.44,15.92,6.92,53.08
2026-07-08 10:50:48,24.73,630.4,110.18,9.0,11.41,21.22,11.84,12.25,57.83
2026-07-08 11:00:04,25.05,683.7,107.66,9.7,8.22,16.2,18.17,0.22,56.15
2026-07-08 11:13:26,24.87,578.9,111.29,30.3,11.81,17.98,7.13,1.75,58.12
2026-07-08 11:28:05,24.95,629.5,101.09,32.0,14.84,24.61,16.99,4.98,55.19
2026-07-08 11:37:28,25.23,695.7,115.43,17.0,11.12,21.06,17.25,1.25,58.22
2026-07-08 11:51:38,24.58,659.9,100.35,24.2,9.88,31.95,14.96,8.59,55.85
2026-07-08 11:59:42,25.86,672.3,112.01,26.6,12.73,28.18,17.85,2.87,54.9
2026-07-08 12:13:25,24.68,620.4,114.85,6.3,12.49,16.36,14.65,2.15,55.64
2026-07-08 12:25:19,24.46,672.9,104.8,36.1,9.38,26.55,16.27,6.17,51.48
2026-07-08 12:36:35,25.16,658.5,87.51,21.6,13.17,26.13,13.69,4.11,55.79
2026-07-08 12:42:12,24.61,618.8,104.68,34.9,11.55,20.27,7.32,2.92,54.72
2026-07-08 12:49:08,24.95,633.0,105.77,14.2,12.78,24.52,18.6,0.43,57.88
2026-07-08 12:55:04,24.61,601.6,114.31,12.0,11.99,31.81,20.74,1.59,55.62
2026-07-08 13:05:10,25.16,626.7,110.93,15.4,13.26,24.16,16.61,6.11,57.7
2026-07-08 13:17:51,25.07,583.3,108.36,13.1,11.19,27.6,18.74,1.84,57.21
2026-07-08 13:30:52,25.64,627.0,113.24,38.3,12.53,21.93,9.09,13.86,53.61
2026-07-08 13:42:44,25.02,607.7,109.15,17.1,13.95,31.85,13.52,0.78,58.01
2026-07-08 13:55:12,23.88,622.3,108.52,6.8,4.44,30.04,19.47,0.13,53.03
2026-07-08 14:01:25,25.38,648.4,92.5,20.6,9.32,23.38,15.74,0.41,55.45
2026-07-08 14:15:42,24.72,578.7,101.55,11.6,9.89,29.91,16.4,3.88,54.03
2026-07-08 14:28:02,24.44,600.8,87.51,17.5,6.07,24.0,8.71,7.81,55.28
2026-07-08 14:41:34,24.4,566.8,105.55,28.0,5.48,24.17,12.34,4.77,53.24
2026-07-08 14:56:32,23.66,549.4,98.66,11.5,11.85,27.06,19.73,2.72,53.83
2026-07-08 15:03:21,23.33,599.7,110.84,16.5,10.68,26.03,6.65,20.76,55.56
2026-07-08 15:13:28,23.08,552.8,92.1,6.7,8.31,26.89,14.86,1.87,53.93
2026-07-08 15:27:09,23.88,534.6,76.54,39.5,8.08,15.08,11.32,2.45,53.62
2026-07-08 15:39:19,23.15,545.5,90.54,19.7,9.9,23.08,14.79,2.42,54.61
2026-07-08 15:48:35,24.28,564.1,90.09,28.2,13.24,27.78,10.32,9.44,51.5
2026-07-08 16:02:03,22.86,545.8,86.76,34.7,8.55,21.33,16.19,3.86,53.79
2026-07-08 16:08:54,23.6,490.5,81.09,37.6,7.28,28.03,11.28,23.78,50.95
2026-07-08 16:22:44,23.83,519.6,57.85,38.2,6.8,31.49,19.24,0.9,47.97
2026-07-08 16:36:49,23.33,467.9,73.88,16.3,7.27,21.76,17.17,4.33,48.14
2026-07-08 16:51:24,22.21,439.7,57.55,23.3,8.25,25.81,7.36,0.99,50.23
2026-07-08 17:06:05,22.8,462.0,68.5,16.0,9.14,23.22,16.78,1.75,51.0
2026-07-08 17:20:51,22.34,452.8,56.64,24.2,9.38,19.06,8.92,17.5,50.7
2026-07-08 17:32:33,22.45,432.4,39.99,19.2,13.39,22.52,12.1,0.41,50.04
2026-07-08 17:47:09,23.03,385.9,58.82,34.3,14.16,32.94,17.12,5.36,48.88
2026-07-08 17:52:38,20.97,371.2,47.12,12.1,11.56,24.81,20.26,2.86,52.28
2026-07-08 18:07:07,22.36,366.8,64.38,32.4,12.12,28.3,20.25,1.05,48.19
2026-07-08 18:16:44,22.19,376.2,40.91,17.2,11.82,21.95,10.79,3.12,50.64
2026-07-08 18:27:15,22.97,355.1,54.46,30.7,9.01,25.76,17.33,6.35,48.63
2026-07-08 18:34:55,20.78,405.0,67.5,26.9,5.8,19.8,14.97,6.66,50.71
2026-07-08 18:48:09,21.38,411.4,53.11,7.0,16.84,15.92,12.75,3.7,49.14
2026-07-08 18:59:35,20.9,427.4,75.96,30.5,10.24,17.2,20.03,5.5,48.19
2026-07-08 19:10:30,20.99,265.6,78.52,10.8,14.44,27.84,19.24,1.16,46.99
2026-07-08 19:16:09,21.75,287.3,69.31,24.5,7.33,35.29,18.4,6.43,51.29
2026-07-08 19:28:55,21.17,285.1,63.84,17.2,10.55,30.14,21.73,1.13,48.36
2026-07-08 19:36:35,20.75,308.7,78.54,21.6,8.38,28.57,15.18,4.04,48.15
2026-07-08 19:47:09,20.22,285.6,91.15,13.2,12.91,19.8,15.38,1.21,44.6
2026-07-08 19:57:22,19.83,290.4,50.05,22.6,15.36,22.54,18.66,3.63,47.53
2026-07-08 20:08:03,18.97,259.4,77.14,28.1,8.01,27.5,11.97,6.87,46.93
2026-07-08 20:13:34,20.54,274.6,90.61,11.6,10.48,32.93,8.29,0.27,49.65
2026-07-08 20:25:57,20.66,242.2,80.09,23.1,8.61,28.07,16.33,0.75,46.54
2026-07-08 20:33:18,20.17,256.0,87.47,29.8,7.16,20.94,14.68,1.38,45.96
2026-07-08 20:42:31,19.63,208.9,78.02,30.4,6.45,31.75,15.23,12.05,45.99
2026-07-08 20:52:39,18.75,254.4,86.81,16.1,11.52,24.58,27.31,0.67,47.1
2026-07-08 21:06:18,19.63,275.7,99.26,30.8,13.0,19.0,16.4,12.26,47.43
2026-07-08 21:15:27,20.1,197.0,94.49,24.6,9.7,23.79,10.0,19.21,43.83
2026-07-08 21:26:25,20.21,223.5,83.4,18.9,8.97,24.54,13.22,1.61,43.4
2026-07-08 21:32:31,20.14,214.5,89.29,10.2,9.73,28.46,10.8,5.13,45.91
2026-07-08 21:42:41,19.99,203.3,94.99,15.4,13.0,27.38,17.24,8.91,43.65
2026-07-08 21:54:39,19.28,232.5,110.63,7.9,7.19,20.84,18.17,5.25,44.18
2026-07-08 22:06:34,18.81,212.8,119.03,25.3,11.8,26.41,9.4,5.61,48.17
2026-07-08 22:17:00,18.17,210.8,89.91,6.6,10.5,19.52,9.8,5.16,45.16
2026-07-08 22:29:04,19.9,151.5,115.7,29.3,16.82,31.5,16.4,3.57,43.2
2026-07-08 22:38:44,18.65,194.6,88.07,24.6,7.84,23.86,9.63,1.32,42.9
2026-07-08 22:47:32,19.04,181.8,107.87,21.2,11.74,20.71,12.22,17.0,41.95
2026-07-08 22:53:55,19.0,153.6,111.83,8.7,8.09,23.08,14.03,5.08,43.73
2026-07-08 23:00:36,18.82,192.5,97.39,8.4,10.93,34.6,18.46,6.89,43.67
2026-07-08 23:08:12,18.86,207.1,117.99,29.4,10.34,34.91,13.67,0.37,43.15
2026-07-08 23:22:04,18.99,213.0,97.22,13.0,9.96,20.3,15.16,1.45,43.68
2026-07-08 23:31:36,18.95,125.1,106.98,29.8,15.08,26.93,21.05,3.43,45.9
2026-07-08 23:37:23,18.95,222.8,94.8,32.2,7.9,31.12,15.29,5.53,41.18
2026-07-08 23:49:45,18.8,186.7,107.01,19.0,12.47,24.14,15.56,0.9,43.77
2026-07-09 00:00:31,18.79,130.0,92.2,8.8,12.61,28.09,19.77,1.6,43.7
2026-07-09 00:06:48,19.19,218.6,100.95,29.4,10.19,31.35,14.86,8.89,44.85
2026-07-09 00:19:41,18.44,177.7,111.64,19.0,10.44,32.11,16.45,2.62,46.7
2026-07-09 00:28:10,19.74,186.3,110.7,6.5,9.79,21.24,12.42,1.74,44.77
2026-07-09 00:35:11,19.69,147.4,120.45,5.8,4.05,22.17,23.09,3.22,46.96
2026-07-09 00:44:06,18.78,210.2,92.2,10.5,11.08,25.06,15.87,13.9,47.73
2026-07-09 00:53:30,18.98,141.3,102.63,20.3,9.15,23.67,17.22,3.66,42.23
2026-07-09 01:03:01,18.71,204.4,106.52,8.3,12.38,16.69,16.29,0.32,43.13
2026-07-09 01:10:13,19.27,189.4,110.59,17.2,12.43,28.86,13.71,13.29,43.8
2026-07-09 01:23:58,19.28,139.8,127.8,32.5,9.98,26.49,11.09,7.96,43.14
2026-07-09 01:32:11,20.12,149.6,101.37,9.7,9.81,26.7,22.86,0.68,45.56
2026-07-09 01:40:02,19.25,165.8,95.17,8.0,12.92,25.98,17.23,6.41,44.1
2026-07-09 01:49:48,19.13,179.8,114.09,30.0,5.07,20.83,19.52,20.89,45.74
2026-07-09 01:58:07,19.59,182.3,114.41,23.0,9.87,27.12,14.34,0.35,46.08
2026-07-09 02:12:42,19.26,213.7,100.81,19.0,10.81,20.43,17.15,5.04,45.98
2026-07-09 02:22:51,19.29,203.1,96.03,19.6,8.11,25.51,16.74,5.44,41.78
2026-07-09 02:29:14,18.49,189.8,94.86,8.9,9.16,23.28,21.2,16.25,43.25
2026-07-09 02:37:30,19.36,178.6,95.39,16.6,9.84,14.36,16.46,12.31,47.62
2026-07-09 02:51:44,19.63,174.8,104.28,26.2,7.02,25.06,8.37,0.27,44.8
2026-07-09 02:58:18,19.95,241.4,106.07,12.6,12.61,23.66,13.26,2.54,45.91
2026-07-09 03:10:01,20.19,220.6,86.43,21.6,7.13,28.37,12.04,5.1,45.18
2026-07-09 03:19:51,19.06,211.3,92.41,36.7,7.32,23.59,17.96,2.08,46.92
2026-07-09 03:34:03,20.4,260.4,74.0,30.6,6.08,18.86,16.87,1.73,43.55
2026-07-09 03:47:51,20.42,216.3,91.8,26.3,6.64,29.95,12.94,0.12,43.56
2026-07-09 03:58:29,20.83,268.2,55.37,6.9,10.28,21.01,16.58,1.43,46.79
2026-07-09 04:06:49,21.24,298.7,58.08,10.8,11.34,23.08,16.18,2.45,47.29
2026-07-09 04:14:57,21.11,262.4,79.25,17.3,8.57,34.74,15.62,0.57,49.08
2026-07-09 04:24:16,20.84,325.2,62.97,38.3,7.55,29.83,14.23,4.86,47.17
2026-07-09 04:35:58,21.38,344.1,84.32,27.0,8.34,26.1,12.8,3.37,46.59
2026-07-09 04:50:58,21.24,318.7,59.71,8.5,7.88,34.79,17.56,6.79,45.19
2026-07-09 04:56:23,20.5,351.0,46.75,34.7,4.34,24.57,4.01,0.17,52.87
2026-07-09 05:02:01,20.45,369.8,58.78,14.0,10.83,23.47,5.59,7.21,44.89
2026-07-09 05:12:35,20.65,300.8,46.39,21.0,10.56,22.99,17.86,0.23,47.14
2026-07-09 05:23:02,20.79,364.7,75.91,8.2,10.54,31.18,13.96,0.11,48.8
2026-07-09 05:31:37,21.8,403.3,43.0,37.9,13.55,25.57,18.04,5.98,51.67
2026-07-09 05:39:33,22.07,376.0,57.21,35.5,12.68,21.88,12.86,0.06,46.8
2026-07-09 05:50:48,21.6,398.4,59.3,16.6,7.54,23.13,9.56,9.42,50.4
2026-07-09 06:00:58,22.72,418.2,61.54,31.7,6.07,12.35,14.19,2.32,49.7
2026-07-09 06:06:19,22.73,400.7,57.25,24.0,10.25,22.09,15.01,3.94,49.53
2026-07-09 06:15:01,22.48,403.0,61.06,30.3,17.11,23.57,15.25,4.19,52.61
2026-07-09 06:24:24,23.13,445.9,49.78,23.9,7.16,22.32,19.44,4.8,49.7
2026-07-09 06:33:38,22.0,443.9,39.7,11.6,6.75,22.23,10.99,2.67,50.06
2026-07-09 06:39:23,22.19,468.1,47.42,14.7,12.55,25.98,10.28,3.74,51.22
2026-07-09 06:48:33,21.95,431.4,69.77,5.0,8.67,21.25,6.26,0.23,49.8
2026-07-09 07:02:20,22.18,437.5,68.26,6.7,13.88,28.22,18.74,23.58,52.21
2026-07-09 07:10:30,22.77,466.6,88.6,23.3,5.95,28.32,15.02,3.9,55.06
2026-07-09 07:20:25,22.43,491.0,71.54,22.2,7.27,37.98,24.87,0.84,51.85
2026-07-09 07:28:32,22.87,499.7,60.46,11.8,6.42,29.46,10.25,3.39,52.08
2026-07-09 07:35:09,22.11,519.8,68.41,23.9,7.41,30.77,16.83,3.42,51.6
2026-07-09 07:41:57,23.16,504.6,87.36,14.8,8.35,24.57,15.63,4.77,50.76
2026-07-09 07:56:18,23.93,487.6,86.97,23.3,8.57,25.56,15.22,0.14,54.76
2026-07-09 08:11:14,23.29,489.2,90.35,11.9,9.95,16.14,20.62,3.64,52.75
2026-07-09 08:20:09,23.57,533.5,78.45,37.2,7.47,21.75,16.94,0.52,52.63
2026-07-09 08:34:13,24.23,589.1,109.69,20.6,7.96,21.64,14.4,3.06,53.51
2026-07-09 08:48:59,23.99,590.1,83.39,20.0,14.35,26.79,18.38,1.98,56.39
2026-07-09 08:59:17,24.34,558.8,108.93,14.0,6.49,23.85,11.57,2.52,53.41
2026-07-09 09:13:56,24.86,577.2,85.45,5.1,6.02,32.51,11.12,4.97,54.27
2026-07-09 09:26:37,24.66,575.5,109.24,27.2,6.34,27.23,18.13,12.18,55.71
2026-07-09 09:32:50,23.57,547.0,87.87,30.0,2.69,15.07,15.47,0.72,55.71
2026-07-09 09:46:52,23.91,553.5,112.8,17.4,13.63,25.28,21.7,0.04,59.35
2026-07-09 09:52:23,24.69,576.1,105.57,17.4,12.84,14.51,15.53,1.61,54.39
2026-07-09 10:05:36,24.0,670.6,98.96,34.1,14.04,19.82,14.55,1.72,51.52
2026-07-09 10:20:35,24.67,651.3,84.32,14.4,13.54,19.93,21.06,2.01,58.23
2026-07-09 10:32:52,25.16,624.5,112.88,11.4,11.02,29.58,11.28,10.22,54.76
2026-07-09 10:38:22,25.16,645.8,115.69,28.6,5.73,19.64,16.2,6.99,57.34
2026-07-09 10:47:22,25.17,707.1,99.08,19.4,6.75,24.8,15.7,1.61,57.19
2026-07-09 10:53:08,25.1,684.5,106.01,12.8,9.47,26.6,12.99,2.79,54.52
2026-07-09 11:00:18,23.54,679.5,109.69,24.0,9.55,28.21,16.7,13.16,55.05
2026-07-09 11:11:20,24.66,682.5,108.97,10.4,11.79,19.06,11.57,28.62,55.05
2026-07-09 11:17:38,25.44,649.4,116.37,8.5,14.16,18.84,13.12,2.93,53.38
2026-07-09 11:27:49,26.0,616.8,117.1,14.1,12.82,29.28,13.03,3.74,51.15
2026-07-09 11:39:34,24.56,629.7,122.49,26.4,7.28,31.76,11.32,12.2,56.43
2026-07-09 11:52:30,24.22,590.9,97.73,9.5,13.55,23.25,13.3,0.72,54.99
2026-07-09 12:04:12,24.51,638.5,101.3,18.3,5.51,21.81,16.15,0.53,54.3
2026-07-09 12:16:50,24.53,635.5,120.98,34.6,11.22,18.41,11.25,0.42,57.72
2026-07-09 12:23:58,25.58,607.6,119.76,17.6,10.15,17.52,21.03,0.13,56.28
2026-07-09 12:34:24,24.53,658.5,109.14,18.8,7.3,27.88,19.57,1.86,55.05
2026-07-09 12:44:18,24.95,612.2,114.19,28.1,11.54,26.02,9.42,8.06,58.33
2026-07-09 12:50:50,26.0,631.0,108.69,27.6,5.7,20.03,16.99,0.3,56.46
2026-07-09 13:02:06,25.28,624.5,117.45,15.2,10.56,21.79,16.78,7.27,53.69
2026-07-09 13:14:40,24.51,651.6,96.27,37.2,14.77,30.64,12.01,0.27,55.86
2026-07-09 13:27:32,25.3,639.6,111.37,19.5,10.7,25.73,18.1,16.03,56.41
2026-07-09 13:40:25,25.09,646.0,99.91,14.3,14.44,29.46,16.47,4.08,54.88
2026-07-09 13:48:24,24.05,634.1,112.38,9.0,11.81,23.46,18.52,4.82,55.51
2026-07-09 13:55:49,24.45,633.2,102.48,33.0,7.19,24.37,11.93,9.96,56.73
2026-07-09 14:03:23,25.44,579.4,96.78,32.8,19.35,29.61,11.97,4.86,55.45
2026-07-09 14:17:09,24.84,644.3,103.66,33.3,8.91,33.05,20.84,5.98,56.28
2026-07-09 14:22:30,24.76,541.8,113.38,12.5,13.73,20.09,10.43,8.48,53.79
2026-07-09 14:35:19,24.56,553.4,89.3,5.9,5.27,23.67,12.27,1.71,52.66
2026-07-09 14:46:04,24.13,575.7,99.16,28.9,14.73,29.73,13.99,0.54,55.34
2026-07-09 14:52:03,23.48,554.1,106.4,8.6,8.33,20.11,10.62,5.55,55.51
2026-07-09 15:04:58,24.56,533.1,98.32,5.7,9.02,20.53,13.76,5.49,52.64
2026-07-09 15:10:26,23.98,559.7,95.52,10.2,6.56,24.82,17.85,0.46,54.92
2026-07-09 15:24:20,24.3,577.5,77.78,36.2,10.63,25.74,12.55,13.41,53.58
2026-07-09 15:38:52,24.54,585.2,105.85,23.5,9.58,27.4,17.91,3.85,52.22
2026-07-09 15:50:17,23.17,491.9,97.47,39.6,11.39,18.84,23.18,3.49,54.31
2026-07-09 15:56:04,23.57,538.3,75.23,39.8,12.33,28.88,17.8,0.81,51.43
2026-07-09 16:10:54,22.8,504.5,82.23,18.6,12.97,21.41,21.82,5.09,50.67
2026-07-09 16:25:28,23.13,533.1,61.07,34.4,9.84,19.01,16.72,3.35,53.83
2026-07-09 16:40:14,23.51,544.6,79.5,30.2,8.23,29.84,19.38,0.21,46.63
2026-07-09 16:52:03,22.85,473.9,48.76,23.3,12.28,23.33,9.07,11.9,48.98
2026-07-09 17:03:28,23.44,462.5,74.97,24.3,13.92,30.67,17.55,1.66,53.28
2026-07-09 17:09:58,22.88,442.5,50.82,19.5,7.16,20.26,14.04,5.57,53.79
2026-07-09 17:17:46,21.83,453.4,48.29,25.2,7.2,22.88,18.47,0.28,52.74
2026-07-09 17:30:56,21.79,435.8,56.23,13.5,11.27,25.61,13.42,3.75,49.62
2026-07-09 17:43:53,22.78,458.1,67.06,38.4,9.36,19.58,13.23,1.28,48.09
2026-07-09 17:49:35,21.78,382.4,47.41,20.8,10.47,25.8,14.35,8.68,47.9
2026-07-09 17:59:04,22.71,437.5,56.65,5.5,7.17,32.93,20.54,8.11,51.47
2026-07-09 18:05:54,21.46,407.9,62.03,33.5,11.03,20.7,20.4,12.57,46.34
2026-07-09 18:12:11,21.14,388.2,48.17,16.9,15.16,21.7,19.31,0.42,49.63
2026-07-09 18:25:50,21.16,409.4,60.55,36.0,13.71,26.02,17.73,2.25,49.26
2026-07-09 18:40:23,21.04,345.8,63.34,15.7,12.46,15.95,17.57,4.74,50.06
2026-07-09 18:54:10,20.49,354.1,75.26,9.6,6.9,22.68,18.47,4.37,49.01
2026-07-09 19:01:42,21.64,321.8,66.72,10.2,9.88,20.38,14.0,0.76,48.73
2026-07-09 19:12:03,20.09,317.3,68.34,36.1,12.14,16.67,16.46,0.68,48.46
2026-07-09 19:18:10,20.66,352.4,69.58,36.4,14.44,27.45,11.77,0.6,49.9
2026-07-09 19:23:43,20.95,287.7,78.38,31.1,12.42,29.5,13.43,3.77,47.7
2026-07-09 19:28:43,21.35,300.7,76.07,23.0,4.97,24.49,12.56,0.57,49.06
2026-07-09 19:34:59,21.38,266.4,80.81,22.2,12.44,34.37,14.88,1.49,51.6
2026-07-09 19:47:30,20.71,301.2,69.35,11.3,10.83,23.77,18.46,9.47,48.95
2026-07-09 20:00:01,20.62,257.9,82.36,36.7,12.08,13.65,19.79,2.63,45.23
2026-07-09 20:12:57,20.28,282.0,89.99,22.0,5.91,19.7,6.82,3.67,47.44
2026-07-09 20:24:38,20.74,327.0,63.23,17.2,12.73,33.62,9.03,2.8,45.38
2026-07-09 20:32:20,20.01,230.7,86.37,14.0,14.34,18.87,13.19,2.69,46.5
2026-07-09 20:37:44,20.68,245.7,91.5,31.5,10.74,28.68,19.35,1.05,43.93
2026-07-09 20:47:47,20.32,190.7,106.12,26.1,8.85,20.14,11.49,1.34,46.95
2026-07-09 20:55:26,20.72,227.8,80.3,5.9,7.6,21.72,19.04,9.7,48.89
2026-07-09 21:02:14,19.38,229.2,97.69,21.8,11.81,24.85,17.17,23.57,48.54
2026-07-09 21:13:58,19.98,194.3,99.23,20.0,7.21,26.89,18.92,7.35,44.42
2026-07-09 21:28:26,20.41,215.7,96.33,9.7,11.03,24.38,7.85,5.26,43.88
2026-07-09 21:35:55,20.1,195.9,102.18,13.1,8.55,24.11,13.74,2.98,42.67
2026-07-09 21:50:09,19.06,189.4,99.01,24.5,9.46,18.97,15.5,0.61,45.34
2026-07-09 21:58:17,20.18,258.5,111.75,32.7,10.31,29.93,19.65,6.71,46.21
2026-07-09 22:05:10,18.92,153.4,102.16,26.1,16.5,26.86,18.75,0.65,45.43
2026-07-09 22:19:29,18.79,159.8,104.97,37.3,8.88,25.39,12.98,12.5,43.36
2026-07-09 22:29:37,19.94,210.9,122.94,9.7,11.57,24.34,12.01,6.57,43.12
2026-07-09 22:37:49,19.03,181.5,94.39,18.9,10.62,23.49,13.03,0.29,42.96
2026-07-09 22:49:38,19.29,149.4,111.76,9.9,13.75,28.56,9.76,5.65,42.83
2026-07-09 23:04:11,19.67,150.4,104.98,37.5,11.19,32.88,11.34,1.0,44.57
2026-07-09 23:15:49,18.86,95.4,114.92,17.5,7.91,28.54,12.63,6.62,45.04
2026-07-09 23:29:43,18.92,189.2,120.63,32.3,8.93,34.02,11.69,2.19,44.94
2026-07-09 23:43:40,19.58,147.6,111.13,38.2,12.91,24.43,13.78,0.6,44.1
2026-07-09 23:54:03,18.81,183.3,116.53,36.6,15.16,25.07,17.65,2.18,45.2
2026-07-10 00:03:32,19.08,168.4,104.11,9.7,8.18,24.48,14.25,3.41,43.36
2026-07-10 00:15:28,18.18,184.9,99.86,6.1,15.6,27.69,13.56,2.27,46.1
2026-07-10 00:26:17,18.74,216.9,119.05,19.2,11.0,23.54,21.83,0.82,45.95
2026-07-10 00:35:38,18.83,239.8,108.34,9.7,11.49,23.37,19.06,2.32,47.47
2026-07-10 00:42:14,19.45,216.7,103.43,24.5,9.62,21.22,12.05,7.15,48.28
2026-07-10 00:49:34,18.85,172.9,99.95,21.6,14.15,24.33,17.72,9.06,41.84
2026-07-10 01:02:59,18.59,185.4,87.33,14.7,5.25,16.55,14.04,2.78,43.83
2026-07-10 01:12:15,19.67,152.0,122.94,17.7,13.3,22.41,13.18,0.89,44.4
2026-07-10 01:20:15,18.18,94.7,96.1,9.1,4.64,27.2,16.29,5.08,44.4
2026-07-10 01:30:58,18.69,130.9,106.89,33.1,4.68,18.81,10.84,0.39,46.64
2026-07-10 01:40:32,19.43,166.3,80.21,37.4,11.14,17.52,17.87,9.13,41.84
2026-07-10 01:54:18,18.47,189.8,104.29,32.6,9.73,22.54,4.68,3.76,43.77
2026-07-10 02:05:36,19.87,198.2,106.46,11.8,8.35,17.76,16.59,3.4,45.09
2026-07-10 02:20:03,19.83,198.1,109.89,25.8,10.03,27.07,14.99,2.59,43.98
2026-07-10 02:27:52,19.58,230.6,96.04,5.4,12.66,21.23,15.65,10.21,42.87
2026-07-10 02:33:45,19.73,210.4,94.79,17.1,8.19,25.54,13.05,5.76,46.94
2026-07-10 02:47:35,20.18,286.4,80.66,24.4,6.71,21.03,12.53,2.58,45.54
2026-07-10 02:57:01,19.21,260.0,93.52,13.0,13.41,25.62,25.07,0.51,44.51
2026-07-10 03:05:31,20.43,193.6,88.7,34.0,7.9,27.17,12.71,0.88,46.68
2026-07-10 03:19:41,19.94,138.9,78.84,19.3,14.46,13.02,12.64,8.2,45.05
2026-07-10 03:32:11,20.62,305.3,73.28,39.2,10.86,21.95,19.62,0.62,43.87
2026-07-10 03:45:55,19.8,233.1,82.19,37.8,3.74,25.82,14.78,4.46,44.53
2026-07-10 03:56:53,21.11,275.4,85.52,36.3,6.41,19.65,11.44,1.14,46.77
2026-07-10 04:09:52,20.9,341.0,66.01,26.1,15.86,30.64,14.28,2.96,46.8
2026-07-10 04:19:07,21.53,349.5,67.67,26.7,6.23,28.18,11.61,4.35,51.42
2026-07-10 04:28:56,21.62,320.5,74.57,34.9,14.14,31.8,16.16,8.49,49.29
2026-07-10 04:37:33,21.61,322.9,72.73,17.7,10.39,24.25,15.72,2.02,48.19
2026-07-10 04:46:41,20.12,334.2,80.48,19.0,8.76,33.21,16.9,7.02,48.21
2026-07-10 05:01:17,21.71,372.0,58.13,33.8,9.36,18.35,13.08,0.08,46.94
2026-07-10 05:14:51,21.66,344.6,69.56,31.9,10.81,23.67,7.27,4.15,49.98
2026-07-10 05:27:22,21.79,375.6,67.27,27.6,14.5,26.05,16.65,2.88,49.27
2026-07-10 05:33:47,22.5,390.8,58.84,31.9,8.02,23.05,20.27,4.76,53.83
2026-07-10 05:47:56,22.27,389.2,48.86,7.4,15.0,27.9,18.71,2.21,47.02
2026-07-10 05:55:12,22.66,376.9,47.22,29.4,9.67,20.5,20.41,0.68,49.56
2026-07-10 06:03:33,21.48,369.3,42.7,33.5,3.15,27.52,4.49,3.19,52.04
2026-07-10 06:15:55,22.17,407.1,57.13,13.3,7.77,27.63,13.57,9.55,49.1
2026-07-10 06:21:31,22.04,431.2,69.54,34.3,10.28,22.95,14.16,8.76,51.31
2026-07-10 06:34:35,22.25,417.0,65.48,31.6,10.19,23.78,16.33,1.73,51.1
2026-07-10 06:45:30,22.27,475.8,71.79,14.6,9.05,25.67,18.06,7.2,52.46
2026-07-10 06:52:00,23.07,465.2,67.68,24.9,3.61,21.1,19.86,3.5,50.55
2026-07-10 07:01:50,23.35,451.4,63.51,11.9,3.84,25.92,8.08,0.38,52.33
2026-07-10 07:10:32,22.4,468.8,74.48,27.4,9.65,38.07,16.06,0.29,52.37
2026-07-10 07:20:18,22.33,458.5,74.87,10.3,5.5,24.13,22.89,0.55,51.35
2026-07-10 07:33:47,22.53,507.6,56.7,14.9,10.88,27.47,14.31,0.31,54.85
2026-07-10 07:46:37,23.34,511.5,91.76,24.3,4.13,21.94,16.23,0.94,51.28
2026-07-10 08:00:49,22.78,500.7,82.8,21.2,13.13,26.91,20.02,1.06,52.4
2026-07-10 08:10:30,23.57,525.5,101.91,37.0,7.73,37.43,21.05,8.8,53.32
2026-07-10 08:22:09,23.28,604.8,90.43,34.6,7.94,33.65,10.62,0.5,55.53
2026-07-10 08:27:31,23.4,523.7,95.95,18.8,11.64,26.14,8.15,10.08,55.2
2026-07-10 08:40:17,23.55,543.5,102.18,20.0,11.4,17.86,14.74,1.62,55.88
2026-07-10 08:47:55,24.14,513.3,73.74,38.3,8.98,23.84,21.78,0.17,54.87
2026-07-10 09:01:59,24.2,581.2,91.46,15.1,10.18,24.48,23.81,10.48,52.1
2026-07-10 09:09:35,24.21,510.5,87.79,33.0,10.15,29.47,17.3,3.95,52.13
2026-07-10 09:18:11,23.79,601.3,100.87,20.5,7.6,24.39,7.03,3.92,57.32
2026-07-10 09:26:21,24.43,625.2,110.07,35.4,8.07,24.22,13.58,12.81,54.18
2026-07-10 09:31:42,24.82,559.8,71.42,35.8,9.02,20.52,16.79,0.6,56.08
2026-07-10 09:37:30,24.54,556.6,97.98,33.5,11.51,23.79,5.56,2.34,55.59
2026-07-10 09:45:13,23.31,592.7,105.59,34.1,9.63,24.68,23.35,1.02,50.22
2026-07-10 09:55:45,24.86,602.7,92.66,32.4,15.13,27.44,13.38,11.55,55.49
2026-07-10 10:08:33,26.03,622.6,105.28,11.6,11.63,22.91,21.29,2.85,59.07
2026-07-10 10:15:37,25.18,599.8,93.35,35.3,8.65,34.66,13.08,4.79,53.9
2026-07-10 10:23:22,24.6,654.0,124.71,6.0,6.92,22.46,6.77,3.8,52.51
2026-07-10 10:32:49,24.64,670.8,99.92,29.6,11.89,24.93,14.65,3.64,54.33
2026-07-10 10:43:53,25.03,589.4,93.52,22.7,13.24,27.77,16.15,0.63,59.88
2026-07-10 10:51:08,24.37,614.6,90.98,28.3,12.24,29.15,11.85,8.47,53.6
2026-07-10 11:01:28,24.73,658.3,105.41,8.2,12.17,29.12,18.0,3.47,52.11
2026-07-10 11:16:10,25.49,677.7,114.86,17.1,7.38,29.51,14.26,7.45,56.04
2026-07-10 11:27:50,25.16,618.1,103.16,17.3,8.49,30.14,13.1,3.8,55.66
2026-07-10 11:37:14,25.61,624.2,120.17,38.0,9.9,32.82,13.93,4.79,54.7
2026-07-10 11:45:04,25.34,612.4,100.09,16.6,5.31,28.17,20.11,0.59,57.32
2026-07-10 11:50:56,24.72,643.3,110.34,29.5,8.51,24.59,18.57,2.15,56.67
2026-07-10 11:56:30,24.85,621.3,111.18,36.8,17.01,19.72,20.21,5.34,55.57
2026-07-10 12:05:47,25.88,659.6,119.03,10.8,9.66,17.36,9.82,2.99,57.19
2026-07-10 12:18:42,24.71,652.2,111.7,37.6,13.16,19.85,15.95,0.23,53.0
2026-07-10 12:25:40,24.8,640.2,104.17,31.5,15.02,32.48,17.13,2.71,55.19
2026-07-10 12:34:32,25.02,586.0,103.53,10.2,8.99,19.05,16.01,3.15,57.66
2026-07-10 12:48:02,25.05,578.2,113.09,18.4,8.54,29.03,17.65,4.56,55.7
2026-07-10 12:57:17,24.91,648.5,94.76,33.8,7.37,38.73,15.87,12.53,58.78
2026-07-10 13:02:28,24.41,660.3,99.55,11.3,14.24,24.49,15.48,5.6,54.23
2026-07-10 13:11:23,24.8,663.2,121.12,9.9,7.45,22.44,17.22,4.48,56.98
2026-07-10 13:20:40,24.67,679.5,97.01,11.4,10.78,21.13,12.23,0.69,54.12
2026-07-10 13:34:38,24.98,629.1,103.24,31.3,11.03,27.15,16.1,0.06,55.09
2026-07-10 13:46:59,24.31,607.4,100.64,34.6,10.17,32.5,19.0,1.3,55.95
2026-07-10 13:56:32,24.72,621.1,95.66,30.7,11.93,25.9,12.32,2.05,55.69
2026-07-10 14:07:42,23.79,630.8,130.0,35.8,3.39,27.57,16.17,1.19,56.18
2026-07-10 14:20:13,24.2,559.8,102.74,13.5,7.91,23.83,11.1,1.38,54.78
2026-07-10 14:26:28,25.37,615.9,114.39,22.4,13.82,24.32,14.45,4.6,58.0
2026-07-10 14:36:38,24.66,601.2,92.68,23.7,10.14,29.29,12.94,36.47,52.42
2026-07-10 14:44:03,25.18,545.0,116.79,14.4,8.99,35.2,16.0,3.94,53.03
2026-07-10 14:49:34,23.64,610.8,89.9,28.7,13.09,25.46,12.92,1.46,53.47
2026-07-10 14:56:17,23.21,583.9,89.58,16.4,7.24,29.27,10.71,0.26,54.62
2026-07-10 15:09:05,24.39,592.1,96.91,5.4,14.75,14.56,14.57,3.03,55.12
2026-07-10 15:23:08,24.11,563.1,105.82,19.1,15.56,33.87,12.76,4.46,53.22
2026-07-10 15:30:21,24.19,510.1,81.79,20.3,8.45,22.52,19.94,16.0,53.73
2026-07-10 15:41:33,23.55,547.1,71.57,20.3,11.62,25.7,17.64,2.69,57.69
2026-07-10 15:54:59,22.86,534.7,71.3,18.3,11.7,17.48,11.27,0.2,54.23
2026-07-10 16:00:10,24.8,489.3,59.46,31.0,11.27,26.89,15.8,3.0,54.76
2026-07-10 16:07:50,24.18,518.8,71.68,8.7,8.85,17.07,14.6,0.13,52.87
2026-07-10 16:13:28,23.11,477.6,85.62,31.3,8.74,21.11,9.51,4.44,53.65
2026-07-10 16:26:40,22.87,440.7,76.28,37.4,12.03,18.64,13.79,0.95,51.26
2026-07-10 16:38:10,22.59,469.0,77.11,33.7,5.34,28.36,11.4,4.58,56.3
2026-07-10 16:50:05,22.83,485.2,58.77,16.7,9.81,23.62,17.25,14.15,53.47
2026-07-10 16:55:09,22.18,510.9,58.04,5.9,12.41,40.98,21.24,4.97,51.3
2026-07-10 17:00:39,23.05,440.4,54.24,15.1,4.6,24.14,14.68,0.91,50.56
2026-07-10 17:14:14,22.31,416.2,63.26,29.6,12.42,32.68,15.14,0.01,52.73
2026-07-10 17:20:40,23.34,456.3,51.05,12.5,11.24,25.38,22.13,1.67,52.67
2026-07-10 17:34:20,21.62,497.7,56.63,14.0,7.76,19.71,13.13,4.45,50.02
2026-07-10 17:41:52,22.45,381.1,64.04,10.8,12.18,22.15,13.32,4.53,52.39
2026-07-10 17:55:28,22.38,393.3,44.2,8.9,9.72,23.18,8.61,1.56,51.01
2026-07-10 18:07:03,22.34,420.2,54.02,30.6,11.1,33.61,16.59,3.48,52.48
2026-07-10 18:20:37,21.69,440.6,53.16,20.1,9.89,21.93,9.81,1.61,47.94
2026-07-10 18:29:59,22.08,361.9,63.89,6.4,14.61,22.17,18.85,3.52,52.36
2026-07-10 18:44:19,21.34,340.9,73.98,14.7,11.42,22.74,16.77,4.14,51.36
2026-07-10 18:56:27,21.26,362.6,55.46,32.1,9.21,21.76,19.32,6.28,49.14
2026-07-10 19:01:40,21.15,348.7,61.0,31.6,14.0,18.55,16.29,7.5,49.86
2026-07-10 19:15:25,20.68,321.2,75.26,12.6,14.33,16.28,16.37,2.57,48.47
2026-07-10 19:30:24,20.84,313.3,78.32,28.8,12.84,24.09,26.97,0.32,45.63
2026-07-10 19:39:27,20.42,302.6,71.41,8.6,12.62,32.75,12.01,6.53,44.31
2026-07-10 19:44:54,19.62,273.4,87.0,17.3,13.06,24.09,6.09,0.42,45.34
2026-07-10 19:53:40,20.08,286.4,81.05,5.1,9.84,23.43,10.33,2.16,45.9
2026-07-10 20:02:30,20.27,224.8,83.74,21.1,8.84,12.61,21.72,12.97,47.39
2026-07-10 20:12:09,21.1,283.8,77.89,6.5,8.73,25.62,11.22,20.39,47.1
2026-07-10 20:22:42,21.09,239.6,91.19,21.5,12.45,26.22,15.43,0.81,46.03
2026-07-10 20:35:14,19.44,242.3,84.95,20.5,13.67,23.28,14.88,2.99,48.96
2026-07-10 20:44:30,20.68,207.2,89.38,31.9,13.21,20.11,10.86,6.76,48.69
2026-07-10 20:51:30,19.97,204.4,89.77,5.0,18.35,26.74,15.61,0.2,44.47
2026-07-10 20:56:37,19.74,273.4,96.67,38.6,13.09,30.96,16.86,6.36,43.32
2026-07-10 21:03:39,19.48,268.7,91.02,37.2,11.46,25.81,11.15,1.91,48.52
2026-07-10 21:09:42,20.28,216.2,81.63,25.7,12.39,29.66,17.76,1.15,50.02
2026-07-10 21:23:13,19.09,199.6,103.25,20.7,4.15,17.86,13.44,3.66,44.94
2026-07-10 21:35:48,19.82,205.7,89.58,13.6,12.88,17.37,15.12,0.31,45.66
2026-07-10 21:44:28,19.78,189.5,98.57,34.9,13.3,19.73,9.91,11.1,43.5
2026-07-10 21:56:22,19.58,145.8,80.77,19.6,10.75,32.01,17.61,0.63,44.49
2026-07-10 22:06:24,19.64,241.8,99.27,30.7,7.43,18.61,15.65,5.52,45.02
2026-07-10 22:16:01,19.6,213.7,95.22,13.4,11.8,27.05,13.89,7.27,47.57
2026-07-10 22:24:53,19.39,179.7,124.49,6.2,8.72,26.58,12.55,4.95,45.42
2026-07-10 22:34:17,19.3,188.1,122.37,18.5,9.79,24.74,8.98,1.54,44.08
2026-07-10 22:42:49,18.47,148.3,105.78,14.0,12.15,27.63,18.0,2.55,43.74
2026-07-10 22:50:13,19.52,136.5,100.1,17.4,11.06,26.9,16.24,0.38,45.07
2026-07-10 22:56:19,19.24,160.1,119.3,26.7,7.71,14.48,11.76,0.59,43.45
2026-07-10 23:08:03,18.8,181.5,127.87,32.1,10.68,29.43,5.41,3.4,44.98
2026-07-10 23:19:25,18.92,84.6,99.63,25.8,12.1,34.12,11.93,0.71,45.25
2026-07-10 23:25:51,18.63,177.7,140.66,15.3,10.81,24.88,13.78,5.88,43.56
2026-07-10 23:35:44,18.53,133.8,93.92,30.6,9.58,25.33,14.36,2.72,46.13
2026-07-10 23:44:21,19.01,136.3,106.67,24.7,11.23,30.28,17.17,1.29,45.11
2026-07-10 23:52:43,19.28,196.4,97.76,13.4,6.68,34.69,14.79,0.24,46.45
2026-07-11 00:03:29,18.57,127.6,105.14,8.2,7.33,26.12,16.13,2.03,42.48
2026-07-11 00:18:26,19.32,204.3,122.08,38.6,8.75,31.14,13.68,4.66,43.28
2026-07-11 00:28:41,18.71,165.7,108.09,29.3,13.81,22.96,13.0,0.59,46.36
2026-07-11 00:39:50,19.38,193.1,88.26,25.0,6.85,29.21,9.08,4.43,47.79
2026-07-11 00:47:01,18.52,162.5,108.5,22.1,6.94,15.81,14.17,0.11,42.35
2026-07-11 00:57:31,18.79,138.5,122.56,37.5,14.59,28.31,25.89,4.72,42.73
2026-07-11 01:10:28,18.41,152.7,108.85,13.3,6.68,24.97,12.24,3.93,42.89
2026-07-11 01:22:26,18.92,130.0,104.65,39.6,9.88,29.4,17.94,3.4,43.57
2026-07-11 01:36:10,19.01,134.3,114.65,8.2,8.39,21.31,22.14,4.31,45.22
2026-07-11 01:51:04,19.01,164.9,109.65,18.3,8.09,30.3,8.36,9.87,45.13
2026-07-11 02:04:49,19.93,194.0,94.43,33.7,12.11,19.99,14.73,6.45,44.67
2026-07-11 02:10:57,19.93,148.3,97.3,26.4,14.26,26.6,25.16,0.25,41.59
2026-07-11 02:18:00,19.94,167.5,101.35,10.3,8.03,27.01,21.52,4.38,44.87
2026-07-11 02:26:34,19.79,181.2,84.14,35.7,8.32,21.77,16.22,4.29,45.3
2026-07-11 02:34:17,19.34,168.4,87.49,14.1,5.92,12.14,10.05,5.44,47.45
2026-07-11 02:42:09,19.6,219.6,97.44,31.8,10.0,21.02,16.46,2.13,47.68
2026-07-11 02:50:24,19.87,219.5,99.81,22.9,13.49,31.77,14.9,1.99,45.3
2026-07-11 03:04:14,20.03,238.2,94.96,18.4,12.64,24.36,18.2,2.15,44.42
2026-07-11 03:15:57,19.96,241.8,71.83,8.7,7.07,29.92,11.94,2.63,44.28
2026-07-11 03:24:59,20.31,214.1,97.1,36.1,5.38,22.67,16.52,12.58,46.59
2026-07-11 03:39:54,21.2,233.1,73.91,23.1,8.31,27.89,14.46,0.73,45.06
2026-07-11 03:46:45,19.72,291.3,73.66,7.3,10.48,23.95,15.03,0.15,47.36
2026-07-11 04:01:12,20.7,261.6,95.97,38.6,6.51,26.25,12.8,3.19,46.51
2026-07-11 04:16:10,20.6,295.7,82.35,36.0,9.68,28.5,15.83,8.44,46.4
2026-07-11 04:28:16,19.65,286.3,67.06,28.7,12.87,17.03,11.13,26.82,50.57
2026-07-11 04:33:50,21.82,309.0,65.47,28.7,10.95,30.05,15.26,0.19,49.87
2026-07-11 04:46:58,21.2,263.3,66.79,12.7,10.99,18.04,12.07,5.14,48.14
2026-07-11 05:00:35,20.79,367.2,54.21,38.3,6.49,26.22,7.14,1.45,47.16
2026-07-11 05:06:18,21.26,406.9,66.25,23.1,11.36,27.93,17.24,5.27,46.36
2026-07-11 05:18:53,20.23,390.6,68.93,29.6,7.72,17.86,18.64,16.86,48.53
2026-07-11 05:32:19,21.11,389.4,65.66,21.8,14.95,24.49,18.65,12.72,47.1
2026-07-11 05:42:22,21.42,351.4,58.0,35.3,4.27,23.94,12.76,6.23,51.46
2026-07-11 05:53:20,21.98,377.4,52.7,6.0,10.96,13.32,13.75,1.27,51.79
2026-07-11 06:03:06,21.64,472.7,56.19,22.0,8.26,24.74,18.07,11.86,50.26
2026-07-11 06:14:52,22.49,410.7,58.96,9.7,8.41,19.15,16.9,3.59,52.6
2026-07-11 06:27:25,22.67,375.4,56.48,37.0,12.38,26.61,12.88,0.2,53.33
2026-07-11 06:37:45,22.32,374.4,63.66,29.6,13.33,27.27,11.77,2.49,52.59
2026-07-11 06:52:13,22.52,413.9,72.58,29.7,7.72,18.5,9.96,2.14,50.65
2026-07-11 07:04:53,22.39,522.2,66.88,32.7,6.91,21.23,17.79,0.12,56.9
2026-07-11 07:14:12,23.01,491.1,64.29,13.6,8.12,32.98,25.01,4.98,53.32
2026-07-11 07:22:50,23.06,452.0,84.51,14.4,9.15,23.58,22.47,6.0,56.77
2026-07-11 07:35:33,23.63,499.6,81.62,11.6,6.82,16.49,14.32,11.39,54.93
2026-07-11 07:40:34,23.56,533.8,70.52,22.3,12.88,22.09,17.71,8.68,49.52
2026-07-11 07:47:35,23.17,469.2,85.22,24.1,4.7,32.46,18.21,2.85,49.3
2026-07-11 08:02:24,22.94,555.6,75.67,20.8,11.81,21.47,12.71,2.89,51.88
2026-07-11 08:10:58,23.9,495.7,95.22,22.4,12.39,27.36,15.16,17.64,56.49
2026-07-11 08:25:23,23.43,519.3,85.23,32.6,13.16,19.28,23.16,5.71,52.48
2026-07-11 08:39:50,23.97,612.2,86.7,29.8,12.05,28.65,22.19,0.01,50.97
2026-07-11 08:50:59,24.25,506.2,103.67,8.7,10.06,25.0,10.46,5.02,51.7
2026-07-11 09:02:07,24.52,559.7,104.79,12.9,13.12,31.27,12.95,2.21,52.12
2026-07-11 09:08:27,24.63,617.4,94.95,24.9,11.29,28.52,9.66,9.84,57.5
2026-07-11 09:18:28,23.21,562.0,100.5,15.5,13.14,25.99,11.71,14.87,52.84
2026-07-11 09:24:00,23.79,540.4,100.35,14.9,10.48,29.56,12.94,6.6,56.8
2026-07-11 09:38:09,24.76,668.3,86.04,24.4,15.15,19.65,13.47,4.28,54.84
2026-07-11 09:51:47,24.42,614.7,103.94,26.3,7.13,25.8,15.11,2.01,57.85
2026-07-11 10:01:07,24.32,613.9,96.34,24.9,13.55,21.8,14.19,3.18,55.94
2026-07-11 10:06:58,24.29,612.7,101.14,29.8,8.24,19.12,8.65,7.16,60.25
2026-07-11 10:12:23,24.47,615.4,115.64,23.9,10.39,29.6,6.59,12.53,53.87
2026-07-11 10:24:53,24.83,560.1,97.5,39.4,9.87,15.67,19.01,2.2,53.38
2026-07-11 10:35:37,24.9,622.2,118.69,29.9,11.88,26.95,14.17,13.8,56.8
2026-07-11 10:47:51,24.62,628.0,110.2,29.9,9.07,27.63,18.82,1.78,57.36
2026-07-11 10:56:54,25.02,611.3,101.89,22.6,12.4,23.73,18.84,12.74,56.07
2026-07-11 11:03:52,25.2,670.3,107.23,32.8,12.54,26.79,13.26,6.29,55.71
2026-07-11 11:09:38,24.29,601.4,90.64,33.4,7.69,25.27,13.85,4.16,54.68
2026-07-11 11:18:41,24.27,615.3,117.06,23.0,13.65,27.46,15.89,1.04,53.61
2026-07-11 11:31:40,25.31,630.5,97.22,36.2,12.13,30.02,10.29,8.7,56.77
2026-07-11 11:40:08,24.73,639.5,112.93,13.1,16.1,28.79,14.42,1.4,54.36
2026-07-11 11:47:23,24.78,710.7,91.5,27.7,16.09,24.28,7.84,15.98,57.37
2026-07-11 11:56:55,25.18,712.2,117.9,8.7,7.65,19.07,14.9,10.89,54.82
2026-07-11 12:09:54,25.22,662.5,100.3,18.7,8.83,32.21,15.34,0.27,59.56
2026-07-11 12:18:05,24.81,678.1,96.78,6.4,13.35,31.7,20.88,5.37,55.78
2026-07-11 12:23:59,25.03,632.0,111.04,24.6,10.68,28.22,16.18,6.87,54.82
2026-07-11 12:37:58,23.99,662.5,116.63,30.9,10.43,22.59,17.49,0.4,54.7
2026-07-11 12:48:10,25.03,611.7,101.29,9.2,10.67,27.04,14.4,5.41,55.61
2026-07-11 12:53:17,24.75,637.9,126.62,13.7,13.2,27.15,10.18,4.11,53.56
2026-07-11 12:59:14,25.27,631.5,98.29,19.3,8.45,22.96,9.85,0.98,54.57
2026-07-11 13:10:12,24.45,642.3,94.32,11.8,15.77,20.35,9.56,1.94,53.07
2026-07-11 13:20:13,24.36,599.7,98.52,35.6,9.56,20.85,16.74,4.87,53.33
2026-07-11 13:32:01,25.29,574.8,105.55,32.1,11.36,20.28,20.82,0.6,57.94
2026-07-11 13:39:01,24.25,644.9,95.21,16.0,6.67,22.04,10.68,9.16,54.11
2026-07-11 13:45:16,25.06,620.3,116.14,30.9,9.03,24.44,21.43,3.64,56.77
2026-07-11 13:52:04,24.05,664.1,101.49,9.1,11.71,17.36,15.02,2.37,52.89
2026-07-11 14:00:04,23.65,583.8,83.52,15.3,9.63,31.26,8.26,6.83,55.8
2026-07-11 14:07:50,23.9,601.4,83.25,5.4,8.86,23.79,15.02,0.44,54.28
2026-07-11 14:14:04,24.85,590.3,75.92,9.8,11.92,23.68,24.0,10.79,55.68
2026-07-11 14:27:14,24.99,654.7,98.63,22.1,15.29,26.41,9.77,8.26,57.96
2026-07-11 14:38:24,24.32,619.5,102.1,27.9,6.5,19.57,14.93,1.64,57.41
2026-07-11 14:45:48,24.44,613.4,100.45,13.5,9.64,17.24,15.44,0.87,54.94
2026-07-11 14:56:07,23.88,591.6,111.1,13.7,11.32,27.91,9.16,6.15,52.93
2026-07-11 15:02:38,24.25,591.4,79.01,7.2,10.25,21.24,16.31,7.63,52.42
2026-07-11 15:17:38,23.95,550.3,72.38,33.4,10.87,25.54,18.05,1.29,53.49
2026-07-11 15:27:15,24.35,529.4,76.82,15.0,4.79,32.27,13.54,11.39,55.56
2026-07-11 15:35:44,24.22,577.6,62.76,16.5,12.39,26.6,14.73,1.57,52.28
2026-07-11 15:50:42,23.12,562.5,75.06,35.9,13.79,19.29,12.87,5.87,53.19
2026-07-11 16:02:42,24.04,544.1,86.81,19.5,8.96,20.31,22.5,1.56,56.16
2026-07-11 16:10:54,24.16,481.0,84.57,14.0,8.0,21.07,18.64,6.74,54.35
2026-07-11 16:19:16,22.54,507.1,82.47,28.9,8.38,25.06,11.42,1.01,55.44
2026-07-11 16:30:36,22.76,505.9,75.19,33.4,12.75,31.03,13.43,1.47,51.39
2026-07-11 16:45:22,22.25,482.9,53.41,38.6,12.84,33.89,15.56,2.06,49.73
2026-07-11 16:59:03,22.97,491.6,67.62,28.4,9.61,19.58,17.08,13.3,52.49
2026-07-11 17:06:53,23.02,393.9,48.99,37.3,12.02,31.25,17.24,0.45,52.51
2026-07-11 17:19:31,22.83,424.5,66.44,19.2,8.9,25.35,23.87,3.32,48.99
2026-07-11 17:34:19,21.93,496.0,43.55,15.6,6.54,21.14,16.37,0.3,49.31
2026-07-11 17:45:30,22.63,432.9,63.31,11.0,8.41,31.74,13.36,11.94,50.87
2026-07-11 17:54:54,22.1,426.4,58.35,11.6,6.73,27.37,15.13,0.12,48.7
2026-07-11 18:00:50,22.33,425.5,51.62,33.0,14.47,21.78,15.91,1.77,51.99
2026-07-11 18:12:03,21.73,334.3,47.57,28.8,10.54,27.76,20.28,0.67,50.93
2026-07-11 18:26:33,21.73,333.7,69.37,15.7,13.27,23.01,13.22,7.37,51.13
2026-07-11 18:35:38,21.11,345.9,35.56,19.1,11.77,22.83,18.28,1.37,49.07
2026-07-11 18:50:07,22.02,390.5,58.11,30.0,16.7,26.09,19.44,13.17,49.62
2026-07-11 19:03:12,20.05,335.4,72.02,6.2,7.16,21.75,15.27,4.73,48.14
2026-07-11 19:08:31,20.79,349.1,84.28,12.2,11.85,27.74,16.61,6.15,49.44
2026-07-11 19:14:41,20.67,370.8,64.36,11.4,14.39,32.62,15.42,1.4,47.19
2026-07-11 19:21:52,20.94,300.2,69.07,28.7,2.9,21.29,14.86,7.39,46.68
2026-07-11 19:31:06,21.44,303.2,88.73,17.8,7.02,27.88,15.62,6.58,47.8
2026-07-11 19:40:04,20.89,327.3,77.89,24.7,10.73,31.99,14.51,5.06,45.21
2026-07-11 19:54:08,20.94,311.6,74.26,25.8,15.87,22.61,14.38,6.8,44.78
2026-07-11 20:05:29,20.21,255.0,71.51,29.9,11.52,29.53,14.39,1.73,43.72
2026-07-11 20:16:56,21.26,321.9,90.59,19.0,4.41,22.71,15.26,0.12,48.55
2026-07-11 20:31:38,19.79,230.0,85.9,24.9,7.69,22.03,12.19,2.2,45.24
2026-07-11 20:43:53,19.58,201.9,91.2,10.4,11.87,29.48,12.85,1.91,44.86
2026-07-11 20:55:50,19.83,220.6,91.1,6.8,7.48,34.37,11.73,2.8,46.67
2026-07-11 21:03:11,19.54,222.2,90.51,19.3,10.64,30.86,19.66,2.41,45.14
2026-07-11 21:11:14,20.09,245.7,114.98,12.4,8.5,34.1,15.71,17.23,45.69
2026-07-11 21:22:29,19.67,246.1,85.13,13.9,12.44,21.41,21.51,11.21,42.87
2026-07-11 21:35:17,19.57,228.3,80.66,33.2,14.62,27.04,20.38,0.9,45.98
2026-07-11 21:41:44,19.87,181.1,101.33,14.5,7.78,14.86,19.95,2.25,45.84
2026-07-11 21:51:38,19.88,205.3,97.0,25.4,7.97,27.73,13.35,1.55,44.96
2026-07-11 22:03:24,19.47,127.7,109.82,31.9,10.88,23.4,13.48,0.05,44.58
2026-07-11 22:09:50,19.3,173.6,105.36,29.3,8.03,23.96,12.14,2.52,46.24
2026-07-11 22:21:35,19.21,144.6,98.1,27.5,9.34,22.47,8.01,4.59,43.72
2026-07-11 22:36:28,19.81,165.8,111.37,18.3,8.14,27.56,9.24,9.48,45.0
2026-07-11 22:41:33,20.17,154.7,111.95,28.0,3.93,16.54,9.89,11.29,44.06
2026-07-11 22:48:08,19.14,194.3,109.18,10.3,10.43,29.05,10.76,5.9,46.64
2026-07-11 22:53:18,19.76,143.3,93.08,27.6,15.17,23.39,19.37,8.46,45.19
2026-07-11 23:06:36,19.52,187.2,118.19,36.8,6.78,20.09,12.18,8.77,44.49
2026-07-11 23:16:35,18.26,130.7,86.73,26.4,14.29,25.12,18.99,7.6,46.51
2026-07-11 23:25:24,18.56,133.5,94.41,25.5,7.42,25.94,13.91,2.44,45.57
2026-07-11 23:36:31,18.18,177.2,102.6,7.4,10.37,13.92,25.18,3.46,44.15
2026-07-11 23:42:44,19.18,157.6,91.82,20.0,12.35,20.86,5.37,3.09,45.92
2026-07-11 23:55:57,19.35,168.8,101.22,14.7,6.96,32.76,14.97,0.35,42.7
2026-07-12 00:03:56,19.15,143.0,119.73,12.3,10.21,32.51,18.34,4.65,42.46
2026-07-12 00:11:00,19.01,156.5,103.15,10.7,11.02,31.85,22.05,5.44,43.8
2026-07-12 00:20:44,18.71,165.6,109.99,23.5,10.42,25.59,10.07,0.32,43.31
2026-07-12 00:25:59,19.03,134.6,106.14,29.3,8.06,17.72,21.52,3.75,43.15
2026-07-12 00:31:29,19.28,152.3,105.18,14.1,8.83,19.09,16.12,29.34,41.8
2026-07-12 00:42:23,18.19,187.7,114.13,18.4,14.56,21.99,20.01,12.71,43.37
2026-07-12 00:51:23,18.94,203.1,105.0,20.8,12.53,23.82,11.5,7.04,41.62
2026-07-12 01:02:34,19.14,164.0,90.64,20.1,10.36,11.0,7.85,5.85,42.68
2026-07-12 01:17:06,19.7,188.2,102.79,11.8,7.99,22.74,16.85,0.15,43.8
2026-07-12 01:30:06,18.9,205.8,102.38,5.1,10.72,30.08,15.44,0.03,42.8
2026-07-12 01:43:42,19.03,170.7,104.26,23.7,9.06,33.56,14.49,1.1,47.07
2026-07-12 01:50:58,18.3,242.9,116.1,5.8,14.95,20.43,20.53,1.74,44.9
2026-07-12 01:56:26,19.56,163.9,98.96,24.0,8.27,23.11,6.85,1.01,43.73
2026-07-12 02:02:26,19.13,237.1,88.08,6.2,12.79,19.29,22.94,1.0,43.02
2026-07-12 02:13:53,18.95,215.6,88.59,34.9,11.79,21.86,16.1,24.36,44.87
2026-07-12 02:21:42,19.74,231.6,96.91,33.4,11.99,28.65,14.01,0.16,47.39
2026-07-12 02:35:15,19.21,167.0,93.98,19.4,9.38,21.71,17.29,5.39,44.86
2026-07-12 02:40:47,19.41,192.9,102.39,33.9,13.57,22.33,13.41,2.51,44.08
2026-07-12 02:48:06,20.26,199.5,82.23,9.0,9.19,21.67,18.81,1.45,46.66
2026-07-12 02:54:14,19.21,171.6,97.88,23.4,10.24,10.11,17.68,2.89,48.91
2026-07-12 03:03:54,18.85,240.5,81.17,7.3,12.71,25.77,19.3,1.23,45.31
2026-07-12 03:12:50,19.78,237.0,86.21,36.7,8.13,20.6,9.61,3.0,49.13
2026-07-12 03:19:52,19.98,217.2,102.17,7.8,15.23,22.82,14.91,3.29,47.97
2026-07-12 03:25:21,19.54,225.2,72.44,12.6,8.77,29.96,7.11,8.65,49.74
2026-07-12 03:36:29,19.97,296.0,105.54,18.3,13.45,23.16,14.97,1.34,43.64
2026-07-12 03:45:33,19.8,217.9,96.06,15.0,13.29,31.71,14.59,1.02,45.2
2026-07-12 03:59:55,20.21,265.1,81.73,28.6,7.6,32.28,7.97,4.12,47.6
2026-07-12 04:05:40,20.46,298.2,82.33,11.0,8.51,18.62,12.51,1.22,46.03
2026-07-12 04:16:50,21.14,290.6,77.15,17.6,14.71,13.48,22.02,21.21,49.56
2026-07-12 04:31:42,21.24,316.0,61.67,22.7,8.72,20.67,17.53,5.77,45.66
2026-07-12 04:37:27,21.22,308.2,59.84,22.6,9.89,25.14,19.7,5.66,50.21
2026-07-12 04:48:04,20.61,308.4,81.76,21.9,8.53,27.75,14.6,14.25,46.48
2026-07-12 04:56:37,21.56,325.2,60.86,12.1,10.53,22.85,18.73,5.22,48.71
2026-07-12 05:10:32,21.79,354.9,71.82,20.5,11.52,22.72,9.44,11.72,52.92
2026-07-12 05:20:43,22.04,388.1,70.66,20.4,14.58,19.08,15.85,4.9,47.53
2026-07-12 05:29:55,20.97,384.5,53.32,32.2,6.69,16.96,15.79,7.54,49.29
2026-07-12 05:44:51,22.34,342.7,61.9,35.2,9.35,16.12,12.34,4.21,47.33
2026-07-12 05:54:30,22.96,400.2,55.87,24.2,12.0,30.39,17.52,1.3,49.97
2026-07-12 06:03:25,21.48,393.5,47.71,30.0,10.26,24.03,11.92,1.02,48.56
2026-07-12 06:09:12,22.43,404.3,49.77,8.2,14.36,26.48,11.83,3.91,52.43
2026-07-12 06:23:41,22.36,435.5,41.65,33.8,11.99,29.04,13.56,4.61,48.56
2026-07-12 06:34:27,22.1,422.5,48.96,14.0,8.83,27.8,14.4,9.04,50.88
2026-07-12 06:42:53,22.79,471.5,74.16,30.8,12.24,25.87,7.98,0.52,49.73
2026-07-12 06:49:26,22.77,461.6,64.24,25.8,14.75,22.46,18.6,2.82,49.1
2026-07-12 07:00:53,23.0,481.0,69.12,16.5,14.29,23.51,10.93,7.41,49.95
2026-07-12 07:07:53,23.33,468.3,62.26,25.9,15.69,26.69,16.89,1.79,50.41
2026-07-12 07:17:10,23.65,525.5,74.91,13.4,3.11,31.12,14.0,3.61,52.62
2026-07-12 07:32:03,23.66,454.2,72.6,29.2,14.74,19.22,11.09,7.15,53.73
2026-07-12 07:43:07,23.63,477.8,86.88,38.9,7.43,30.53,16.72,9.81,51.62
2026-07-12 07:50:02,24.09,478.6,77.69,21.4,9.29,24.35,9.39,4.84,52.84
2026-07-12 07:59:07,22.83,547.1,79.94,6.4,3.17,23.63,14.63,4.68,53.13
2026-07-12 08:11:17,23.57,498.1,96.18,33.2,11.0,27.51,20.68,3.73,53.3
2026-07-12 08:25:38,23.72,546.7,79.65,37.9,9.36,27.25,17.13,5.13,54.62
2026-07-12 08:33:19,24.11,520.8,75.68,12.2,15.81,22.95,17.88,2.82,53.71
2026-07-12 08:43:24,24.27,585.5,89.03,14.9,11.64,21.28,15.22,4.18,57.14
2026-07-12 08:50:56,24.06,611.3,91.96,16.4,7.6,20.09,18.19,15.26,54.2
2026-07-12 09:05:31,23.43,537.0,97.02,20.2,12.08,25.62,7.85,0.09,53.61
2026-07-12 09:11:48,23.6,527.6,111.76,32.9,5.68,25.6,15.26,7.56,57.18
2026-07-12 09:19:03,24.91,649.7,107.97,38.8,14.05,28.98,13.6,0.49,56.16
2026-07-12 09:30:30,23.86,625.3,101.26,22.7,11.29,19.67,15.92,0.04,52.13
2026-07-12 09:41:58,24.19,643.6,96.65,9.1,10.3,20.23,24.05,0.71,55.74
2026-07-12 09:48:48,25.14,542.7,96.11,18.2,5.64,21.14,19.83,0.41,55.04
2026-07-12 09:58:35,24.21,581.4,106.58,37.3,11.07,13.4,20.42,7.65,55.74
2026-07-12 10:13:17,24.29,620.6,91.48,26.1,13.91,27.23,13.64,12.15,55.98
2026-07-12 10:25:43,24.53,637.9,97.48,28.9,11.9,27.5,14.93,1.96,55.97
2026-07-12 10:40:37,23.99,646.6,104.88,35.9,15.75,15.92,17.08,0.88,54.44
2026-07-12 10:48:18,24.57,621.4,92.85,25.4,9.73,25.12,18.23,2.6,50.92
2026-07-12 11:03:01,24.14,648.6,101.91,33.5,13.11,30.4,17.37,0.55,57.41
2026-07-12 11:11:55,25.99,590.0,97.53,12.5,9.3,29.36,14.07,14.51,54.98
2026-07-12 11:18:33,24.67,668.5,123.08,31.5,12.54,30.6,12.61,5.46,54.29
2026-07-12 11:32:52,25.04,653.4,100.59,37.9,10.82,26.12,17.91,2.13,56.17
2026-07-12 11:39:54,25.42,672.5,128.27,5.5,13.33,20.44,17.66,0.72,58.77
2026-07-12 11:48:37,25.1,608.7,103.14,19.1,7.95,18.05,20.63,6.73,54.27
2026-07-12 11:59:53,25.03,661.2,109.89,8.0,6.63,36.46,14.05,0.56,58.03
2026-07-12 12:14:36,24.53,659.1,130.17,17.9,10.56,28.46,8.84,4.29,57.36
2026-07-12 12:26:25,24.59,646.0,94.77,22.7,8.66,22.49,15.33,2.3,56.85
2026-07-12 12:34:44,25.96,695.2,113.96,11.7,6.36,22.45,10.76,0.94,53.21
2026-07-12 12:41:00,24.8,650.7,118.01,34.1,9.87,33.8,12.31,1.12,56.15
2026-07-12 12:54:19,24.76,600.9,114.95,39.7,8.43,25.43,15.67,12.24,55.77
2026-07-12 13:07:31,25.67,633.0,120.86,11.1,5.53,26.72,14.01,0.34,57.03
2026-07-12 13:17:06,24.84,641.8,100.06,10.4,11.94,17.81,15.25,2.86,51.29
2026-07-12 13:26:41,24.82,553.3,91.69,15.4,3.76,24.4,13.51,5.99,56.8
2026-07-12 13:40:24,23.88,621.2,105.92,8.7,12.23,33.08,14.32,0.01,57.53
2026-07-12 13:53:59,23.79,646.4,115.82,38.9,13.12,22.67,14.35,1.12,54.66
2026-07-12 14:03:50,24.7,652.2,96.2,36.2,8.55,24.58,13.85,0.31,54.54
2026-07-12 14:12:48,24.73,615.0,110.52,37.5,10.81,27.24,16.28,8.98,53.71
2026-07-12 14:26:52,23.72,588.6,104.23,15.9,8.87,25.84,11.0,1.01,58.13
2026-07-12 14:39:41,25.25,608.0,87.89,24.6,9.41,14.85,16.75,1.3,56.77
2026-07-12 14:45:09,24.33,597.4,113.87,12.5,6.64,25.02,16.03,0.81,52.91
2026-07-12 14:59:00,24.57,561.0,106.78,29.3,9.16,27.02,16.68,23.29,52.89
2026-07-12 15:12:49,23.96,562.7,76.68,13.9,10.93,24.2,7.68,24.0,56.27
2026-07-12 15:25:21,24.18,566.8,88.06,19.9,12.96,24.35,12.9,2.16,54.65
2026-07-12 15:40:16,23.11,539.0,83.07,11.6,15.26,31.15,14.06,6.18,51.57
2026-07-12 15:54:02,23.56,521.4,86.44,35.8,13.14,37.04,12.9,3.72,50.26
2026-07-12 16:02:35,23.71,505.7,86.84,29.9,19.05,31.27,18.86,3.5,52.83
2026-07-12 16:14:54,22.88,568.8,87.68,22.3,5.91,23.12,11.6,12.07,52.27
2026-07-12 16:29:06,23.79,539.2,67.57,38.8,9.38,23.13,8.38,2.19,52.5
2026-07-12 16:39:50,22.48,504.7,60.85,36.9,11.45,24.06,20.55,1.11,51.28
2026-07-12 16:51:12,23.61,469.7,59.6,39.9,9.58,25.24,14.99,4.74,51.78
2026-07-12 17:02:27,22.42,426.4,72.05,14.6,6.04,29.59,17.68,1.49,51.09
2026-07-12 17:10:07,22.56,463.8,54.04,19.4,12.54,26.11,13.65,14.95,50.67
2026-07-12 17:20:53,22.87,399.1,78.05,31.0,10.78,36.22,11.46,3.87,50.71
2026-07-12 17:33:16,22.24,410.3,65.36,11.1,12.9,31.05,17.87,2.59,47.34
2026-07-12 17:38:58,22.45,421.0,58.06,27.4,13.49,29.26,16.18,0.36,52.43
2026-07-12 17:53:57,21.92,360.4,49.23,32.4,11.63,28.8,16.74,1.14,50.9
2026-07-12 18:01:55,22.12,408.2,50.57,7.1,10.64,33.53,12.18,2.43,50.97
2026-07-12 18:16:19,21.77,341.8,41.48,7.6,12.58,27.07,10.96,19.78,48.55
2026-07-12 18:28:50,22.33,350.3,62.47,22.5,9.67,14.82,11.91,11.24,50.92
2026-07-12 18:36:14,21.75,325.8,70.16,30.1,10.55,24.02,16.79,5.39,48.56
2026-07-12 18:46:03,21.16,350.3,59.26,34.4,9.18,23.14,19.1,3.44,46.76
2026-07-12 18:56:34,20.75,382.5,47.7,24.2,5.39,22.92,18.05,1.75,46.91
2026-07-12 19:06:53,21.14,385.3,70.29,21.8,3.34,20.08,16.51,0.92,46.69
2026-07-12 19:21:14,21.5,338.3,61.86,26.7,10.42,26.95,12.55,12.55,48.03
2026-07-12 19:34:17,20.65,270.2,74.12,11.4,10.57,20.85,11.62,0.89,47.72
2026-07-12 19:43:29,20.81,310.4,63.26,21.0,11.17,23.49,12.84,1.36,45.2
2026-07-12 19:48:32,20.24,298.7,85.56,32.4,9.84,28.87,7.38,2.78,47.24
2026-07-12 19:54:06,20.6,262.5,78.49,18.8,8.05,26.34,17.14,8.26,45.17
2026-07-12 20:08:17,20.74,256.1,71.4,11.7,9.0,23.95,18.79,0.89,46.4
2026-07-12 20:19:31,19.9,286.5,92.02,32.1,11.02,28.11,21.53,1.04,44.88
2026-07-12 20:32:53,20.55,253.4,87.91,16.7,9.85,32.48,17.58,1.49,41.24
2026-07-12 20:46:13,19.78,260.8,106.24,15.4,7.97,29.15,14.35,2.17,47.45
2026-07-12 21:00:43,19.56,238.1,91.69,19.7,9.76,16.27,7.51,6.75,46.36
2026-07-12 21:15:03,20.68,187.9,102.83,13.2,12.23,23.5,17.23,3.93,44.85
2026-07-12 21:29:21,19.65,211.7,91.18,8.1,8.54,23.09,16.59,0.67,46.64
2026-07-12 21:41:59,20.09,197.2,99.17,17.4,10.48,23.94,13.81,4.58,39.62
2026-07-12 21:52:58,19.3,127.5,92.18,15.4,12.13,29.51,16.21,1.04,42.09
2026-07-12 21:58:21,18.98,195.2,96.76,21.0,17.43,25.51,21.03,0.83,43.45
2026-07-12 22:08:53,19.4,214.9,97.32,19.4,15.62,19.42,14.83,2.39,42.6
2026-07-12 22:20:24,20.53,160.1,85.35,37.2,9.37,30.51,4.88,1.77,41.61
2026-07-12 22:35:00,19.04,176.7,99.18,15.1,11.35,29.64,16.18,4.26,46.71
2026-07-12 22:40:54,19.35,157.3,99.9,7.4,11.09,27.16,17.22,3.89,43.4
2026-07-12 22:52:02,18.92,141.2,110.64,15.6,13.58,23.41,14.25,1.84,43.61
2026-07-12 22:58:36,19.26,194.2,117.86,37.9,13.26,31.19,10.98,6.78,40.53
2026-07-12 23:13:17,19.03,172.7,113.07,33.8,7.2,22.16,17.46,0.9,45.31
2026-07-12 23:21:44,18.64,119.4,121.92,12.6,6.72,27.87,14.38,1.04,43.72
2026-07-12 23:36:00,19.62,125.5,108.84,25.9,11.1,23.63,12.1,1.27,42.92
2026-07-12 23:42:31,19.09,174.9,110.07,30.9,9.4,24.61,13.69,1.47,45.06
2026-07-12 23:55:32,19.02,173.2,102.38,6.5,12.89,19.03,11.54,5.58,43.11
2026-07-13 00:05:44,18.92,151.1,104.26,38.6,8.22,24.66,6.3,4.95,43.62
2026-07-13 00:11:12,18.93,124.5,117.58,37.0,10.6,17.92,23.2,1.27,43.36
2026-07-13 00:23:55,18.99,151.6,107.62,7.4,6.01,21.08,12.26,2.26,44.84
2026-07-13 00:35:31,19.07,195.8,105.88,21.4,1.97,23.99,25.41,1.3,43.01
2026-07-13 00:44:32,19.91,210.9,116.3,22.7,14.92,24.55,11.25,13.44,46.29
2026-07-13 00:53:24,19.35,98.6,96.07,6.0,12.71,34.45,24.46,1.52,43.46
2026-07-13 00:58:38,19.09,168.7,84.34,10.0,9.69,18.98,17.1,5.48,46.1
2026-07-13 01:11:13,18.49,115.7,110.57,38.7,12.59,26.55,13.24,1.36,46.07
2026-07-13 01:17:31,19.59,165.3,127.56,24.6,13.31,26.41,7.35,0.26,39.98
2026-07-13 01:31:31,18.76,168.5,96.8,38.2,12.58,30.27,16.99,1.16,46.12
2026-07-13 01:43:19,19.23,192.3,108.36,39.7,1.69,24.6,17.6,1.91,45.78
2026-07-13 01:50:17,19.08,216.7,94.06,38.9,6.41,29.55,13.23,6.7,42.95
2026-07-13 02:00:28,18.84,204.5,99.85,36.3,8.67,32.9,14.0,0.9,50.76
2026-07-13 02:10:18,19.55,161.4,99.17,27.4,14.83,29.58,15.0,8.78,49.2
2026-07-13 02:19:25,20.06,197.3,107.07,23.3,11.8,23.3,21.06,6.97,45.42
2026-07-13 02:31:40,20.07,172.6,79.93,16.4,11.19,23.52,17.22,1.85,45.24
2026-07-13 02:40:08,19.99,188.1,76.06,28.1,13.47,21.61,9.56,13.3,44.56
2026-07-13 02:52:40,20.37,262.2,100.82,9.8,10.1,28.61,20.06,2.3,46.71
2026-07-13 02:57:45,20.14,272.3,87.2,22.3,8.68,29.51,13.01,1.29,40.87
2026-07-13 03:05:12,19.93,246.0,88.85,8.5,8.74,27.19,17.91,6.93,46.31
2026-07-13 03:12:21,19.71,200.7,97.76,18.4,8.57,20.15,25.15,0.04,47.29
2026-07-13 03:23:27,19.87,292.6,86.93,37.6,8.09,20.16,13.23,2.51,44.53
2026-07-13 03:37:30,20.52,302.3,100.77,22.8,7.95,22.02,10.31,9.33,50.77
2026-07-13 03:51:41,20.84,352.6,96.32,12.3,5.65,20.58,11.29,2.21,49.04
2026-07-13 04:03:29,20.36,214.2,68.77,15.0,9.58,25.15,5.82,16.2,47.17
2026-07-13 04:09:19,20.76,299.4,75.4,33.6,7.87,17.31,23.88,3.83,43.1
2026-07-13 04:24:06,20.83,308.4,67.92,34.3,13.65,26.41,12.25,7.83,42.4
2026-07-13 04:33:24,20.02,339.4,68.97,33.3,9.55,28.95,11.49,3.82,46.3
2026-07-13 04:44:11,20.64,275.5,76.64,11.9,9.79,11.78,19.44,5.71,46.58
2026-07-13 04:53:53,21.88,343.2,79.42,16.5,12.92,27.57,18.83,10.32,45.25
2026-07-13 05:07:05,20.78,340.8,62.61,5.3,13.41,11.87,16.45,8.07,50.3
2026-07-13 05:15:04,21.33,382.6,70.06,28.6,9.84,22.61,14.43,1.63,46.2
2026-07-13 05:24:17,22.14,362.1,59.85,39.7,6.4,24.97,17.48,0.65,49.87
2026-07-13 05:31:59,21.45,347.6,62.41,5.0,13.52,19.44,16.06,0.83,48.8
2026-07-13 05:43:52,22.12,420.9,55.44,30.7,9.41,27.76,15.13,0.45,49.95
2026-07-13 05:55:57,22.67,371.1,62.96,12.7,11.47,27.96,9.23,4.77,51.15
2026-07-13 06:05:53,22.19,418.6,58.05,10.8,12.7,20.36,15.92,1.35,52.08
2026-07-13 06:12:43,22.06,397.1,48.8,5.7,17.33,11.74,14.06,11.29,53.52
2026-07-13 06:18:11,21.91,401.5,43.26,33.1,8.21,32.59,25.74,0.74,49.19
2026-07-13 06:27:51,21.96,457.6,56.89,29.4,9.7,31.59,6.48,0.38,50.42
2026-07-13 06:37:58,21.47,447.7,70.52,6.9,6.13,27.27,15.78,3.13,51.28
2026-07-13 06:52:08,22.67,507.1,71.44,25.7,6.67,25.7,17.37,7.78,49.58
2026-07-13 06:59:00,22.92,438.1,60.06,5.6,12.79,17.46,19.43,1.77,54.47
2026-07-13 07:13:31,23.01,468.2,60.68,12.3,7.5,37.89,15.52,7.74,52.1
2026-07-13 07:25:29,23.18,504.3,77.4,37.0,7.79,18.18,12.89,11.06,52.04
2026-07-13 07:37:51,22.77,489.6,79.15,20.8,10.65,26.22,19.47,7.56,52.16
2026-07-13 07:48:31,24.31,430.8,96.15,23.2,9.91,20.2,12.72,10.59,50.57
2026-07-13 07:53:59,23.01,492.4,90.6,18.0,12.19,31.14,15.9,8.0,52.71
2026-07-13 08:06:46,22.69,543.2,81.2,33.1,11.88,30.73,14.26,7.35,54.26
2026-07-13 08:20:48,22.69,527.9,88.46,11.3,12.15,25.36,17.2,1.15,51.0
2026-07-13 08:31:09,23.47,555.7,84.98,8.2,11.56,30.75,17.25,1.34,50.46
2026-07-13 08:45:47,23.87,614.1,66.63,12.8,12.14,27.67,8.99,0.8,54.01
2026-07-13 08:55:53,23.74,512.6,80.77,21.9,13.14,25.59,13.06,4.25,53.3
2026-07-13 09:07:35,23.5,528.9,100.77,11.6,12.43,23.52,19.04,5.38,56.15
2026-07-13 09:18:22,24.39,597.9,92.41,21.8,13.55,24.35,13.0,1.33,54.37
2026-07-13 09:25:37,24.04,600.8,89.95,26.1,8.88,27.44,15.68,3.88,54.51
2026-07-13 09:35:12,24.03,578.6,118.14,20.2,7.65,23.17,8.25,2.47,50.98
2026-07-13 09:44:40,25.15,596.6,102.72,26.8,9.4,23.7,18.63,0.56,55.56
2026-07-13 09:58:49,24.79,694.6,105.69,21.8,6.17,21.94,10.93,5.72,54.64
2026-07-13 10:10:04,24.45,614.9,104.92,33.4,13.09,25.05,15.24,1.49,56.51
2026-07-13 10:15:19,24.33,672.5,132.56,26.3,6.19,24.3,11.63,2.19,55.8
2026-07-13 10:29:13,25.31,579.7,101.47,10.9,7.91,16.56,15.04,8.17,57.98
2026-07-13 10:42:02,24.66,641.4,111.72,24.2,12.43,27.76,15.62,1.53,56.57
2026-07-13 10:50:26,24.48,620.6,110.57,36.3,12.71,25.85,13.91,19.07,57.25
2026-07-13 10:56:09,24.47,621.7,101.33,12.3,3.84,26.73,19.67,5.47,54.24
2026-07-13 11:08:16,24.76,574.2,104.96,16.1,15.73,25.18,14.08,2.31,54.44
2026-07-13 11:18:37,24.57,620.9,97.38,33.8,9.21,20.04,14.84,5.86,57.5
2026-07-13 11:30:45,24.77,602.9,120.54,22.5,8.08,21.59,19.74,3.87,54.77
2026-07-13 11:40:38,25.83,610.2,131.22,38.2,14.6,21.1,10.59,4.59,55.29
2026-07-13 11:54:11,25.75,613.4,106.71,18.3,9.97,25.92,10.57,5.35,53.34
2026-07-13 12:05:11,24.54,675.4,99.63,26.2,7.47,13.84,16.18,0.72,56.61
2026-07-13 12:18:36,24.52,690.9,132.17,24.1,12.26,24.06,7.58,7.65,52.92
2026-07-13 12:27:54,24.95,591.2,101.32,26.7,11.47,22.76,18.11,1.55,54.22
2026-07-13 12:33:30,25.86,613.9,97.65,24.8,6.58,19.8,14.59,10.07,56.93
2026-07-13 12:42:15,25.32,649.3,104.14,29.0,11.46,25.54,13.76,3.3,55.16
2026-07-13 12:56:23,23.55,665.1,110.07,25.6,5.86,24.31,20.59,6.54,54.96
2026-07-13 13:02:47,24.59,640.4,117.6,10.2,6.96,27.39,17.5,6.61,56.22
2026-07-13 13:08:30,24.11,635.5,111.69,29.8,16.02,22.11,11.94,4.28,60.49
2026-07-13 13:18:38,25.18,615.6,90.42,15.8,1.43,24.39,12.85,0.4,56.45
2026-07-13 13:30:07,24.35,597.7,102.72,34.8,12.16,35.02,21.22,1.56,56.1
2026-07-13 13:41:14,24.58,610.7,101.15,20.3,6.4,37.12,14.89,0.76,54.05
2026-07-13 13:54:17,25.35,584.5,104.45,12.2,9.01,24.12,12.22,2.43,54.69
2026-07-13 14:02:47,25.06,593.0,108.5,17.7,10.74,25.04,7.96,14.23,56.37
2026-07-13 14:07:58,25.19,565.0,102.67,13.2,10.59,17.82,11.95,26.93,57.68
2026-07-13 14:17:40,23.9,582.2,112.17,10.6,9.75,26.55,13.8,19.07,54.3
2026-07-13 14:28:04,23.5,578.1,99.29,12.7,10.6,21.33,20.1,1.45,53.17
2026-07-13 14:35:21,24.82,550.5,97.09,32.4,6.97,18.65,10.6,11.83,55.52
2026-07-13 14:46:04,23.39,557.7,102.55,36.7,13.03,27.04,19.12,22.24,56.44
2026-07-13 14:59:18,23.63,556.3,89.07,25.1,7.91,23.87,21.17,0.58,54.37
2026-07-13 15:10:51,23.76,549.9,106.36,20.5,8.47,21.37,14.91,4.3,52.22
2026-07-13 15:22:27,24.27,515.4,83.65,9.3,5.95,21.06,15.03,7.96,54.97
2026-07-13 15:37:18,23.98,538.5,83.85,9.2,18.2,28.59,11.34,0.79,54.99
2026-07-13 15:49:50,24.13,565.6,83.93,19.7,6.44,26.55,18.44,1.17,51.62
2026-07-13 16:00:54,22.78,475.4,63.59,32.1,9.1,21.68,23.52,2.56,53.12
2026-07-13 16:15:13,23.74,477.7,65.47,31.4,12.06,26.76,11.34,5.2,53.69
2026-07-13 16:21:14,23.56,514.0,88.91,10.2,4.93,29.88,13.58,1.8,55.31
2026-07-13 16:27:02,23.17,511.1,85.43,38.3,9.93,27.66,13.43,0.58,50.29
2026-07-13 16:38:10,23.47,476.9,85.64,17.1,14.59,23.09,15.09,15.28,48.43
2026-07-13 16:50:18,22.59,521.5,74.7,17.9,14.07,19.79,13.92,5.6,52.71
2026-07-13 17:04:21,22.42,441.9,64.17,24.4,11.47,19.3,17.73,2.14,52.31
2026-07-13 17:18:17,22.0,442.1,62.75,17.7,11.22,29.4,17.05,2.47,52.49
2026-07-13 17:25:26,23.0,448.5,64.27,22.8,13.19,25.49,18.33,2.34,53.24
2026-07-13 17:40:08,21.96,414.8,45.15,5.0,8.78,29.63,11.53,5.33,50.82
2026-07-13 17:53:31,20.99,432.2,37.12,35.4,13.16,24.58,10.41,4.34,55.4
2026-07-13 18:00:13,23.13,397.2,49.21,15.5,11.9,30.14,13.16,10.68,49.56
2026-07-13 18:12:54,22.18,364.0,45.5,37.8,7.07,19.31,14.98,2.43,50.01
2026-07-13 18:19:27,21.97,339.7,60.66,24.3,7.89,26.46,22.41,1.43,50.74
2026-07-13 18:29:44,20.39,409.3,56.09,9.0,8.83,16.3,20.15,9.9,50.49
2026-07-13 18:39:32,20.8,366.0,62.96,37.5,8.45,31.22,16.22,0.67,52.62
2026-07-13 18:53:37,21.21,327.4,55.85,22.6,2.71,24.64,11.51,1.58,49.96
2026-07-13 18:58:58,20.55,362.2,58.14,17.1,10.34,19.31,4.62,16.38,49.6
2026-07-13 19:07:11,21.18,295.3,79.12,35.7,7.53,34.71,14.93,8.21,49.66
2026-07-13 19:18:19,21.34,321.4,75.45,19.0,12.98,29.28,14.22,12.55,47.13
2026-07-13 19:25:32,21.01,362.9,89.52,27.8,14.1,21.12,7.44,1.7,48.4
2026-07-13 19:37:58,20.79,323.9,88.21,30.5,7.1,18.63,15.07,3.6,49.09
2026-07-13 19:52:06,20.97,342.2,86.9,20.5,9.89,21.3,8.69,5.23,47.14
2026-07-13 20:01:35,20.1,312.1,80.01,35.4,14.23,21.53,16.22,5.4,46.58
2026-07-13 20:11:00,21.2,251.2,81.6,7.8,8.67,24.23,7.86,11.91,46.08
2026-07-13 20:25:39,19.75,278.0,71.08,11.6,12.16,21.44,14.08,13.03,49.72
2026-07-13 20:31:45,20.26,248.1,94.73,22.9,9.66,25.31,12.47,9.61,45.76
2026-07-13 20:42:04,20.67,237.8,63.05,40.0,8.31,31.33,16.15,0.01,45.91
2026-07-13 20:52:35,20.16,210.9,91.71,31.8,3.1,25.27,21.05,5.17,47.21
2026-07-13 21:00:01,19.47,217.6,101.86,38.7,8.24,27.24,24.69,0.05,47.17
2026-07-13 21:08:44,20.15,214.7,89.33,18.7,10.27,19.84,17.28,1.88,47.74
2026-07-13 21:17:09,20.26,222.7,86.97,18.9,10.63,24.76,16.52,1.89,44.42
2026-07-13 21:30:54,19.53,199.4,94.86,11.1,16.99,23.04,14.96,3.05,44.85
2026-07-13 21:36:54,19.99,181.4,92.46,19.9,13.27,21.43,17.64,5.18,44.94
2026-07-13 21:42:00,19.8,214.7,113.93,28.7,11.84,18.6,12.7,2.51,46.43
2026-07-13 21:47:59,20.04,151.3,89.31,12.2,9.53,25.65,14.24,0.74,46.94
2026-07-13 22:02:22,19.86,217.6,87.62,22.6,12.06,24.06,15.55,3.97,44.09
2026-07-13 22:13:25,18.39,176.6,107.66,29.7,11.95,23.45,10.33,0.95,44.34
2026-07-13 22:22:19,17.89,184.1,125.37,34.1,9.64,36.68,19.24,25.45,43.04
2026-07-13 22:28:53,20.21,153.0,87.52,21.9,11.14,29.9,13.98,10.27,45.1
2026-07-13 22:43:07,19.17,164.7,115.55,11.6,13.37,24.0,15.69,8.27,45.94
2026-07-13 22:56:08,19.46,180.8,81.49,12.7,9.92,27.15,20.28,5.19,41.66
2026-07-13 23:03:11,18.27,177.8,99.09,39.6,8.36,24.42,10.81,29.12,44.0
2026-07-13 23:09:57,19.61,123.9,104.19,37.6,8.68,22.59,15.08,0.31,45.93
2026-07-13 23:20:15,18.67,137.5,112.91,10.9,12.1,24.13,13.5,0.39,49.3
2026-07-13 23:26:27,18.96,137.2,100.75,36.0,10.9,15.73,15.81,1.33,43.86
2026-07-13 23:35:04,18.25,173.9,107.87,11.9,7.36,24.18,7.18,3.48,44.93
2026-07-13 23:42:40,18.98,182.0,132.27,27.1,8.06,16.98,7.0,5.33,42.21
2026-07-13 23:48:59,18.77,145.2,105.98,17.1,14.89,31.1,21.97,22.06,44.68
2026-07-13 23:56:30,18.49,144.8,94.64,5.2,10.58,15.21,11.85,0.51,44.36
2026-07-14 00:02:58,19.18,176.1,102.25,8.0,7.6,36.96,11.72,9.93,41.97
2026-07-14 00:10:43,19.79,184.0,117.39,33.8,6.41,15.43,13.04,1.79,42.69
2026-07-14 00:24:56,18.54,142.7,111.95,19.3,6.46,20.34,12.02,0.03,45.04
2026-07-14 00:31:32,18.9,114.2,119.93,24.7,13.12,28.57,4.14,15.57,45.43
2026-07-14 00:42:43,18.38,139.3,102.16,39.9,11.69,25.65,11.67,2.14,41.03
2026-07-14 00:52:57,18.93,140.7,90.15,26.7,9.07,26.23,8.88,3.69,44.58
2026-07-14 01:05:43,19.21,218.9,110.71,19.4,10.91,25.27,18.04,1.21,45.2
2026-07-14 01:20:27,19.15,145.9,101.51,35.2,12.66,26.22,12.8,5.56,42.34
2026-07-14 01:29:42,19.89,175.7,98.69,17.5,8.45,25.11,16.9,15.64,47.82
2026-07-14 01:38:01,19.01,212.0,104.93,22.6,9.13,33.9,12.97,13.16,44.66
2026-07-14 01:45:21,18.97,152.0,85.48,35.4,9.64,28.75,14.95,10.64,42.13
2026-07-14 01:53:24,19.43,177.6,101.97,8.7,11.18,34.08,18.83,5.37,41.39
2026-07-14 02:02:01,18.9,160.9,122.08,10.6,13.1,33.64,18.9,2.43,44.35
2026-07-14 02:16:38,20.09,188.1,95.44,18.3,10.75,22.46,16.34,5.57,42.11
2026-07-14 02:26:08,20.2,266.9,107.43,32.8,6.69,30.84,14.53,12.54,44.58
2026-07-14 02:40:45,20.11,184.3,95.72,31.7,10.38,27.68,13.25,5.64,44.35
2026-07-14 02:53:22,19.7,245.8,97.91,6.1,6.63,26.45,20.05,7.07,46.25
2026-07-14 03:07:31,20.34,223.3,88.71,17.7,9.45,20.69,21.32,0.07,45.78
2026-07-14 03:20:07,20.01,271.0,85.15,18.8,11.76,27.71,5.45,0.31,44.27
2026-07-14 03:26:12,20.43,283.0,67.86,12.5,7.82,28.09,10.02,1.0,49.97
2026-07-14 03:35:50,20.37,268.5,75.67,5.6,10.63,30.09,21.06,1.56,43.3
2026-07-14 03:44:10,20.56,276.5,94.09,6.4,13.11,17.91,22.41,2.81,48.38
2026-07-14 03:53:38,20.24,267.8,88.05,24.6,8.55,27.1,11.15,17.32,49.84
2026-07-14 04:04:00,20.33,277.6,89.63,12.1,8.83,34.11,17.89,0.63,43.73
2026-07-14 04:17:27,20.68,324.3,78.98,32.9,8.23,16.7,6.71,5.4,50.72
2026-07-14 04:31:33,21.31,310.0,67.93,18.7,6.32,24.87,18.17,3.06,46.23
2026-07-14 04:45:39,21.23,337.8,57.76,31.8,9.66,14.58,14.92,8.22,48.96
2026-07-14 04:54:21,21.3,326.0,51.21,14.9,9.36,30.99,13.61,15.43,48.27
2026-07-14 05:01:42,20.89,325.8,73.57,30.7,9.71,27.36,12.34,6.34,46.25
2026-07-14 05:08:05,20.95,329.0,55.57,13.5,11.64,23.59,10.72,0.09,51.11
2026-07-14 05:20:45,21.42,391.0,50.07,9.1,10.97,34.98,18.4,10.94,49.86
2026-07-14 05:34:45,21.77,399.7,52.65,23.8,4.8,21.7,16.8,0.24,53.32
2026-07-14 05:40:46,22.14,400.6,47.87,16.6,12.25,25.57,15.68,6.13,47.09
2026-07-14 05:51:52,21.23,395.6,54.93,37.7,10.6,32.55,13.47,1.93,53.37
2026-07-14 05:58:06,21.93,396.7,56.14,38.8,11.15,20.35,14.14,5.62,49.24
2026-07-14 06:04:05,22.2,405.0,47.62,23.8,12.09,16.39,9.9,3.01,50.54
2026-07-14 06:16:02,22.74,381.3,52.75,34.2,16.79,30.99,21.16,0.21,46.4
2026-07-14 06:23:44,21.81,431.8,57.04,8.7,13.64,30.36,17.67,3.25,54.51
2026-07-14 06:36:47,22.22,465.0,63.32,6.4,12.25,30.79,18.62,6.56,50.1
2026-07-14 06:51:20,21.87,468.1,58.68,35.2,3.12,25.68,12.15,1.03,47.98
2026-07-14 07:01:39,21.94,421.9,67.13,28.1,9.65,22.68,20.96,6.63,48.75
2026-07-14 07:11:03,22.66,461.0,70.07,36.4,14.66,20.94,12.76,7.84,51.66
2026-07-14 07:22:37,22.39,413.6,90.0,30.6,14.17,32.2,15.15,3.9,53.55
2026-07-14 07:32:29,23.46,505.9,71.83,11.5,12.15,21.14,14.12,12.61,50.21
2026-07-14 07:42:43,22.97,524.7,71.66,28.3,11.97,21.35,17.64,8.54,56.33
2026-07-14 07:50:50,23.6,555.0,82.74,9.7,8.24,27.84,9.96,0.01,53.12
2026-07-14 08:04:10,23.6,526.8,85.89,29.5,6.91,22.41,9.04,0.86,52.65
2026-07-14 08:14:03,23.88,571.7,74.48,22.9,8.98,22.48,14.37,1.86,55.81
2026-07-14 08:21:41,23.59,551.1,85.62,35.4,7.39,27.3,18.92,0.6,54.76
2026-07-14 08:35:08,24.05,522.7,100.65,20.2,6.22,24.97,15.28,0.4,55.63
2026-07-14 08:40:13,23.74,569.0,85.29,17.3,11.32,21.61,10.38,0.23,51.11
2026-07-14 08:49:01,24.0,554.1,79.26,24.5,12.63,20.94,18.12,2.25,54.68
2026-07-14 09:03:57,23.72,524.4,87.1,12.6,9.33,21.44,17.67,5.15,56.93
2026-07-14 09:11:07,24.31,586.5,87.6,37.8,12.46,19.89,16.02,5.3,56.97
2026-07-14 09:24:32,24.06,611.1,100.91,15.6,11.73,23.73,14.44,13.71,53.6
2026-07-14 09:33:20,24.47,627.8,95.87,34.9,9.51,17.14,18.18,4.71,56.55
2026-07-14 09:44:39,24.73,587.0,92.12,25.0,4.96,17.31,20.18,0.47,53.4
2026-07-14 09:58:03,25.47,606.4,104.38,12.2,7.6,28.46,19.12,8.51,57.99
2026-07-14 10:12:56,24.61,594.2,106.48,19.2,7.09,27.31,19.14,4.6,54.61
2026-07-14 10:18:11,25.64,643.0,101.45,33.2,7.12,31.52,10.24,3.46,52.56
2026-07-14 10:24:43,24.81,613.9,89.31,6.3,19.96,30.27,11.23,5.36,54.48
2026-07-14 10:31:33,24.3,596.3,126.1,27.1,8.05,26.1,11.82,2.09,55.98
2026-07-14 10:45:17,24.55,596.6,131.1,17.3,12.24,30.35,10.74,1.0,52.04
2026-07-14 10:51:23,25.52,598.8,111.47,23.8,7.68,30.55,16.77,4.54,56.2
2026-07-14 11:05:11,25.36,586.3,98.02,27.9,15.29,29.75,14.26,2.95,52.24
2026-07-14 11:10:20,25.6,638.3,104.56,17.6,3.03,27.44,14.37,2.42,55.78
2026-07-14 11:25:13,25.15,667.1,104.41,26.9,16.34,21.18,12.72,9.34,54.83
2026-07-14 11:37:55,25.42,696.4,107.95,7.0,7.51,24.15,11.21,1.77,56.58
2026-07-14 11:51:47,25.73,630.0,115.37,36.3,10.3,29.32,15.9,1.4,57.55
2026-07-14 11:59:44,24.88,620.0,92.61,21.4,5.76,21.6,11.46,1.72,57.87
2026-07-14 12:11:12,24.52,649.3,104.9,30.0,6.44,18.52,15.72,5.08,56.45
2026-07-14 12:21:18,25.58,607.2,112.27,17.1,6.76,12.86,10.42,11.44,55.97
2026-07-14 12:32:46,24.47,624.0,110.69,35.3,9.44,27.54,9.38,3.12,54.51
2026-07-14 12:44:07,25.27,618.6,92.69,13.1,11.78,18.36,18.21,1.66,57.46
2026-07-14 12:52:06,24.98,653.3,82.18,24.3,0.56,24.82,14.0,11.34,54.89
2026-07-14 13:01:11,24.87,587.4,102.52,15.6,14.24,33.91,11.4,2.11,54.69
2026-07-14 13:09:47,25.13,684.5,99.95,19.7,5.95,21.42,7.81,0.87,56.72
2026-07-14 13:22:47,24.16,649.4,105.99,23.0,14.09,23.73,10.72,0.83,55.38
2026-07-14 13:37:29,24.99,524.4,110.24,19.6,9.42,21.19,15.82,3.24,55.21
2026-07-14 13:50:23,24.55,627.6,114.98,19.2,6.33,29.45,22.62,13.42,54.51
2026-07-14 14:04:00,24.37,598.7,102.87,33.0,7.52,28.82,16.43,0.54,57.2
2026-07-14 14:13:51,25.13,570.5,119.1,7.1,15.52,27.52,21.2,4.97,54.15
2026-07-14 14:24:06,24.38,623.8,98.48,34.7,11.37,27.0,9.25,2.1,57.55
2026-07-14 14:38:28,24.45,574.4,111.55,17.0,9.07,20.3,9.78,6.48,51.64
2026-07-14 14:46:17,24.06,577.8,96.8,7.5,10.4,23.91,16.35,11.45,52.73
2026-07-14 14:59:26,23.86,576.5,82.13,17.3,9.13,10.24,17.83,5.9,55.09
2026-07-14 15:12:07,24.14,566.1,100.22,36.9,4.67,27.39,23.37,0.33,52.4
2026-07-14 15:24:24,23.37,528.5,95.46,28.8,7.33,18.7,15.3,1.25,55.59
2026-07-14 15:33:59,23.81,576.1,87.35,9.2,13.29,28.16,15.18,8.76,52.86
2026-07-14 15:43:46,23.5,526.4,78.77,18.8,12.75,30.62,16.38,1.68,49.83
2026-07-14 15:52:13,23.23,520.6,95.74,13.9,13.85,37.71,15.95,1.52,52.58
2026-07-14 16:02:49,23.01,490.9,101.36,15.4,9.07,32.71,14.43,0.95,51.93
2026-07-14 16:12:23,24.38,494.5,79.97,24.0,9.19,24.91,18.73,2.21,51.72
2026-07-14 16:23:50,23.09,448.4,69.95,35.1,8.38,15.74,14.14,2.86,53.03
2026-07-14 16:32:01,23.37,496.0,69.56,7.6,5.05,24.72,19.02,3.66,51.16
2026-07-14 16:40:53,22.31,472.4,72.34,35.1,12.09,26.91,17.33,3.74,49.98
2026-07-14 16:53:34,22.49,439.3,76.59,8.4,8.76,20.36,14.8,1.45,51.0
2026-07-14 17:02:26,23.48,467.1,56.95,13.0,11.74,19.77,22.55,0.28,53.59
2026-07-14 17:15:27,22.74,479.0,71.52,5.3,8.34,27.24,9.16,3.92,50.54
2026-07-14 17:28:45,22.69,431.6,49.0,17.5,7.67,41.48,11.83,2.4,51.92
2026-07-14 17:36:47,21.59,426.2,49.8,27.3,9.6,23.77,18.69,2.86,51.26
2026-07-14 17:50:12,22.08,429.5,51.69,8.0,9.3,28.87,12.38,1.28,54.56
2026-07-14 18:00:11,21.99,381.8,38.58,21.9,7.39,21.19,10.32,8.57,51.16
2026-07-14 18:10:49,22.42,368.8,60.12,39.2,8.89,25.15,11.35,9.31,53.17
2026-07-14 18:20:17,22.3,407.0,48.63,33.7,8.47,21.37,16.95,0.42,50.2
2026-07-14 18:27:17,21.83,364.8,63.43,26.1,9.35,25.12,17.39,5.73,50.71
2026-07-14 18:39:59,22.49,343.1,60.23,8.0,3.74,27.83,12.17,4.15,49.1
2026-07-14 18:45:48,20.93,344.4,44.82,17.6,5.25,30.84,21.93,0.21,44.88
2026-07-14 18:55:12,20.49,308.8,72.6,12.8,7.57,22.21,15.55,6.29,46.76
2026-07-14 19:03:39,21.31,334.6,72.47,32.5,11.79,29.37,15.78,9.69,51.17
2026-07-14 19:13:08,21.3,293.1,74.71,27.6,6.84,34.95,20.71,5.09,49.81
2026-07-14 19:26:54,21.64,324.7,46.13,12.9,9.19,28.14,16.44,2.19,49.61
2026-07-14 19:34:24,20.88,265.7,80.43,37.1,10.51,26.23,12.46,17.69,46.57
2026-07-14 19:48:52,20.01,273.2,93.79,12.1,7.75,16.97,17.93,6.35,50.12
2026-07-14 20:01:00,20.74,276.2,61.55,35.7,0,23.45,15.11,2.27,44.69
2026-07-14 20:14:18,20.29,307.1,78.46,13.2,6.1,18.86,18.66,0.39,47.4
2026-07-14 20:21:18,20.22,255.7,79.05,37.7,14.55,17.23,14.06,3.66,45.19
2026-07-14 20:34:37,19.93,315.3,86.65,29.1,10.45,24.15,15.2,0.55,49.7
2026-07-14 20:47:59,19.1,208.4,96.22,12.2,10.47,26.02,13.12,4.9,43.75
2026-07-14 20:55:41,19.89,221.9,89.98,32.4,8.07,13.78,12.33,2.48,46.96
2026-07-14 21:09:17,19.41,249.8,80.74,33.9,7.81,27.8,13.68,2.75,41.65
2026-07-14 21:22:45,19.64,183.6,86.22,16.7,4.93,28.93,10.99,3.34,45.16
2026-07-14 21:34:28,19.95,217.8,87.05,14.8,7.66,19.98,18.29,0.9,45.19
2026-07-14 21:48:12,20.04,237.9,79.9,37.9,13.48,25.89,16.78,15.23,43.77
2026-07-14 21:55:20,19.49,215.2,85.86,14.4,8.9,20.27,12.85,7.89,41.83
2026-07-14 22:02:52,18.87,203.5,117.87,37.1,7.05,24.95,15.4,0.76,45.62
2026-07-14 22:16:13,19.69,185.1,102.81,10.6,4.72,21.26,16.6,1.06,45.54
2026-07-14 22:23:23,19.36,216.7,85.84,25.5,7.15,22.11,16.96,2.47,47.33
2026-07-14 22:34:10,18.14,149.8,93.4,29.3,4.99,13.78,12.41,3.97,44.6
2026-07-14 22:44:51,19.08,162.7,97.34,16.6,6.06,19.48,15.82,4.58,45.19
2026-07-14 22:58:17,18.96,176.8,105.72,7.3,8.32,23.55,19.65,5.83,41.46
2026-07-14 23:04:08,20.2,212.3,107.86,12.5,11.74,35.02,15.0,6.0,45.02
2026-07-14 23:15:44,19.06,186.8,91.9,28.4,8.66,23.5,18.76,10.84,45.37
2026-07-14 23:26:00,18.94,205.9,99.56,9.7,14.48,14.57,16.38,11.64,43.94
2026-07-14 23:38:42,20.06,215.9,105.79,17.4,7.01,25.97,14.86,0.64,44.52
2026-07-14 23:52:45,18.5,161.3,115.52,15.7,12.95,23.77,14.78,17.16,46.73
2026-07-15 00:04:21,18.87,131.0,119.74,10.8,10.62,23.31,15.23,1.41,38.69
2026-07-15 00:14:00,18.79,172.9,108.76,7.3,12.52,22.77,12.09,9.11,44.8
2026-07-15 00:25:02,18.53,195.3,110.14,39.7,10.2,25.51,14.36,5.46,45.84
2026-07-15 00:37:27,19.17,146.0,103.54,22.6,10.55,27.01,9.69,1.08,43.42
2026-07-15 00:44:46,19.34,183.2,112.9,20.4,11.98,19.93,14.05,0.33,44.2
2026-07-15 00:54:11,18.89,207.6,111.1,28.7,9.77,25.57,10.42,1.5,41.13
2026-07-15 01:02:54,18.95,159.7,119.14,17.5,7.62,25.53,13.61,4.21,46.89
2026-07-15 01:10:31,18.33,157.1,108.11,29.3,10.46,19.31,8.3,1.55,43.87
2026-07-15 01:18:51,19.96,152.9,102.35,28.2,5.57,30.45,10.76,1.88,44.7
2026-07-15 01:31:05,19.82,191.9,116.39,16.3,11.33,21.78,17.06,9.49,45.96
2026-07-15 01:43:53,18.76,172.5,98.91,39.8,9.94,19.87,20.57,3.81,45.24
2026-07-15 01:55:17,19.37,242.0,107.92,26.7,5.37,17.86,11.47,3.89,45.35
2026-07-15 02:03:20,19.56,188.6,96.13,13.5,10.42,19.8,13.82,0.76,47.76
2026-07-15 02:16:23,19.19,181.6,110.03,20.2,10.6,25.79,15.12,7.62,44.86
2026-07-15 02:22:36,19.16,180.5,98.24,13.4,8.19,23.82,14.24,0.81,48.26
2026-07-15 02:36:08,19.51,194.2,99.71,21.1,8.23,23.03,9.15,7.23,38.26
2026-07-15 02:46:05,19.67,242.5,101.16,10.4,11.2,21.87,13.27,1.62,43.82
2026-07-15 03:00:01,18.72,266.0,106.8,24.8,10.46,17.61,21.52,0.16,45.46
2026-07-15 03:05:20,20.95,193.1,105.86,25.8,7.74,24.6,19.11,6.75,42.86
2026-07-15 03:17:04,20.64,210.2,87.55,35.3,10.29,28.29,10.06,3.4,44.1
2026-07-15 03:28:31,19.23,284.6,111.64,11.1,7.0,26.24,17.69,0.75,47.05
2026-07-15 03:40:51,20.57,325.9,92.08,18.1,9.58,20.3,14.76,11.14,45.89
2026-07-15 03:46:50,20.42,260.3,92.76,38.3,7.43,23.92,14.23,4.04,51.03
2026-07-15 04:01:45,21.16,289.5,76.87,5.9,13.33,18.11,13.22,4.13,46.51
2026-07-15 04:12:45,20.73,229.2,87.16,16.8,9.05,37.76,17.37,4.14,49.07
2026-07-15 04:25:22,20.99,347.9,60.99,12.2,11.25,24.03,13.59,5.29,46.41
2026-07-15 04:38:54,21.11,342.2,63.12,10.2,2.03,16.7,15.32,1.5,45.9
2026-07-15 04:44:37,20.87,353.9,69.83,22.6,15.1,15.54,16.64,2.16,51.79
2026-07-15 04:55:06,21.38,279.4,65.64,10.9,13.04,25.68,7.41,0.64,49.45
2026-07-15 05:04:56,21.63,315.3,66.54,16.5,10.8,20.9,22.03,7.08,47.74
2026-07-15 05:17:34,23.39,318.8,47.32,11.7,11.17,28.07,16.09,0.29,47.61
2026-07-15 05:23:18,21.86,440.0,67.56,25.5,7.24,25.19,12.02,0.36,46.68
2026-07-15 05:35:33,21.2,379.1,59.5,16.6,11.07,19.91,14.1,3.08,50.55
2026-07-15 05:43:45,21.87,433.7,57.46,24.2,13.31,23.64,14.59,5.14,51.6
2026-07-15 05:49:37,21.67,433.4,56.15,15.1,9.6,21.99,11.76,2.05,53.07
2026-07-15 05:57:17,21.72,392.7,53.5,11.7,7.8,24.36,12.62,1.22,50.07
2026-07-15 06:10:11,22.11,367.4,62.36,24.8,14.72,22.45,11.24,4.71,49.47
2026-07-15 06:19:39,22.22,448.3,40.57,12.9,13.65,25.61,11.34,5.28,48.56
2026-07-15 06:27:55,22.55,385.4,39.12,22.1,2.58,27.82,15.6,5.82,52.29
2026-07-15 06:41:42,23.28,419.3,59.07,6.1,14.03,18.74,25.79,2.23,49.44
2026-07-15 06:52:26,23.05,446.0,61.18,22.5,13.15,33.37,11.67,1.42,50.49
2026-07-15 07:04:42,23.28,499.4,69.28,23.3,4.73,32.02,16.61,3.81,53.74
2026-07-15 07:19:02,23.55,446.1,49.52,20.8,8.21,14.95,8.91,3.05,53.06
2026-07-15 07:30:09,23.35,535.4,74.04,13.1,10.27,21.83,19.12,9.0,52.21
2026-07-15 07:42:43,23.56,494.1,65.77,22.4,10.38,25.59,17.74,0.92,50.04
2026-07-15 07:51:30,23.08,538.9,78.31,30.7,6.24,23.84,13.57,2.19,52.5
2026-07-15 08:05:07,23.93,501.1,88.54,29.4,7.64,17.96,18.42,0.19,52.04
2026-07-15 08:17:34,23.84,571.7,90.1,23.8,8.54,10.34,13.18,9.78,52.74
2026-07-15 08:29:44,23.11,598.4,82.72,22.0,12.84,31.1,10.66,3.69,54.03
2026-07-15 08:34:56,24.63,499.7,100.42,9.4,13.1,33.68,21.2,2.59,54.82
2026-07-15 08:45:36,23.38,574.2,91.4,11.3,12.46,20.75,20.37,5.37,53.58
2026-07-15 08:57:35,24.17,591.7,97.06,17.4,9.71,25.35,18.83,5.39,58.18
2026-07-15 09:12:28,24.58,557.3,87.41,39.4,9.82,21.45,14.74,2.86,52.12
2026-07-15 09:22:21,23.46,580.8,77.05,18.1,11.67,17.54,11.93,10.28,55.9
2026-07-15 09:29:58,23.53,577.6,93.89,20.6,10.29,29.61,14.23,0.92,56.18
2026-07-15 09:44:32,24.66,591.5,95.44,30.3,14.42,20.24,9.38,4.26,52.03
2026-07-15 09:53:05,24.7,605.3,114.03,14.1,7.11,26.69,13.58,13.19,52.82
2026-07-15 10:05:27,24.93,589.3,113.19,12.6,5.82,26.31,18.8,3.6,55.86
2026-07-15 10:17:33,24.42,574.1,107.08,36.0,8.34,29.48,7.72,1.28,57.46
2026-07-15 10:31:22,24.52,641.3,113.47,23.8,7.03,25.73,7.27,0.85,58.03
2026-07-15 10:38:02,24.98,626.8,104.29,32.2,14.46,29.71,7.47,1.86,54.12
2026-07-15 10:48:02,24.81,635.2,100.17,9.4,14.18,17.34,18.81,3.55,54.1
2026-07-15 11:02:48,24.9,589.5,99.9,21.7,10.93,19.51,14.93,4.92,57.01
2026-07-15 11:10:47,24.68,579.4,106.58,33.2,5.19,30.58,20.79,1.88,57.81
2026-07-15 11:23:06,25.33,624.2,101.28,17.1,14.72,22.65,13.65,5.87,59.89
2026-07-15 11:35:24,24.3,665.3,83.75,13.3,12.28,19.86,11.47,11.01,56.01
2026-07-15 11:46:00,24.8,651.4,116.96,8.4,10.38,20.43,14.73,1.18,56.73
2026-07-15 11:52:11,25.47,625.7,118.33,27.2,6.65,27.17,24.73,0.54,53.18
2026-07-15 12:06:31,24.78,664.9,120.33,19.9,6.15,16.64,16.91,2.33,54.87
2026-07-15 12:17:14,25.02,672.3,112.84,34.3,13.95,24.76,9.76,16.16,52.39
2026-07-15 12:31:28,25.09,622.0,110.46,36.8,4.18,23.91,19.04,3.06,54.55
2026-07-15 12:44:01,25.29,624.4,106.21,11.2,11.23,19.07,12.59,5.6,57.98
2026-07-15 12:52:21,25.29,628.1,105.06,17.2,12.39,25.82,7.98,5.98,57.18
2026-07-15 13:06:23,26.1,601.6,104.25,11.7,9.4,26.59,17.52,5.33,56.23
2026-07-15 13:11:30,25.2,573.9,113.16,29.6,15.08,22.62,17.24,4.03,58.08
2026-07-15 13:21:25,24.62,598.5,118.47,33.5,4.38,17.84,18.1,5.27,51.41
2026-07-15 13:27:38,24.33,582.2,108.34,39.0,11.41,29.7,12.72,0.99,57.54
2026-07-15 13:36:58,24.62,681.5,114.56,33.1,9.65,29.28,17.44,1.87,55.5
2026-07-15 13:46:43,24.73,555.9,117.35,35.1,9.71,31.03,14.19,11.95,58.22
2026-07-15 13:51:45,24.06,612.4,105.41,35.8,12.28,21.97,19.26,1.08,53.45
2026-07-15 14:00:21,24.52,567.0,110.7,24.6,8.71,27.57,22.82,7.81,53.45
2026-07-15 14:15:10,23.34,654.5,74.72,16.3,9.43,22.25,16.96,5.02,57.24
2026-07-15 14:24:02,24.64,589.3,86.36,30.4,13.37,32.32,10.57,9.12,54.86
2026-07-15 14:32:49,24.38,574.5,93.03,39.0,9.68,23.96,18.93,18.68,53.8
2026-07-15 14:40:04,22.92,609.8,90.14,30.0,12.23,29.91,14.71,3.97,54.14
2026-07-15 14:51:28,24.47,627.5,93.17,11.2,12.9,28.07,22.99,1.81,54.18
2026-07-15 14:59:08,23.61,580.7,91.26,27.7,4.65,23.36,13.94,1.17,54.7
2026-07-15 15:13:34,23.61,555.8,97.0,32.4,10.91,25.55,11.1,1.04,52.04
2026-07-15 15:19:27,24.05,529.1,75.26,7.4,7.1,17.3,14.0,16.61,54.52
2026-07-15 15:32:32,23.6,526.4,78.91,13.2,12.02,26.06,10.0,0.94,53.92
2026-07-15 15:44:15,23.12,471.1,70.79,9.6,13.26,27.5,10.56,0.57,51.63
2026-07-15 15:50:05,23.17,506.6,71.5,30.3,9.38,18.77,16.99,2.0,52.27
2026-07-15 15:57:49,24.25,517.2,78.48,27.0,12.48,20.78,13.14,1.28,53.07
2026-07-15 16:09:29,23.57,527.5,93.34,21.2,6.85,23.33,18.63,15.29,51.74
2026-07-15 16:19:07,23.05,509.8,93.77,14.9,10.07,22.51,22.91,1.83,49.51
2026-07-15 16:26:09,22.88,427.7,69.44,19.9,7.09,26.34,26.3,1.47,55.03
2026-07-15 16:38:10,23.9,453.2,62.73,25.3,8.35,18.31,16.59,9.06,55.94
2026-07-15 16:45:45,23.37,496.6,47.93,8.5,7.37,32.54,20.28,4.2,54.07
2026-07-15 16:52:02,22.6,457.0,79.42,32.4,6.91,21.01,21.03,2.47,49.68
2026-07-15 17:06:51,22.92,430.6,52.14,20.7,18.77,22.44,8.57,8.94,51.01
2026-07-15 17:20:49,23.0,461.0,56.76,27.4,15.16,25.11,10.39,6.2,51.99
2026-07-15 17:34:41,22.0,410.9,54.82,22.3,11.57,27.56,9.71,6.95,47.07
2026-07-15 17:47:12,21.31,439.0,51.86,17.8,9.31,17.37,21.25,1.05,51.09
2026-07-15 17:54:53,21.95,422.0,66.68,7.2,15.4,27.95,15.1,3.32,53.98
2026-07-15 18:05:05,21.45,345.8,50.73,21.4,14.86,32.68,7.11,8.15,48.42
2026-07-15 18:19:27,21.81,349.3,53.79,5.7,14.97,27.57,18.94,1.31,49.9
2026-07-15 18:24:38,21.94,335.5,60.27,29.0,6.81,31.56,11.89,7.74,52.78
2026-07-15 18:38:23,21.32,405.3,64.74,9.4,10.83,22.91,7.98,13.38,50.89
2026-07-15 18:50:11,21.36,293.7,71.95,26.7,14.99,18.36,14.51,2.08,48.84
2026-07-15 18:59:10,20.79,317.8,75.33,32.8,8.96,30.87,12.39,10.16,46.73
2026-07-15 19:09:42,21.44,328.8,73.33,13.0,8.44,27.46,13.25,0.79,47.85
2026-07-15 19:21:37,21.82,400.5,65.78,32.8,11.36,25.28,10.67,1.15,46.45
2026-07-15 19:31:21,20.12,314.1,66.63,27.0,6.12,25.16,10.53,14.76,49.33
2026-07-15 19:45:10,21.59,325.3,87.09,31.0,10.66,28.39,11.52,1.28,46.49
2026-07-15 19:54:56,20.86,299.0,87.17,14.1,5.72,36.94,5.4,15.56,46.81
2026-07-15 20:05:33,19.99,329.5,95.44,12.2,8.47,19.83,15.02,20.06,44.06
2026-07-15 20:14:21,20.64,273.4,90.12,6.9,6.58,21.53,16.09,5.39,47.22
2026-07-15 20:20:22,19.85,227.9,96.8,36.1,9.36,15.99,12.99,11.32,47.35
2026-07-15 20:31:07,20.91,256.6,75.77,25.7,12.39,20.45,15.6,9.02,49.08
2026-07-15 20:45:31,20.22,195.2,76.99,25.8,8.91,15.23,15.33,3.69,46.43
2026-07-15 20:56:58,20.1,237.0,96.46,29.6,12.69,27.08,15.92,13.47,47.61
2026-07-15 21:11:14,20.31,245.2,104.99,29.0,8.08,12.68,8.08,5.66,44.69
2026-07-15 21:24:00,20.1,203.3,73.5,19.9,11.4,25.89,12.06,0.25,43.88
2026-07-15 21:38:58,20.25,204.3,96.81,6.9,8.72,19.99,19.76,13.26,44.03
2026-07-15 21:47:36,19.27,161.9,101.31,10.5,9.16,25.16,6.22,3.94,47.78
2026-07-15 21:59:24,19.42,235.7,102.98,33.2,11.94,21.76,15.5,1.1,43.19
2026-07-15 22:12:34,19.2,123.7,111.98,25.1,9.89,26.66,18.03,1.04,44.4
2026-07-15 22:24:25,19.62,152.8,95.94,31.2,12.68,23.53,4.56,2.31,41.39
2026-07-15 22:29:32,19.66,229.4,106.59,30.4,8.74,31.81,21.17,6.79,44.05
2026-07-15 22:43:58,19.46,185.2,96.29,28.0,8.75,27.5,20.84,8.99,42.27
2026-07-15 22:56:34,18.87,205.3,109.15,30.9,12.34,20.01,18.54,2.57,41.76
2026-07-15 23:04:52,19.66,187.9,100.71,21.0,5.36,30.14,14.11,0.28,42.42
2026-07-15 23:10:46,19.49,157.4,110.16,21.0,4.11,24.19,17.04,16.65,46.17
2026-07-15 23:20:21,19.65,171.2,117.0,8.0,9.07,21.72,16.27,0.79,43.48
2026-07-15 23:33:59,19.96,189.1,107.61,9.1,10.68,20.61,11.16,0.89,42.47
2026-07-15 23:47:33,19.77,157.7,99.6,39.8,13.04,27.64,23.87,0.82,40.59
2026-07-15 23:56:58,18.86,214.1,112.83,33.4,6.3,27.59,11.69,5.07,44.32
2026-07-16 00:06:33,17.51,194.9,113.46,16.5,14.41,25.43,22.4,4.53,43.98
2026-07-16 00:20:43,17.84,132.0,110.49,25.6,12.52,28.3,12.27,9.64,42.04
2026-07-16 00:26:23,18.68,190.2,126.2,10.3,7.29,39.55,17.66,0.67,44.91
2026-07-16 00:39:24,19.29,134.3,123.75,24.1,15.61,31.86,16.81,8.27,42.82
2026-07-16 00:52:01,18.98,185.6,107.54,24.1,13.17,25.49,13.01,7.82,44.91
2026-07-16 01:03:26,19.38,150.8,111.31,36.5,15.97,18.12,12.5,2.53,46.11
2026-07-16 01:10:13,18.61,138.6,130.24,29.1,5.07,27.32,15.9,4.81,44.92
2026-07-16 01:21:58,18.25,125.9,113.57,35.9,10.19,19.79,12.16,4.51,40.61
2026-07-16 01:26:59,18.94,164.9,110.39,16.8,13.21,30.96,7.21,0.6,45.04
2026-07-16 01:32:02,19.67,236.1,106.96,16.0,6.09,26.95,9.62,0.44,47.51
2026-07-16 01:45:08,19.77,204.4,93.48,36.6,9.24,27.34,15.86,5.81,43.38
2026-07-16 01:58:06,19.52,207.8,103.29,21.4,10.27,27.49,15.41,10.87,44.88
2026-07-16 02:08:49,18.62,170.2,113.87,7.0,14.5,24.98,21.26,7.05,46.82
2026-07-16 02:19:22,19.67,142.3,105.1,6.7,16.26,33.06,13.42,3.56,41.66
2026-07-16 02:25:11,20.37,231.4,106.2,30.1,13.94,38.71,12.33,0.7,44.78
2026-07-16 02:31:57,18.45,171.8,80.87,15.4,9.07,27.69,16.14,3.09,44.51
2026-07-16 02:42:56,19.78,209.6,93.08,16.3,8.14,25.67,16.16,2.38,48.1
2026-07-16 02:49:49,19.1,271.3,81.85,18.8,12.74,23.82,5.29,1.11,46.78
2026-07-16 02:56:31,20.69,215.7,99.76,21.3,10.2,20.97,19.95,2.24,46.78
2026-07-16 03:05:44,19.87,220.7,106.1,19.6,8.71,24.96,9.32,7.47,45.13
2026-07-16 03:18:54,20.22,258.9,80.69,32.9,9.52,26.81,18.52,6.55,45.94
2026-07-16 03:27:02,20.67,304.1,77.12,25.8,10.77,22.57,9.75,4.48,45.0
2026-07-16 03:39:03,20.48,274.4,73.78,31.2,7.67,23.51,10.3,5.03,44.0
2026-07-16 03:46:22,20.47,289.9,66.52,39.8,13.88,19.53,16.12,9.8,47.13
2026-07-16 03:59:12,19.72,313.2,80.72,23.4,12.88,29.51,16.86,8.25,50.38
2026-07-16 04:12:39,20.96,315.5,75.61,9.1,11.24,22.17,12.28,3.75,49.77
2026-07-16 04:22:41,21.14,298.9,80.5,33.9,17.05,28.93,19.89,5.57,47.06
2026-07-16 04:36:45,20.06,301.1,59.92,5.1,11.35,29.78,14.75,13.74,46.47
2026-07-16 04:50:49,20.3,329.8,66.07,35.6,10.23,29.79,17.43,1.49,47.22
2026-07-16 05:05:04,20.79,361.9,78.93,26.0,8.3,33.4,21.67,1.73,46.25
2026-07-16 05:10:13,20.8,383.0,63.64,10.0,9.44,21.37,13.45,0.64,49.62
2026-07-16 05:22:39,21.26,345.0,57.27,32.1,8.24,18.08,12.02,4.21,48.39
2026-07-16 05:28:59,22.09,368.5,65.27,8.1,9.6,25.46,8.59,0.85,47.35
2026-07-16 05:35:23,20.64,446.6,45.85,6.2,6.11,16.18,14.21,6.23,50.13
2026-07-16 05:46:44,21.68,411.1,51.74,13.4,10.44,15.61,17.83,5.34,46.2
2026-07-16 05:54:23,21.65,418.8,50.74,27.1,15.85,22.84,14.08,4.74,43.95
2026-07-16 06:01:56,22.72,395.1,44.31,11.3,11.73,27.06,16.98,2.54,49.78
2026-07-16 06:11:04,22.47,464.5,51.88,16.3,10.44,13.96,9.89,5.95,51.96
2026-07-16 06:24:04,23.08,443.4,66.8,20.9,10.14,25.64,10.55,4.62,52.08
2026-07-16 06:36:54,22.67,421.6,62.88,16.3,6.99,41.12,18.83,1.0,55.19
2026-07-16 06:45:00,22.49,395.4,38.65,30.9,6.94,25.69,13.34,0.83,49.64
2026-07-16 06:57:21,23.32,423.7,52.5,8.6,10.47,19.06,20.14,7.98,48.18
2026-07-16 07:10:05,23.73,507.3,69.67,9.5,9.18,32.97,10.95,0.54,49.53
2026-07-16 07:21:40,23.62,503.0,67.99,21.3,8.24,28.06,18.39,2.48,50.23
2026-07-16 07:30:29,22.26,547.5,71.59,17.8,11.33,28.99,20.37,7.76,51.33
2026-07-16 07:42:03,24.04,493.2,61.9,39.6,11.79,27.09,17.64,4.2,53.63
2026-07-16 07:49:43,23.16,515.9,68.7,38.8,7.79,24.0,16.11,7.23,52.82
2026-07-16 08:00:24,23.73,470.8,77.34,16.8,7.18,16.47,14.71,2.09,54.27
2026-07-16 08:10:28,22.92,503.7,104.62,26.6,13.28,27.27,12.81,1.15,53.02
2026-07-16 08:23:03,23.0,559.4,81.82,29.2,6.68,24.38,14.06,9.83,52.48
2026-07-16 08:28:20,23.96,498.5,86.53,8.7,10.48,26.36,12.01,0.68,53.72
2026-07-16 08:36:05,24.05,548.8,73.49,35.2,11.91,28.97,17.94,2.55,53.61
2026-07-16 08:43:14,24.35,591.4,99.82,39.0,11.1,24.42,17.03,6.93,58.42
2026-07-16 08:54:07,23.93,529.9,88.79,18.1,14.25,17.47,5.78,0.77,55.54
2026-07-16 09:00:17,24.08,593.4,98.44,16.9,10.03,29.77,13.3,1.08,51.11
2026-07-16 09:08:14,24.34,591.6,67.5,10.7,5.61,23.64,21.45,3.01,53.05
2026-07-16 09:16:47,23.49,592.0,98.19,37.0,5.25,22.46,13.22,1.73,50.95
2026-07-16 09:28:44,24.37,590.3,118.15,34.0,10.86,22.51,18.92,5.98,55.64
2026-07-16 09:35:02,25.08,627.7,85.77,15.2,10.11,28.58,12.62,0.14,52.58
2026-07-16 09:49:47,24.08,612.4,103.25,9.7,7.44,31.97,16.33,8.74,54.74
2026-07-16 10:00:37,24.84,608.7,95.98,21.0,11.4,31.03,11.17,0.16,52.1
2026-07-16 10:08:16,24.95,628.7,103.34,24.9,11.3,23.35,19.32,5.08,56.07
2026-07-16 10:20:40,24.03,636.7,102.5,8.7,11.2,29.65,14.15,4.58,57.2
2026-07-16 10:30:31,24.36,680.1,128.7,15.5,10.14,23.36,16.84,0.5,54.28
2026-07-16 10:44:41,24.53,594.1,103.86,26.2,10.97,28.02,15.45,1.59,54.42
2026-07-16 10:55:36,25.29,659.9,109.82,36.4,13.04,45.65,17.67,4.3,58.45
2026-07-16 11:01:35,24.56,618.3,100.18,21.8,13.67,25.08,10.78,1.53,51.94
2026-07-16 11:15:35,24.56,649.4,115.36,12.3,12.31,21.28,14.12,0.86,55.34
2026-07-16 11:28:11,25.87,641.2,105.22,7.4,10.31,28.5,15.73,2.61,57.84
2026-07-16 11:37:35,24.3,620.1,106.8,19.8,14.41,17.05,12.48,0.66,55.93
2026-07-16 11:50:43,25.06,627.2,102.13,16.0,6.08,19.43,16.75,11.65,56.03
2026-07-16 11:58:05,24.43,607.8,111.02,27.4,11.05,22.98,13.98,7.66,54.5
2026-07-16 12:06:59,24.5,639.2,95.08,26.1,14.6,22.87,13.55,1.97,57.81
2026-07-16 12:21:07,24.63,603.7,107.37,7.6,5.98,23.17,18.58,1.93,59.35
2026-07-16 12:28:03,25.3,654.5,104.21,25.2,5.92,20.38,16.73,1.61,55.16
2026-07-16 12:38:14,25.09,666.0,106.15,18.0,8.71,26.24,11.68,1.99,56.02
2026-07-16 12:44:30,24.48,650.6,108.62,33.7,11.39,21.26,14.65,4.67,56.73
2026-07-16 12:53:51,24.16,682.9,94.26,26.2,9.43,26.12,28.43,3.27,57.75
2026-07-16 13:06:09,25.76,647.6,109.21,36.8,7.96,28.88,15.07,12.22,56.45
2026-07-16 13:18:13,24.95,684.1,111.29,11.1,9.51,29.27,7.47,0.4,57.02
2026-07-16 13:30:27,24.31,582.2,101.14,5.4,8.34,16.85,19.57,7.52,56.7
2026-07-16 13:36:45,24.12,579.0,115.1,38.6,11.05,24.08,12.5,0.11,56.54
2026-07-16 13:49:59,24.69,607.3,113.69,32.4,7.94,14.27,15.07,0.37,56.6
2026-07-16 14:04:10,24.98,605.5,85.37,5.4,12.04,18.95,11.69,3.43,54.07
2026-07-16 14:18:21,23.78,614.7,103.7,16.1,9.31,16.94,13.09,2.9,54.7
2026-07-16 14:26:08,24.78,614.4,107.88,8.3,17.86,22.09,19.23,0.03,55.03
2026-07-16 14:40:50,23.9,645.5,93.83,33.7,10.74,30.59,12.65,0.24,52.57
2026-07-16 14:49:38,24.05,566.6,95.44,39.9,9.36,24.33,15.83,4.68,51.28
2026-07-16 14:58:42,23.99,585.4,101.51,10.7,7.83,27.39,15.59,1.68,53.83
2026-07-16 15:08:27,24.33,586.0,94.69,17.9,13.58,26.26,10.85,11.28,56.12
2026-07-16 15:22:58,23.69,529.3,105.17,21.6,7.16,24.48,11.24,1.75,51.03
2026-07-16 15:37:21,25.08,575.8,73.81,33.9,5.87,23.02,10.83,3.61,54.16
2026-07-16 15:49:11,24.86,534.8,97.65,6.2,14.53,29.06,16.54,0.18,54.6
2026-07-16 15:59:43,23.44,530.3,70.44,27.1,7.8,23.89,15.7,6.65,54.34
2026-07-16 16:04:50,23.65,478.4,89.22,15.3,11.27,5.85,6.52,11.74,49.56
2026-07-16 16:14:11,22.83,529.3,68.53,22.7,10.33,14.14,18.7,2.22,54.31
2026-07-16 16:19:16,24.04,497.4,84.27,24.1,10.16,19.08,16.94,5.3,50.36
2026-07-16 16:28:05,23.11,532.1,77.35,8.7,9.48,26.15,15.73,5.86,51.19
2026-07-16 16:34:20,23.16,467.3,68.17,28.7,7.94,16.04,20.81,6.04,50.47
2026-07-16 16:46:11,22.55,457.5,62.37,28.0,4.47,23.9,27.65,3.03,53.09
2026-07-16 16:54:29,23.2,486.8,68.92,27.3,8.58,17.48,17.93,0.79,53.14
2026-07-16 17:01:20,21.7,444.5,64.75,30.8,16.09,24.86,17.31,0.92,48.17
2026-07-16 17:12:21,22.89,434.2,54.41,39.4,14.44,26.79,20.21,4.29,50.74
2026-07-16 17:18:49,23.22,376.8,62.27,26.0,11.08,18.65,13.61,5.46,49.33
2026-07-16 17:26:03,21.74,437.7,35.76,35.9,7.25,11.19,11.85,0.34,48.18
2026-07-16 17:36:38,21.42,426.7,54.14,19.1,8.9,27.31,15.35,6.79,47.08
2026-07-16 17:48:57,21.59,411.6,42.97,26.3,9.41,30.47,18.32,0.22,52.95
2026-07-16 17:56:25,21.42,492.6,46.43,5.5,10.62,26.1,10.93,8.57,52.12
2026-07-16 18:02:54,22.36,376.9,53.19,36.4,8.77,22.08,16.66,5.95,46.11
2026-07-16 18:16:26,22.13,308.8,59.31,38.6,10.2,22.9,19.1,0.26,48.52
2026-07-16 18:28:43,21.69,322.6,49.5,11.8,6.27,24.29,20.43,4.18,48.28
2026-07-16 18:43:31,21.33,323.3,48.77,9.1,8.39,21.22,15.18,10.01,51.29
2026-07-16 18:56:54,20.86,364.6,54.94,31.0,13.06,18.69,16.13,4.52,48.33
2026-07-16 19:11:22,21.11,333.0,90.45,38.2,5.89,24.57,17.45,3.3,48.74
2026-07-16 19:23:41,21.09,326.3,63.95,13.4,7.37,28.28,11.97,22.95,48.11
2026-07-16 19:30:37,20.21,360.2,75.14,34.6,5.51,25.07,16.3,0.68,45.22
2026-07-16 19:40:00,19.83,333.6,88.52,20.2,13.39,18.4,10.26,15.02,49.54
2026-07-16 19:53:39,21.11,260.9,75.41,38.5,11.14,29.96,14.53,2.68,46.81
2026-07-16 20:04:11,19.74,294.0,76.72,31.0,10.19,25.57,17.43,0.08,53.38
2026-07-16 20:15:06,19.68,258.3,85.94,25.6,5.93,28.14,6.51,3.33,45.86
2026-07-16 20:27:59,21.0,282.1,94.67,36.7,6.83,18.15,6.84,8.61,46.16
2026-07-16 20:39:38,19.97,228.9,72.21,11.1,9.86,32.82,20.26,0.67,44.96
2026-07-16 20:49:40,19.51,238.6,86.27,19.5,13.6,24.48,15.47,4.67,43.45
2026-07-16 21:01:46,20.05,211.2,75.5,11.4,10.42,26.68,11.48,21.03,46.31
2026-07-16 21:08:51,21.0,181.5,102.38,36.8,14.64,25.31,18.24,9.32,44.34
2026-07-16 21:22:57,19.33,168.4,104.06,19.6,10.62,26.46,13.79,0.4,47.23
2026-07-16 21:33:34,18.34,185.6,94.97,26.7,10.24,18.65,18.35,1.09,44.27
2026-07-16 21:39:45,18.73,180.0,116.83,22.1,9.1,26.58,14.49,12.09,46.58
2026-07-16 21:51:38,18.92,186.9,102.93,14.0,10.23,24.02,12.24,4.89,42.65
2026-07-16 22:00:25,19.6,230.7,85.88,37.2,9.05,25.4,18.03,1.38,47.0
2026-07-16 22:13:37,19.81,149.9,95.45,19.3,8.32,28.73,14.68,1.92,46.78
2026-07-16 22:24:07,18.78,217.5,101.26,32.1,3.79,29.67,10.68,1.08,45.56
2026-07-16 22:30:09,20.27,161.6,95.39,26.9,8.62,26.58,13.73,5.14,46.11
2026-07-16 22:43:39,19.17,183.2,97.21,29.4,4.82,26.93,12.02,6.96,44.54
2026-07-16 22:50:19,19.45,169.3,94.88,27.9,10.82,32.93,15.17,4.74,44.33
2026-07-16 22:55:57,19.51,133.3,111.58,25.5,6.19,27.69,14.55,5.08,43.1
2026-07-16 23:03:48,18.47,131.9,100.35,28.7,5.95,24.04,15.17,5.49,43.6
2026-07-16 23:12:25,18.74,154.1,126.81,7.6,15.75,32.84,19.76,6.38,43.35
2026-07-16 23:19:22,18.53,140.7,89.76,21.3,12.21,25.3,9.88,7.71,40.37
2026-07-16 23:31:06,18.83,161.4,115.59,36.1,7.81,26.66,12.34,0.16,43.96
2026-07-16 23:41:56,19.46,148.6,118.37,5.8,12.93,17.06,15.45,1.84,46.15
2026-07-16 23:47:10,19.11,165.0,96.0,6.4,11.58,17.08,18.08,8.06,45.09
2026-07-16 23:53:42,18.68,168.8,105.75,38.0,12.62,22.12,11.21,4.05,42.72
2026-07-17 00:00:50,18.85,222.7,121.48,18.4,9.93,29.91,18.52,0.81,44.28
2026-07-17 00:06:55,18.6,134.3,118.85,20.5,6.34,21.29,18.78,0.38,45.53
2026-07-17 00:14:42,18.81,112.9,102.86,8.3,16.79,18.32,15.44,4.74,44.53
2026-07-17 00:28:07,19.18,140.8,113.22,29.5,7.35,28.78,16.03,4.77,44.3
2026-07-17 00:39:49,18.39,213.6,117.86,27.5,15.4,21.15,14.27,1.36,44.6
2026-07-17 00:48:15,18.55,184.4,118.37,9.2,8.17,26.3,16.7,2.3,48.18
2026-07-17 01:02:18,19.13,176.3,106.42,10.4,7.14,24.45,15.25,11.99,43.9
2026-07-17 01:16:50,19.69,124.3,121.68,28.1,11.63,23.13,12.55,0.77,47.34
2026-07-17 01:27:46,19.75,250.5,103.77,23.5,8.87,25.87,11.78,7.38,42.88
2026-07-17 01:40:27,19.06,186.3,109.66,32.4,12.42,24.74,12.57,4.61,43.84
2026-07-17 01:52:49,19.31,240.9,101.38,13.0,10.55,15.74,18.95,2.62,48.13
2026-07-17 02:02:18,19.96,248.7,120.06,12.2,11.61,23.63,19.63,5.05,45.44
2026-07-17 02:12:28,19.26,172.1,97.88,28.9,9.49,19.8,13.36,4.62,46.46
2026-07-17 02:25:20,20.37,171.5,92.12,6.7,11.91,21.3,13.91,8.84,41.58
2026-07-17 02:32:33,19.28,212.3,108.65,12.8,5.98,38.11,10.4,5.11,46.17
2026-07-17 02:40:28,19.91,224.3,81.2,13.4,12.72,27.98,14.1,0.45,44.03
2026-07-17 02:53:53,20.71,251.5,75.71,7.4,7.51,29.24,15.97,6.76,41.89
2026-07-17 03:07:26,20.12,205.0,107.07,6.4,10.7,19.48,16.14,2.75,45.27
2026-07-17 03:16:31,20.01,223.9,90.69,17.0,12.72,25.61,16.92,1.69,49.24
2026-07-17 03:25:42,20.93,265.6,89.51,24.4,9.39,18.4,12.06,3.61,47.93
2026-07-17 03:31:16,19.13,234.1,90.16,20.8,10.27,34.19,15.74,1.15,45.3
2026-07-17 03:44:52,20.75,266.7,76.43,34.5,4.96,22.77,21.57,7.9,45.94
2026-07-17 03:58:07,19.22,257.7,104.76,31.9,12.39,19.5,13.27,4.79,45.84
2026-07-17 04:09:40,20.63,293.2,69.49,17.5,12.61,27.4,16.33,2.92,48.26
2026-07-17 04:24:13,20.67,325.8,57.28,8.1,11.09,31.26,11.69,0.71,50.24
2026-07-17 04:31:40,21.2,329.6,82.17,22.7,7.55,31.8,14.08,9.31,46.94
2026-07-17 04:38:25,20.8,301.5,74.56,39.3,15.24,23.86,18.6,7.03,48.87
2026-07-17 04:48:43,20.77,356.6,59.89,31.8,9.68,13.48,18.03,3.9,48.7
2026-07-17 04:56:01,22.09,290.5,60.28,8.3,6.36,27.31,12.86,3.39,49.73
2026-07-17 05:05:08,22.03,403.5,76.29,34.3,11.35,31.17,16.52,7.34,49.0
2026-07-17 05:15:30,21.38,316.4,51.11,32.7,12.88,32.95,13.98,21.25,51.4
2026-07-17 05:25:59,21.48,401.4,44.23,32.8,9.08,19.91,14.18,1.78,45.43
2026-07-17 05:34:54,20.92,439.3,44.9,39.5,6.92,27.93,14.36,2.49,45.76
2026-07-17 05:46:49,22.2,390.0,44.47,27.4,10.38,24.74,14.81,7.81,50.24
2026-07-17 05:55:24,21.84,370.9,59.89,30.3,8.59,23.3,24.71,1.29,51.06
2026-07-17 06:06:48,21.52,409.1,45.22,20.1,9.67,16.07,11.95,6.09,49.66
2026-07-17 06:12:47,22.52,414.2,61.4,7.4,3.82,28.52,17.87,15.14,49.9
2026-07-17 06:22:13,21.67,461.3,64.85,21.4,9.08,31.02,10.51,7.31,54.19
2026-07-17 06:31:21,22.14,431.3,52.18,33.9,4.97,30.13,16.64,4.11,51.44
2026-07-17 06:39:13,23.85,426.0,66.27,9.8,4.97,23.18,16.84,0.59,49.14
2026-07-17 06:53:54,23.22,463.9,58.27,31.7,13.07,27.02,11.58,5.04,48.28
2026-07-17 07:00:36,23.16,503.6,72.0,6.6,10.42,29.41,15.51,20.27,52.71
2026-07-17 07:12:32,22.68,466.9,57.39,19.3,13.06,21.33,13.05,10.94,52.59
2026-07-17 07:26:45,23.44,517.7,67.8,22.8,10.55,27.45,20.85,3.14,56.09
2026-07-17 07:40:31,23.65,543.1,89.67,37.8,11.25,28.09,16.21,1.04,49.48
2026-07-17 07:48:53,23.67,508.6,71.47,33.4,10.16,30.11,16.47,0.01,55.25
2026-07-17 08:00:46,23.85,520.2,73.97,9.9,14.57,23.91,18.25,1.43,50.29
2026-07-17 08:06:23,24.81,555.7,80.34,27.1,6.36,30.25,23.54,0.1,55.65
2026-07-17 08:14:02,23.69,531.4,91.12,33.0,7.79,18.53,8.68,0.52,54.62
2026-07-17 08:27:49,23.69,579.0,104.44,14.3,7.16,25.9,17.49,3.71,54.75
2026-07-17 08:38:56,24.73,543.8,88.02,29.4,6.29,26.12,10.78,0.18,52.77
2026-07-17 08:49:23,23.72,564.1,113.0,13.7,9.7,20.28,14.93,5.06,54.33
2026-07-17 08:58:05,24.36,559.6,93.15,28.4,12.16,32.99,17.01,4.61,55.28
2026-07-17 09:06:33,24.05,571.2,77.67,36.1,5.87,23.77,17.99,9.82,56.23
2026-07-17 09:12:03,24.33,584.5,93.2,17.4,10.52,23.27,16.07,2.88,53.9
2026-07-17 09:26:25,23.89,543.9,84.51,18.2,8.19,26.75,17.54,3.75,56.41
2026-07-17 09:41:17,23.23,582.4,90.27,8.3,8.88,25.06,15.74,0.87,56.26
2026-07-17 09:52:31,24.7,661.7,96.47,20.3,9.75,21.28,14.54,2.83,56.48
2026-07-17 10:06:11,25.13,570.7,102.7,11.2,10.31,25.7,14.48,1.43,60.76
2026-07-17 10:15:16,24.98,586.9,106.49,26.4,15.94,27.81,8.8,1.15,56.06
2026-07-17 10:23:55,25.06,585.4,96.78,29.7,12.44,17.42,12.6,1.51,55.95
2026-07-17 10:34:12,24.63,644.2,119.41,9.8,16.14,14.55,18.91,7.52,57.21
2026-07-17 10:48:41,25.61,616.1,103.71,10.2,11.38,23.55,21.87,2.49,51.77
2026-07-17 10:58:33,24.18,623.1,97.42,29.9,8.93,29.1,22.03,10.58,57.23
2026-07-17 11:04:45,24.94,634.6,107.19,20.0,7.84,21.94,8.91,0.45,56.0
2026-07-17 11:13:31,25.04,671.9,99.08,13.2,7.81,29.6,9.57,3.0,61.9
2026-07-17 11:24:05,24.61,604.2,73.15,28.9,12.8,22.97,10.66,7.05,51.51
2026-07-17 11:34:46,25.37,655.2,112.66,16.3,5.83,29.92,17.92,3.0,54.07
2026-07-17 11:45:23,23.92,631.1,90.15,17.5,5.36,22.04,15.38,2.18,54.74
2026-07-17 11:59:02,24.51,675.6,110.72,16.2,11.7,23.33,16.84,4.48,52.81
2026-07-17 12:10:39,25.88,632.8,107.87,20.0,5.68,26.59,8.23,5.66,56.42
2026-07-17 12:21:14,24.42,618.0,112.22,18.5,12.45,24.78,9.22,7.37,53.06
2026-07-17 12:27:00,24.47,630.9,108.9,20.7,6.96,23.16,17.39,2.12,53.84
2026-07-17 12:37:38,25.64,641.3,114.31,5.7,2.91,28.78,16.4,1.03,57.73
2026-07-17 12:52:03,25.55,579.4,116.5,25.3,6.75,34.24,10.34,2.25,58.25
2026-07-17 13:02:30,24.5,658.7,110.18,25.4,9.63,23.69,14.47,3.34,54.46
2026-07-17 13:07:32,23.99,675.3,89.61,6.0,11.53,30.82,20.31,13.53,56.75
2026-07-17 13:17:02,24.19,607.7,104.38,36.3,11.19,17.35,9.47,0.98,57.65
2026-07-17 13:23:06,25.41,631.2,95.39,35.9,4.43,20.37,19.12,4.08,58.57
2026-07-17 13:34:25,25.2,639.6,117.19,13.1,11.89,15.84,16.5,2.45,53.53
2026-07-17 13:46:00,24.36,629.3,94.58,16.7,12.97,27.21,10.3,6.4,54.72
2026-07-17 13:52:33,23.53,576.2,116.4,22.9,11.6,17.7,14.47,0.6,58.73
2026-07-17 13:58:42,24.47,586.3,94.76,27.7,12.71,27.52,12.68,0.44,55.57
2026-07-17 14:07:11,25.01,650.5,104.89,27.6,10.4,34.86,18.35,11.58,54.63
2026-07-17 14:20:25,24.04,610.4,79.9,19.9,11.6,21.01,7.8,2.19,53.2
2026-07-17 14:28:38,24.66,574.6,104.89,34.8,11.58,18.14,12.18,3.56,57.36
2026-07-17 14:39:07,24.75,585.2,101.37,22.6,6.53,29.65,15.22,4.44,54.42
2026-07-17 14:49:37,23.56,571.3,107.74,18.8,14.1,27.9,14.25,0.7,55.97
2026-07-17 14:56:11,24.67,573.7,86.11,29.9,9.16,24.39,9.66,3.56,57.19
2026-07-17 15:10:21,23.52,554.4,111.87,32.4,9.86,31.2,24.79,5.54,55.89
2026-07-17 15:17:38,24.06,534.4,107.71,14.3,8.71,19.98,6.65,1.75,52.32
2026-07-17 15:27:21,24.39,570.6,97.37,17.1,10.01,17.09,12.19,11.3,51.11
2026-07-17 15:33:25,22.63,573.7,76.39,12.7,5.36,29.76,13.95,9.45,52.38
2026-07-17 15:48:11,23.08,522.9,64.78,7.8,14.21,22.08,10.16,0.1,54.24
2026-07-17 15:59:46,23.68,485.8,79.54,35.7,18.36,23.11,19.44,1.66,52.22
2026-07-17 16:11:59,22.93,543.3,57.14,17.3,6.71,29.13,17.81,7.02,55.4
2026-07-17 16:23:34,22.84,438.1,82.23,38.5,8.44,25.58,19.65,3.48,53.3
2026-07-17 16:32:31,22.73,461.6,50.92,18.9,10.44,26.24,8.03,13.93,51.93
2026-07-17 16:38:19,21.9,476.3,62.89,21.7,8.86,26.26,17.48,6.96,50.48
2026-07-17 16:48:14,23.57,449.1,86.94,34.6,7.88,29.21,11.06,0.42,53.61
2026-07-17 16:57:34,22.15,435.3,55.49,17.5,10.81,21.02,15.65,4.81,47.83
2026-07-17 17:11:39,23.44,476.5,62.92,6.1,12.75,27.79,18.44,6.99,51.62
2026-07-17 17:20:32,22.83,464.5,76.12,12.2,11.39,22.12,16.44,0.05,49.87
2026-07-17 17:26:29,22.75,463.9,44.67,20.4,10.94,24.66,16.02,2.0,51.19
2026-07-17 17:36:42,23.1,465.4,63.79,20.2,14.22,29.68,17.96,7.45,54.05
2026-07-17 17:45:17,23.27,387.1,42.91,39.1,12.92,19.23,12.46,2.81,48.19
2026-07-17 17:55:03,21.56,441.3,52.61,22.8,8.46,17.73,13.66,6.3,51.87
2026-07-17 18:08:08,21.99,392.0,71.76,29.7,11.77,17.96,10.97,4.11,50.56
2026-07-17 18:15:54,21.9,387.2,49.44,15.7,8.51,17.72,11.15,2.38,49.42
2026-07-17 18:22:08,21.91,406.0,62.15,36.0,12.22,19.68,12.32,0.29,49.04
2026-07-17 18:35:41,21.71,290.6,55.64,32.9,11.24,18.85,12.39,0.76,47.9
2026-07-17 18:40:50,21.44,326.8,59.04,9.1,3.56,22.84,16.63,4.2,52.34
2026-07-17 18:54:34,20.94,311.2,62.29,5.1,12.92,30.7,15.14,5.28,51.21
2026-07-17 19:04:23,21.7,351.8,59.94,20.9,9.21,25.12,14.75,0.07,49.3
2026-07-17 19:10:05,21.7,329.3,75.47,10.9,12.02,23.88,9.83,2.76,46.0
2026-07-17 19:18:44,20.83,333.9,75.04,13.7,14.38,32.21,10.74,3.95,48.27
2026-07-17 19:32:22,20.26,295.3,64.91,9.5,1.81,26.59,20.36,0.28,49.44
2026-07-17 19:46:03,20.8,312.8,86.75,10.6,8.23,35.33,14.7,8.26,44.47
2026-07-17 19:54:39,20.08,301.7,68.49,9.9,10.32,19.79,17.35,6.42,47.11
2026-07-17 20:08:47,19.82,255.3,64.45,23.9,2.07,25.57,13.25,0.38,47.04
2026-07-17 20:16:38,20.31,288.2,81.48,5.2,8.37,31.08,15.55,7.04,42.71
2026-07-17 20:29:55,20.13,260.3,94.26,28.9,10.64,18.48,16.6,1.03,45.83
2026-07-17 20:38:07,20.17,321.3,97.19,23.7,9.67,35.9,15.28,10.86,44.96
2026-07-17 20:52:03,19.7,204.3,95.76,19.3,13.81,25.6,22.14,0.13,47.21
2026-07-17 21:06:32,20.12,218.8,74.39,25.9,9.52,36.59,17.18,4.81,45.87
2026-07-17 21:21:25,19.42,236.1,83.91,28.7,13.47,23.43,16.55,5.03,46.0
2026-07-17 21:29:36,19.12,290.0,99.58,33.3,9.34,23.51,8.02,2.98,48.32
2026-07-17 21:36:23,20.05,237.8,107.88,30.6,8.92,25.73,20.02,4.06,45.14
2026-07-17 21:48:21,19.87,238.6,101.86,29.3,11.19,27.77,16.57,6.72,44.41
2026-07-17 21:57:42,19.28,242.3,81.81,16.2,8.53,25.27,15.8,12.34,46.58
2026-07-17 22:05:15,19.08,162.1,95.32,5.1,10.18,30.16,11.12,1.01,46.91
2026-07-17 22:10:56,18.89,194.5,106.15,39.2,9.72,21.51,17.19,0.12,45.4
2026-07-17 22:24:40,18.93,166.4,114.69,6.4,11.06,31.11,11.38,4.93,43.19
2026-07-17 22:39:03,19.42,153.2,122.85,24.3,8.23,26.43,14.92,3.5,44.92
2026-07-17 22:48:37,18.91,199.6,119.29,26.0,12.96,28.38,5.64,0.85,45.09
2026-07-17 23:01:29,19.73,162.5,103.0,27.8,12.64,26.16,23.18,5.75,43.0
2026-07-17 23:12:26,19.77,147.5,114.69,33.3,12.65,22.34,16.67,1.44,41.38
2026-07-17 23:18:07,18.75,169.1,108.96,29.5,8.59,30.66,8.86,8.69,46.09
2026-07-17 23:23:38,18.35,186.2,102.08,9.8,13.78,23.73,18.44,3.24,42.32
2026-07-17 23:38:23,19.71,175.7,109.93,28.8,8.38,18.36,14.12,4.15,47.84
2026-07-17 23:51:39,18.88,140.3,119.92,20.7,4.91,22.98,15.07,1.11,45.59
2026-07-18 00:02:15,19.36,154.3,107.95,25.1,8.62,16.09,17.45,1.74,42.98
2026-07-18 00:10:03,18.24,160.5,98.07,21.9,3.6,30.42,14.11,5.17,40.93
2026-07-18 00:21:24,18.06,176.8,101.83,6.3,12.5,26.45,15.26,0.52,41.93
2026-07-18 00:31:02,19.79,171.5,117.96,22.1,11.95,29.87,6.2,0.68,42.97
2026-07-18 00:45:19,17.93,163.9,107.96,18.6,5.95,21.45,13.2,3.12,44.22
2026-07-18 01:00:05,18.95,138.2,120.27,6.7,13.47,23.54,17.48,1.17,43.11
2026-07-18 01:14:19,18.94,205.7,104.72,15.1,12.03,24.24,19.22,0.39,45.21
2026-07-18 01:24:50,18.17,143.3,106.82,15.7,6.23,27.37,14.44,11.44,44.54
2026-07-18 01:30:36,19.88,181.7,99.86,25.9,9.22,19.09,14.2,6.5,40.53
2026-07-18 01:40:51,19.21,163.7,103.37,27.6,11.58,29.55,9.32,5.51,43.7
2026-07-18 01:46:10,19.55,171.0,109.71,18.4,5.72,31.13,12.74,3.34,45.61
2026-07-18 01:58:14,19.53,153.1,105.0,14.4,6.65,18.8,9.97,1.54,45.82
2026-07-18 02:11:05,19.22,195.4,74.82,21.2,11.69,23.04,14.53,3.9,45.96
2026-07-18 02:22:01,18.66,224.5,87.29,18.8,5.79,23.43,20.28,51.87,47.05
2026-07-18 02:31:01,20.38,165.0,98.82,30.6,10.22,26.19,15.44,11.84,45.97
2026-07-18 02:38:04,19.97,229.3,80.99,13.1,11.42,20.02,18.53,7.99,47.01
2026-07-18 02:51:03,19.16,273.9,109.42,38.9,12.54,28.84,16.08,3.83,48.19
2026-07-18 03:02:19,19.93,259.3,95.8,32.3,10.39,26.47,13.01,3.02,43.81
2026-07-18 03:10:18,20.01,239.4,95.93,12.1,10.79,24.85,15.91,6.71,42.95
2026-07-18 03:17:55,20.4,243.5,101.51,14.5,6.92,35.99,21.95,1.61,46.41
2026-07-18 03:26:14,20.12,242.8,88.77,18.3,11.3,18.36,18.99,2.64,50.14
2026-07-18 03:32:44,21.39,264.6,101.21,8.8,8.57,25.97,14.87,0.61,47.62
2026-07-18 03:39:18,19.9,258.7,78.04,26.6,13.07,27.1,20.39,2.17,50.0
2026-07-18 03:45:10,20.14,243.4,70.98,30.5,5.57,15.87,19.84,5.51,47.97
2026-07-18 03:55:06,20.27,290.1,94.24,26.7,11.58,23.06,22.89,2.02,49.69
2026-07-18 04:06:43,20.74,319.2,95.63,35.1,14.49,31.66,22.38,11.5,47.55
2026-07-18 04:14:18,20.33,312.8,93.4,24.1,9.64,24.23,16.05,1.18,47.11
2026-07-18 04:20:12,20.75,294.5,69.95,19.6,11.39,13.89,9.54,4.32,48.81
2026-07-18 04:26:03,21.41,300.5,88.26,28.9,8.79,19.01,8.14,2.47,47.61
2026-07-18 04:40:28,22.11,341.4,82.48,35.7,12.79,24.65,17.5,2.52,50.04
2026-07-18 04:49:35,21.7,315.1,71.78,8.6,10.85,29.61,10.64,0.56,50.28
2026-07-18 05:03:02,21.0,267.1,69.45,22.4,12.83,24.63,13.68,1.48,48.73
2026-07-18 05:15:34,21.49,325.2,65.51,24.6,8.67,24.83,14.75,1.21,48.43
2026-07-18 05:25:27,21.31,366.9,43.08,11.7,9.5,21.68,8.91,8.04,52.95
2026-07-18 05:40:19,21.21,375.0,74.11,14.0,14.73,15.16,16.06,5.14,52.18
2026-07-18 05:51:01,21.06,358.3,71.33,27.7,10.99,27.08,20.88,0.07,52.53
2026-07-18 06:05:04,21.83,433.4,56.84,12.2,8.59,30.13,21.18,6.11,48.31
2026-07-18 06:19:31,22.59,466.1,55.83,35.0,9.28,17.88,26.0,1.83,50.26
2026-07-18 06:25:22,22.27,437.3,58.7,28.0,15.22,21.89,14.49,5.21,52.14
2026-07-18 06:32:26,22.18,396.7,65.67,38.7,6.2,22.22,14.31,4.3,50.45
2026-07-18 06:44:48,22.55,420.4,54.76,22.8,14.18,23.92,17.82,4.09,51.65
2026-07-18 06:51:49,22.69,468.3,66.86,6.4,13.3,26.97,20.87,0.91,52.77
2026-07-18 07:03:23,23.48,477.7,83.47,6.6,4.16,17.31,19.81,4.6,52.16
2026-07-18 07:17:20,23.55,508.0,71.45,29.1,6.45,45.85,9.08,5.56,48.37
2026-07-18 07:29:32,22.85,491.4,54.15,18.5,15.56,18.78,17.68,2.34,54.12
2026-07-18 07:44:13,23.26,523.9,75.16,31.4,11.35,28.0,15.36,8.98,54.53
2026-07-18 07:55:36,24.03,487.9,63.6,38.8,9.03,22.86,11.54,4.74,52.39
2026-07-18 08:09:53,23.86,556.9,83.04,34.5,4.62,32.6,20.35,5.23,51.71
2026-07-18 08:18:40,23.94,558.8,87.11,34.2,11.33,19.34,21.97,10.73,56.28
2026-07-18 08:24:12,23.45,555.3,90.83,22.8,7.79,28.77,13.72,1.15,54.89
2026-07-18 08:35:15,24.02,552.4,81.78,8.1,9.57,18.02,13.93,2.98,53.21
2026-07-18 08:49:36,24.42,570.4,85.08,35.7,12.44,36.05,10.78,10.44,54.1
2026-07-18 09:02:36,24.78,547.3,93.19,19.9,12.37,31.9,9.66,0.75,52.1
2026-07-18 09:09:54,24.2,611.9,82.22,9.5,9.17,17.3,17.38,0.29,53.69
2026-07-18 09:19:35,23.99,601.1,113.31,11.2,7.45,16.22,15.05,0.18,53.52
2026-07-18 09:25:50,24.34,596.9,80.77,18.3,9.07,27.88,14.43,1.98,57.95
2026-07-18 09:37:48,24.32,546.6,89.16,33.8,11.89,30.33,16.57,22.41,58.09
2026-07-18 09:46:32,24.11,629.9,107.84,16.4,12.36,23.89,15.23,8.89,55.51
2026-07-18 09:52:12,24.04,568.8,111.41,27.5,7.8,28.78,17.72,4.1,54.22
2026-07-18 10:04:24,25.44,619.5,101.52,12.4,10.35,26.52,9.39,3.8,53.01
2026-07-18 10:10:52,25.35,614.7,93.2,33.1,7.48,17.67,17.05,4.15,56.48
2026-07-18 10:24:20,24.43,631.3,106.57,23.0,13.3,24.54,14.07,7.92,56.51
2026-07-18 10:32:37,24.48,683.3,96.09,19.2,2.88,26.43,17.62,6.42,59.26
2026-07-18 10:42:01,25.04,580.7,112.79,12.3,9.59,23.18,16.3,3.67,58.88
2026-07-18 10:47:40,25.01,665.2,99.71,16.5,5.27,29.2,12.19,3.37,51.39
2026-07-18 11:02:19,24.12,633.7,93.28,7.5,8.41,25.76,18.21,2.66,56.23
2026-07-18 11:13:15,25.17,642.5,86.51,21.8,11.77,26.44,17.61,8.72,57.98
2026-07-18 11:22:15,24.7,590.2,109.17,9.7,12.01,17.79,13.5,10.55,58.21
2026-07-18 11:30:49,24.79,668.5,114.37,24.1,5.41,25.23,13.08,7.5,55.61
2026-07-18 11:37:17,25.61,656.9,110.84,36.0,8.44,27.75,17.92,0.02,51.92
2026-07-18 11:47:40,24.81,614.3,104.13,8.7,11.56,16.33,16.6,2.38,55.91
2026-07-18 11:54:27,24.62,592.6,105.0,14.1,7.59,15.95,10.87,0.37,56.11
2026-07-18 12:03:56,23.97,656.7,107.04,23.5,10.15,25.91,17.9,2.42,55.36
2026-07-18 12:13:16,25.14,653.8,97.8,28.2,5.75,28.94,19.3,1.42,55.14
2026-07-18 12:26:10,24.28,648.4,125.13,5.8,5.59,13.26,16.16,4.16,53.65
2026-07-18 12:32:31,25.15,651.9,97.63,13.7,3.81,24.12,13.36,0.42,56.3
2026-07-18 12:38:15,24.68,700.1,107.12,15.0,12.69,26.96,19.99,2.8,51.43
2026-07-18 12:43:33,24.41,665.2,91.24,16.9,10.68,25.06,17.94,5.15,57.04
2026-07-18 12:55:15,24.8,689.2,94.38,7.0,4.8,24.83,12.8,2.95,53.31
2026-07-18 13:01:11,24.91,633.9,95.68,18.1,14.14,25.73,6.32,1.11,55.5
2026-07-18 13:11:38,24.84,678.3,89.88,5.7,10.5,27.02,11.81,0.28,51.14
2026-07-18 13:21:56,23.96,602.0,91.5,18.7,4.77,28.43,19.6,2.68,53.99
2026-07-18 13:32:35,24.02,616.3,100.44,30.7,10.16,28.64,12.25,10.28,57.41
2026-07-18 13:40:20,24.21,622.1,108.7,32.2,12.93,31.49,14.81,5.15,56.74
2026-07-18 13:52:21,24.79,567.6,91.89,28.6,12.69,24.28,12.72,6.84,50.72
2026-07-18 14:05:28,24.38,622.6,97.61,18.1,11.03,25.26,14.78,8.2,56.63
2026-07-18 14:14:58,24.4,581.5,105.94,12.3,13.26,28.35,13.85,3.87,53.62
2026-07-18 14:25:35,23.9,636.3,109.97,26.4,12.53,23.67,15.63,0.47,56.07
2026-07-18 14:32:12,23.76,572.2,95.2,24.3,5.78,28.07,18.42,32.5,55.39
2026-07-18 14:42:16,24.59,616.9,81.11,30.9,9.56,25.89,9.04,2.55,56.63
2026-07-18 14:55:40,24.15,549.1,94.32,38.6,12.52,26.3,19.57,5.17,53.76
2026-07-18 15:00:54,24.31,598.6,76.77,34.4,15.14,17.49,14.57,11.95,54.21
2026-07-18 15:07:00,24.39,562.7,57.31,14.8,11.76,19.65,19.32,0.93,54.12
2026-07-18 15:18:24,24.1,518.6,88.24,34.4,5.4,29.31,9.57,20.93,54.38
2026-07-18 15:25:47,23.11,560.7,104.34,14.7,13.01,36.74,20.51,7.28,54.85
2026-07-18 15:34:43,23.83,527.0,97.98,30.3,12.03,18.69,14.59,5.03,53.9
2026-07-18 15:41:26,23.35,547.3,77.62,29.9,6.37,18.93,14.36,12.78,52.36
2026-07-18 15:52:10,23.21,495.2,98.67,27.2,7.53,25.38,11.22,5.93,50.43
2026-07-18 16:01:15,23.57,505.6,83.19,23.9,13.49,23.84,20.57,2.07,55.67
2026-07-18 16:15:14,22.31,496.1,63.69,10.5,8.61,31.46,18.42,4.9,50.19
2026-07-18 16:24:27,23.56,484.0,74.07,27.0,8.58,23.06,21.34,6.6,50.71
2026-07-18 16:36:09,23.52,529.6,72.45,35.0,10.27,23.74,19.17,4.63,50.45
2026-07-18 16:45:26,23.62,520.7,63.15,23.9,14.01,35.95,9.97,13.11,52.0
2026-07-18 16:59:46,21.97,390.7,62.73,30.8,6.74,26.0,13.53,4.17,50.83
2026-07-18 17:13:00,22.3,499.9,71.1,22.5,7.09,25.17,14.12,4.25,52.07
2026-07-18 17:18:03,23.28,453.9,57.67,28.2,12.29,27.21,16.53,8.78,50.24
2026-07-18 17:30:48,23.66,430.2,61.31,10.6,17.61,32.79,8.25,3.72,50.83
2026-07-18 17:44:15,22.3,420.1,52.38,36.2,9.55,25.24,13.65,1.71,49.2
2026-07-18 17:55:54,21.64,432.7,55.09,24.2,9.76,17.58,12.42,0.36,51.99
2026-07-18 18:10:19,21.28,352.9,55.27,15.4,6.38,22.66,10.3,1.58,50.29
2026-07-18 18:24:54,21.67,386.7,52.55,28.3,14.68,23.74,19.71,7.33,49.14
2026-07-18 18:38:20,21.6,331.7,62.62,11.9,12.73,19.65,21.33,10.48,45.3
2026-07-18 18:46:50,21.15,305.5,53.71,28.7,8.08,26.28,16.89,0.39,46.29
2026-07-18 18:59:28,20.65,304.0,66.63,20.2,12.51,24.67,14.46,5.69,44.21
2026-07-18 19:13:16,21.7,309.1,74.83,10.2,8.42,26.27,9.39,0.35,48.28
2026-07-18 19:18:54,21.63,342.7,63.57,28.3,8.84,23.71,22.15,1.44,47.71
2026-07-18 19:25:04,21.35,364.2,82.28,8.3,11.24,19.41,21.55,5.41,49.97
2026-07-18 19:39:04,19.51,279.6,78.46,23.8,4.6,21.33,13.28,4.59,45.36
2026-07-18 19:47:49,21.53,303.3,68.45,32.9,10.47,18.37,11.85,6.85,45.73
2026-07-18 19:56:36,19.98,272.9,75.76,15.7,8.37,24.18,19.95,4.86,49.38
2026-07-18 20:06:37,20.8,281.7,70.86,30.2,11.42,21.02,17.59,2.38,42.74
2026-07-18 20:19:45,19.73,267.2,84.15,14.4,10.75,31.11,12.94,27.69,44.66
2026-07-18 20:26:30,19.77,243.2,79.69,33.7,10.22,23.25,11.53,2.14,47.22
2026-07-18 20:34:35,20.66,265.4,96.66,8.3,5.11,27.15,13.67,18.15,48.39
2026-07-18 20:49:26,20.5,274.5,93.37,9.4,13.7,20.29,9.15,8.4,46.2
2026-07-18 20:58:58,19.74,232.6,102.2,35.9,13.05,31.71,12.79,1.63,47.64
2026-07-18 21:09:07,19.45,242.6,90.6,14.4,8.39,17.41,13.83,0.84,43.72
2026-07-18 21:15:01,18.66,193.1,97.37,38.3,6.04,24.64,15.9,3.23,40.45
2026-07-18 21:26:37,19.33,194.5,85.7,18.7,10.29,30.19,12.72,4.87,48.03
2026-07-18 21:34:47,19.95,197.6,86.49,20.0,6.62,28.88,17.62,3.78,48.72
2026-07-18 21:40:43,19.66,154.1,101.93,34.7,9.11,22.65,14.42,1.24,44.32
2026-07-18 21:46:22,20.05,232.8,99.04,29.2,10.65,28.09,15.76,23.43,41.73
2026-07-18 21:51:34,19.72,156.6,118.36,33.0,9.46,22.73,12.18,2.8,45.79
2026-07-18 22:03:31,19.38,227.5,92.05,27.1,7.24,21.44,15.67,9.5,43.33
2026-07-18 22:10:23,19.87,164.3,96.47,29.3,12.7,32.35,13.46,11.75,47.14
2026-07-18 22:19:16,20.04,150.5,106.03,31.9,12.04,24.55,16.13,0.31,45.96
2026-07-18 22:27:29,19.37,198.2,91.75,10.9,4.66,23.2,9.37,1.63,46.47
2026-07-18 22:39:50,19.68,220.3,116.4,25.4,7.14,21.05,13.68,1.52,43.33
2026-07-18 22:48:27,19.65,206.3,101.61,28.2,11.26,18.62,16.47,11.47,43.51
2026-07-18 22:57:02,18.55,192.0,97.38,31.6,10.38,29.21,14.87,0.31,45.17
2026-07-18 23:11:07,18.02,163.7,101.75,6.6,7.05,19.88,12.95,11.0,44.77
2026-07-18 23:20:21,18.81,163.0,100.43,15.8,10.92,31.93,15.89,3.69,45.68
2026-07-18 23:25:42,18.99,154.6,126.71,31.5,10.73,34.28,6.82,4.47,42.02
2026-07-18 23:36:12,18.76,137.4,106.81,11.7,12.34,24.76,10.1,5.84,43.74
2026-07-18 23:42:55,18.81,136.3,110.35,26.9,8.78,30.5,8.89,18.66,43.21
2026-07-18 23:53:37,18.86,188.2,122.11,36.6,12.54,23.93,18.23,2.51,41.63
2026-07-19 00:01:16,18.99,144.2,112.44,18.7,9.55,21.85,19.37,0.87,39.88
2026-07-19 00:13:27,18.57,110.1,115.44,8.6,12.25,31.32,11.98,1.71,44.77
2026-07-19 00:26:43,19.55,191.1,96.42,6.0,8.61,17.23,14.59,0.18,44.12
2026-07-19 00:38:35,18.48,134.2,106.16,15.3,16.22,17.39,24.71,0.46,41.07
2026-07-19 00:49:55,18.69,131.8,103.43,20.5,10.73,26.34,18.38,15.22,41.36
2026-07-19 01:02:06,19.48,162.1,119.71,18.3,4.51,28.29,18.63,8.45,40.36
2026-07-19 01:12:24,19.94,164.6,93.1,25.2,10.82,22.36,12.61,10.5,47.4
2026-07-19 01:19:31,19.72,91.2,107.79,14.0,8.37,35.62,20.38,5.75,40.47
2026-07-19 01:24:38,19.14,193.1,113.12,9.9,7.74,28.16,16.76,3.77,45.86
2026-07-19 01:38:03,18.55,194.0,90.99,19.8,10.32,17.82,11.02,4.23,44.7
2026-07-19 01:51:50,19.5,198.7,90.0,34.3,11.71,19.26,8.47,8.32,43.39
2026-07-19 02:06:37,19.66,179.0,121.64,23.5,15.42,23.79,20.33,4.96,45.57
2026-07-19 02:16:16,20.01,258.2,88.05,6.2,15.29,32.32,15.04,1.17,51.4
2026-07-19 02:28:21,19.52,178.7,99.38,21.3,10.8,28.12,9.91,1.1,44.31
2026-07-19 02:41:35,18.85,157.0,104.38,31.2,12.77,18.38,19.86,9.14,48.6
2026-07-19 02:51:08,19.03,224.0,93.49,12.1,9.7,14.01,10.98,5.63,45.18
2026-07-19 03:03:27,20.94,231.7,80.96,10.3,13.2,19.84,14.8,5.25,45.92
2026-07-19 03:16:59,19.89,240.1,82.78,17.8,12.11,27.28,18.34,2.57,48.69
2026-07-19 03:30:45,19.75,257.5,88.62,12.4,9.17,26.56,15.47,6.47,46.51
2026-07-19 03:39:46,19.78,228.5,88.75,25.4,12.02,26.27,5.79,1.36,46.18
2026-07-19 03:47:38,19.31,261.9,65.1,9.4,6.61,29.47,16.23,4.37,47.87
2026-07-19 03:53:17,20.17,265.1,90.53,30.3,10.01,22.43,12.64,0.73,47.2
2026-07-19 04:00:04,20.56,306.0,70.93,31.0,8.37,23.9,16.84,7.84,43.57
2026-07-19 04:13:18,21.07,285.5,76.83,11.6,8.49,34.96,14.56,7.87,47.15
2026-07-19 04:24:45,20.47,319.7,83.03,25.1,7.67,19.69,12.57,2.67,47.54
2026-07-19 04:33:23,21.62,313.8,62.9,19.3,7.73,18.97,26.55,22.1,49.89
2026-07-19 04:47:09,20.55,344.5,65.43,32.9,6.36,24.35,13.05,1.87,48.25
2026-07-19 04:52:38,21.01,322.5,52.87,20.6,10.15,29.04,8.83,3.33,47.86
2026-07-19 05:07:02,21.17,384.8,70.52,7.4,15.48,28.82,19.24,2.1,48.86
2026-07-19 05:21:45,20.98,339.8,59.15,5.1,7.59,25.17,9.78,5.31,48.51
2026-07-19 05:32:39,22.43,426.8,66.73,12.9,10.42,25.3,18.93,3.78,48.03
2026-07-19 05:39:04,22.04,387.9,70.44,11.5,7.39,25.71,11.7,0.69,46.29
2026-07-19 05:44:56,22.05,378.1,54.94,27.7,13.75,17.51,12.88,0.29,49.46
2026-07-19 05:54:08,22.09,356.5,47.46,30.7,6.18,26.43,18.13,12.35,52.7
2026-07-19 06:06:36,21.81,394.5,31.58,26.0,8.54,18.49,17.68,2.01,54.14
2026-07-19 06:21:14,21.98,437.4,45.24,33.6,9.61,24.19,12.71,9.21,49.02
2026-07-19 06:31:35,23.15,385.8,56.4,19.0,9.42,30.63,18.79,0.19,51.75
2026-07-19 06:45:13,22.44,433.9,61.52,5.0,12.78,23.79,16.55,6.58,52.38
2026-07-19 06:54:46,21.71,458.7,55.11,16.7,11.01,20.66,13.14,2.78,53.09
2026-07-19 07:06:16,22.57,465.5,79.49,5.3,9.75,26.0,19.15,1.04,52.07
2026-07-19 07:13:08,23.61,507.8,81.36,11.0,8.71,26.97,18.68,8.59,53.58
2026-07-19 07:24:50,24.08,486.2,77.39,8.4,4.1,22.84,15.05,0.12,50.23
2026-07-19 07:36:02,23.27,540.7,66.51,13.0,7.07,27.33,17.12,3.73,52.31
2026-07-19 07:44:48,22.75,498.3,64.89,27.3,10.35,16.54,16.28,6.23,48.71
2026-07-19 07:53:47,23.9,504.0,84.95,26.3,12.67,21.29,13.61,1.2,53.95
2026-07-19 08:07:13,23.0,579.8,77.91,16.2,13.68,34.28,21.71,2.43,54.23
2026-07-19 08:12:55,24.31,571.5,87.61,32.7,10.35,37.96,14.95,1.1,57.15
2026-07-19 08:17:58,24.0,573.2,78.57,33.4,9.26,13.83,18.08,15.3,53.78
2026-07-19 08:31:38,24.0,509.5,91.59,25.0,11.86,27.86,15.23,0.23,51.5
2026-07-19 08:37:21,23.88,551.6,79.41,5.7,17.25,21.0,17.51,7.54,53.06
2026-07-19 08:47:25,23.99,549.4,90.94,36.5,11.31,17.76,17.85,2.25,53.41
2026-07-19 08:59:30,24.35,536.5,88.54,24.0,9.35,17.47,15.75,2.39,57.03
2026-07-19 09:07:13,24.61,607.7,104.71,36.6,11.81,24.93,10.62,4.41,52.21
2026-07-19 09:18:24,24.77,615.4,115.0,18.8,12.49,26.38,20.64,5.85,57.01
2026-07-19 09:25:03,24.06,605.4,90.54,12.6,13.93,24.94,10.43,10.7,54.38
2026-07-19 09:36:40,25.08,606.0,96.28,28.0,9.72,28.32,16.47,3.79,59.06
2026-07-19 09:47:57,24.25,584.7,114.44,19.8,5.13,29.04,18.29,2.05,57.68
2026-07-19 10:01:28,24.12,607.9,93.57,10.6,7.78,22.53,11.62,2.14,56.85
2026-07-19 10:15:57,24.05,558.2,115.27,24.8,14.54,25.64,19.35,0.85,53.91
2026-07-19 10:26:02,24.12,569.2,108.59,10.8,12.36,30.18,12.65,24.43,56.34
2026-07-19 10:37:59,25.01,617.6,104.23,21.8,13.01,29.49,10.22,1.48,55.64
2026-07-19 10:51:32,24.37,630.3,120.76,16.9,5.82,21.73,9.42,6.84,54.96
2026-07-19 11:06:01,25.48,662.3,111.57,5.3,8.01,29.85,9.77,2.7,54.1
2026-07-19 11:16:21,23.95,656.1,99.49,14.8,11.66,25.76,20.6,8.59,56.15
2026-07-19 11:29:59,25.23,625.7,124.4,33.7,6.95,25.07,14.25,8.14,56.68
2026-07-19 11:38:22,24.63,627.1,102.03,17.0,8.76,23.61,19.71,3.03,55.1
2026-07-19 11:45:27,24.81,611.0,127.07,8.1,15.09,29.38,21.95,2.97,55.31
2026-07-19 11:55:23,24.15,620.5,99.16,38.5,8.31,27.18,17.06,3.75,56.6
2026-07-19 12:09:57,25.1,640.2,105.57,9.2,10.59,23.68,17.47,7.59,55.42
2026-07-19 12:21:59,25.57,646.1,94.63,30.7,8.3,17.62,17.43,2.85,57.11
2026-07-19 12:30:11,24.61,619.7,103.12,35.1,14.31,25.94,24.51,1.33,53.95
2026-07-19 12:35:50,24.91,634.7,113.47,5.9,13.06,16.92,13.33,2.84,54.74
2026-07-19 12:49:32,24.84,637.1,106.52,11.7,7.81,16.73,3.07,5.48,53.87
2026-07-19 13:04:25,24.61,611.2,100.67,19.3,6.4,17.91,16.98,4.02,53.95
2026-07-19 13:10:57,23.84,597.4,93.42,31.8,11.34,20.42,16.02,1.53,55.2
2026-07-19 13:18:53,25.89,695.2,113.64,33.0,12.28,21.93,12.92,0.41,56.98
2026-07-19 13:27:12,25.2,621.8,130.31,12.4,8.8,33.56,7.06,6.1,55.97
2026-07-19 13:41:25,24.93,636.4,101.34,37.5,7.93,14.61,20.95,1.35,55.74
2026-07-19 13:50:14,25.03,661.4,104.72,33.4,12.84,32.22,20.03,1.8,53.68
2026-07-19 14:02:13,24.69,620.7,93.72,10.6,8.25,27.85,8.63,4.19,53.44
2026-07-19 14:15:42,24.43,568.9,107.85,5.5,10.51,21.57,15.89,0.84,56.57
2026-07-19 14:25:36,24.38,647.5,105.66,5.5,8.99,40.22,16.97,9.22,54.13
2026-07-19 14:35:17,23.79,580.7,85.56,16.4,1.32,28.54,13.96,1.93,54.17
2026-07-19 14:45:41,24.2,571.8,101.18,27.0,6.92,25.38,19.91,3.03,52.61
2026-07-19 14:55:23,24.22,569.8,103.63,21.5,12.9,15.94,12.39,0.18,55.9
2026-07-19 15:06:17,24.07,528.9,105.85,22.2,9.04,28.16,20.07,2.61,54.28
2026-07-19 15:21:02,23.94,513.8,69.8,25.8,10.02,26.74,16.87,4.76,49.5
2026-07-19 15:34:50,24.14,497.1,103.28,14.8,14.09,29.33,12.19,5.1,51.92
2026-07-19 15:41:57,23.67,563.2,68.23,27.4,1.9,25.52,16.7,1.49,54.38
2026-07-19 15:54:13,23.16,584.2,84.56,15.7,13.25,21.29,19.84,13.95,53.85
2026-07-19 16:08:33,23.15,498.1,91.57,38.8,13.08,31.72,16.31,4.15,55.21
2026-07-19 16:18:48,23.07,499.5,62.78,26.2,7.6,24.62,16.83,2.51,55.57
2026-07-19 16:29:24,22.87,515.0,80.57,31.0,10.87,26.15,15.96,2.7,52.45
2026-07-19 16:40:11,23.05,435.9,62.29,5.8,11.21,25.1,11.57,7.98,54.51
2026-07-19 16:53:53,23.39,452.7,69.86,10.5,13.82,17.02,18.53,2.08,52.88
2026-07-19 16:59:05,22.2,457.8,59.82,17.0,6.19,25.65,13.41,7.39,53.98
2026-07-19 17:05:04,22.37,413.9,76.68,15.0,10.34,25.86,19.6,2.43,49.14
2026-07-19 17:13:44,23.44,525.3,51.52,36.4,10.7,22.43,10.27,7.07,49.46
2026-07-19 17:25:11,22.45,454.7,65.49,23.6,13.13,25.34,16.3,4.24,49.23
2026-07-19 17:37:31,21.96,394.0,58.13,33.0,8.9,24.94,16.19,6.82,49.53
2026-07-19 17:46:24,22.42,434.6,58.1,31.4,12.44,30.09,12.86,10.28,49.79
2026-07-19 17:59:28,21.19,356.3,57.54,11.4,7.8,31.23,13.94,10.36,46.82
2026-07-19 18:11:14,21.37,447.2,44.84,34.8,16.57,16.52,19.25,1.8,50.69
2026-07-19 18:18:54,21.91,360.4,54.46,20.7,11.77,27.15,15.83,7.31,52.59
2026-07-19 18:29:46,22.14,418.6,46.98,8.9,15.29,25.8,13.59,1.29,49.65
2026-07-19 18:40:29,21.82,376.8,61.35,21.1,6.9,23.09,15.28,13.78,49.42
2026-07-19 18:47:14,22.12,370.9,58.13,24.6,13.9,25.37,20.7,17.44,46.3
2026-07-19 18:52:39,21.38,376.1,69.54,17.8,12.25,31.89,22.91,4.31,49.73
2026-07-19 19:03:39,20.82,323.3,72.54,27.8,6.42,25.53,13.46,4.23,48.79
2026-07-19 19:17:45,21.08,291.6,65.43,36.9,10.69,28.25,17.66,2.32,47.74
2026-07-19 19:28:42,20.72,302.5,71.38,10.3,7.19,20.01,18.96,0.76,44.39
2026-07-19 19:37:57,20.69,352.1,76.73,18.0,7.71,26.82,13.78,4.66,47.4
2026-07-19 19:46:11,21.0,289.6,87.73,13.1,10.11,29.07,23.21,0.67,47.03
2026-07-19 19:54:28,20.97,342.3,88.41,22.9,8.76,22.93,20.85,0.01,46.57
2026-07-19 20:01:09,20.29,297.4,77.13,12.2,12.54,22.57,9.5,2.3,46.03
2026-07-19 20:09:54,19.83,329.1,69.53,36.1,10.51,29.67,23.01,23.97,45.01
2026-07-19 20:16:38,20.28,267.4,76.72,5.8,8.14,23.54,18.89,11.38,51.49
2026-07-19 20:28:45,20.61,199.5,79.02,17.9,13.44,23.81,16.29,0.16,48.42
2026-07-19 20:43:14,20.27,216.4,56.98,31.7,8.42,22.82,12.41,6.07,45.89
2026-07-19 20:52:43,18.95,254.7,81.32,17.2,13.95,24.9,16.95,2.1,45.21
2026-07-19 21:04:43,20.35,272.7,100.85,23.4,8.74,24.33,9.46,0.06,44.19
2026-07-19 21:18:11,19.55,200.2,74.03,37.1,10.06,29.74,7.8,13.1,44.2
2026-07-19 21:23:55,19.59,198.7,83.04,21.0,5.84,25.66,19.55,1.25,40.4
2026-07-19 21:32:05,19.11,219.5,106.97,29.4,12.26,30.84,19.16,2.92,43.03
2026-07-19 21:46:47,20.03,287.2,95.76,32.7,14.26,30.61,12.99,7.8,44.88
2026-07-19 21:58:44,19.93,202.3,108.3,13.2,6.99,22.0,18.97,1.79,43.2
2026-07-19 22:09:05,19.08,217.1,94.76,10.5,5.95,25.22,13.74,16.15,46.7
2026-07-19 22:19:47,19.04,226.5,98.46,17.3,13.33,26.88,18.63,2.73,45.32
2026-07-19 22:29:45,19.16,148.7,105.87,26.4,11.03,23.55,12.36,1.89,44.64
2026-07-19 22:35:13,18.71,221.0,107.35,39.9,13.88,11.28,16.32,5.61,44.34
2026-07-19 22:48:41,19.31,179.4,114.08,36.0,12.86,26.24,12.04,3.46,39.8
2026-07-19 22:58:27,20.03,194.1,105.01,36.5,11.75,25.64,15.29,6.03,45.62
2026-07-19 23:12:09,18.63,171.0,110.41,31.8,10.52,34.89,11.6,0.11,43.98
2026-07-19 23:18:29,18.55,168.7,121.56,9.0,10.13,24.07,12.9,2.62,47.91
2026-07-19 23:24:43,19.11,118.9,104.12,16.9,8.85,18.61,14.78,3.64,42.16
2026-07-19 23:34:46,18.51,174.1,93.78,39.3,14.01,20.94,13.44,1.21,44.04
2026-07-19 23:49:04,18.36,171.0,98.09,9.8,11.32,18.27,17.95,2.73,45.66
2026-07-20 00:00:07,18.72,107.4,121.21,23.8,6.89,25.06,12.54,6.21,43.56
2026-07-20 00:07:11,18.06,123.1,120.88,5.7,9.58,20.48,11.25,10.87,41.5
2026-07-20 00:21:40,18.69,187.9,103.7,21.1,6.3,29.04,14.41,2.72,41.18
2026-07-20 00:27:25,17.65,182.8,98.78,31.3,10.05,35.54,12.88,1.12,42.53
2026-07-20 00:41:44,19.05,125.9,82.21,26.8,12.94,22.47,17.07,2.77,43.48
2026-07-20 00:49:49,18.54,162.5,97.8,14.8,12.17,25.09,15.63,5.91,45.92
2026-07-20 01:04:05,18.56,170.9,129.27,39.1,9.59,33.18,19.57,8.42,45.98
2026-07-20 01:17:48,20.11,212.4,112.03,34.5,10.27,20.34,9.95,6.96,42.8
2026-07-20 01:29:45,19.0,161.4,101.76,12.7,11.25,29.35,9.73,4.97,40.62
2026-07-20 01:42:11,18.4,183.9,99.71,10.1,10.81,21.44,16.85,4.61,44.32
2026-07-20 01:53:15,18.84,222.2,106.4,17.2,5.35,26.99,13.44,0.87,44.13
2026-07-20 02:02:55,19.3,192.1,96.8,35.0,10.75,17.5,17.48,8.23,40.5
2026-07-20 02:11:50,19.59,182.7,81.9,31.1,10.21,7.99,20.93,3.84,46.4
2026-07-20 02:23:25,19.93,182.5,97.38,34.6,5.38,34.58,10.03,4.44,46.03
2026-07-20 02:30:49,19.62,116.2,98.73,34.7,13.79,21.11,19.0,2.1,48.44
2026-07-20 02:37:13,19.71,238.3,91.91,23.9,8.49,30.73,17.06,5.58,45.48
2026-07-20 02:49:37,19.45,300.0,114.14,36.7,9.71,15.67,14.16,30.96,43.25
2026-07-20 02:56:26,20.15,233.5,113.52,23.1,8.74,26.66,17.64,14.11,51.54
2026-07-20 03:01:56,20.73,256.9,121.01,9.3,10.28,21.9,13.7,15.47,47.86
2026-07-20 03:15:54,19.58,253.4,100.02,7.1,7.89,29.39,21.72,5.28,44.59
2026-07-20 03:28:40,19.5,244.7,86.76,22.3,11.13,35.57,10.77,20.72,43.87
2026-07-20 03:41:58,20.62,326.9,77.19,28.5,11.49,24.45,15.89,1.92,47.32
2026-07-20 03:53:12,20.97,326.4,90.65,8.5,7.94,27.44,10.26,16.36,45.3
2026-07-20 04:01:43,20.61,285.1,68.39,10.6,7.11,19.72,22.61,11.74,46.53
2026-07-20 04:08:13,21.27,233.1,74.71,5.3,11.85,25.99,8.82,15.3,50.43
2026-07-20 04:19:43,21.16,263.6,67.1,12.3,14.19,27.2,15.94,2.21,48.82
2026-07-20 04:29:59,20.74,337.5,79.31,36.7,16.82,26.49,12.97,0.24,45.85
2026-07-20 04:37:17,21.63,288.8,67.12,14.4,9.76,25.68,9.99,10.31,48.62
2026-07-20 04:49:42,20.45,316.5,80.94,26.4,11.18,20.75,19.12,7.24,48.9
2026-07-20 04:55:03,21.24,349.9,77.12,33.8,5.12,20.39,15.32,0.93,47.77
2026-07-20 05:05:40,21.25,351.9,65.75,22.3,12.7,26.99,14.4,2.09,51.33
2026-07-20 05:18:28,21.85,393.0,52.91,9.2,13.31,27.98,5.07,1.12,48.8
2026-07-20 05:23:29,21.26,360.7,57.05,36.9,1.83,11.38,15.97,0.41,44.62
2026-07-20 05:31:54,21.62,347.5,55.68,10.1,12.29,28.09,16.47,0.09,52.44
2026-07-20 05:39:15,20.55,356.2,47.04,27.0,13.75,26.28,17.27,6.6,52.4
2026-07-20 05:47:56,21.04,438.2,44.08,8.0,11.44,18.6,15.95,1.75,51.42
2026-07-20 05:55:25,21.88,375.9,41.83,24.2,11.06,25.26,19.88,6.46,46.34
2026-07-20 06:03:30,21.65,427.6,46.18,25.4,8.54,24.95,15.33,0.34,47.88
2026-07-20 06:14:02,22.09,446.8,69.03,37.5,4.35,21.81,15.48,0.97,50.14
2026-07-20 06:21:53,22.05,417.2,36.1,22.0,10.05,31.92,13.1,6.15,48.37
2026-07-20 06:36:12,22.35,417.4,67.58,18.3,9.72,22.95,16.1,3.26,53.5
2026-07-20 06:47:54,22.53,463.3,52.89,10.4,9.62,30.14,9.56,4.53,49.86
2026-07-20 06:54:22,22.32,497.3,63.83,30.8,10.69,30.83,14.56,6.67,53.46
2026-07-20 07:02:23,22.44,409.3,60.03,36.4,12.56,22.05,14.87,1.17,51.38
2026-07-20 07:17:05,23.45,494.5,52.65,39.0,10.16,29.11,17.55,1.44,50.98
2026-07-20 07:26:55,23.41,470.6,74.81,38.6,9.39,23.44,20.01,5.72,51.21
2026-07-20 07:36:53,23.29,474.6,73.51,7.0,7.57,22.72,14.73,1.86,51.08
2026-07-20 07:49:51,23.34,585.3,69.56,19.9,12.04,29.98,16.6,5.16,53.5
2026-07-20 07:56:37,23.03,490.3,85.63,28.9,10.76,23.92,19.05,1.24,54.61
2026-07-20 08:06:45,23.52,511.9,87.77,12.1,3.02,25.09,18.11,7.59,53.21
2026-07-20 08:15:51,23.76,536.6,65.48,25.9,16.05,30.18,9.83,13.23,53.72
2026-07-20 08:30:32,23.23,593.8,80.64,9.2,6.56,21.72,13.22,7.0,55.51
2026-07-20 08:39:11,24.07,548.9,86.49,17.1,12.8,30.6,12.49,5.46,54.13
2026-07-20 08:51:34,23.5,582.3,81.63,25.6,2.85,21.88,15.2,2.76,52.4
2026-07-20 08:56:42,24.34,577.8,101.86,39.9,9.94,30.14,13.91,2.66,57.82
2026-07-20 09:05:18,24.52,557.6,89.47,29.4,10.05,25.88,19.64,0.34,55.08
2026-07-20 09:11:38,24.57,578.7,99.57,38.4,6.65,23.21,13.98,4.27,51.9
2026-07-20 09:19:26,23.61,602.9,89.16,20.3,15.48,25.78,9.84,6.45,56.93
2026-07-20 09:33:23,25.08,596.8,116.28,7.8,9.91,20.95,13.33,1.54,58.37
2026-07-20 09:41:23,24.17,538.9,87.67,13.3,7.62,34.54,17.59,7.86,57.69
2026-07-20 09:49:20,24.73,628.5,99.18,8.9,14.37,30.42,12.36,4.2,54.93
2026-07-20 10:00:51,24.21,575.8,109.48,32.6,12.43,25.6,9.41,1.27,54.49
2026-07-20 10:08:52,24.53,618.1,103.25,6.2,8.06,25.92,16.98,16.81,55.41
2026-07-20 10:16:37,24.8,617.4,105.85,5.3,10.32,16.61,14.46,0.32,55.32
2026-07-20 10:24:17,24.7,628.5,91.81,17.0,8.96,20.98,16.63,3.73,56.64
2026-07-20 10:32:52,24.52,614.1,114.25,39.4,11.24,31.65,11.24,9.42,57.58
2026-07-20 10:39:27,24.24,617.2,98.77,30.1,9.92,24.8,21.42,4.13,52.83
2026-07-20 10:46:44,25.57,634.4,107.26,9.4,12.12,23.1,4.15,0.38,53.1
2026-07-20 10:54:37,24.81,628.0,115.94,7.6,9.48,25.09,11.64,5.32,57.89
2026-07-20 11:00:02,25.09,650.0,109.11,10.3,8.53,25.95,9.42,1.37,54.05
2026-07-20 11:08:34,25.0,634.4,106.88,28.0,2.49,21.96,15.53,6.02,53.11
2026-07-20 11:23:17,24.45,620.9,120.17,20.8,10.65,33.5,15.4,5.06,54.51
2026-07-20 11:36:07,24.95,628.0,101.12,37.2,10.6,23.61,1.31,5.7,56.18
2026-07-20 11:43:35,25.68,614.7,109.57,8.5,10.51,20.72,8.58,2.34,57.95
2026-07-20 11:55:06,25.18,634.7,122.02,7.3,11.97,30.19,20.47,1.49,57.38
2026-07-20 12:08:00,24.58,661.2,107.9,37.2,9.39,31.11,8.13,18.56,56.5
2026-07-20 12:16:44,24.76,635.0,111.06,34.4,15.95,22.2,26.89,0.48,56.31
2026-07-20 12:31:34,25.4,623.7,118.79,39.2,15.71,23.67,14.09,0.79,53.45
2026-07-20 12:44:28,24.82,648.3,105.68,35.2,10.05,17.1,22.9,2.94,57.55
2026-07-20 12:54:49,24.82,617.9,119.48,37.7,11.31,26.38,19.56,1.1,55.36
2026-07-20 13:01:40,24.24,582.6,90.26,16.0,9.71,18.59,14.16,3.16,52.51
2026-07-20 13:13:03,24.34,590.2,112.02,38.9,10.09,24.36,9.64,7.7,58.6
2026-07-20 13:24:27,25.24,592.9,100.7,33.2,10.69,25.02,12.57,6.29,56.48
2026-07-20 13:32:39,25.4,629.4,108.61,8.5,8.15,28.0,23.76,39.01,55.16
2026-07-20 13:44:09,25.05,637.1,81.99,28.3,7.16,17.63,15.19,0.07,57.3
2026-07-20 13:52:09,24.59,636.7,104.83,6.2,12.16,27.14,13.22,2.98,55.16
2026-07-20 14:00:34,24.53,575.3,105.16,9.5,3.86,24.63,17.02,0.1,56.19
2026-07-20 14:14:31,24.65,583.7,87.03,14.5,13.98,34.34,16.77,14.1,53.83
2026-07-20 14:26:11,24.97,578.9,91.14,8.8,10.3,24.16,15.58,3.01,54.26
2026-07-20 14:36:34,23.94,567.7,100.2,9.5,11.58,28.77,11.37,0.66,57.81
2026-07-20 14:49:56,23.95,569.4,96.79,11.0,13.15,22.45,15.77,2.46,51.59
2026-07-20 15:01:23,24.9,599.4,72.57,26.8,8.4,33.9,16.02,2.76,56.21
2026-07-20 15:09:43,23.96,545.9,106.05,35.3,13.09,17.78,15.86,5.97,55.68
2026-07-20 15:16:35,23.78,520.4,70.0,8.9,4.63,21.85,15.07,6.26,53.43
2026-07-20 15:24:32,23.34,585.2,90.56,36.2,6.58,26.58,11.92,13.22,53.98
2026-07-20 15:33:02,24.17,529.4,90.45,15.5,12.12,18.05,20.62,15.52,52.74
2026-07-20 15:45:00,23.39,521.7,93.09,19.3,11.31,28.56,15.46,9.08,52.4
2026-07-20 15:57:32,23.16,466.4,81.06,5.3,8.16,19.56,8.99,1.35,53.77
2026-07-20 16:05:52,22.26,558.1,76.58,28.5,5.21,16.45,14.24,1.03,49.15
2026-07-20 16:19:25,22.85,530.7,84.52,29.0,13.7,25.59,11.45,0.6,49.91
2026-07-20 16:29:21,22.6,422.3,74.6,38.3,9.17,21.38,14.83,0.14,50.09
2026-07-20 16:34:36,23.47,438.8,70.04,21.8,8.41,32.58,21.45,2.17,52.58
2026-07-20 16:41:20,23.32,449.0,65.41,32.3,5.84,22.02,14.01,1.23,52.18
2026-07-20 16:55:22,23.4,464.7,80.98,11.4,14.34,20.91,12.86,6.23,53.73
2026-07-20 17:03:12,23.16,433.2,68.71,12.5,11.28,22.44,14.92,5.76,49.13
2026-07-20 17:08:42,22.13,397.5,75.94,7.7,9.55,22.38,18.74,13.18,51.65
2026-07-20 17:23:40,21.86,494.9,42.05,6.0,11.21,28.41,13.98,10.84,50.74
2026-07-20 17:29:45,22.25,413.5,62.54,20.1,10.61,19.4,19.65,2.18,48.3
2026-07-20 17:42:21,22.18,421.6,56.67,13.6,9.74,15.8,16.75,0.96,48.8
2026-07-20 17:49:18,22.4,349.2,41.56,39.3,7.77,22.88,17.45,2.69,52.88
2026-07-20 18:01:53,21.6,390.7,40.09,15.2,7.93,29.35,15.24,5.24,52.19
2026-07-20 18:10:04,21.82,346.7,56.65,16.6,8.67,22.83,11.12,0.47,46.75
2026-07-20 18:25:02,21.46,366.3,32.95,19.2,4.62,21.22,11.04,3.46,47.83
2026-07-20 18:35:17,21.16,359.2,45.93,10.2,15.94,27.66,12.03,0.51,48.65
2026-07-20 18:40:20,20.49,334.6,58.06,35.9,15.59,29.85,14.48,2.74,50.33
2026-07-20 18:47:34,21.94,351.4,52.73,22.8,12.45,29.59,21.15,5.49,46.73
2026-07-20 18:57:21,20.46,346.2,54.64,21.0,14.05,25.14,11.81,9.05,50.26
2026-07-20 19:11:52,20.97,310.7,68.25,14.4,11.32,24.0,12.73,0.26,50.12
2026-07-20 19:17:55,20.79,317.8,54.01,11.4,8.52,26.77,17.62,0.36,46.22
2026-07-20 19:30:55,20.93,264.5,54.71,12.9,6.69,23.03,20.67,5.4,46.36
2026-07-20 19:41:08,19.92,318.6,59.5,15.5,4.26,32.16,18.72,21.87,46.8
2026-07-20 19:50:31,20.64,270.4,80.77,34.1,9.66,25.34,9.01,17.7,47.22
2026-07-20 19:58:37,20.8,257.1,63.53,13.3,13.55,22.39,20.18,2.3,47.92
2026-07-20 20:04:24,20.28,268.2,95.82,36.2,10.46,19.65,16.08,17.49,48.21
2026-07-20 20:12:54,19.89,295.8,69.3,19.3,11.96,21.2,19.48,0.93,47.19
2026-07-20 20:25:07,19.72,268.2,77.57,11.8,10.81,27.11,16.83,6.47,46.76
2026-07-20 20:33:46,20.67,250.9,84.78,20.2,9.83,28.88,8.2,3.68,49.57
2026-07-20 20:44:21,20.09,244.6,103.2,12.6,11.49,28.44,16.16,13.55,42.99
2026-07-20 20:56:57,20.39,206.6,75.82,13.8,9.68,25.35,13.87,3.75,47.32
2026-07-20 21:07:31,19.65,240.5,105.07,37.7,12.35,33.68,19.02,1.44,42.94
2026-07-20 21:21:42,20.03,260.0,98.25,18.4,12.57,24.69,12.96,6.23,48.8
2026-07-20 21:36:07,19.9,208.1,101.21,39.6,8.42,19.3,24.89,13.53,45.36
2026-07-20 21:50:32,18.92,172.7,88.9,13.0,11.87,25.21,8.35,9.56,47.86
2026-07-20 22:05:27,19.59,208.3,112.72,16.9,14.0,23.29,20.53,2.72,45.53
2026-07-20 22:15:12,19.17,130.9,128.49,18.9,6.85,27.36,7.24,5.09,44.71
2026-07-20 22:25:33,19.53,148.6,102.9,37.0,6.99,24.75,20.02,10.8,44.0
2026-07-20 22:38:37,19.0,168.7,119.73,20.3,5.29,28.2,21.49,1.5,45.29
2026-07-20 22:49:17,19.18,127.7,109.64,24.1,8.98,23.63,13.22,4.38,44.81
