timestamp,T,CO2,VOC,NO2,PMS1,PMS10,PMS2_5,C2H5OH,H,subject_id,HR_BPM,SDNN_ms,RMSSD_ms,PPG_amplitude,SpO2_pct,ECG_RR_interval,_load_symp_activation,_load_thermo_load,_load_cerebral_bf,_load_oxidative_stress,_load_systemic_inflam,_load_neurotoxic,_load_thermal_comfort
2026-07-15 02:55:55,18.52,346.2,115.48,11.5,20.03,40.78,31.12,3.81,56.18,SUBJ_002,62.4,16.18,59.05,0.8825,97.7,985.81,-0.3402,0.0,-0.1076,9.791,5.8515,0.3802,0.559
2026-07-15 03:02:50,18.61,310.6,94.27,9.3,15.71,39.78,29.43,0.0,58.2,SUBJ_002,62.8,19.43,59.54,0.8138,97.7,963.28,-0.3606,0.0,-0.1788,8.9035,5.3233,0.3104,0.66
2026-07-15 03:12:01,18.29,373.6,83.67,15.1,15.17,23.29,25.83,1.79,61.39,SUBJ_002,63.2,23.98,58.9,0.7515,97.7,920.39,-0.2304,0.0,-0.0528,7.0823,4.2327,0.2755,0.8195
2026-07-15 03:19:58,18.89,347.3,98.85,8.0,17.13,31.06,27.91,4.18,63.39,SUBJ_002,63.5,21.01,59.04,0.7129,97.6,912.17,-0.293,0.0,-0.1054,8.1527,4.8718,0.3254,0.9195
2026-07-15 03:26:06,18.89,369.1,92.09,15.5,16.49,32.41,27.22,1.51,67.33,SUBJ_002,63.9,21.18,58.45,0.6483,97.6,958.27,-0.2559,0.233,-0.0618,7.7942,4.6581,0.3032,1.1165
2026-07-15 03:32:37,18.86,347.0,78.8,14.1,15.44,31.59,26.76,3.46,69.18,SUBJ_002,64.0,21.83,58.44,0.6678,97.6,931.94,-0.2769,0.418,-0.106,7.5376,4.5068,0.2594,1.209
2026-07-15 03:37:35,19.43,339.0,62.88,7.8,11.62,29.98,24.25,5.58,71.24,SUBJ_002,64.1,25.17,58.14,0.6773,97.7,924.04,-0.2511,0.624,-0.122,6.2508,3.7379,0.207,1.312
2026-07-15 03:42:53,19.3,357.1,71.52,4.9,16.9,31.99,29.3,5.68,74.93,SUBJ_002,64.2,16.64,57.55,0.6755,97.7,896.06,-0.3006,0.993,-0.0858,8.793,5.2615,0.2355,1.4965
2026-07-15 03:47:00,19.55,563.7,79.12,19.3,15.73,26.36,29.99,4.32,75.22,SUBJ_002,64.8,13.15,55.76,0.6724,97.6,916.66,-0.0522,1.022,0.3274,9.1532,5.4761,0.2605,1.511
2026-07-15 03:55:55,19.4,431.4,93.57,18.8,16.52,34.77,30.73,0.86,76.13,SUBJ_002,64.9,12.94,56.47,0.6697,97.6,884.75,-0.2281,1.113,0.0628,9.5521,5.7126,0.308,1.5565
2026-07-15 04:01:34,19.26,451.2,86.2,14.2,13.46,30.08,20.49,1.07,73.12,SUBJ_002,64.6,28.01,56.15,0.6737,97.6,932.37,-0.0572,0.812,0.1024,4.4174,2.6332,0.2838,1.406
2026-07-15 04:04:43,19.59,531.0,72.81,11.8,11.61,24.9,20.43,1.18,75.11,SUBJ_002,64.4,26.95,55.33,0.6716,97.6,942.45,0.0434,1.011,0.262,4.3606,2.6018,0.2397,1.5055
2026-07-15 04:09:21,19.25,350.1,60.23,3.9,11.37,22.04,22.04,15.41,75.74,SUBJ_002,64.2,26.81,57.0,0.716,97.6,941.63,-0.2057,1.074,-0.0998,5.1405,3.0722,0.1983,1.537
2026-07-15 04:18:41,19.94,414.8,99.52,12.0,17.7,40.95,29.53,0.49,75.42,SUBJ_002,64.3,14.85,56.54,0.7287,97.6,948.33,-0.2317,1.042,0.0296,8.964,5.3585,0.3276,1.521
2026-07-15 04:22:55,19.65,397.4,76.46,14.2,18.55,25.89,25.33,0.92,76.66,SUBJ_002,64.6,21.06,56.45,0.7576,97.6,921.04,-0.1935,1.166,-0.0052,6.8179,4.0755,0.2517,1.583
2026-07-15 04:25:59,19.82,555.1,72.39,15.2,15.37,31.37,27.32,0.91,76.13,SUBJ_002,65.2,16.84,55.53,0.7737,97.6,935.61,-0.0248,1.113,0.3102,7.8048,4.6684,0.2383,1.5565
2026-07-15 04:29:01,19.7,348.8,82.31,4.2,14.21,21.15,29.27,3.35,77.05,SUBJ_002,65.5,15.86,57.01,0.765,97.6,892.58,-0.3105,1.205,-0.1024,8.7996,5.2633,0.271,1.6025
2026-07-15 04:33:18,20.04,513.8,66.05,10.5,11.97,23.44,25.89,1.49,75.63,SUBJ_002,65.5,19.58,55.94,0.7709,97.6,914.3,-0.056,1.063,0.2276,7.0771,4.233,0.2174,1.5315
2026-07-15 04:41:22,19.81,447.6,67.26,11.9,11.55,29.98,20.66,1.09,75.64,SUBJ_002,65.2,27.52,56.01,0.7847,97.6,951.14,-0.0641,1.064,0.0952,4.4645,2.6653,0.2214,1.532
2026-07-15 04:50:48,20.32,404.2,85.29,9.8,13.53,27.94,32.51,5.68,73.31,SUBJ_002,65.3,11.83,57.54,0.7556,97.6,925.16,-0.2875,0.831,0.0084,10.4256,6.2383,0.2808,1.4155
2026-07-15 04:57:43,20.52,494.9,78.2,17.6,12.92,27.97,27.11,0.0,71.88,SUBJ_002,65.7,18.93,56.75,0.7324,97.6,886.94,-0.0971,0.688,0.1898,7.7114,4.6112,0.2574,1.344
2026-07-15 05:00:21,19.93,447.2,64.88,5.9,14.17,35.32,27.24,1.53,69.02,SUBJ_002,65.9,20.46,57.94,0.6856,97.6,930.32,-0.1586,0.402,0.0944,7.7498,4.6369,0.2136,1.201
2026-07-15 05:05:24,20.13,590.8,70.51,19.8,12.35,21.61,24.95,2.12,71.3,SUBJ_002,65.6,21.24,56.03,0.6938,97.6,927.92,0.0536,0.63,0.3816,6.616,3.9555,0.2321,1.315
2026-07-15 05:10:26,20.32,770.6,67.74,8.5,15.85,34.01,23.27,1.18,70.91,SUBJ_002,65.8,21.79,54.57,0.7096,97.6,913.62,0.3024,0.591,0.7412,5.7705,3.4487,0.223,1.2955
2026-07-15 05:14:12,20.07,522.4,52.51,13.2,9.51,27.29,17.6,4.92,72.83,SUBJ_002,65.5,32.16,55.95,0.7671,97.6,930.63,0.0731,0.783,0.2448,2.905,1.7325,0.1729,1.3915
2026-07-15 05:19:50,20.51,416.1,59.58,11.4,14.97,28.01,26.87,5.93,71.49,SUBJ_002,65.4,20.7,57.75,0.7531,97.6,918.07,-0.1921,0.649,0.0322,7.5542,4.5206,0.1961,1.3245
2026-07-15 05:23:11,20.82,583.6,61.97,19.3,13.86,28.8,21.71,3.14,69.94,SUBJ_002,65.5,26.43,56.23,0.7721,97.6,927.98,0.0909,0.494,0.3672,4.9789,2.975,0.204,1.247
2026-07-15 05:31:00,20.74,463.2,58.41,13.4,6.97,29.56,12.05,1.05,71.08,SUBJ_002,64.9,40.88,56.2,0.8029,97.7,922.84,0.0783,0.608,0.1264,0.1418,0.0734,0.1923,1.304
2026-07-15 05:37:40,20.97,490.7,64.52,5.0,12.27,28.79,26.45,3.25,68.91,SUBJ_002,64.8,21.13,57.55,0.7748,97.7,937.61,-0.0929,0.391,0.1814,7.354,4.3995,0.2124,1.1955
2026-07-15 05:46:51,20.46,428.0,57.71,15.6,10.89,32.7,20.64,3.96,68.92,SUBJ_002,64.5,30.03,57.66,0.7945,97.7,916.01,-0.0883,0.392,0.056,4.4354,2.6497,0.19,1.196
2026-07-15 05:49:05,20.78,505.5,63.64,7.9,12.13,30.66,23.44,0.64,68.26,SUBJ_002,64.4,25.36,57.31,0.7512,97.8,944.53,-0.0314,0.326,0.211,5.8473,3.4956,0.2095,1.163
2026-07-15 05:55:32,21.14,526.6,61.76,12.2,14.43,34.26,24.36,4.27,67.37,SUBJ_002,64.5,24.17,57.43,0.7332,97.8,923.43,-0.0182,0.237,0.2532,6.3035,3.7698,0.2033,1.1185
2026-07-15 05:58:41,20.8,440.6,48.59,12.5,7.85,16.05,17.97,2.09,67.69,SUBJ_002,64.5,34.19,57.73,0.7527,97.8,958.54,-0.0345,0.269,0.0812,3.0822,1.8396,0.16,1.1345
2026-07-15 06:07:23,21.1,506.6,38.19,11.0,7.66,28.03,15.25,0.92,66.5,SUBJ_002,64.6,37.86,57.37,0.8011,97.7,955.69,0.0869,0.15,0.2132,1.7014,1.0132,0.1257,1.075
2026-07-15 06:14:57,21.52,484.7,30.77,15.8,10.01,24.43,17.81,0.85,64.27,SUBJ_002,64.1,35.19,58.19,0.8076,97.7,946.83,0.0229,0.0,0.1694,2.9665,1.7738,0.1013,0.9635
2026-07-15 06:21:27,21.15,518.0,42.7,10.0,5.76,16.61,16.99,5.51,63.38,SUBJ_002,64.3,35.67,57.66,0.8092,97.7,925.54,0.0763,0.0,0.236,2.5804,1.5397,0.1406,0.919
2026-07-15 06:30:38,22.1,654.2,22.06,12.5,12.53,30.96,22.92,3.08,60.44,SUBJ_002,64.7,25.31,56.56,0.7751,97.7,936.99,0.2629,0.12,0.5084,5.5041,3.2981,0.0726,0.802
2026-07-15 06:34:07,21.81,574.8,49.47,19.5,9.02,21.79,17.34,1.37,58.19,SUBJ_002,64.7,34.41,57.12,0.7619,97.7,939.42,0.1423,0.0,0.3496,2.7689,1.6515,0.1629,0.6595
2026-07-15 06:37:44,21.62,735.6,49.89,10.3,10.09,25.02,26.14,7.67,56.21,SUBJ_002,64.9,20.45,56.57,0.7147,97.7,938.39,0.2177,0.0,0.6712,7.1698,4.2919,0.1642,0.5605
2026-07-15 06:42:01,21.77,614.3,53.55,12.5,10.78,30.01,21.35,6.03,56.03,SUBJ_002,64.8,28.32,57.08,0.7205,97.7,930.53,0.1344,0.0,0.4286,4.7821,2.8586,0.1763,0.5515
2026-07-15 06:46:55,21.94,511.1,40.97,20.7,7.7,23.26,23.67,1.64,56.36,SUBJ_002,64.7,26.55,58.31,0.6841,97.6,916.59,-0.0277,0.0,0.2222,5.9169,3.542,0.1349,0.568
2026-07-15 06:50:09,22.11,600.7,47.52,16.0,15.24,28.2,25.46,1.96,55.18,SUBJ_002,65.1,21.64,56.71,0.6686,97.6,932.06,0.1698,0.132,0.4014,6.825,4.0855,0.1564,0.542
2026-07-15 06:52:42,21.8,613.4,40.94,14.0,9.14,33.15,21.27,0.24,51.86,SUBJ_002,65.3,28.77,57.28,0.6777,97.6,940.38,0.1344,0.0,0.4268,4.7169,2.8219,0.1348,0.343
2026-07-15 06:56:01,21.71,519.2,45.97,10.6,12.36,29.41,23.98,2.31,49.86,SUBJ_002,65.4,25.92,58.19,0.6737,97.6,919.49,-0.022,0.0,0.2384,6.0819,3.64,0.1513,0.243
2026-07-15 07:02:14,21.63,657.4,42.39,9.9,9.48,25.12,22.96,1.25,49.92,SUBJ_002,65.2,25.92,57.05,0.6628,97.6,893.21,0.1653,0.0,0.5148,5.5648,3.3304,0.1396,0.246
2026-07-15 07:07:23,22.08,593.9,67.5,9.5,6.7,25.06,24.37,3.44,47.93,SUBJ_002,65.1,23.1,56.59,0.6791,97.5,919.27,0.1466,0.096,0.3878,6.32,3.7785,0.2222,0.1705
2026-07-15 07:09:56,22.46,635.2,58.88,16.3,11.71,24.86,20.89,1.26,47.14,SUBJ_002,65.5,23.25,52.89,0.6764,97.5,921.34,0.6317,0.552,0.4704,4.5628,2.7259,0.1938,0.245
2026-07-15 07:17:43,22.79,584.3,52.53,14.4,9.09,26.53,16.1,1.17,46.59,SUBJ_002,65.4,26.75,50.2,0.7132,97.5,929.85,0.9698,0.948,0.3686,2.1551,1.2825,0.1729,0.3165
2026-07-15 07:26:19,21.96,606.9,55.02,20.6,11.05,24.94,18.29,3.84,47.37,SUBJ_002,65.0,32.63,56.85,0.7403,97.6,941.12,0.1688,0.0,0.4138,3.255,1.942,0.1811,0.1185
2026-07-15 07:36:00,22.74,727.7,44.14,21.0,9.55,15.54,28.29,4.05,47.01,SUBJ_002,65.5,10.0,50.65,0.7365,97.5,896.32,0.9246,0.888,0.6554,8.2333,4.9311,0.1453,0.3225
2026-07-15 07:42:35,22.42,622.2,55.77,11.3,14.53,26.26,28.65,2.68,45.01,SUBJ_002,65.7,13.19,54.05,0.7313,97.5,883.7,0.4643,0.504,0.4444,8.4365,5.0508,0.1836,0.1265
2026-07-15 07:51:29,22.49,651.1,59.41,8.3,12.12,28.21,16.99,0.99,42.46,SUBJ_002,65.7,28.12,52.16,0.7483,97.6,910.72,0.7376,0.588,0.5022,2.6138,1.5564,0.1956,0.274
2026-07-15 07:53:52,22.55,644.6,60.02,17.4,10.12,27.09,20.67,1.68,42.21,SUBJ_002,66.0,22.37,52.01,0.7724,97.6,899.85,0.7375,0.66,0.4892,4.455,2.661,0.1976,0.3045
2026-07-15 08:00:51,22.69,727.3,70.07,19.7,12.13,33.26,23.03,1.69,42.19,SUBJ_002,66.2,16.32,50.2,0.7698,97.6,909.82,0.9486,0.828,0.6546,5.6551,3.3791,0.2307,0.3475
2026-07-15 08:05:33,22.42,638.4,69.13,11.0,17.49,30.63,27.03,4.13,43.47,SUBJ_002,66.8,14.92,53.56,0.753,97.5,905.08,0.5077,0.504,0.4768,7.6533,4.5781,0.2276,0.2025
2026-07-15 08:10:59,23.09,664.0,68.38,11.8,13.03,30.18,25.14,1.25,40.8,SUBJ_002,67.1,10.0,47.53,0.7292,97.5,874.69,1.2434,1.308,0.528,6.7068,4.0104,0.2251,0.537
2026-07-15 08:15:54,22.31,685.6,55.78,17.1,10.26,27.04,24.15,1.92,40.53,SUBJ_002,67.2,20.01,54.08,0.7378,97.5,884.51,0.4967,0.372,0.5712,6.1866,3.7008,0.1836,0.3165
2026-07-15 08:20:39,22.53,637.4,68.98,12.7,13.35,26.22,28.05,2.61,39.45,SUBJ_002,67.5,12.23,52.73,0.7307,97.6,865.37,0.603,0.636,0.4748,8.163,4.884,0.2271,0.4365
2026-07-15 08:28:18,22.82,649.1,64.31,22.3,15.0,24.97,30.15,0.82,34.84,SUBJ_002,68.0,10.0,50.44,0.6962,97.6,905.33,0.8806,0.984,0.4982,9.2036,5.5093,0.2117,0.754
2026-07-15 08:36:18,22.81,723.1,75.34,19.1,12.55,28.4,22.41,5.66,34.6,SUBJ_002,67.6,15.67,49.08,0.7,97.6,892.2,1.0735,0.972,0.6462,5.3557,3.1983,0.248,0.763
2026-07-15 08:44:32,23.24,1033.8,79.98,10.1,13.57,27.81,32.48,1.26,34.82,SUBJ_002,68.8,10.0,43.73,0.6718,97.5,896.8,1.7524,1.488,1.2676,10.4,6.224,0.2633,0.881
2026-07-15 08:49:49,24.11,857.9,79.66,11.7,13.56,29.85,26.9,5.42,33.51,SUBJ_002,69.1,10.0,37.31,0.7373,97.6,839.76,2.491,2.532,0.9158,7.6093,4.5497,0.2623,1.2075
2026-07-15 08:55:35,23.29,851.0,79.24,11.2,15.07,28.03,23.78,0.82,32.43,SUBJ_002,69.3,10.0,44.04,0.7601,97.5,856.51,1.6986,1.548,0.902,6.0485,3.6132,0.2609,1.0155
2026-07-15 09:02:14,23.34,819.3,76.78,9.3,10.54,32.98,21.57,0.7,30.71,SUBJ_002,69.4,10.0,43.73,0.7876,97.6,865.0,1.741,1.608,0.8386,4.9386,2.9478,0.2528,1.1165
2026-07-15 09:07:31,23.36,828.4,73.28,13.6,13.18,37.97,31.25,0.0,32.42,SUBJ_002,69.8,10.0,44.37,0.7477,97.6,867.5,1.6344,1.632,0.8568,9.7716,5.8483,0.2413,1.037
2026-07-15 09:15:03,22.96,772.6,85.79,18.1,14.06,27.8,25.63,2.49,30.83,SUBJ_002,70.1,10.0,47.52,0.7243,97.5,860.94,1.2409,1.152,0.7452,6.9866,4.1748,0.2824,0.9965
2026-07-15 09:19:41,23.81,812.7,69.26,16.3,11.94,28.54,24.53,1.61,30.39,SUBJ_002,69.9,10.0,40.18,0.7551,97.5,860.16,2.1653,2.172,0.8254,6.4035,3.8283,0.228,1.2735
2026-07-15 09:29:08,24.0,738.3,78.68,19.6,15.19,25.86,27.36,1.42,27.19,SUBJ_002,70.1,10.0,39.26,0.7825,97.5,861.21,2.2238,2.4,0.6766,7.8374,4.6867,0.259,1.4905
2026-07-15 09:32:04,23.6,730.0,80.9,9.6,13.71,24.42,27.74,0.1,26.73,SUBJ_002,70.2,10.0,42.71,0.7821,97.6,848.78,1.804,1.92,0.66,8.0318,4.8029,0.2663,1.3935
2026-07-15 09:38:31,24.06,750.2,91.89,12.9,16.8,41.19,33.94,7.82,26.95,SUBJ_002,70.5,10.0,39.0,0.7643,97.5,849.63,2.2054,2.472,0.7004,11.1538,6.6739,0.3025,1.5205
2026-07-15 09:42:56,23.42,738.4,82.35,11.4,14.32,23.61,28.39,5.66,22.53,SUBJ_002,70.7,10.0,44.19,0.7698,97.5,837.43,1.6234,1.704,0.6768,8.3597,4.9993,0.2711,1.5495
2026-07-15 09:46:33,23.8,772.8,63.68,13.8,13.27,31.31,27.74,0.93,22.83,SUBJ_002,70.9,10.0,40.95,0.8003,97.5,858.31,2.0595,2.16,0.7456,7.9974,4.7857,0.2096,1.6485
2026-07-15 09:50:44,23.68,737.2,82.34,2.3,17.16,26.03,36.95,3.06,20.83,SUBJ_002,71.3,10.0,42.74,0.7523,97.4,848.7,1.7623,2.016,0.6744,12.6397,7.5673,0.2711,1.7125
2026-07-15 09:56:55,24.22,744.3,88.06,14.0,15.32,35.53,28.36,1.04,20.66,SUBJ_002,71.3,10.0,37.28,0.7414,97.4,850.05,2.4393,2.664,0.6886,8.3561,4.9961,0.2899,1.883
2026-07-15 09:59:44,23.7,807.9,89.36,10.8,17.36,31.95,29.7,1.33,20.0,SUBJ_002,71.6,10.0,41.26,0.7503,97.4,831.7,1.9744,2.04,0.8158,9.0287,5.3994,0.2942,1.76
2026-07-15 10:06:07,23.63,797.8,97.81,13.4,19.13,29.39,31.33,2.51,20.78,SUBJ_002,71.4,10.0,41.93,0.7314,97.4,806.72,1.8678,1.956,0.7956,9.8606,5.8968,0.322,1.7
2026-07-15 10:15:13,23.82,988.2,94.32,9.3,22.07,39.23,34.73,2.03,20.17,SUBJ_002,72.1,10.0,39.14,0.7083,97.4,833.21,2.2492,2.184,1.1764,11.5536,6.9133,0.3105,1.7875
2026-07-15 10:21:54,23.8,752.4,87.33,11.7,19.6,34.88,30.46,0.0,20.0,SUBJ_002,72.6,10.0,40.96,0.7238,97.3,799.6,1.9952,2.16,0.7048,9.4047,5.6253,0.2875,1.79
2026-07-15 10:26:21,23.94,772.8,90.3,26.4,12.57,31.17,26.53,0.0,20.0,SUBJ_002,72.3,10.0,39.23,0.739,97.3,831.73,2.2182,2.328,0.7456,7.4456,4.4493,0.2973,1.832
2026-07-15 10:28:44,23.8,844.3,82.03,6.8,15.1,21.53,27.75,4.97,20.0,SUBJ_002,72.2,10.0,40.08,0.7035,97.3,817.67,2.1487,2.16,0.8886,8.0391,4.807,0.2701,1.79
2026-07-15 10:37:05,23.5,831.6,102.01,19.7,15.11,34.38,23.45,7.89,20.0,SUBJ_002,71.8,10.0,42.02,0.7193,97.3,833.98,1.8912,1.8,0.8632,5.929,3.537,0.3358,1.7
2026-07-15 10:40:29,24.32,818.4,77.69,16.5,12.6,31.1,24.95,2.54,20.0,SUBJ_002,71.8,10.0,35.72,0.7188,97.4,829.45,2.6816,2.784,0.8368,6.6304,3.9627,0.2558,1.946
2026-07-15 10:43:46,24.18,805.3,101.54,10.6,17.45,34.48,31.55,11.32,20.0,SUBJ_002,72.1,10.0,37.18,0.7269,97.4,826.5,2.4296,2.616,0.8106,9.9781,5.9665,0.3343,1.904
2026-07-15 10:48:57,24.24,906.9,99.88,17.9,22.15,33.64,35.64,7.31,20.0,SUBJ_002,72.6,10.0,36.23,0.7324,97.4,842.46,2.5588,2.688,1.0138,12.0198,7.1919,0.3288,1.922
2026-07-15 10:57:01,23.74,815.5,85.14,17.2,14.4,31.67,30.27,4.54,20.0,SUBJ_002,72.1,10.0,40.98,0.7303,97.5,825.11,2.0161,2.088,0.831,9.3053,5.5661,0.2803,1.772
2026-07-15 11:01:58,23.96,855.8,99.86,15.8,19.95,27.77,27.01,2.24,20.0,SUBJ_002,71.6,10.0,38.27,0.7668,97.5,845.76,2.3353,2.352,0.9116,7.7047,4.6029,0.3288,1.838
2026-07-15 11:11:25,23.85,1193.1,93.18,16.5,17.23,25.88,30.17,4.91,20.0,SUBJ_002,72.1,10.0,36.87,0.7652,97.5,832.59,2.6007,2.22,1.5862,9.2714,5.5442,0.3068,1.805
2026-07-15 11:20:15,24.01,899.9,100.07,7.5,19.23,28.53,31.84,2.19,20.0,SUBJ_002,72.1,10.0,37.9,0.7742,97.5,822.57,2.372,2.412,0.9998,10.1201,6.0521,0.3294,1.853
2026-07-15 11:26:55,24.27,790.9,95.52,16.0,17.3,26.6,27.57,4.53,21.58,SUBJ_002,72.1,10.0,36.29,0.8047,97.5,828.25,2.5593,2.724,0.7818,7.976,4.7665,0.3145,1.852
2026-07-15 11:30:36,23.73,787.1,81.69,11.0,14.83,33.76,30.46,4.08,21.18,SUBJ_002,72.0,10.0,41.37,0.7746,97.5,805.34,1.9678,2.076,0.7742,9.3934,5.6197,0.2689,1.71
2026-07-15 11:37:37,24.24,1025.1,114.46,16.2,18.76,32.65,34.78,0.69,20.0,SUBJ_002,72.7,10.0,34.97,0.7461,97.4,815.38,2.7188,2.688,1.2502,11.6189,6.9485,0.3768,1.922
2026-07-15 11:46:16,23.82,857.2,105.39,16.0,17.15,38.23,28.22,2.73,20.0,SUBJ_002,72.6,10.0,39.46,0.7405,97.4,853.25,2.1783,2.184,0.9144,8.3208,4.9714,0.347,1.796
2026-07-15 11:56:12,23.99,816.5,97.89,14.6,17.61,32.84,27.92,2.39,20.0,SUBJ_002,72.5,10.0,38.45,0.7392,97.5,820.69,2.3035,2.388,0.833,8.1558,4.8739,0.3223,1.847
2026-07-15 12:05:31,24.09,818.5,99.44,19.6,15.81,36.37,26.34,3.65,20.0,SUBJ_002,72.5,10.0,37.42,0.7617,97.5,823.3,2.4295,2.508,0.837,7.3689,4.4014,0.3274,1.877
2026-07-15 12:13:45,24.27,773.0,98.07,10.1,15.25,26.99,26.64,14.27,20.0,SUBJ_002,72.6,10.0,36.31,0.7663,97.5,817.31,2.5502,2.724,0.746,7.5161,4.4901,0.3229,1.931
2026-07-15 12:19:42,24.61,854.3,87.01,13.0,12.66,24.11,29.97,0.62,20.0,SUBJ_002,72.7,10.0,33.25,0.781,97.5,837.36,2.9477,3.132,0.9086,9.159,5.478,0.2865,2.033
2026-07-15 12:22:52,24.29,831.5,88.02,11.4,10.72,23.02,25.27,3.54,20.0,SUBJ_002,72.5,10.0,35.72,0.7987,97.5,812.39,2.6631,2.748,0.863,6.811,4.069,0.2898,1.937
2026-07-15 12:32:12,24.27,821.8,78.4,16.1,13.98,31.56,29.97,0.3,20.06,SUBJ_002,72.3,10.0,36.53,0.8053,97.5,830.86,2.5637,2.724,0.8436,9.1418,5.4694,0.2581,1.928
2026-07-15 12:35:24,24.5,921.4,92.28,13.1,16.54,31.24,30.1,1.13,20.0,SUBJ_002,72.4,10.0,33.56,0.8275,97.6,816.15,2.9186,3.0,1.0428,9.2346,5.5223,0.3038,2.0
2026-07-15 12:43:10,24.54,812.5,98.85,26.5,15.79,34.82,31.32,0.0,20.51,SUBJ_002,73.1,10.0,34.1,0.8063,97.5,812.66,2.8055,3.048,0.825,9.8577,5.8948,0.3254,1.9865
2026-07-15 12:45:15,23.78,896.4,93.35,13.0,15.09,40.36,24.01,6.81,20.0,SUBJ_002,73.1,10.0,39.32,0.8205,97.5,824.89,2.247,2.136,0.9928,6.1917,3.6964,0.3073,1.784
2026-07-15 12:52:16,23.8,826.6,106.86,13.2,19.41,29.19,34.6,0.35,20.0,SUBJ_002,73.3,10.0,40.4,0.81,97.5,837.4,2.0288,2.16,0.8532,11.5137,6.8869,0.3518,1.79
2026-07-15 12:57:35,24.36,837.6,89.42,22.5,17.42,28.75,24.59,6.04,20.0,SUBJ_002,73.2,10.0,35.0,0.8421,97.5,822.41,2.7511,2.832,0.8752,6.4738,3.8664,0.2944,1.958
2026-07-15 13:01:38,24.33,789.7,108.01,17.1,21.41,32.92,39.81,0.97,22.11,SUBJ_002,73.5,10.0,36.64,0.7902,97.5,806.78,2.4437,2.796,0.7794,14.121,8.451,0.3556,1.8435
2026-07-15 13:06:17,24.23,769.5,89.19,10.3,12.36,24.53,24.07,1.68,20.04,SUBJ_002,73.0,10.0,36.61,0.826,97.5,810.49,2.5421,2.676,0.739,6.2134,3.7102,0.2936,1.917
2026-07-15 13:10:15,24.58,822.1,77.7,18.2,15.79,32.93,24.35,2.64,20.0,SUBJ_002,73.0,10.0,33.43,0.8355,97.5,820.36,2.9574,3.096,0.8442,6.3304,3.7827,0.2558,2.024
2026-07-15 13:17:38,24.26,800.9,95.13,11.7,14.37,29.85,28.6,5.37,20.0,SUBJ_002,72.8,10.0,36.39,0.8123,97.5,815.69,2.547,2.712,0.8018,8.4903,5.0751,0.3132,1.928
2026-07-15 13:25:07,24.19,773.6,87.38,18.0,14.44,28.41,30.36,4.87,20.0,SUBJ_002,72.4,10.0,37.48,0.8103,97.5,805.31,2.417,2.628,0.7472,9.3548,5.5954,0.2877,1.907
2026-07-15 13:28:49,23.71,858.1,93.11,12.2,17.1,35.13,25.84,2.05,20.0,SUBJ_002,72.3,10.0,40.38,0.8051,97.5,818.8,2.1023,2.052,0.9162,7.1062,4.2451,0.3065,1.763
2026-07-15 13:35:25,23.82,821.1,95.81,15.6,14.49,29.68,34.26,0.64,20.0,SUBJ_002,72.4,10.0,40.42,0.773,97.5,836.48,2.047,2.184,0.8422,11.3216,6.7738,0.3154,1.796
2026-07-15 13:41:35,23.92,817.6,96.72,14.8,15.52,31.28,34.91,0.55,20.0,SUBJ_002,72.3,10.0,39.65,0.7669,97.5,824.73,2.1344,2.304,0.8352,11.6484,6.9697,0.3184,1.826
2026-07-15 13:46:17,24.22,779.4,90.46,20.2,14.96,36.25,30.57,1.36,20.51,SUBJ_002,72.7,10.0,37.15,0.7823,97.5,824.08,2.4516,2.664,0.7588,9.4659,5.6615,0.2978,1.8905
2026-07-15 13:48:44,23.97,774.4,88.64,20.6,16.46,29.89,32.25,2.26,20.0,SUBJ_002,72.7,10.0,39.48,0.7562,97.4,834.22,2.1688,2.364,0.7488,10.3023,6.1636,0.2918,1.841
2026-07-15 13:56:06,23.53,821.5,76.32,19.4,14.42,32.27,30.54,8.9,20.0,SUBJ_002,72.7,10.0,42.88,0.7524,97.4,829.03,1.8077,1.836,0.843,9.4226,5.6383,0.2513,1.709
2026-07-15 14:02:53,24.06,975.5,87.41,6.0,14.32,34.13,28.62,1.53,21.25,SUBJ_002,72.8,10.0,36.81,0.7469,97.4,817.32,2.5629,2.472,1.151,8.4848,5.0734,0.2878,1.8055
2026-07-15 14:06:07,23.93,860.8,93.01,16.5,19.44,30.02,33.13,0.03,20.89,SUBJ_002,73.0,10.0,39.12,0.7147,97.4,810.24,2.2239,2.316,0.9216,10.751,6.432,0.3062,1.7845
2026-07-15 14:16:03,23.76,926.0,82.19,17.4,12.71,30.99,24.76,3.67,20.0,SUBJ_002,73.1,10.0,39.5,0.7719,97.5,806.93,2.2531,2.112,1.052,6.5444,3.9102,0.2706,1.778
2026-07-15 14:25:13,24.33,842.5,98.67,12.1,14.39,28.54,32.5,1.84,20.0,SUBJ_002,72.7,10.0,35.74,0.7705,97.5,837.82,2.614,2.796,0.885,10.4473,6.2487,0.3248,1.949
2026-07-15 14:27:58,23.46,771.2,78.01,13.6,13.04,24.41,26.29,6.32,20.0,SUBJ_002,72.0,10.0,43.48,0.7676,97.5,817.68,1.7348,1.752,0.7424,7.301,4.365,0.2568,1.688
2026-07-15 14:37:22,23.62,861.0,80.32,13.9,13.77,31.23,28.48,3.53,20.49,SUBJ_002,71.5,10.0,41.55,0.7535,97.5,869.62,1.9774,1.944,0.922,8.4006,5.0243,0.2644,1.7115
2026-07-15 14:44:10,23.41,1175.2,80.57,13.3,13.09,26.8,23.68,10.58,20.0,SUBJ_002,71.8,10.0,40.39,0.7721,97.5,830.12,2.2265,1.692,1.5504,6.0011,3.5846,0.2652,1.673
2026-07-15 14:49:03,23.61,710.5,76.44,16.4,14.07,32.76,25.59,0.0,20.0,SUBJ_002,71.5,10.0,42.67,0.7781,97.5,830.72,1.8204,1.932,0.621,6.9479,4.1534,0.2517,1.733
2026-07-15 14:53:05,23.53,788.3,86.96,17.0,16.64,29.36,30.89,1.71,20.0,SUBJ_002,71.4,10.0,43.0,0.7337,97.4,831.92,1.7612,1.836,0.7766,9.6189,5.754,0.2863,1.709
2026-07-15 14:57:20,23.9,785.2,78.67,11.3,18.21,37.22,30.51,0.73,20.0,SUBJ_002,71.5,10.0,40.0,0.7321,97.4,849.52,2.1365,2.28,0.7704,9.4123,5.6317,0.259,1.82
2026-07-15 15:02:47,23.26,876.7,78.44,18.2,15.32,32.34,31.23,0.59,20.0,SUBJ_002,71.5,10.0,44.74,0.7024,97.4,869.85,1.5941,1.512,0.9534,9.7719,5.8474,0.2582,1.628
2026-07-15 15:09:45,23.61,885.8,79.21,12.8,14.15,35.3,26.51,2.89,20.0,SUBJ_002,71.2,10.0,41.29,0.7351,97.4,843.59,2.0264,1.932,0.9716,7.4134,4.4322,0.2608,1.733
2026-07-15 15:14:31,22.66,722.3,78.09,18.8,13.61,35.83,28.16,6.83,21.55,SUBJ_002,70.7,10.0,50.8,0.7316,97.4,857.85,0.8389,0.792,0.6446,8.2362,4.9261,0.2571,1.3705
2026-07-15 15:17:36,23.32,817.4,73.91,15.3,14.13,27.24,23.16,1.44,20.62,SUBJ_002,70.8,10.0,44.09,0.7564,97.4,859.55,1.6958,1.584,0.8348,5.7278,3.4219,0.2433,1.615
2026-07-15 15:23:46,23.69,716.5,56.44,20.4,12.58,32.31,26.6,2.52,20.0,SUBJ_002,70.9,10.0,42.36,0.7871,97.4,847.49,1.8943,2.028,0.633,7.4129,4.4364,0.1858,1.757
2026-07-15 15:31:14,23.21,876.0,69.32,14.3,13.9,32.02,26.45,5.55,20.48,SUBJ_002,70.6,10.0,44.91,0.7473,97.4,851.3,1.6109,1.452,0.952,7.3636,4.4043,0.2282,1.589
2026-07-15 15:36:22,22.4,685.4,71.92,13.5,17.43,39.07,33.9,0.32,20.12,SUBJ_002,70.7,10.0,53.89,0.6859,97.4,834.58,0.4482,0.48,0.5708,11.0938,6.6419,0.2368,1.364
2026-07-15 15:41:15,23.16,653.4,57.53,22.6,8.95,36.93,20.85,0.2,21.38,SUBJ_002,70.1,14.91,46.84,0.7287,97.4,874.45,1.3621,1.392,0.5068,4.5401,2.7125,0.1894,1.529
2026-07-15 15:44:26,23.09,671.1,75.83,22.7,14.01,25.62,28.47,3.21,21.44,SUBJ_002,70.0,10.0,47.64,0.7296,97.4,844.75,1.2048,1.308,0.5422,8.3867,5.0168,0.2496,1.505
2026-07-15 15:52:50,23.46,823.0,62.04,11.2,13.32,37.55,20.08,2.89,22.3,SUBJ_002,69.9,10.51,42.8,0.7532,97.4,857.03,1.8882,1.752,0.846,4.1641,2.486,0.2042,1.573
2026-07-15 15:59:11,22.76,659.2,74.93,21.2,9.25,28.66,27.98,1.38,25.07,SUBJ_002,69.9,10.0,50.5,0.7532,97.4,874.45,0.8636,0.912,0.5184,8.1399,4.8689,0.2467,1.2245
2026-07-15 16:05:12,23.37,690.6,74.55,19.2,10.58,30.75,24.85,0.2,24.66,SUBJ_002,69.9,10.0,44.83,0.7731,97.4,861.56,1.5637,1.644,0.5812,6.5741,3.9296,0.2454,1.428
2026-07-15 16:09:52,22.5,832.9,67.73,25.3,8.01,26.58,25.02,15.19,25.36,SUBJ_002,69.7,14.64,51.17,0.7769,97.4,855.51,0.8603,0.6,0.8658,6.6455,3.9737,0.223,1.132
2026-07-15 16:18:27,22.29,591.6,72.89,19.7,11.17,27.36,24.35,0.25,28.0,SUBJ_002,69.2,20.53,54.74,0.7247,97.4,870.9,0.3561,0.348,0.3832,6.3208,3.7779,0.24,0.937
2026-07-15 16:22:27,22.58,610.1,67.69,18.4,10.98,29.3,23.45,0.52,30.68,SUBJ_002,68.5,18.33,52.15,0.7456,97.4,868.3,0.685,0.696,0.4202,5.8604,3.5027,0.2228,0.89
2026-07-15 16:28:49,22.31,654.4,70.27,21.1,14.09,37.47,29.31,0.77,32.97,SUBJ_002,67.9,12.82,54.54,0.6979,97.4,870.41,0.384,0.372,0.5088,8.7955,5.2633,0.2313,0.6945
2026-07-15 16:33:42,21.97,592.2,77.34,19.9,13.22,20.77,25.85,1.99,34.79,SUBJ_002,67.9,21.74,57.25,0.684,97.5,866.12,0.0425,0.0,0.3844,7.0797,4.2323,0.2546,0.5105
2026-07-15 16:40:47,22.24,744.8,65.87,15.2,11.55,34.35,21.39,1.79,34.18,SUBJ_002,67.5,23.74,53.8,0.7196,97.5,871.73,0.5394,0.288,0.6896,4.8267,2.8829,0.2169,0.613
2026-07-15 16:47:32,21.8,639.3,56.67,23.6,9.34,26.06,18.66,1.22,34.84,SUBJ_002,67.1,31.7,56.59,0.734,97.5,891.18,0.2041,0.0,0.4786,3.4433,2.0547,0.1866,0.508
2026-07-15 16:50:17,22.35,576.2,46.37,21.2,7.9,26.44,18.43,0.05,32.52,SUBJ_002,66.8,28.87,54.29,0.7494,97.6,906.29,0.482,0.42,0.3524,3.3077,1.9754,0.1527,0.729
2026-07-15 16:56:31,22.37,627.0,47.62,18.1,8.11,30.91,18.8,1.83,31.64,SUBJ_002,66.8,27.54,53.72,0.7759,97.6,914.97,0.5604,0.444,0.454,3.4952,2.0876,0.1568,0.779
2026-07-15 17:06:21,22.38,619.1,53.1,21.2,12.29,36.86,22.62,8.53,34.71,SUBJ_002,66.8,22.09,53.94,0.7788,97.6,914.88,0.5061,0.456,0.4382,5.4162,3.2391,0.1748,0.6285
2026-07-15 17:11:51,21.94,562.7,49.19,17.7,8.35,29.2,16.26,2.26,36.06,SUBJ_002,66.6,36.06,57.13,0.7782,97.6,879.0,0.1426,0.0,0.3254,2.2284,1.3272,0.1619,0.447
2026-07-15 17:13:54,21.48,999.0,62.82,18.3,9.89,31.25,27.16,7.07,37.41,SUBJ_002,67.5,15.85,54.32,0.7336,97.6,881.8,0.5323,0.0,1.198,7.7056,4.6108,0.2068,0.3795
2026-07-15 17:16:52,22.22,497.5,46.61,18.6,11.39,27.14,19.56,4.42,36.01,SUBJ_002,67.0,29.69,56.12,0.7388,97.6,905.72,0.2362,0.264,0.195,3.8732,2.3146,0.1534,0.5155
2026-07-15 17:19:56,21.89,527.0,47.83,13.7,12.05,29.34,26.5,7.64,34.72,SUBJ_002,66.7,22.28,58.31,0.6955,97.6,885.56,-0.0482,0.0,0.254,7.3457,4.3978,0.1575,0.514
2026-07-15 17:25:09,22.26,539.7,46.97,31.3,10.3,33.53,24.85,5.94,36.04,SUBJ_002,66.8,21.42,55.89,0.7017,97.5,872.59,0.2538,0.312,0.2794,6.5189,3.902,0.1546,0.526
2026-07-15 17:31:39,21.3,625.9,48.28,18.2,11.94,29.55,23.88,0.91,36.72,SUBJ_002,66.7,24.83,57.29,0.6855,97.5,880.71,0.1128,0.0,0.4518,6.0366,3.6123,0.1589,0.414
2026-07-15 17:39:42,20.96,465.0,41.95,18.0,7.5,26.89,17.53,12.96,36.76,SUBJ_002,66.4,35.54,58.14,0.7142,97.5,893.05,0.0023,0.0,0.13,2.8489,1.701,0.1381,0.412
2026-07-15 17:46:07,21.14,466.2,35.07,12.3,9.02,35.73,23.22,1.95,40.5,SUBJ_002,66.3,27.82,58.73,0.7386,97.4,924.69,-0.0774,0.0,0.1324,5.6801,3.4011,0.1155,0.225
2026-07-15 17:52:06,21.13,496.6,41.63,16.7,9.88,35.13,24.35,2.92,41.96,SUBJ_002,65.6,25.77,58.48,0.7268,97.5,908.39,-0.0555,0.0,0.1932,6.2583,3.7466,0.1371,0.152
2026-07-15 17:58:46,21.42,676.4,34.05,25.9,8.94,24.77,20.18,4.95,41.15,SUBJ_002,65.5,29.77,56.8,0.714,97.5,879.78,0.2287,0.0,0.5528,4.1581,2.488,0.1121,0.1925
2026-07-15 18:07:34,21.15,431.1,31.88,28.8,8.02,28.11,21.93,3.34,42.01,SUBJ_002,65.7,30.08,58.96,0.7314,97.5,924.75,-0.1029,0.0,0.0622,5.0288,3.0109,0.105,0.1495
2026-07-15 18:10:49,21.44,439.4,21.95,23.3,7.19,29.85,20.59,2.82,43.05,SUBJ_002,65.3,32.09,58.94,0.7263,97.5,910.18,-0.0734,0.0,0.0788,4.3389,2.5989,0.0723,0.0975
2026-07-15 18:12:58,21.81,540.1,36.15,23.1,9.9,27.7,19.98,1.43,44.12,SUBJ_002,65.1,31.49,57.84,0.7248,97.5,933.38,0.0612,0.0,0.2802,4.0623,2.4302,0.119,0.044
2026-07-15 18:16:49,21.55,474.4,42.04,23.2,8.03,32.56,24.15,1.68,45.05,SUBJ_002,65.1,26.29,58.63,0.7144,97.5,914.5,-0.0804,0.0,0.1488,6.1591,3.687,0.1384,0.0025
2026-07-15 18:23:21,21.82,486.9,42.67,19.3,11.02,28.62,26.23,2.82,44.45,SUBJ_002,65.1,23.25,58.7,0.697,97.5,928.8,-0.0945,0.0,0.1738,7.2003,4.3117,0.1405,0.0275
2026-07-15 18:25:24,20.64,439.7,44.01,26.2,8.87,18.72,28.57,1.69,47.63,SUBJ_002,65.2,20.48,59.26,0.6977,97.5,913.38,-0.1869,0.0,0.0794,8.373,5.015,0.1449,0.1315
2026-07-15 18:30:07,20.79,504.2,52.49,19.1,9.58,24.37,26.11,12.66,46.05,SUBJ_002,65.0,22.98,58.39,0.6654,97.5,954.74,-0.0712,0.0,0.2084,7.16,4.2855,0.1728,0.0525
2026-07-15 18:35:57,21.44,591.7,49.08,22.5,9.8,34.17,24.53,2.31,46.64,SUBJ_002,65.2,24.3,57.6,0.6397,97.6,936.65,0.0608,0.0,0.3834,6.3632,3.8081,0.1616,0.082
2026-07-15 18:44:40,21.29,418.8,52.27,25.6,7.5,29.47,19.66,2.88,46.57,SUBJ_002,64.6,32.86,58.53,0.6754,97.6,924.23,-0.0858,0.0,0.0376,3.9345,2.3503,0.1721,0.0785
2026-07-15 18:48:48,21.0,478.2,37.96,22.1,8.21,28.11,19.32,4.18,48.87,SUBJ_002,64.5,33.03,58.25,0.7123,97.5,930.01,-0.0067,0.0,0.1564,3.7359,2.234,0.125,0.1935
2026-07-15 18:52:43,20.7,490.7,35.86,19.1,8.53,33.1,20.75,1.85,50.33,SUBJ_002,64.4,30.96,58.31,0.7269,97.5,907.09,-0.0115,0.0,0.1814,4.4467,2.6609,0.1181,0.2665
2026-07-15 19:01:14,20.56,646.6,44.87,19.7,5.03,22.13,16.34,2.65,51.57,SUBJ_002,64.6,35.14,56.53,0.7624,97.5,939.66,0.2463,0.0,0.4932,2.2597,1.3469,0.1477,0.3285
2026-07-15 19:05:13,20.46,425.1,52.95,22.4,12.03,40.86,26.11,0.0,55.51,SUBJ_002,64.6,23.81,59.02,0.7439,97.5,901.99,-0.17,0.0,0.0502,7.1609,4.2859,0.1743,0.5255
2026-07-15 19:14:16,20.49,518.4,55.18,17.7,10.1,30.11,18.55,1.55,54.66,SUBJ_002,64.5,33.22,57.58,0.7309,97.5,951.23,0.0545,0.0,0.2368,3.3854,2.0202,0.1817,0.483
2026-07-15 19:17:53,20.12,399.4,46.34,19.2,9.2,27.91,22.87,1.41,56.91,SUBJ_002,64.5,28.74,59.05,0.7355,97.6,929.1,-0.1559,0.0,-0.0012,5.5277,3.3073,0.1526,0.5955
2026-07-15 19:23:46,20.19,373.2,48.1,16.3,9.19,36.35,24.29,0.66,57.78,SUBJ_002,64.8,27.01,59.36,0.7275,97.5,907.79,-0.2089,0.0,-0.0536,6.2412,3.7351,0.1584,0.639
2026-07-15 19:29:41,20.08,516.5,68.46,18.4,14.69,27.84,25.45,0.41,58.47,SUBJ_002,65.1,23.33,57.97,0.7339,97.6,924.76,-0.0464,0.0,0.233,6.8619,4.1035,0.2254,0.6735
2026-07-15 19:33:34,20.18,381.6,59.15,27.5,8.99,29.96,23.9,4.87,60.64,SUBJ_002,64.8,27.18,59.08,0.7611,97.6,886.97,-0.1929,0.0,-0.0368,6.0683,3.6291,0.1947,0.782
2026-07-15 19:38:19,20.18,385.4,50.69,25.4,8.66,34.41,23.83,5.69,61.45,SUBJ_002,64.8,27.44,59.18,0.7362,97.6,884.28,-0.1871,0.0,-0.0292,6.0164,3.5997,0.1669,0.8225
2026-07-15 19:45:55,20.31,390.4,63.02,23.8,13.2,33.67,24.2,3.22,63.65,SUBJ_002,64.8,26.56,58.97,0.7248,97.6,906.61,-0.1862,0.0,-0.0192,6.226,3.723,0.2075,0.9325
2026-07-15 19:52:05,19.7,629.1,53.15,22.8,15.17,32.83,18.85,1.97,63.0,SUBJ_002,64.9,31.62,56.75,0.7085,97.6,944.18,0.1886,0.0,0.4582,3.5313,2.1082,0.175,0.9
2026-07-15 19:54:37,19.84,424.6,62.54,19.4,14.28,31.62,27.21,3.71,62.95,SUBJ_002,64.8,22.03,58.96,0.657,97.6,908.52,-0.1864,0.0,0.0492,7.7301,4.6255,0.2059,0.8975
2026-07-15 20:00:08,19.7,371.6,86.33,24.7,17.36,34.03,30.84,6.81,64.62,SUBJ_002,65.1,16.99,59.3,0.6055,97.6,914.23,-0.3044,0.0,-0.0568,9.5927,5.7383,0.2842,0.981
2026-07-15 20:09:10,19.38,433.2,77.42,19.5,14.51,38.85,21.96,1.78,66.58,SUBJ_002,64.9,28.36,57.88,0.6371,97.6,909.3,-0.1007,0.158,0.0664,5.1348,3.0654,0.2549,1.079
2026-07-15 20:18:45,19.52,430.1,90.19,20.6,13.54,29.7,36.26,1.68,66.92,SUBJ_002,65.2,10.0,58.85,0.6214,97.6,931.48,-0.3087,0.192,0.0602,12.3104,7.3682,0.2969,1.096
2026-07-15 20:20:56,19.83,423.3,83.3,19.9,12.81,35.23,33.01,0.79,68.69,SUBJ_002,65.9,12.37,58.38,0.5814,97.5,893.2,-0.2708,0.369,0.0466,10.6716,6.3863,0.2742,1.1845
2026-07-15 20:29:36,19.85,395.5,86.96,31.9,16.37,32.42,31.03,2.5,69.22,SUBJ_002,66.0,15.17,58.27,0.5873,97.5,897.16,-0.2773,0.422,-0.009,9.6889,5.796,0.2863,1.211
2026-07-15 20:33:44,19.12,405.2,95.64,11.1,18.16,27.9,31.49,0.66,72.36,SUBJ_002,65.8,13.26,57.46,0.5928,97.5,914.33,-0.2717,0.736,0.0104,9.9363,5.9426,0.3149,1.368
2026-07-15 20:42:39,19.28,622.9,92.27,23.0,17.68,34.88,42.07,6.19,74.53,SUBJ_002,66.0,10.0,56.24,0.5552,97.5,917.24,-0.1506,0.953,0.4458,15.2195,9.1133,0.3038,1.4765
2026-07-15 20:52:07,19.2,471.9,91.32,29.4,18.05,32.06,26.49,0.59,75.27,SUBJ_002,66.1,18.69,55.99,0.6116,97.5,914.7,-0.117,1.027,0.1438,7.4276,4.4383,0.3006,1.5135
2026-07-15 20:58:15,19.29,468.2,88.87,17.6,15.54,27.7,28.07,0.87,75.04,SUBJ_002,66.2,16.67,56.24,0.6435,97.4,925.08,-0.1442,1.004,0.1364,8.2127,4.9099,0.2926,1.502
2026-07-15 21:07:07,18.48,326.4,107.69,17.9,15.51,29.42,33.2,6.41,77.06,SUBJ_002,65.9,10.03,57.11,0.6493,97.5,915.5,-0.3946,1.206,-0.1472,10.8154,6.4677,0.3545,1.603
2026-07-15 21:12:02,18.67,361.4,88.9,21.8,18.4,37.27,28.0,5.37,79.59,SUBJ_002,66.1,16.55,56.18,0.6559,97.4,937.43,-0.2767,1.459,-0.0772,8.1778,4.8889,0.2927,1.7295
2026-07-15 21:19:00,19.08,342.2,97.86,16.4,15.86,34.58,31.07,4.56,83.0,SUBJ_002,65.9,11.26,55.77,0.6817,97.4,917.73,-0.3445,1.8,-0.1156,9.7307,5.8189,0.3222,1.9
2026-07-15 21:26:54,19.03,336.6,96.38,24.6,18.85,31.88,29.82,3.43,85.24,SUBJ_002,66.1,12.41,55.28,0.7618,97.4,897.92,-0.3336,2.024,-0.1268,9.1028,5.4424,0.3173,2.012
2026-07-15 21:35:18,18.81,371.3,91.01,16.9,13.18,35.22,27.47,2.62,87.65,SUBJ_002,66.4,14.69,54.41,0.7927,97.4,920.52,-0.2567,2.265,-0.0574,7.917,4.732,0.2996,2.1325
2026-07-15 21:41:16,18.33,332.8,99.42,24.9,19.66,31.59,34.88,2.37,90.0,SUBJ_002,66.4,10.0,54.75,0.7694,97.4,912.4,-0.4106,2.5,-0.1344,11.6388,6.9634,0.3273,2.25
2026-07-15 21:48:12,18.64,300.0,104.53,16.6,17.69,29.51,36.55,4.92,90.0,SUBJ_002,66.4,10.0,55.07,0.7725,97.4,911.04,-0.4755,2.5,-0.2,12.4841,7.4695,0.3441,2.25
2026-07-15 21:51:02,18.77,399.1,100.2,23.3,18.61,44.25,37.7,1.32,90.0,SUBJ_002,67.0,10.0,54.44,0.7691,97.4,914.1,-0.368,2.5,-0.0018,13.0504,7.8102,0.3299,2.25
2026-07-15 21:55:09,19.02,449.5,81.55,22.0,13.97,34.71,31.17,1.53,90.0,SUBJ_002,67.2,10.0,53.78,0.7825,97.5,907.01,-0.2118,2.5,0.099,9.7481,5.8326,0.2685,2.25
2026-07-15 21:58:03,18.64,500.5,98.6,24.9,14.27,30.61,27.25,1.79,90.0,SUBJ_002,67.2,12.68,52.76,0.8103,97.5,909.5,-0.0921,2.5,0.201,7.8222,4.6736,0.3246,2.25
2026-07-15 22:06:42,19.0,300.0,99.78,26.0,20.65,37.87,34.01,0.66,87.78,SUBJ_002,67.2,10.0,55.37,0.794,97.5,882.04,-0.4392,2.278,-0.2,11.2046,6.7028,0.3285,2.139
2026-07-15 22:12:46,18.63,336.5,110.89,23.2,19.47,35.71,35.7,1.93,87.9,SUBJ_002,67.0,10.0,55.02,0.7558,97.4,868.5,-0.4177,2.29,-0.127,12.0718,7.2209,0.3651,2.145
2026-07-15 22:17:25,18.42,336.9,102.65,25.1,20.83,33.27,29.38,5.26,90.0,SUBJ_002,67.5,11.42,54.19,0.7984,97.5,899.22,-0.327,2.5,-0.1262,8.8953,5.3166,0.3379,2.25
2026-07-15 22:24:45,17.68,462.6,103.15,19.0,19.91,38.88,35.23,2.11,90.0,SUBJ_002,67.1,10.0,53.67,0.7801,97.5,934.48,-0.2534,2.5,0.1252,11.8213,7.0721,0.3396,2.25
2026-07-15 22:27:30,18.4,331.0,111.68,24.9,19.66,39.28,32.35,2.5,90.0,SUBJ_002,67.1,10.0,54.34,0.7971,97.5,930.74,-0.3767,2.5,-0.138,10.3984,6.2167,0.3677,2.25
2026-07-15 22:30:59,18.02,313.9,95.42,8.8,14.54,28.8,25.61,8.32,90.0,SUBJ_002,66.9,17.07,54.17,0.854,97.5,922.67,-0.3019,2.5,-0.1722,6.9958,4.1784,0.3141,2.25
2026-07-15 22:37:08,18.25,318.0,104.51,19.4,19.93,38.19,33.92,1.03,90.0,SUBJ_002,67.1,10.0,54.7,0.8454,97.5,916.1,-0.4154,2.5,-0.164,11.169,6.6805,0.3441,2.25
2026-07-15 22:45:05,18.25,359.7,117.67,20.1,17.27,32.29,33.24,1.9,90.0,SUBJ_002,67.5,10.0,54.09,0.8196,97.4,877.45,-0.3536,2.5,-0.0806,10.8553,6.4897,0.3874,2.25
2026-07-15 22:50:33,17.83,310.2,86.76,20.9,15.45,37.75,27.8,3.84,90.0,SUBJ_002,67.3,14.29,54.53,0.8431,97.4,893.26,-0.3378,2.5,-0.1796,8.0735,4.8268,0.2856,2.25
2026-07-15 22:55:00,18.22,579.7,104.39,28.9,17.42,40.32,32.87,3.12,90.0,SUBJ_002,67.3,10.0,52.5,0.8052,97.4,881.74,-0.0733,2.5,0.3594,10.6438,6.3654,0.3437,2.25
2026-07-15 22:57:05,17.72,389.4,100.21,14.5,19.74,34.59,24.53,3.01,90.0,SUBJ_002,67.3,17.63,53.39,0.8683,97.4,897.2,-0.1921,2.5,-0.0212,6.4654,3.8592,0.3299,2.25
2026-07-15 23:06:45,18.24,300.0,99.73,12.1,20.6,35.35,33.44,1.08,90.0,SUBJ_002,67.4,10.0,54.88,0.8881,97.4,879.88,-0.4311,2.5,-0.2,10.9195,6.5317,0.3283,2.25
2026-07-15 23:15:59,18.19,314.4,121.57,16.3,18.72,34.8,31.73,3.19,90.0,SUBJ_002,67.6,10.0,54.26,0.8519,97.4,906.5,-0.3886,2.5,-0.1712,10.1081,6.0406,0.4002,2.25
2026-07-15 23:20:35,18.48,300.0,111.35,17.4,19.97,31.54,32.51,4.09,90.0,SUBJ_002,67.3,10.0,54.61,0.8418,97.4,903.09,-0.4178,2.5,-0.2,10.4777,6.2643,0.3666,2.25
2026-07-15 23:25:34,18.0,314.6,108.85,18.9,16.49,39.59,31.37,0.57,90.0,SUBJ_002,67.4,10.0,54.44,0.8561,97.4,893.87,-0.3833,2.5,-0.1708,9.9027,5.9199,0.3584,2.25
2026-07-15 23:32:23,17.88,300.0,118.61,16.4,23.25,34.01,37.83,0.65,90.0,SUBJ_002,67.0,10.0,54.95,0.8236,97.4,889.31,-0.4937,2.5,-0.2,13.1522,7.8676,0.3905,2.25
2026-07-15 23:42:13,17.92,300.0,105.82,23.9,23.12,45.8,33.38,1.05,90.0,SUBJ_002,67.2,10.0,54.78,0.8279,97.4,901.26,-0.4302,2.5,-0.2,10.9016,6.5198,0.3484,2.25
2026-07-15 23:46:57,18.32,420.8,114.76,19.7,20.5,39.71,36.88,6.67,90.0,SUBJ_002,67.4,10.0,53.96,0.8041,97.3,873.98,-0.3292,2.5,0.0416,12.6695,7.5788,0.3778,2.25
2026-07-15 23:52:45,18.12,400.9,109.4,19.2,19.88,41.91,35.59,12.0,90.0,SUBJ_002,67.7,10.0,54.09,0.8256,97.4,902.65,-0.3356,2.5,0.0018,12.0138,7.1864,0.3602,2.25
2026-07-16 00:01:09,18.77,300.0,117.47,20.7,16.73,37.18,34.18,1.5,90.0,SUBJ_002,67.6,10.0,54.65,0.8159,97.4,886.5,-0.4416,2.5,-0.2,11.3249,6.7715,0.3867,2.25
2026-07-16 00:09:17,17.92,301.4,104.02,14.7,21.87,36.52,37.38,3.16,90.0,SUBJ_002,67.9,10.0,55.14,0.8095,97.4,917.8,-0.4856,2.5,-0.1972,12.898,7.718,0.3425,2.25
2026-07-16 00:12:50,18.4,326.0,106.73,17.9,21.19,40.17,38.99,1.31,90.0,SUBJ_002,67.7,10.0,55.03,0.7629,97.4,923.16,-0.4778,2.5,-0.148,13.7085,8.2037,0.3514,2.25
2026-07-16 00:18:03,18.15,300.0,91.13,22.1,17.39,38.42,33.54,1.12,90.0,SUBJ_002,68.1,10.0,55.03,0.7541,97.5,864.8,-0.4325,2.5,-0.2,10.9523,6.5531,0.3,2.25
2026-07-16 00:26:27,17.8,410.8,119.67,18.1,19.28,39.33,32.51,1.95,90.0,SUBJ_002,67.8,10.0,53.58,0.7841,97.5,881.39,-0.2793,2.5,0.0216,10.4943,6.2727,0.394,2.25
2026-07-16 00:31:06,17.87,300.0,113.77,15.9,18.2,35.55,38.95,1.37,90.0,SUBJ_002,68.2,10.0,55.12,0.7965,97.5,882.3,-0.5097,2.5,-0.2,13.7025,8.1988,0.3745,2.25
2026-07-16 00:39:05,18.31,323.5,106.2,19.7,19.86,39.54,35.2,1.24,90.0,SUBJ_002,68.1,10.0,54.74,0.8015,97.5,897.11,-0.4268,2.5,-0.153,11.8124,7.0662,0.3496,2.25
2026-07-16 00:48:03,18.65,309.2,103.99,24.2,18.73,42.48,31.51,4.42,88.03,SUBJ_002,67.8,10.0,54.97,0.8151,97.4,873.44,-0.392,2.303,-0.1816,9.963,5.957,0.3424,2.1515
2026-07-16 00:55:39,18.74,342.3,108.81,21.5,21.03,42.75,39.29,1.59,88.87,SUBJ_002,67.5,10.0,55.12,0.7941,97.4,875.24,-0.4617,2.387,-0.1154,13.8626,8.2958,0.3582,2.1935
2026-07-16 00:59:46,18.56,364.0,102.78,19.4,21.35,42.36,38.77,0.84,88.64,SUBJ_002,67.6,10.0,55.04,0.7988,97.4,890.09,-0.4271,2.364,-0.072,13.5906,8.1338,0.3384,2.182
2026-07-16 01:05:49,18.84,300.0,110.86,29.9,19.86,41.18,33.88,2.1,90.0,SUBJ_002,67.6,10.0,54.74,0.8083,97.4,904.24,-0.4373,2.5,-0.2,11.1617,6.6749,0.365,2.25
2026-07-16 01:10:14,18.39,411.8,106.54,14.1,16.7,36.15,31.04,4.41,90.0,SUBJ_002,67.2,10.0,53.66,0.8232,97.4,938.46,-0.257,2.5,0.0236,9.7331,5.8185,0.3507,2.25
2026-07-16 01:12:19,18.58,403.9,106.28,15.8,17.2,30.1,37.98,2.11,90.0,SUBJ_002,67.5,10.0,54.33,0.8098,97.5,897.11,-0.366,2.5,0.0078,13.2026,7.9003,0.3499,2.25
2026-07-16 01:18:50,17.87,327.9,101.85,20.3,20.73,39.34,30.42,10.35,90.0,SUBJ_002,67.8,10.09,54.36,0.8155,97.5,900.0,-0.3531,2.5,-0.1442,9.4137,5.6279,0.3353,2.25
2026-07-16 01:27:02,18.32,300.0,111.14,14.3,17.0,38.86,33.67,0.97,90.0,SUBJ_002,67.8,10.0,54.71,0.8316,97.4,902.75,-0.4343,2.5,-0.2,11.0573,6.6121,0.3659,2.25
2026-07-16 01:33:45,18.41,300.0,99.13,18.3,15.79,40.72,27.36,5.29,90.0,SUBJ_002,67.4,14.71,54.37,0.8486,97.5,882.17,-0.3443,2.5,-0.2,7.8783,4.7071,0.3264,2.25
2026-07-16 01:42:22,18.66,414.6,120.28,9.6,21.0,39.38,37.43,0.35,90.0,SUBJ_002,67.5,10.0,53.96,0.8342,97.6,895.62,-0.3448,2.5,0.0292,12.9556,7.7493,0.396,2.25
2026-07-16 01:48:40,18.3,369.2,108.86,14.5,19.48,26.72,37.26,4.01,90.0,SUBJ_002,67.7,10.0,54.5,0.8121,97.6,887.16,-0.3991,2.5,-0.0616,12.8477,7.6869,0.3584,2.25
2026-07-16 01:57:14,18.04,430.5,86.3,8.7,16.45,40.36,28.61,0.88,90.0,SUBJ_002,67.6,11.87,53.64,0.8354,97.5,900.3,-0.199,2.5,0.061,8.4776,5.0693,0.2841,2.25
2026-07-16 02:03:48,19.18,328.9,99.66,13.5,15.94,34.77,34.5,2.9,90.0,SUBJ_002,67.9,10.0,54.74,0.8412,97.5,899.38,-0.4101,2.5,-0.1422,11.4493,6.8497,0.3281,2.25
2026-07-16 02:09:30,19.23,320.5,92.69,14.5,17.38,35.33,30.0,3.0,89.11,SUBJ_002,67.7,11.25,54.72,0.8559,97.5,883.64,-0.3563,2.411,-0.159,9.1854,5.4927,0.3052,2.2055
2026-07-16 02:17:23,18.98,360.8,97.12,17.1,18.28,31.67,39.56,0.43,90.0,SUBJ_002,67.7,10.0,54.96,0.8151,97.5,868.27,-0.4424,2.5,-0.0784,13.9742,8.3651,0.3197,2.25
2026-07-16 02:22:13,19.46,342.7,119.62,11.0,18.88,31.69,34.91,1.96,87.78,SUBJ_002,67.7,10.0,54.78,0.7982,97.4,893.2,-0.3987,2.278,-0.1146,11.6942,6.9926,0.3938,2.139
2026-07-16 02:27:01,18.41,410.7,84.74,16.7,14.85,33.06,29.09,4.07,89.92,SUBJ_002,67.7,11.48,53.88,0.8394,97.4,915.6,-0.2306,2.492,0.0214,8.7145,5.2117,0.279,2.246
2026-07-16 02:31:07,19.27,343.9,118.42,14.8,23.31,38.23,37.09,1.98,90.0,SUBJ_002,68.2,10.0,54.53,0.7997,97.4,862.42,-0.4283,2.5,-0.1122,12.7818,7.6454,0.3899,2.25
2026-07-16 02:37:57,19.07,340.9,100.58,24.0,19.53,35.07,33.19,4.85,89.9,SUBJ_002,68.1,10.0,54.54,0.8151,97.5,884.17,-0.3764,2.49,-0.1182,10.7962,6.4576,0.3311,2.245
2026-07-16 02:40:51,18.41,304.1,102.06,16.4,18.32,29.99,32.63,1.93,90.0,SUBJ_002,68.3,10.0,54.74,0.8153,97.5,913.19,-0.4144,2.5,-0.1918,10.5191,6.2911,0.336,2.25
2026-07-16 02:43:55,19.16,335.5,94.88,20.2,19.01,42.42,35.62,0.0,89.14,SUBJ_002,68.3,10.0,55.03,0.8378,97.5,881.33,-0.4178,2.414,-0.129,11.9998,7.1809,0.3124,2.207
2026-07-16 02:49:57,18.59,441.7,86.1,18.3,14.63,30.69,31.0,0.73,89.14,SUBJ_002,68.3,10.0,53.93,0.8362,97.5,878.05,-0.2191,2.414,0.0834,9.6722,5.7861,0.2835,2.207
2026-07-16 02:57:06,18.86,430.8,88.53,10.2,13.72,37.63,27.42,9.74,90.0,SUBJ_002,68.0,13.46,53.5,0.8634,97.5,876.62,-0.1816,2.5,0.0616,7.8871,4.7145,0.2915,2.25
2026-07-16 03:04:39,18.71,342.8,98.19,20.1,16.97,38.7,30.1,4.05,90.0,SUBJ_002,67.7,10.47,54.28,0.895,97.5,883.34,-0.3299,2.5,-0.1144,9.2464,5.5282,0.3233,2.25
2026-07-16 03:07:12,18.86,349.3,83.43,13.4,15.18,30.7,24.47,1.26,90.0,SUBJ_002,66.9,18.56,53.98,0.929,97.5,888.04,-0.2414,2.5,-0.1014,6.4019,3.8244,0.2747,2.25
2026-07-16 03:12:01,19.49,361.0,104.7,12.8,22.09,38.12,34.06,1.43,89.54,SUBJ_002,67.2,10.0,54.45,0.9091,97.5,932.58,-0.3637,2.454,-0.078,11.2394,6.7227,0.3447,2.227
2026-07-16 03:20:05,19.66,347.5,86.58,15.3,17.19,38.07,30.9,2.35,88.69,SUBJ_002,66.9,10.0,54.76,0.9054,97.6,893.17,-0.3354,2.369,-0.105,9.6232,5.7566,0.285,2.1845
2026-07-16 03:24:53,20.06,378.3,63.97,19.0,10.33,27.48,29.59,0.45,90.0,SUBJ_002,67.0,11.63,54.51,0.9259,97.6,905.55,-0.2782,2.5,-0.0434,8.9229,5.341,0.2106,2.25
2026-07-16 03:28:07,19.54,399.5,82.62,23.7,14.58,33.16,28.57,6.32,89.41,SUBJ_002,67.1,12.53,54.06,0.921,97.6,885.57,-0.2372,2.441,-0.001,8.4502,5.0536,0.272,2.2205
2026-07-16 03:32:31,19.65,613.2,94.47,15.4,18.42,43.07,31.55,2.0,89.67,SUBJ_002,67.8,10.0,52.35,0.9028,97.6,910.21,-0.0126,2.467,0.4264,9.9639,5.9595,0.311,2.2335
2026-07-16 03:35:49,20.35,381.3,89.04,17.1,14.81,30.39,36.49,0.28,89.13,SUBJ_002,68.0,10.0,54.84,0.8646,97.6,853.25,-0.373,2.413,-0.0374,12.4231,7.436,0.2931,2.2065
2026-07-16 03:41:23,19.83,566.7,93.23,15.3,16.61,41.83,31.96,0.0,90.0,SUBJ_002,68.3,10.0,52.72,0.8511,97.5,851.85,-0.0766,2.5,0.3334,10.1665,6.0812,0.3069,2.25
2026-07-16 03:49:43,19.12,354.0,82.27,21.2,16.18,38.26,31.73,0.37,89.19,SUBJ_002,67.9,10.0,54.75,0.833,97.5,887.93,-0.3391,2.419,-0.092,10.0295,6.0013,0.2708,2.2095
2026-07-16 03:59:01,19.46,381.8,74.51,12.9,13.54,29.77,26.29,0.0,87.43,SUBJ_002,67.6,16.68,54.54,0.9014,97.5,889.75,-0.2267,2.243,-0.0364,7.294,4.3615,0.2453,2.1215
2026-07-16 04:02:33,19.8,501.6,96.3,16.2,21.2,43.05,34.2,1.44,87.82,SUBJ_002,67.5,10.0,53.82,0.869,97.4,885.23,-0.1899,2.282,0.2032,11.2926,6.7563,0.317,2.141
2026-07-16 04:08:03,19.86,407.6,81.35,25.0,13.98,32.19,31.57,2.18,85.41,SUBJ_002,67.5,10.0,55.08,0.8367,97.5,870.45,-0.2699,2.041,0.0152,9.9477,5.9523,0.2678,2.0205
2026-07-16 04:10:53,19.35,388.1,82.42,16.6,17.21,25.43,29.96,2.11,83.69,SUBJ_002,67.5,12.47,55.42,0.8483,97.5,871.24,-0.2713,1.869,-0.0238,9.1448,5.4704,0.2713,1.9345
2026-07-16 04:14:24,20.05,393.1,72.29,14.4,9.65,30.49,25.86,2.68,82.15,SUBJ_002,67.2,18.81,55.5,0.8816,97.5,867.13,-0.2065,1.715,-0.0138,7.0746,4.2303,0.238,1.8575
2026-07-16 04:18:49,19.8,611.4,77.73,18.2,12.31,29.83,30.49,0.6,80.78,SUBJ_002,67.5,10.29,54.33,0.8595,97.5,884.72,0.0003,1.578,0.4228,9.4005,5.6247,0.2559,1.789
2026-07-16 04:23:54,20.22,364.0,77.09,14.6,19.58,38.41,34.86,0.63,82.62,SUBJ_002,67.7,10.0,56.34,0.8264,97.5,882.24,-0.3713,1.762,-0.072,11.5842,6.9351,0.2538,1.881
2026-07-16 04:31:08,20.59,422.1,61.02,24.2,12.41,24.64,27.53,1.18,82.68,SUBJ_002,67.6,16.3,55.49,0.8296,97.5,888.9,-0.1941,1.768,0.0442,7.887,4.72,0.2009,1.884
2026-07-16 04:38:52,20.53,548.2,76.94,12.8,15.64,33.57,28.42,0.38,84.14,SUBJ_002,67.3,12.85,54.0,0.8134,97.5,884.82,-0.0491,1.914,0.2964,8.3639,5.0029,0.2533,1.957
2026-07-16 04:42:50,20.66,393.9,77.47,15.2,17.8,38.47,29.15,2.61,82.41,SUBJ_002,67.2,14.03,55.64,0.8156,97.5,864.43,-0.2524,1.741,-0.0122,8.7299,5.2225,0.255,1.8705
2026-07-16 04:49:55,20.38,493.4,58.11,21.6,13.88,35.27,32.42,1.3,80.79,SUBJ_002,67.0,10.0,55.76,0.8144,97.5,896.8,-0.1747,1.579,0.1868,10.3262,6.1841,0.1913,1.7895
2026-07-16 04:52:59,20.2,406.2,72.5,9.3,15.1,29.26,31.89,5.39,79.2,SUBJ_002,67.0,11.2,56.5,0.8042,97.5,931.9,-0.2762,1.42,0.0124,10.09,6.0395,0.2387,1.71
2026-07-16 05:01:01,20.2,395.3,65.63,21.2,10.28,37.8,20.52,13.82,78.79,SUBJ_002,66.7,27.37,55.81,0.8319,97.4,899.85,-0.1275,1.379,-0.0094,4.3913,2.6216,0.2161,1.6895
2026-07-16 05:07:46,21.13,440.0,52.89,11.0,10.2,31.21,22.04,2.32,82.71,SUBJ_002,66.8,23.9,55.01,0.8966,97.5,892.34,-0.0933,1.771,0.08,5.1258,3.0649,0.1741,1.8855
2026-07-16 05:16:07,21.1,428.3,63.87,13.8,12.01,32.11,30.17,0.0,82.89,SUBJ_002,66.5,12.44,55.58,0.8861,97.5,915.6,-0.224,1.789,0.0566,9.2127,5.5149,0.2103,1.8945
2026-07-16 05:19:34,20.78,546.0,58.12,16.4,12.26,33.55,23.58,0.91,84.37,SUBJ_002,66.4,19.98,53.87,0.9004,97.5,906.35,0.0172,1.937,0.292,5.9062,3.5321,0.1913,1.9685
2026-07-16 05:22:13,20.86,495.7,94.28,14.6,19.23,36.15,36.89,7.56,85.14,SUBJ_002,66.7,10.0,54.66,0.8465,97.4,892.62,-0.2357,2.014,0.1914,12.6336,7.5613,0.3104,2.007
2026-07-16 05:31:26,21.02,534.2,53.49,19.8,10.24,26.57,24.9,7.81,81.76,SUBJ_002,67.0,19.18,54.67,0.8398,97.5,892.44,-0.0164,1.676,0.2684,6.557,3.9235,0.1761,1.838
2026-07-16 05:39:56,21.21,557.2,51.74,22.0,12.7,30.14,26.17,5.9,81.88,SUBJ_002,67.0,17.18,54.6,0.8284,97.5,906.4,-0.0058,1.688,0.3144,7.1885,4.3027,0.1703,1.844
2026-07-16 05:43:26,20.98,439.0,51.21,12.9,10.41,19.05,26.04,2.46,80.49,SUBJ_002,66.8,19.08,55.83,0.8353,97.5,904.62,-0.1517,1.549,0.078,7.1224,4.2632,0.1686,1.7745
2026-07-16 05:48:11,22.07,479.0,40.71,13.2,8.65,30.47,24.94,6.58,78.53,SUBJ_002,67.3,20.21,55.39,0.8413,97.5,861.17,-0.0153,1.437,0.158,6.5514,3.9227,0.134,1.6975
2026-07-16 05:57:25,21.31,547.6,23.47,17.8,12.83,32.24,28.07,0.0,78.26,SUBJ_002,67.3,16.45,56.03,0.8352,97.5,891.26,-0.0449,1.326,0.2952,8.0819,4.8445,0.0773,1.663
2026-07-16 06:04:29,21.79,469.7,21.02,14.0,10.1,26.68,25.77,3.49,76.98,SUBJ_002,66.8,20.93,56.76,0.8155,97.5,884.04,-0.1094,1.198,0.1394,6.927,4.152,0.0692,1.599
2026-07-16 06:13:18,22.04,485.8,53.48,15.8,10.88,25.42,24.94,0.92,77.19,SUBJ_002,66.8,20.57,55.64,0.815,97.5,881.83,-0.0371,1.267,0.1716,6.577,3.9355,0.1761,1.6215
2026-07-16 06:22:02,21.85,462.7,42.28,16.0,5.99,28.44,20.1,0.25,74.98,SUBJ_002,66.5,28.95,56.38,0.8331,97.5,913.23,-0.0373,0.998,0.1254,4.1346,2.4723,0.1392,1.499
2026-07-16 06:30:41,21.81,562.5,38.09,24.1,7.81,20.16,21.25,1.95,71.02,SUBJ_002,66.4,27.56,56.54,0.8114,97.5,905.52,0.0711,0.602,0.325,4.7012,2.8131,0.1254,1.301
2026-07-16 06:35:07,22.31,475.8,53.14,21.4,8.59,30.49,24.09,3.96,69.39,SUBJ_002,66.1,21.08,54.93,0.7959,97.5,934.76,0.2353,0.811,0.1516,6.1513,3.6801,0.1749,1.3125
2026-07-16 06:39:22,21.54,498.1,32.07,24.5,7.65,26.06,21.12,0.0,68.14,SUBJ_002,66.0,29.47,57.72,0.7873,97.5,873.26,-0.0076,0.314,0.1962,4.6241,2.7681,0.1056,1.157
2026-07-16 06:41:43,22.46,537.1,44.32,16.1,10.7,32.72,21.55,3.25,64.43,SUBJ_002,65.8,23.72,53.97,0.7978,97.5,892.54,0.4997,0.552,0.2742,4.8636,2.9093,0.1459,1.1095
2026-07-16 06:44:47,22.38,627.5,57.4,18.3,13.33,28.82,28.72,1.58,57.65,SUBJ_002,66.3,13.43,54.32,0.7435,97.6,905.18,0.4295,0.456,0.455,8.4748,5.0734,0.189,0.7465
2026-07-16 06:53:02,22.54,671.9,42.69,10.8,10.19,26.84,21.25,1.47,54.72,SUBJ_002,66.3,21.8,52.21,0.7826,97.6,916.77,0.7533,0.648,0.5438,4.7104,2.8177,0.1405,0.648
2026-07-16 06:55:32,22.24,659.6,53.69,17.9,8.07,30.25,24.02,2.28,53.98,SUBJ_002,66.0,21.33,54.91,0.7549,97.7,901.73,0.3953,0.288,0.5192,6.1174,3.6597,0.1768,0.521
2026-07-16 06:57:51,22.08,631.5,58.67,12.5,12.49,24.41,26.56,2.67,52.38,SUBJ_002,66.0,19.87,56.62,0.7203,97.6,943.54,0.1623,0.096,0.463,7.3973,4.4267,0.1932,0.393
2026-07-16 07:05:20,22.92,675.1,40.47,13.3,7.49,32.03,20.47,1.05,51.16,SUBJ_002,66.2,18.47,48.94,0.7472,97.7,913.35,1.1523,1.104,0.5502,4.3159,2.5815,0.1332,0.584
2026-07-16 07:11:53,22.42,656.3,64.4,15.1,9.66,26.67,22.34,3.09,50.01,SUBJ_002,66.2,21.34,53.09,0.7532,97.6,923.44,0.597,0.504,0.5126,5.2988,3.1664,0.212,0.3765
2026-07-16 07:16:25,21.96,705.8,67.22,13.9,13.6,30.39,24.29,3.65,49.85,SUBJ_002,66.4,22.93,56.37,0.7233,97.6,916.6,0.2068,0.0,0.6116,6.2794,3.7542,0.2213,0.2425
2026-07-16 07:19:54,22.49,610.2,55.74,22.2,11.14,30.69,26.27,2.58,50.84,SUBJ_002,66.5,15.79,53.35,0.6969,97.7,869.75,0.554,0.588,0.4204,7.2465,4.3367,0.1835,0.439
2026-07-16 07:27:19,22.62,666.5,64.37,14.2,13.27,31.47,29.01,7.73,47.99,SUBJ_002,66.8,10.0,51.89,0.6843,97.7,911.45,0.7166,0.744,0.533,8.6337,5.1674,0.2119,0.3355
2026-07-16 07:35:14,23.12,831.7,55.36,24.5,11.99,32.61,27.48,3.95,48.62,SUBJ_002,67.3,10.0,46.35,0.6805,97.6,864.13,1.45,1.344,0.8634,7.8507,4.6994,0.1823,0.517
2026-07-16 07:40:11,22.69,636.5,57.64,15.2,9.33,31.79,21.75,0.91,44.45,SUBJ_002,66.9,19.4,51.03,0.6964,97.6,904.25,0.8534,0.828,0.473,4.9903,2.9826,0.1898,0.2345
2026-07-16 07:49:51,22.61,878.2,55.48,14.4,11.34,30.04,26.76,4.9,45.92,SUBJ_002,67.2,10.8,50.22,0.6772,97.6,925.77,1.0032,0.732,0.9564,7.491,4.4835,0.1826,0.229
2026-07-16 07:53:42,22.74,634.1,77.9,16.6,13.74,35.31,24.33,14.72,44.64,SUBJ_002,67.6,14.76,50.51,0.6747,97.6,870.54,0.8641,0.888,0.4682,6.3208,3.7769,0.2565,0.24
2026-07-16 08:02:42,23.23,734.6,71.88,21.8,14.33,45.57,30.45,2.2,46.15,SUBJ_002,67.6,10.0,46.18,0.683,97.6,868.13,1.3973,1.476,0.6692,9.3688,5.6069,0.2366,0.4265
2026-07-16 08:10:38,23.18,812.2,70.14,24.5,16.96,42.44,32.24,1.87,44.18,SUBJ_002,68.1,10.0,46.16,0.671,97.5,878.86,1.4182,1.416,0.8244,10.2603,6.1421,0.2309,0.395
2026-07-16 08:20:27,23.22,848.8,72.52,20.8,14.59,36.19,33.27,0.62,45.29,SUBJ_002,68.5,10.0,45.58,0.6151,97.6,875.82,1.4897,1.464,0.8976,10.78,6.4535,0.2387,0.3805
2026-07-16 08:24:25,23.26,781.8,82.1,12.6,18.67,37.44,36.87,0.55,42.31,SUBJ_002,69.4,10.0,45.93,0.5829,97.6,861.95,1.395,1.512,0.7636,12.5992,7.5431,0.2703,0.5125
2026-07-16 08:27:31,23.05,672.7,64.97,14.0,14.71,24.71,27.04,0.0,39.92,SUBJ_002,69.4,10.0,48.02,0.6148,97.5,862.16,1.1868,1.26,0.5454,7.6499,4.577,0.2139,0.569
2026-07-16 08:30:20,23.46,798.4,84.28,22.3,15.12,40.86,24.73,3.71,37.82,SUBJ_002,69.5,10.0,43.03,0.675,97.5,835.59,1.791,1.752,0.7968,6.5336,3.9033,0.2775,0.797
2026-07-16 08:39:55,23.55,734.6,91.1,24.7,18.77,41.89,32.23,3.16,37.32,SUBJ_002,69.9,10.0,43.31,0.6703,97.5,871.45,1.6951,1.86,0.6692,10.2972,6.1601,0.2999,0.849
2026-07-16 08:44:24,23.33,767.2,74.25,26.1,15.63,35.45,33.75,0.32,37.25,SUBJ_002,69.8,10.0,45.31,0.6568,97.5,849.23,1.492,1.596,0.7344,11.0235,6.5992,0.2444,0.7865
2026-07-16 08:51:32,23.39,783.0,74.14,17.3,14.34,35.83,25.04,5.01,35.51,SUBJ_002,69.9,10.0,43.94,0.6793,97.6,855.44,1.6966,1.668,0.766,6.6683,3.9861,0.2441,0.8915
2026-07-16 08:57:37,24.31,799.1,67.63,19.0,14.99,32.85,33.22,3.45,33.4,SUBJ_002,70.8,10.0,36.83,0.6701,97.6,859.42,2.5293,2.772,0.7982,10.7453,6.4336,0.2226,1.273
2026-07-16 09:00:19,24.3,831.5,92.0,11.5,15.53,37.9,30.46,1.42,30.45,SUBJ_002,70.8,10.0,36.02,0.6842,97.6,850.24,2.5991,2.76,0.863,9.414,5.63,0.3029,1.4175
2026-07-16 09:04:36,23.72,808.6,80.27,18.5,17.38,37.31,37.41,0.68,28.97,SUBJ_002,71.2,10.0,41.9,0.6361,97.6,833.13,1.8854,2.064,0.8172,12.8655,7.7033,0.2643,1.3175
2026-07-16 09:10:58,23.59,847.4,62.19,12.0,13.11,26.38,31.13,2.61,26.09,SUBJ_002,71.8,10.0,42.44,0.6273,97.6,823.68,1.8922,1.908,0.8948,9.6894,5.8012,0.2047,1.4225
2026-07-16 09:16:01,24.02,890.3,71.41,24.7,12.65,34.97,26.66,1.8,25.48,SUBJ_002,72.0,10.0,37.93,0.6543,97.6,819.42,2.444,2.424,0.9806,7.4728,4.4694,0.2351,1.582
2026-07-16 09:22:36,24.41,745.4,88.69,20.6,15.19,36.5,28.02,0.0,22.45,SUBJ_002,71.8,10.0,35.62,0.7513,97.6,828.0,2.6374,2.892,0.6908,8.1874,4.8947,0.292,1.8505
2026-07-16 09:28:25,23.63,736.5,89.0,22.6,15.16,28.25,29.74,2.84,20.0,SUBJ_002,71.5,10.0,42.44,0.7199,97.6,833.98,1.8139,1.956,0.673,9.048,5.411,0.293,1.739
2026-07-16 09:34:40,24.49,840.2,80.13,22.7,10.38,31.42,22.27,0.89,20.0,SUBJ_002,71.5,10.0,33.83,0.7662,97.6,829.92,2.9188,2.988,0.8804,5.2953,3.1611,0.2638,1.997
2026-07-16 09:43:03,24.2,850.2,81.33,17.5,14.45,28.02,23.86,3.47,20.0,SUBJ_002,71.3,10.0,36.32,0.806,97.5,846.34,2.6157,2.64,0.9004,6.0927,3.6393,0.2678,1.91
2026-07-16 09:51:57,24.18,809.9,76.18,20.5,15.36,45.49,27.21,0.87,20.0,SUBJ_002,71.3,10.0,37.19,0.8175,97.6,843.6,2.4973,2.616,0.8198,7.7574,4.6392,0.2508,1.904
2026-07-16 09:57:03,24.44,749.1,71.4,27.5,12.47,35.64,30.79,1.1,20.0,SUBJ_002,71.3,10.0,35.86,0.8081,97.6,841.62,2.6328,2.928,0.6982,9.5378,5.7084,0.2351,1.982
2026-07-16 09:59:42,24.03,773.6,84.05,13.6,12.49,31.47,25.63,0.91,20.0,SUBJ_002,71.7,10.0,38.48,0.8034,97.6,851.7,2.3229,2.436,0.7472,6.9831,4.173,0.2767,1.859
2026-07-16 10:08:02,25.13,842.3,79.45,20.0,15.04,37.76,29.91,3.85,20.0,SUBJ_002,72.2,10.0,29.07,0.828,97.7,833.96,3.4588,3.756,0.8846,9.1139,5.4524,0.2616,2.189
2026-07-16 10:16:36,23.98,762.4,83.02,15.2,14.48,33.82,31.68,0.0,20.0,SUBJ_002,72.4,10.0,39.53,0.7971,97.6,834.35,2.1721,2.376,0.7248,10.006,5.987,0.2733,1.844
2026-07-16 10:21:38,24.41,796.0,96.53,18.7,19.73,36.9,36.84,6.53,20.0,SUBJ_002,72.5,10.0,35.84,0.7562,97.7,847.16,2.5748,2.892,0.792,12.6131,7.5485,0.3178,1.973
2026-07-16 10:26:23,25.11,848.7,95.09,24.3,16.33,35.64,31.76,5.02,20.29,SUBJ_002,72.5,10.0,29.08,0.7757,97.6,825.17,3.4202,3.732,0.8974,10.0702,6.0231,0.3131,2.1685
2026-07-16 10:36:17,23.72,847.9,85.6,16.6,14.3,32.03,34.83,3.67,20.0,SUBJ_002,72.5,10.0,41.27,0.7481,97.6,807.38,1.9713,2.064,0.8958,11.5862,6.9346,0.2818,1.766
2026-07-16 10:42:25,24.34,850.4,64.54,10.7,11.63,24.9,20.72,0.42,20.0,SUBJ_002,72.5,10.0,35.14,0.8048,97.6,827.1,2.8022,2.808,0.9008,4.4891,2.6805,0.2125,1.952
2026-07-16 10:44:54,24.7,864.9,90.81,20.0,16.4,30.75,32.35,3.7,20.0,SUBJ_002,72.9,10.0,32.54,0.8036,97.6,821.86,3.0179,3.24,0.9298,10.3566,6.1958,0.299,2.06
2026-07-16 10:49:29,24.71,797.3,100.41,12.9,16.95,26.32,34.76,4.99,20.0,SUBJ_002,73.3,10.0,33.05,0.791,97.6,813.26,2.9091,3.252,0.7946,11.5808,6.9284,0.3306,2.063
2026-07-16 10:51:43,25.02,867.0,105.12,16.6,20.59,35.79,42.45,4.07,20.0,SUBJ_002,73.8,10.0,30.45,0.7499,97.5,822.02,3.1996,3.624,0.934,15.4352,9.2401,0.3461,2.156
2026-07-16 10:54:41,24.7,855.4,82.06,16.3,13.69,37.68,23.4,3.96,20.0,SUBJ_002,73.6,10.0,32.0,0.8065,97.5,803.7,3.1338,3.24,0.9108,5.8641,3.5021,0.2702,2.06
2026-07-16 11:01:17,24.16,904.6,88.51,19.4,15.56,31.13,30.96,1.72,20.0,SUBJ_002,73.4,10.0,36.71,0.784,97.5,804.6,2.5419,2.592,1.0092,9.657,5.7765,0.2914,1.898
2026-07-16 11:07:37,24.35,837.1,79.85,13.9,14.45,33.4,30.57,1.43,20.0,SUBJ_002,73.6,10.0,35.76,0.772,97.5,791.67,2.655,2.82,0.8742,9.4447,5.6509,0.2629,1.955
2026-07-16 11:10:28,24.68,864.0,89.52,18.6,17.14,27.99,31.49,0.77,20.0,SUBJ_002,73.8,10.0,32.67,0.8005,97.5,814.41,3.0089,3.216,0.928,9.924,5.9365,0.2947,2.054
2026-07-16 11:20:13,24.92,965.7,106.44,10.5,22.61,34.74,34.67,2.8,20.0,SUBJ_002,74.2,10.0,29.81,0.7909,97.5,792.1,3.333,3.504,1.1314,11.5479,6.9074,0.3504,2.126
2026-07-16 11:29:52,23.92,821.3,82.89,17.5,13.79,32.49,24.47,6.4,20.02,SUBJ_002,73.7,10.0,38.95,0.8204,97.5,793.16,2.288,2.304,0.8426,6.4008,3.8239,0.2729,1.825
2026-07-16 11:33:36,24.82,891.5,92.49,15.1,15.45,30.67,35.01,12.93,20.0,SUBJ_002,74.1,10.0,31.52,0.8254,97.5,798.4,3.1344,3.384,0.983,11.69,6.9955,0.3045,2.096
2026-07-16 11:43:30,24.98,826.2,93.27,19.6,14.57,33.86,27.28,13.16,20.0,SUBJ_002,73.4,10.0,30.01,0.8351,97.5,831.21,3.3247,3.576,0.8524,7.8265,4.6773,0.3071,2.144
2026-07-16 11:52:42,24.82,1112.8,72.9,11.1,16.36,44.45,36.4,0.18,20.0,SUBJ_002,74.2,10.0,30.18,0.8397,97.5,796.69,3.3912,3.384,1.4256,12.3458,7.3929,0.24,2.096
2026-07-16 11:57:37,25.66,837.4,97.85,15.2,14.81,34.71,31.62,0.56,20.0,SUBJ_002,74.6,10.0,24.47,0.8558,97.5,812.86,3.9636,4.392,0.8748,10.0057,5.9839,0.3221,2.348
2026-07-16 12:05:15,24.52,786.9,109.24,16.8,22.3,35.36,37.8,0.85,20.0,SUBJ_002,74.5,10.0,34.86,0.7843,97.5,787.75,2.6608,3.024,0.7738,13.1185,7.8492,0.3596,2.006
2026-07-16 12:14:53,24.51,966.7,83.78,18.5,17.02,37.18,23.84,1.41,20.0,SUBJ_002,74.0,10.0,32.72,0.7885,97.6,819.25,3.0747,3.012,1.1334,6.0876,3.6358,0.2758,2.003
2026-07-16 12:24:00,25.11,952.5,91.2,19.5,18.69,39.2,35.44,0.89,20.0,SUBJ_002,74.4,10.0,28.63,0.7878,97.5,795.48,3.4974,3.732,1.105,11.9024,7.1232,0.3002,2.183
2026-07-16 12:27:55,24.83,826.9,76.94,9.1,15.56,33.46,28.43,3.59,20.0,SUBJ_002,74.5,10.0,31.64,0.8094,97.5,816.64,3.1577,3.396,0.8538,8.3689,5.0059,0.2533,2.099
2026-07-16 12:35:01,24.47,888.7,112.3,15.0,18.66,31.09,37.73,0.17,20.0,SUBJ_002,74.6,10.0,34.41,0.7834,97.5,809.0,2.7385,2.964,0.9774,13.0896,7.8313,0.3697,1.991
2026-07-16 12:40:01,24.33,826.2,97.11,20.1,13.18,32.96,28.02,3.61,20.0,SUBJ_002,74.0,10.0,35.51,0.7892,97.5,820.75,2.6576,2.796,0.8524,8.2042,4.9031,0.3197,1.949
2026-07-16 12:46:51,24.74,832.2,95.72,21.4,17.89,44.96,35.39,4.99,20.0,SUBJ_002,74.2,10.0,32.65,0.7879,97.5,805.05,2.974,3.288,0.8644,11.8864,7.1127,0.3151,2.072
2026-07-16 12:56:12,24.28,850.3,101.68,15.1,21.18,38.05,37.42,4.43,20.0,SUBJ_002,74.5,10.0,36.47,0.7582,97.5,809.61,2.503,2.736,0.9006,12.9134,7.7277,0.3347,1.934
2026-07-16 13:01:33,24.35,948.3,88.91,20.8,14.79,36.92,27.26,1.12,20.0,SUBJ_002,74.8,10.0,34.43,0.7836,97.5,803.99,2.8413,2.82,1.0966,7.8078,4.6669,0.2927,1.955
2026-07-16 13:04:14,24.09,818.9,90.62,10.4,12.85,33.24,32.5,3.43,20.0,SUBJ_002,74.6,10.0,38.09,0.7551,97.5,813.3,2.3421,2.508,0.8378,10.4312,6.2406,0.2983,1.877
2026-07-16 13:09:19,24.32,885.8,95.88,16.1,15.45,31.3,29.41,8.79,20.0,SUBJ_002,74.3,10.0,35.26,0.7275,97.5,816.79,2.7022,2.784,0.9716,8.8968,5.3189,0.3157,1.946
2026-07-16 13:11:52,24.39,838.8,64.22,18.5,10.73,31.5,25.22,1.99,20.74,SUBJ_002,73.6,10.0,35.2,0.7802,97.4,784.41,2.7739,2.868,0.8776,6.7384,4.0302,0.2114,1.93
2026-07-16 13:19:22,24.45,860.5,89.18,17.0,12.67,31.89,28.74,5.01,20.0,SUBJ_002,73.1,10.0,34.41,0.7775,97.4,809.55,2.8114,2.94,0.921,8.5484,5.1112,0.2936,1.985
2026-07-16 13:22:29,24.67,815.0,99.59,20.6,20.31,42.0,41.16,0.82,20.0,SUBJ_002,73.5,10.0,33.81,0.759,97.4,813.28,2.7995,3.204,0.83,14.7792,8.8476,0.3279,2.051
2026-07-16 13:31:03,24.63,957.1,85.64,23.9,14.51,38.94,29.67,1.27,20.0,SUBJ_002,74.0,10.0,32.25,0.7846,97.4,818.81,3.1007,3.156,1.1142,9.0063,5.3866,0.2819,2.039
2026-07-16 13:34:17,24.28,819.9,71.96,22.2,13.73,34.9,24.83,2.56,20.0,SUBJ_002,73.8,10.0,36.13,0.8215,97.4,811.21,2.6448,2.736,0.8398,6.5589,3.921,0.2369,1.934
2026-07-16 13:41:29,24.8,854.1,94.09,17.7,18.95,33.72,35.97,4.65,20.0,SUBJ_002,73.6,10.0,32.04,0.8208,97.4,823.4,3.0537,3.36,0.9082,12.1732,7.2851,0.3098,2.09
2026-07-16 13:48:05,24.43,789.5,102.02,28.2,17.59,38.0,36.87,3.11,20.0,SUBJ_002,73.9,10.0,35.64,0.7815,97.5,821.11,2.5864,2.916,0.779,12.639,7.563,0.3359,1.979
2026-07-16 13:50:58,24.4,951.4,74.12,21.9,14.52,36.98,31.3,1.59,20.0,SUBJ_002,74.3,10.0,34.57,0.7502,97.4,801.88,2.838,2.88,1.1028,9.7982,5.8641,0.244,1.97
2026-07-16 13:54:04,24.27,1033.5,75.09,17.5,14.49,33.64,29.83,3.15,20.0,SUBJ_002,74.0,10.0,34.87,0.7664,97.4,798.31,2.8303,2.724,1.267,9.0652,5.4241,0.2472,1.931
2026-07-16 14:03:31,24.49,781.3,87.85,15.8,18.43,32.02,36.67,2.97,20.0,SUBJ_002,73.9,10.0,35.41,0.7504,97.4,803.08,2.6396,2.988,0.7626,12.5107,7.4889,0.2892,1.997
2026-07-16 14:06:19,24.09,816.1,93.45,14.1,14.0,37.21,30.73,0.88,20.0,SUBJ_002,73.8,10.0,37.92,0.7795,97.4,805.63,2.3639,2.508,0.8322,9.5519,5.7124,0.3077,1.877
2026-07-16 14:09:47,23.64,771.2,86.52,16.7,14.09,31.14,27.71,0.68,20.0,SUBJ_002,73.3,10.0,41.94,0.777,97.5,810.51,1.8963,1.968,0.7424,8.028,4.7995,0.2848,1.742
2026-07-16 14:17:10,23.85,811.3,87.55,15.1,15.25,38.78,30.23,6.36,20.2,SUBJ_002,73.5,10.0,40.04,0.7674,97.5,818.31,2.1226,2.22,0.8226,9.2901,5.5566,0.2882,1.795
2026-07-16 14:23:24,24.03,805.6,74.19,15.1,13.9,35.08,31.83,8.67,20.0,SUBJ_002,73.2,10.0,38.92,0.7794,97.4,804.23,2.2744,2.436,0.8112,10.0634,6.0232,0.2442,1.859
2026-07-16 14:29:56,24.38,757.9,92.14,22.4,15.69,35.99,29.7,1.07,20.0,SUBJ_002,73.2,10.0,35.86,0.788,97.4,824.24,2.5987,2.856,0.7158,9.0343,5.4021,0.3033,1.964
2026-07-16 14:37:27,24.45,779.5,73.08,23.7,11.99,34.94,24.23,0.96,21.76,SUBJ_002,72.7,10.0,34.94,0.8163,97.4,819.51,2.7745,2.94,0.759,6.2612,3.7421,0.2406,1.897
2026-07-16 14:42:00,24.29,756.8,91.13,26.9,16.45,38.94,32.96,0.0,22.3,SUBJ_002,73.2,10.0,36.93,0.8117,97.4,810.79,2.4599,2.748,0.7136,10.6623,6.3791,0.3,1.822
2026-07-16 14:46:08,24.11,755.4,84.12,24.4,17.1,31.91,29.39,1.69,22.04,SUBJ_002,72.9,10.0,38.27,0.8056,97.5,815.61,2.3273,2.532,0.7108,8.8632,5.3011,0.2769,1.781
2026-07-16 14:54:58,23.44,799.1,67.1,22.4,14.75,31.33,31.6,2.18,20.0,SUBJ_002,72.9,10.0,44.06,0.7809,97.5,824.6,1.6736,1.728,0.7982,9.9342,5.9471,0.2209,1.682
2026-07-16 14:57:19,24.16,711.1,67.51,18.7,11.7,37.53,28.97,0.81,21.13,SUBJ_002,72.6,10.0,38.45,0.8004,97.5,847.07,2.3284,2.592,0.6222,8.62,5.1585,0.2223,1.8415
2026-07-16 15:05:38,23.66,720.5,77.52,13.8,13.99,33.5,30.26,0.88,20.42,SUBJ_002,72.3,10.0,42.55,0.7805,97.4,830.36,1.8167,1.992,0.641,9.285,5.5555,0.2552,1.727
2026-07-16 15:10:47,23.56,735.8,85.71,18.2,16.55,37.38,28.92,2.38,21.18,SUBJ_002,71.9,10.0,43.02,0.7751,97.4,825.83,1.754,1.872,0.6716,8.6314,5.1617,0.2822,1.659
2026-07-16 15:17:51,24.06,932.5,73.77,26.1,16.5,37.62,36.82,7.0,23.93,SUBJ_002,72.3,10.0,38.08,0.7573,97.4,847.92,2.3921,2.472,1.065,12.5575,7.5198,0.2429,1.6715
2026-07-16 15:22:24,24.26,705.4,80.19,22.8,17.17,33.09,34.18,2.58,24.96,SUBJ_002,72.4,10.0,37.88,0.7436,97.4,825.96,2.348,2.712,0.6108,11.2504,6.7342,0.264,1.68
2026-07-16 15:30:15,24.19,847.3,68.36,24.5,11.38,30.65,25.9,1.05,23.93,SUBJ_002,72.1,10.0,36.82,0.8132,97.4,832.99,2.5728,2.628,0.8946,7.0867,4.2384,0.2251,1.7105
2026-07-16 15:38:40,23.59,791.2,77.27,18.9,15.41,32.97,31.29,0.89,26.41,SUBJ_002,72.1,10.0,42.66,0.7901,97.4,855.99,1.8197,1.908,0.7824,9.7995,5.8643,0.2544,1.4065
2026-07-16 15:43:58,23.4,694.6,71.1,16.4,15.93,38.38,32.78,3.34,27.19,SUBJ_002,71.6,10.0,45.28,0.7478,97.3,835.19,1.4858,1.68,0.5892,10.5322,6.3051,0.2341,1.3105
2026-07-16 15:48:50,23.12,683.6,84.53,19.0,16.68,34.92,33.11,1.31,28.75,SUBJ_002,71.3,10.0,47.54,0.6913,97.4,855.75,1.1845,1.344,0.5672,10.7241,6.4175,0.2783,1.1485
2026-07-16 15:55:23,23.21,664.6,70.32,22.1,14.61,36.0,25.33,3.91,29.88,SUBJ_002,71.0,10.0,46.5,0.7361,97.4,851.03,1.3627,1.452,0.5292,6.8056,4.0693,0.2315,1.119
2026-07-16 16:04:06,22.85,670.0,69.84,24.4,13.51,34.88,28.19,0.12,28.99,SUBJ_002,70.9,10.0,49.75,0.6995,97.4,846.18,0.965,1.02,0.54,8.2347,4.9268,0.2299,1.0555
2026-07-16 16:12:25,22.71,614.3,57.8,17.4,12.71,31.13,28.52,1.94,28.68,SUBJ_002,70.3,10.0,51.61,0.6815,97.4,851.22,0.7492,0.852,0.4286,8.3756,5.0138,0.1903,1.029
2026-07-16 16:15:07,22.64,697.2,71.97,23.7,12.23,26.88,28.04,0.0,25.95,SUBJ_002,70.3,10.2,51.26,0.6929,97.4,852.61,0.789,0.768,0.5944,8.1639,4.884,0.2369,1.1445
2026-07-16 16:21:29,23.26,621.4,58.21,22.6,13.83,33.4,27.3,12.29,31.98,SUBJ_002,70.6,10.0,46.79,0.7023,97.4,867.74,1.3311,1.512,0.4428,7.7664,4.6482,0.1916,1.029
2026-07-16 16:26:30,22.53,728.5,55.54,20.4,10.09,31.59,23.37,3.49,31.61,SUBJ_002,70.4,18.03,51.81,0.6781,97.4,849.35,0.7837,0.636,0.657,5.7961,3.4665,0.1828,0.8285
2026-07-16 16:32:44,22.99,609.4,46.08,26.3,10.47,28.53,25.91,1.64,34.4,SUBJ_002,69.7,10.68,49.25,0.6797,97.4,846.82,1.0632,1.188,0.4188,7.0472,4.2191,0.1517,0.827
2026-07-16 16:41:15,22.58,705.0,55.91,17.5,10.47,31.52,23.99,0.13,33.84,SUBJ_002,69.5,16.84,51.63,0.6756,97.5,858.66,0.796,0.696,0.61,6.1068,3.6529,0.1841,0.732
2026-07-16 16:48:38,22.11,861.1,43.17,29.7,8.26,34.67,19.25,12.2,31.97,SUBJ_002,69.0,27.51,54.15,0.7009,97.5,861.81,0.584,0.132,0.9222,3.7113,2.2182,0.1421,0.6845
2026-07-16 16:57:35,22.13,666.2,61.83,20.8,11.12,29.91,30.04,12.48,32.8,SUBJ_002,68.9,13.99,56.17,0.6764,97.5,864.84,0.2065,0.156,0.5324,9.1437,5.4738,0.2036,0.649
2026-07-16 17:06:42,22.22,638.1,37.89,23.6,7.88,25.34,26.19,1.34,31.38,SUBJ_002,68.1,19.17,55.7,0.6299,97.5,906.53,0.3173,0.264,0.4762,7.1708,4.2949,0.1247,0.747
2026-07-16 17:15:30,22.29,667.8,52.46,26.8,11.44,35.71,20.97,2.65,34.77,SUBJ_002,67.6,24.91,54.18,0.6635,97.5,908.12,0.4996,0.348,0.5356,4.5899,2.7435,0.1727,0.5985
2026-07-16 17:23:50,22.42,614.3,40.61,20.6,8.3,26.25,22.5,1.41,35.37,SUBJ_002,67.4,22.15,53.83,0.6841,97.5,883.42,0.5422,0.504,0.4286,5.3312,3.1906,0.1337,0.6075
2026-07-16 17:26:36,22.2,511.6,45.29,33.2,9.72,38.26,21.32,2.83,36.7,SUBJ_002,67.3,27.36,56.34,0.7038,97.5,870.49,0.2085,0.24,0.2232,4.7506,2.8413,0.1491,0.475
2026-07-16 17:30:55,21.6,539.4,37.94,17.8,9.9,35.17,23.13,0.48,37.38,SUBJ_002,66.9,27.07,58.09,0.6708,97.4,881.22,0.0154,0.0,0.2788,5.6409,3.3769,0.1249,0.381
2026-07-16 17:39:42,21.69,547.1,43.82,22.3,10.27,30.24,14.79,3.29,37.13,SUBJ_002,66.2,38.4,57.22,0.7065,97.5,911.75,0.144,0.0,0.2942,1.4826,0.8808,0.1443,0.3935
2026-07-16 17:49:19,21.41,492.5,31.76,19.9,8.42,32.16,26.52,1.14,41.74,SUBJ_002,66.4,23.05,58.86,0.7002,97.5,915.98,-0.0916,0.0,0.185,7.3235,4.3878,0.1046,0.163
2026-07-16 17:54:18,21.42,508.5,28.22,15.1,8.21,23.3,21.6,10.47,44.44,SUBJ_002,65.9,29.79,58.37,0.6867,97.5,925.09,-0.0014,0.0,0.217,4.8564,2.9082,0.0929,0.028
2026-07-16 18:03:33,22.07,536.6,36.36,20.3,7.97,25.93,21.2,0.0,46.28,SUBJ_002,65.9,29.01,57.38,0.6858,97.6,914.72,0.1101,0.084,0.2732,4.6727,2.7964,0.1197,0.085
2026-07-16 18:07:11,21.35,456.1,37.66,27.3,7.35,26.38,20.23,3.27,46.98,SUBJ_002,65.2,32.02,58.52,0.7279,97.6,917.05,-0.0474,0.0,0.1122,4.1903,2.5067,0.124,0.099
2026-07-16 18:12:16,21.48,460.0,33.23,24.7,7.65,33.45,23.33,6.44,47.71,SUBJ_002,65.2,27.79,58.82,0.7199,97.6,921.8,-0.0867,0.0,0.12,5.7315,3.4322,0.1094,0.1355
2026-07-16 18:18:13,21.13,491.7,54.51,20.4,12.11,25.8,24.26,0.0,48.03,SUBJ_002,64.5,25.63,58.3,0.7098,97.6,927.17,-0.0604,0.0,0.1834,6.239,3.7325,0.1795,0.1515
2026-07-16 18:22:46,20.76,537.3,47.33,24.1,8.58,27.11,17.6,8.68,49.1,SUBJ_002,64.4,34.53,57.48,0.7199,97.6,938.59,0.0917,0.0,0.2746,2.8947,1.7273,0.1558,0.205
2026-07-16 18:26:27,21.27,476.3,47.78,25.7,9.68,29.62,22.98,2.64,52.52,SUBJ_002,64.2,27.72,58.42,0.6949,97.6,920.09,-0.0614,0.0,0.1526,5.5856,3.3418,0.1573,0.376
2026-07-16 18:32:27,20.93,469.4,49.26,26.8,6.89,27.35,16.46,16.42,56.8,SUBJ_002,64.1,36.79,57.89,0.696,97.6,939.85,0.0231,0.0,0.1388,2.3285,1.3873,0.1622,0.59
2026-07-16 18:39:40,20.89,443.5,44.86,23.8,8.28,29.39,24.97,12.66,55.28,SUBJ_002,64.1,25.39,58.9,0.6963,97.6,954.6,-0.1308,0.0,0.087,6.5747,3.9359,0.1477,0.514
2026-07-16 18:43:36,20.82,420.4,41.37,27.5,9.95,32.24,25.36,1.33,55.79,SUBJ_002,64.0,25.19,59.18,0.6793,97.6,961.85,-0.1652,0.0,0.0408,6.7627,4.0494,0.1362,0.5395
2026-07-16 18:47:10,21.71,483.7,56.35,25.1,13.26,35.13,27.07,8.66,57.48,SUBJ_002,64.3,21.75,58.57,0.6375,97.6,930.08,-0.1105,0.0,0.1674,7.6477,4.5774,0.1855,0.624
2026-07-16 18:55:35,20.6,422.0,48.79,26.3,8.03,29.19,24.52,1.22,59.17,SUBJ_002,63.8,26.14,58.97,0.6241,97.6,941.16,-0.1512,0.0,0.044,6.3576,3.8048,0.1606,0.7085
2026-07-16 19:05:13,21.04,511.5,49.81,24.0,10.35,42.51,21.02,7.27,58.91,SUBJ_002,64.1,29.99,57.94,0.6464,97.6,944.85,0.0106,0.0,0.223,4.6096,2.7558,0.164,0.6955
2026-07-16 19:08:01,21.18,413.1,50.44,27.1,12.48,29.87,25.59,1.86,57.86,SUBJ_002,64.3,24.72,59.11,0.6496,97.5,930.41,-0.1776,0.0,0.0262,6.8959,4.1274,0.1661,0.643
2026-07-16 19:10:15,20.36,447.2,68.0,19.9,9.45,32.06,26.38,0.9,58.15,SUBJ_002,64.5,22.81,58.61,0.6385,97.5,928.31,-0.1463,0.0,0.0944,7.326,4.382,0.2239,0.6575
2026-07-16 19:12:17,20.7,459.6,45.89,21.8,10.05,33.19,22.54,2.35,60.44,SUBJ_002,64.5,28.54,58.55,0.6344,97.6,942.94,-0.076,0.0,0.1192,5.3618,3.2079,0.1511,0.772
2026-07-16 19:19:48,20.36,505.9,64.04,28.7,13.65,38.83,30.61,3.76,61.52,SUBJ_002,65.2,16.4,58.57,0.6311,97.5,927.62,-0.1333,0.0,0.2118,9.4331,5.647,0.2108,0.826
2026-07-16 19:27:24,20.42,596.2,59.49,28.5,11.01,28.96,22.77,3.97,62.23,SUBJ_002,65.3,26.39,57.25,0.6626,97.5,891.91,0.0915,0.0,0.3924,5.504,3.2905,0.1959,0.8615
2026-07-16 19:31:42,20.7,453.1,56.93,27.4,12.3,34.34,30.86,2.0,64.84,SUBJ_002,65.9,16.8,59.13,0.6163,97.4,910.71,-0.2029,0.0,0.1062,9.5439,5.7149,0.1874,0.992
2026-07-16 19:37:20,20.64,413.6,59.95,26.0,13.73,32.68,30.59,2.41,65.72,SUBJ_002,66.2,17.31,59.23,0.5479,97.5,921.45,-0.2484,0.072,0.0272,9.4149,5.6369,0.1974,1.036
2026-07-16 19:40:53,20.58,553.4,68.8,31.3,14.31,33.47,30.25,0.32,67.39,SUBJ_002,66.3,15.53,57.6,0.5261,97.5,901.69,-0.0688,0.239,0.3068,9.2626,5.5438,0.2265,1.1195
2026-07-16 19:49:50,20.47,420.7,54.07,30.1,14.1,40.26,27.05,0.6,69.7,SUBJ_002,66.2,21.08,58.17,0.5617,97.5,907.24,-0.189,0.47,0.0414,7.6331,4.5691,0.178,1.235
2026-07-16 19:54:10,20.39,371.0,53.45,20.4,9.94,36.07,27.09,4.11,71.57,SUBJ_002,65.5,21.02,58.21,0.6082,97.4,951.94,-0.2517,0.657,-0.058,7.6519,4.5804,0.176,1.3285
2026-07-16 19:57:36,20.23,378.7,83.65,31.8,12.5,36.77,27.48,0.63,73.78,SUBJ_002,65.7,18.97,57.25,0.6004,97.4,941.19,-0.2476,0.878,-0.0426,7.9073,4.7277,0.2754,1.439
2026-07-16 20:02:42,19.59,399.3,83.52,27.8,13.56,29.19,23.4,2.55,73.7,SUBJ_002,65.3,24.43,56.75,0.635,97.4,916.35,-0.1636,0.87,-0.0014,5.867,3.5035,0.275,1.435
2026-07-16 20:05:38,20.23,483.7,87.04,17.4,16.16,38.22,32.57,3.28,74.74,SUBJ_002,65.6,10.4,56.59,0.6403,97.4,927.62,-0.189,0.974,0.1674,10.4591,6.258,0.2866,1.487
2026-07-16 20:09:31,19.31,369.9,96.48,26.8,18.55,39.12,40.5,0.68,76.47,SUBJ_002,66.0,10.0,57.68,0.6002,97.4,946.25,-0.4445,1.147,-0.0602,14.443,8.6465,0.3176,1.5735
2026-07-16 20:15:21,20.06,375.9,86.18,23.1,15.48,39.6,26.91,3.04,76.22,SUBJ_002,65.9,18.99,56.69,0.6202,97.4,907.65,-0.243,1.122,-0.0482,7.6274,4.5592,0.2837,1.561
2026-07-16 20:18:16,19.66,376.6,60.08,15.6,14.2,38.27,33.12,3.16,75.22,SUBJ_002,66.5,11.33,57.85,0.6396,97.5,903.03,-0.3307,1.022,-0.0468,10.6802,6.3961,0.1978,1.511
2026-07-16 20:25:52,19.28,480.6,84.5,20.0,16.89,32.16,36.53,1.43,77.65,SUBJ_002,67.3,10.0,56.41,0.6107,97.4,895.62,-0.2494,1.265,0.1612,12.434,7.4435,0.2782,1.6325
2026-07-16 20:28:13,19.65,681.9,90.03,20.2,20.27,38.14,39.02,0.19,77.76,SUBJ_002,67.3,10.0,54.89,0.5793,97.5,879.99,-0.0333,1.276,0.5638,13.6901,8.196,0.2964,1.638
2026-07-16 20:31:36,19.92,433.1,94.71,25.5,15.46,37.89,28.34,9.61,78.22,SUBJ_002,67.1,15.57,55.81,0.6216,97.5,887.15,-0.1919,1.322,0.0662,8.3594,4.9967,0.3118,1.661
2026-07-16 20:37:38,19.65,381.6,98.16,26.2,16.63,33.39,30.01,5.6,79.52,SUBJ_002,67.1,13.34,56.05,0.6474,97.5,871.58,-0.2801,1.452,-0.0368,9.2013,5.5012,0.3232,1.726
2026-07-16 20:46:58,19.64,334.3,79.91,14.8,13.0,28.78,25.76,2.23,80.36,SUBJ_002,67.1,19.94,56.2,0.7113,97.5,903.61,-0.2785,1.536,-0.1314,7.0398,4.2079,0.2631,1.768
2026-07-16 20:56:08,19.21,348.8,85.76,22.8,14.21,28.97,23.97,1.28,79.67,SUBJ_002,66.8,22.33,55.97,0.74,97.5,883.08,-0.2349,1.467,-0.1024,6.1565,3.6768,0.2823,1.7335
2026-07-16 21:01:37,19.38,364.6,94.89,22.4,18.66,38.07,36.62,10.56,80.49,SUBJ_002,66.9,10.0,56.62,0.7168,97.5,906.95,-0.3957,1.549,-0.0708,12.4998,7.4809,0.3124,1.7745
2026-07-16 21:06:20,19.26,382.1,71.43,16.3,13.2,33.46,26.7,0.87,78.88,SUBJ_002,66.8,18.78,56.33,0.7385,97.6,907.26,-0.2322,1.388,-0.0358,7.4929,4.4814,0.2352,1.694
2026-07-16 21:12:05,19.49,463.1,98.19,24.1,15.26,38.01,26.73,1.66,80.66,SUBJ_002,66.8,16.65,54.89,0.7546,97.5,882.48,-0.1314,1.566,0.1262,7.5614,4.5172,0.3233,1.783
2026-07-16 21:14:55,19.04,329.1,111.64,19.7,19.75,40.49,34.45,1.26,79.14,SUBJ_002,66.5,10.0,56.71,0.7215,97.6,912.41,-0.4091,1.414,-0.1418,11.4483,6.8466,0.3675,1.707
2026-07-16 21:18:52,19.25,356.1,78.08,26.3,12.27,37.75,25.79,6.34,77.27,SUBJ_002,66.3,20.64,56.68,0.7357,97.6,921.83,-0.2517,1.227,-0.0878,7.0512,4.2151,0.2571,1.6135
2026-07-16 21:22:53,19.21,515.8,101.52,26.1,19.07,33.17,33.84,3.23,77.85,SUBJ_002,66.3,10.0,55.58,0.7458,97.5,906.23,-0.167,1.285,0.2316,11.123,6.6535,0.3342,1.6425
2026-07-16 21:30:00,18.59,334.0,102.55,12.1,16.32,30.65,31.99,0.0,79.73,SUBJ_002,66.2,10.94,56.49,0.7376,97.5,890.38,-0.3679,1.473,-0.132,10.2001,6.0995,0.3376,1.7365
2026-07-16 21:33:18,18.86,489.1,98.81,23.4,18.01,41.78,33.32,0.71,82.27,SUBJ_002,66.3,10.0,54.91,0.7422,97.5,939.35,-0.193,1.727,0.1782,10.8576,6.4948,0.3253,1.8635
2026-07-16 21:37:24,18.69,334.2,96.68,28.4,17.85,41.56,29.88,1.34,83.56,SUBJ_002,66.7,12.85,55.64,0.743,97.5,922.72,-0.3375,1.856,-0.1316,9.1334,5.4607,0.3183,1.928
2026-07-16 21:46:56,18.71,324.7,107.85,25.3,19.76,40.75,33.68,1.5,86.02,SUBJ_002,67.0,10.0,55.37,0.767,97.5,899.25,-0.4036,2.102,-0.1506,11.0557,6.6118,0.3551,2.051
2026-07-16 21:50:54,18.77,359.1,103.32,24.4,16.93,38.43,28.34,2.66,87.85,SUBJ_002,67.0,13.25,54.34,0.8059,97.5,907.17,-0.2844,2.285,-0.0818,8.3766,5.0053,0.3401,2.1425
2026-07-16 21:58:26,19.17,338.6,88.34,28.2,17.16,41.73,31.84,1.76,90.0,SUBJ_002,67.3,10.0,54.62,0.8317,97.5,891.77,-0.36,2.5,-0.1228,10.0967,6.0403,0.2908,2.25
2026-07-16 22:03:25,18.54,340.1,91.28,17.2,13.44,26.7,32.25,2.71,90.0,SUBJ_002,67.4,10.0,54.6,0.8277,97.4,919.87,-0.3639,2.5,-0.1198,10.3076,6.1663,0.3005,2.25
2026-07-16 22:05:49,18.73,300.0,105.39,17.1,21.86,36.65,31.02,1.53,90.0,SUBJ_002,67.3,10.0,54.58,0.8546,97.4,906.48,-0.3965,2.5,-0.2,9.7208,5.8114,0.347,2.25
2026-07-16 22:15:27,18.61,377.2,108.99,22.3,17.22,43.6,33.75,4.5,90.0,SUBJ_002,66.9,10.0,54.13,0.8265,97.5,898.3,-0.339,2.5,-0.0456,11.093,6.634,0.3588,2.25
2026-07-16 22:18:20,18.87,342.1,117.41,22.9,20.42,35.64,36.18,7.06,90.0,SUBJ_002,66.8,10.0,54.49,0.8218,97.5,902.01,-0.4175,2.5,-0.1158,12.3248,7.3714,0.3865,2.25
2026-07-16 22:21:59,18.99,362.9,113.89,22.8,19.62,39.13,39.5,0.72,90.0,SUBJ_002,66.8,10.0,54.66,0.828,97.4,888.84,-0.4389,2.5,-0.0742,13.9778,8.3639,0.3749,2.25
2026-07-16 22:27:30,18.21,386.6,109.34,22.7,23.15,37.74,36.58,12.62,90.0,SUBJ_002,67.4,10.0,54.3,0.8396,97.4,886.8,-0.3676,2.5,-0.0268,12.5087,7.4833,0.36,2.25
2026-07-16 22:35:23,18.89,413.7,107.14,24.5,17.23,37.55,31.49,0.59,90.0,SUBJ_002,67.6,10.0,53.68,0.8413,97.4,884.33,-0.2611,2.5,0.0274,9.9593,5.9541,0.3527,2.25
2026-07-16 22:37:39,18.77,338.9,117.44,23.9,21.08,41.95,40.8,6.68,87.99,SUBJ_002,67.5,10.0,55.31,0.7884,97.5,901.07,-0.4875,2.299,-0.1222,14.6349,8.7574,0.3866,2.1495
2026-07-16 22:44:23,18.32,300.0,89.72,25.0,15.73,33.43,29.72,0.49,86.11,SUBJ_002,66.7,12.85,55.51,0.8024,97.4,919.44,-0.378,2.111,-0.2,9.0394,5.4057,0.2954,2.0555
2026-07-16 22:52:55,18.51,308.7,109.06,21.6,20.89,41.35,36.34,6.54,89.4,SUBJ_002,67.4,10.0,55.03,0.7624,97.4,875.15,-0.4616,2.44,-0.1826,12.3881,7.4111,0.359,2.22
2026-07-16 23:01:45,18.29,333.7,93.48,22.2,13.78,34.61,30.37,3.21,90.0,SUBJ_002,67.6,10.31,54.45,0.7909,97.4,881.22,-0.3451,2.5,-0.1326,9.372,5.6045,0.3078,2.25
2026-07-16 23:06:45,18.32,370.1,105.05,16.9,19.56,37.77,33.82,4.79,89.62,SUBJ_002,67.7,10.0,54.34,0.7964,97.5,868.69,-0.3489,2.462,-0.0598,11.1201,6.6511,0.3458,2.231
2026-07-16 23:11:13,17.79,391.5,110.16,18.2,19.35,40.82,34.81,4.53,90.0,SUBJ_002,67.8,10.0,54.09,0.7695,97.4,899.57,-0.3362,2.5,-0.017,11.6253,6.9532,0.3627,2.25
2026-07-16 23:17:55,18.25,429.6,115.81,23.0,18.26,31.13,32.96,0.0,90.0,SUBJ_002,67.5,10.0,53.53,0.7682,97.4,863.25,-0.2622,2.5,0.0592,10.7116,6.4038,0.3813,2.25
2026-07-16 23:20:56,18.14,364.1,99.49,18.0,19.54,35.51,32.64,4.05,90.0,SUBJ_002,67.6,10.0,54.3,0.77,97.4,915.62,-0.3395,2.5,-0.0718,10.519,6.2915,0.3275,2.25
2026-07-16 23:23:48,18.69,300.0,106.4,19.6,20.19,39.7,38.08,0.72,89.94,SUBJ_002,67.8,10.0,55.18,0.7449,97.4,894.16,-0.4973,2.494,-0.2,13.2528,7.9304,0.3503,2.247
2026-07-16 23:30:55,18.64,391.2,118.85,26.4,19.52,39.75,40.57,8.83,90.0,SUBJ_002,68.1,10.0,54.44,0.7341,97.4,864.38,-0.4188,2.5,-0.0176,14.5227,8.6898,0.3913,2.25
2026-07-16 23:37:00,18.37,328.1,98.07,23.5,19.9,31.89,30.78,5.99,90.0,SUBJ_002,68.0,10.0,54.45,0.7964,97.4,888.06,-0.358,2.5,-0.1438,9.5861,5.7321,0.3229,2.25
2026-07-16 23:43:39,18.09,381.4,98.68,19.7,16.33,37.47,30.63,0.63,90.0,SUBJ_002,67.6,10.0,54.0,0.8091,97.4,920.45,-0.2892,2.5,-0.0372,9.5124,5.6877,0.3249,2.25
2026-07-16 23:51:19,19.09,300.0,120.57,22.4,21.33,49.53,39.52,2.95,88.76,SUBJ_002,67.7,10.0,55.31,0.7586,97.4,879.21,-0.5178,2.376,-0.2,14.0011,8.3766,0.3969,2.188
2026-07-16 23:59:04,17.9,300.0,97.57,17.3,14.47,33.5,32.82,3.37,90.0,SUBJ_002,67.4,10.0,54.86,0.7454,97.4,879.72,-0.4222,2.5,-0.2,10.6051,6.3436,0.3212,2.25
2026-07-17 00:02:52,18.3,300.0,101.14,21.8,16.64,39.82,29.17,1.06,90.0,SUBJ_002,67.5,12.15,54.49,0.7721,97.4,859.12,-0.3701,2.5,-0.2,8.7873,5.2521,0.333,2.25
2026-07-17 00:09:44,18.91,451.6,105.97,26.7,18.32,37.54,34.46,1.8,90.0,SUBJ_002,67.4,10.0,53.65,0.7778,97.5,886.68,-0.2561,2.5,0.1032,11.4419,6.844,0.3489,2.25
2026-07-17 00:17:25,18.32,369.9,117.54,23.7,19.58,39.42,31.07,0.0,90.0,SUBJ_002,67.3,10.0,53.82,0.8019,97.5,907.44,-0.3099,2.5,-0.0602,9.7701,5.8385,0.387,2.25
2026-07-17 00:21:21,18.75,401.9,97.01,22.6,16.42,35.3,33.55,7.71,90.0,SUBJ_002,67.6,10.0,54.12,0.7713,97.5,882.52,-0.3053,2.5,0.0038,10.969,6.562,0.3194,2.25
2026-07-17 00:31:06,18.26,470.5,98.6,18.8,18.09,33.66,30.81,1.09,90.0,SUBJ_002,67.5,10.0,53.3,0.8012,97.5,885.93,-0.1804,2.5,0.141,9.6022,5.7416,0.3246,2.25
2026-07-17 00:38:18,18.17,300.0,120.49,13.1,20.82,38.48,37.55,3.56,90.0,SUBJ_002,67.3,10.0,54.89,0.831,97.5,881.74,-0.4897,2.5,-0.2,13.016,7.7855,0.3967,2.25
2026-07-17 00:46:02,17.77,311.3,106.6,24.6,18.31,35.8,35.93,4.79,89.2,SUBJ_002,67.4,10.0,55.05,0.8041,97.4,863.95,-0.4525,2.42,-0.1774,12.1782,7.2856,0.3509,2.21
2026-07-17 00:49:03,18.74,338.9,126.57,21.4,22.1,37.43,36.24,2.86,90.0,SUBJ_002,67.6,10.0,54.37,0.7871,97.4,885.68,-0.4224,2.5,-0.1222,12.3731,7.3986,0.4167,2.25
2026-07-17 00:54:42,18.12,300.0,115.28,21.8,21.78,40.29,37.93,1.47,89.19,SUBJ_002,67.3,10.0,55.17,0.775,97.4,891.97,-0.4952,2.419,-0.2,13.1956,7.8943,0.3795,2.2095
2026-07-17 01:00:46,18.89,315.8,104.76,18.7,17.17,33.86,31.98,0.8,89.14,SUBJ_002,67.5,10.0,54.72,0.7824,97.4,910.39,-0.3905,2.414,-0.1684,10.1995,6.0988,0.3449,2.207
2026-07-17 01:06:04,17.6,525.8,87.28,24.4,14.26,29.47,29.17,4.43,90.0,SUBJ_002,67.3,10.03,52.9,0.7831,97.4,892.39,-0.0879,2.5,0.2516,8.7596,5.2383,0.2873,2.25
2026-07-17 01:15:11,17.97,302.3,112.42,10.6,19.56,33.15,29.09,1.69,90.0,SUBJ_002,66.8,11.96,54.28,0.8139,97.4,874.9,-0.3661,2.5,-0.1954,8.7698,5.2394,0.3701,2.25
2026-07-17 01:20:21,18.61,420.4,113.52,8.9,22.53,37.38,37.09,1.27,90.0,SUBJ_002,66.8,10.0,54.0,0.8073,97.4,907.07,-0.3327,2.5,0.0408,12.772,7.6405,0.3737,2.25
2026-07-17 01:25:07,18.5,498.2,102.31,12.8,21.4,38.47,37.22,0.0,90.0,SUBJ_002,67.4,10.0,53.57,0.7757,97.4,880.11,-0.2373,2.5,0.1964,12.8146,7.6683,0.3368,2.25
2026-07-17 01:28:03,18.93,300.0,107.24,20.8,21.29,40.27,27.02,1.37,90.0,SUBJ_002,67.3,14.98,54.21,0.8023,97.4,871.44,-0.3394,2.5,-0.2,7.7245,4.6132,0.3531,2.25
2026-07-17 01:30:04,19.06,481.3,81.01,14.9,16.79,40.92,28.41,5.49,89.64,SUBJ_002,67.1,11.83,53.37,0.8109,97.4,899.87,-0.1326,2.464,0.1626,8.367,5.004,0.2667,2.232
2026-07-17 01:35:29,18.67,370.3,89.82,18.3,14.79,37.16,34.64,2.6,90.0,SUBJ_002,66.9,10.0,54.58,0.7871,97.4,898.15,-0.3603,2.5,-0.0594,11.4996,6.8818,0.2957,2.25
2026-07-17 01:43:04,18.63,435.9,87.97,17.0,17.51,37.61,33.83,0.53,90.0,SUBJ_002,66.9,10.0,54.01,0.7864,97.4,888.87,-0.2667,2.5,0.0718,11.0909,6.637,0.2896,2.25
2026-07-17 01:48:12,19.45,702.8,99.27,17.1,17.66,33.6,30.63,1.48,90.0,SUBJ_002,67.1,10.0,51.41,0.8119,97.4,925.8,0.1126,2.5,0.6056,9.5135,5.6883,0.3268,2.25
2026-07-17 01:54:13,19.03,358.9,112.66,15.6,20.47,38.05,36.36,2.71,90.0,SUBJ_002,67.4,10.0,54.44,0.8035,97.4,890.61,-0.3991,2.5,-0.0822,12.4053,7.4207,0.3709,2.25
2026-07-17 01:56:37,18.52,321.9,109.66,18.9,20.05,30.37,35.44,7.45,90.0,SUBJ_002,67.2,10.0,54.71,0.7914,97.4,887.91,-0.4322,2.5,-0.1562,11.9393,7.1417,0.361,2.25
2026-07-17 02:03:59,18.87,350.4,87.4,18.5,16.11,37.04,27.87,1.55,90.0,SUBJ_002,67.0,13.74,54.2,0.8147,97.4,885.88,-0.2885,2.5,-0.0992,8.1098,4.8484,0.2877,2.25
2026-07-17 02:10:34,18.74,371.9,83.0,15.9,14.71,34.63,29.8,9.82,90.0,SUBJ_002,67.0,10.94,54.27,0.8352,97.4,883.86,-0.2892,2.5,-0.0562,9.066,5.423,0.2732,2.25
2026-07-17 02:15:22,18.6,375.5,98.37,18.4,19.95,34.4,35.65,1.51,89.27,SUBJ_002,67.1,10.0,54.63,0.848,97.3,900.57,-0.3682,2.427,-0.049,12.0217,7.1934,0.3239,2.2135
2026-07-17 02:23:21,19.27,343.8,95.03,14.9,14.32,30.99,31.36,1.7,90.0,SUBJ_002,67.7,10.0,54.43,0.8626,97.4,908.78,-0.3466,2.5,-0.1124,9.8701,5.903,0.3129,2.25
2026-07-17 02:29:41,18.85,484.6,106.77,13.0,14.15,33.05,35.76,6.16,90.0,SUBJ_002,67.7,10.0,53.48,0.8207,97.3,899.19,-0.2334,2.5,0.1692,12.0935,7.2348,0.3515,2.25
2026-07-17 02:37:56,19.21,398.5,88.84,16.8,14.71,28.37,31.07,0.69,90.0,SUBJ_002,67.6,10.0,54.06,0.8456,97.4,882.44,-0.2741,2.5,-0.003,9.7127,5.8098,0.2925,2.25
2026-07-17 02:41:51,18.98,384.0,98.54,19.0,15.82,38.41,34.21,0.89,90.0,SUBJ_002,67.4,10.0,54.29,0.8381,97.4,898.91,-0.337,2.5,-0.032,11.3021,6.7615,0.3244,2.25
2026-07-17 02:46:19,18.95,467.8,97.79,17.1,15.45,35.47,32.52,2.21,90.0,SUBJ_002,67.5,10.0,53.48,0.8521,97.4,894.4,-0.2082,2.5,0.1356,10.4556,6.2538,0.3219,2.25
2026-07-17 02:56:13,19.37,393.3,87.31,18.8,21.93,37.22,34.62,0.59,88.82,SUBJ_002,67.3,10.0,54.67,0.8388,97.4,883.12,-0.3313,2.382,-0.0134,11.4846,6.8733,0.2874,2.191
2026-07-17 03:02:15,19.49,333.4,85.26,18.5,13.21,29.5,28.19,3.93,90.0,SUBJ_002,66.9,13.54,54.4,0.8502,97.5,869.94,-0.3144,2.5,-0.1332,8.2655,4.9423,0.2807,2.25
2026-07-17 03:05:39,19.46,337.2,78.36,24.4,14.27,32.64,29.65,1.37,88.88,SUBJ_002,66.9,11.98,54.83,0.8591,97.4,921.41,-0.3305,2.388,-0.1256,8.9817,5.3734,0.258,2.194
2026-07-17 03:13:46,19.41,372.8,58.76,17.2,10.2,36.89,21.25,1.55,85.47,SUBJ_002,66.5,24.75,54.83,0.8952,97.5,943.79,-0.166,2.047,-0.0544,4.7425,2.8338,0.1934,2.0235
2026-07-17 03:16:10,18.67,446.8,89.99,13.1,16.3,37.69,31.94,1.7,85.64,SUBJ_002,66.6,10.0,54.6,0.8781,97.5,883.89,-0.2261,2.064,0.0936,10.15,6.072,0.2963,2.032
2026-07-17 03:20:27,20.09,336.4,94.73,19.6,15.97,34.19,31.28,4.33,86.25,SUBJ_002,66.5,10.12,55.24,0.8684,97.5,906.53,-0.3547,2.125,-0.1272,9.8295,5.8787,0.3119,2.0625
2026-07-17 03:24:14,19.64,378.8,87.5,25.3,15.83,27.21,28.4,6.31,85.95,SUBJ_002,66.0,13.92,54.83,0.8816,97.5,915.37,-0.2606,2.095,-0.0424,8.375,5.0075,0.2881,2.0475
2026-07-17 03:32:28,19.77,535.4,85.6,20.5,13.96,41.62,28.08,2.75,88.52,SUBJ_002,66.0,11.92,53.06,0.8902,97.5,904.52,-0.0603,2.352,0.2708,8.2112,4.9096,0.2818,2.176
2026-07-17 03:42:05,19.85,485.7,85.39,23.9,16.4,33.45,32.38,2.36,90.0,SUBJ_002,66.0,10.0,53.53,0.8718,97.5,898.79,-0.1838,2.5,0.1714,10.3608,6.1994,0.2811,2.25
2026-07-17 03:49:27,19.71,515.7,96.37,17.1,14.11,36.76,39.72,2.49,87.54,SUBJ_002,67.0,10.0,54.23,0.8195,97.5,880.31,-0.2511,2.254,0.2314,14.0527,8.4124,0.3173,2.127
2026-07-17 03:51:39,19.38,406.4,70.74,14.8,18.46,44.16,33.13,3.07,90.0,SUBJ_002,67.0,10.0,54.48,0.8051,97.5,902.64,-0.2936,2.5,0.0128,10.7065,6.4097,0.2329,2.25
2026-07-17 03:55:05,19.93,477.6,94.17,24.1,15.62,27.82,32.2,0.0,90.0,SUBJ_002,67.1,10.0,53.44,0.8085,97.5,891.68,-0.1914,2.5,0.1552,10.2883,6.1542,0.31,2.25
2026-07-17 03:59:00,20.16,416.5,94.11,21.3,18.19,41.72,27.17,0.61,89.22,SUBJ_002,67.1,14.06,53.66,0.8585,97.5,879.25,-0.1959,2.422,0.033,7.7732,4.6451,0.3098,2.211
2026-07-17 04:03:06,20.03,380.4,81.42,16.1,16.09,39.23,30.15,12.33,87.84,SUBJ_002,66.3,11.05,54.69,0.8566,97.5,889.49,-0.2836,2.284,-0.0392,9.2378,5.5264,0.268,2.142
2026-07-17 04:09:44,20.34,388.7,69.92,12.3,14.23,34.59,28.37,1.75,87.02,SUBJ_002,66.2,13.96,54.82,0.8492,97.5,886.79,-0.2478,2.202,-0.0226,8.3248,4.9809,0.2302,2.101
2026-07-17 04:13:07,20.48,392.5,64.8,23.5,8.5,28.58,22.21,2.5,86.02,SUBJ_002,65.8,22.89,54.55,0.856,97.5,917.36,-0.1551,2.102,-0.015,5.2346,3.1278,0.2133,2.051
2026-07-17 04:21:55,20.56,460.2,84.26,17.5,15.95,39.63,31.72,2.02,87.48,SUBJ_002,65.9,10.0,54.2,0.8387,97.4,901.15,-0.2063,2.248,0.1204,10.0285,6.0003,0.2774,2.124
2026-07-17 04:24:16,20.4,398.8,75.14,27.8,13.83,35.35,30.47,6.16,83.06,SUBJ_002,66.1,12.01,55.62,0.8329,97.4,915.64,-0.2652,1.806,-0.0024,9.3853,5.6161,0.2474,1.903
2026-07-17 04:30:15,20.26,919.2,84.87,32.9,20.2,41.11,41.91,0.77,81.6,SUBJ_002,66.9,10.0,52.55,0.7965,97.4,894.93,0.222,1.66,1.0384,15.1247,9.0579,0.2794,1.83
2026-07-17 04:35:33,19.59,650.9,69.61,19.1,13.24,27.45,25.56,8.43,83.04,SUBJ_002,66.5,16.21,53.27,0.787,97.4,867.58,0.1201,1.804,0.5018,6.9192,4.1376,0.2292,1.902
2026-07-17 04:45:10,20.78,507.5,66.21,22.1,15.89,36.31,30.67,3.22,81.56,SUBJ_002,66.7,11.22,55.21,0.752,97.4,915.9,-0.1321,1.656,0.215,9.4674,5.6672,0.218,1.828
2026-07-17 04:53:29,20.68,449.7,66.55,24.4,13.96,40.65,23.78,3.04,81.02,SUBJ_002,66.5,21.56,55.19,0.7935,97.4,871.12,-0.106,1.602,0.0994,6.0231,3.6006,0.2191,1.801
2026-07-17 05:02:37,20.74,399.5,61.86,17.0,7.55,29.74,23.5,0.01,80.75,SUBJ_002,66.6,22.69,55.7,0.8046,97.4,924.11,-0.1648,1.575,-0.001,5.8737,3.5119,0.2037,1.7875
2026-07-17 05:07:25,20.89,584.1,49.69,21.8,10.45,28.7,24.53,7.86,79.13,SUBJ_002,66.7,20.04,54.83,0.7972,97.4,879.97,0.0513,1.413,0.3682,6.3644,3.8087,0.1636,1.7065
2026-07-17 05:14:54,20.71,425.3,50.29,25.3,12.41,32.55,23.78,1.38,77.25,SUBJ_002,66.2,23.37,56.41,0.8218,97.4,934.95,-0.1365,1.225,0.0506,5.9906,3.5843,0.1656,1.6125
2026-07-17 05:24:21,21.21,406.9,53.53,23.8,13.19,35.07,28.39,0.0,74.63,SUBJ_002,66.1,17.89,57.42,0.8139,97.4,862.74,-0.2253,0.963,0.0138,8.3021,4.9705,0.1762,1.4815
2026-07-17 05:32:23,21.63,480.7,67.05,22.3,13.86,38.23,31.62,0.0,76.16,SUBJ_002,66.6,11.81,56.58,0.7819,97.4,888.07,-0.1792,1.116,0.1614,9.9441,5.9531,0.2207,1.558
2026-07-17 05:41:08,21.01,547.3,56.34,17.3,10.93,30.79,23.49,0.0,74.66,SUBJ_002,67.0,23.07,55.82,0.7881,97.5,908.26,0.0201,0.966,0.2946,5.8577,3.5033,0.1855,1.483
2026-07-17 05:49:08,21.6,469.0,65.76,15.2,12.6,30.36,27.52,1.0,75.55,SUBJ_002,66.6,17.84,56.46,0.7771,97.5,894.9,-0.1353,1.055,0.138,7.8915,4.7218,0.2165,1.5275
2026-07-17 05:58:55,21.47,490.6,58.95,17.8,9.66,31.04,24.63,3.36,74.13,SUBJ_002,66.2,22.21,56.44,0.769,97.4,900.51,-0.067,0.913,0.1812,6.4329,3.8479,0.1941,1.4565
2026-07-17 06:02:09,21.64,454.9,31.51,19.5,10.62,33.31,20.38,1.9,70.26,SUBJ_002,65.7,30.34,57.59,0.7882,97.4,911.5,-0.051,0.526,0.1098,4.253,2.5455,0.1037,1.263
2026-07-17 06:04:32,22.62,573.8,50.78,14.9,10.13,31.92,23.38,7.85,69.73,SUBJ_002,65.7,17.32,51.43,0.7885,97.4,917.54,0.6811,1.217,0.3476,5.7916,3.4648,0.1672,1.4225
2026-07-17 06:10:16,21.87,491.2,44.64,20.4,10.38,31.52,29.76,0.0,68.72,SUBJ_002,65.7,17.08,58.19,0.7285,97.5,922.42,-0.1395,0.372,0.1824,8.9693,5.3726,0.147,1.186
2026-07-17 06:13:52,21.54,528.0,41.1,22.8,7.55,29.06,21.41,1.81,68.98,SUBJ_002,65.4,28.26,57.19,0.7388,97.5,959.62,0.0257,0.398,0.256,4.7872,2.8641,0.1353,1.199
2026-07-17 06:18:53,21.89,580.0,31.98,13.4,9.98,33.03,20.4,2.09,68.67,SUBJ_002,65.2,29.41,56.89,0.749,97.5,903.52,0.1051,0.367,0.36,4.264,2.552,0.1053,1.1835
2026-07-17 06:22:34,21.6,605.7,33.55,22.0,5.2,23.26,19.86,1.58,69.67,SUBJ_002,65.2,29.54,56.41,0.7676,97.5,956.12,0.1449,0.467,0.4114,3.9971,2.3915,0.1105,1.2335
2026-07-17 06:30:45,22.44,583.0,63.44,16.5,12.94,39.82,25.23,2.45,67.92,SUBJ_002,65.6,17.0,53.19,0.7536,97.5,934.49,0.4843,0.82,0.366,6.7419,4.0324,0.2089,1.278
2026-07-17 06:36:26,22.3,532.9,48.22,23.8,11.73,28.27,25.61,0.35,64.71,SUBJ_002,65.2,19.91,55.65,0.7475,97.5,925.0,0.2749,0.36,0.2658,6.9014,4.1312,0.1587,1.0755
2026-07-17 06:43:26,21.83,620.5,33.08,13.8,7.57,27.81,21.3,5.46,64.44,SUBJ_002,65.0,28.81,57.36,0.7694,97.6,932.17,0.1429,0.0,0.441,4.7162,2.8231,0.1089,0.972
2026-07-17 06:47:45,22.21,624.6,41.1,17.0,8.73,25.0,23.72,1.47,63.42,SUBJ_002,65.3,22.76,55.62,0.7918,97.6,923.93,0.3256,0.252,0.4492,5.9422,3.5571,0.1353,0.984
2026-07-17 06:51:57,22.08,560.5,37.7,24.3,10.2,30.3,20.8,2.89,60.65,SUBJ_002,65.2,29.12,57.05,0.7914,97.6,875.69,0.1558,0.096,0.321,4.4754,2.6777,0.1241,0.8065
2026-07-17 06:54:43,21.75,539.4,59.99,12.1,13.28,26.39,29.04,3.83,56.89,SUBJ_002,65.5,18.32,58.23,0.7236,97.5,930.03,-0.069,0.0,0.2788,8.64,5.172,0.1975,0.5945
2026-07-17 06:59:03,22.0,564.3,49.44,22.3,9.9,27.53,27.45,3.7,52.27,SUBJ_002,66.0,20.53,58.07,0.7075,97.6,883.88,-0.0152,0.0,0.3286,7.8239,4.6844,0.1628,0.3635
2026-07-17 07:05:06,22.62,616.2,41.51,21.4,9.84,33.83,23.2,0.28,49.27,SUBJ_002,66.2,18.81,52.17,0.6845,97.6,910.88,0.7366,0.744,0.4324,5.683,3.4015,0.1367,0.3995
2026-07-17 07:11:25,23.35,620.3,56.76,22.4,10.1,31.48,27.09,0.0,48.55,SUBJ_002,66.6,10.0,46.04,0.7133,97.6,882.39,1.4236,1.62,0.4406,7.6585,4.5838,0.1869,0.5825
2026-07-17 07:19:34,22.61,619.8,42.86,20.5,8.92,37.88,18.17,1.21,49.08,SUBJ_002,66.3,25.83,51.77,0.7388,97.6,889.46,0.8028,0.732,0.4396,3.1707,1.8939,0.1411,0.387
2026-07-17 07:26:41,22.8,1189.8,51.52,25.4,13.77,36.68,29.43,1.73,46.79,SUBJ_002,67.5,10.0,46.4,0.735,97.6,870.82,1.5465,0.96,1.5796,8.818,5.2805,0.1696,0.3295
2026-07-17 07:32:55,22.66,675.0,67.61,17.0,11.93,25.15,27.02,0.44,46.94,SUBJ_002,67.8,11.77,51.26,0.7284,97.5,896.47,0.796,0.792,0.55,7.6452,4.5736,0.2226,0.295
2026-07-17 07:40:53,23.08,618.6,79.7,23.9,13.39,40.01,20.3,2.53,44.51,SUBJ_002,67.7,16.5,47.38,0.7439,97.6,875.04,1.2457,1.296,0.4372,4.3094,2.5697,0.2624,0.3485
2026-07-17 07:47:34,23.35,698.2,54.18,23.5,11.31,34.97,30.71,2.55,45.63,SUBJ_002,68.3,10.0,45.77,0.6895,97.5,868.89,1.4693,1.62,0.5964,9.4634,5.6672,0.1784,0.4365
2026-07-17 07:55:29,23.19,797.0,64.0,22.3,9.57,23.91,27.79,8.39,43.83,SUBJ_002,68.9,10.0,45.92,0.6965,97.5,883.35,1.4729,1.428,0.794,8.023,4.801,0.2107,0.4155
2026-07-17 08:01:33,23.17,861.6,55.84,8.5,14.36,28.12,23.47,5.31,40.48,SUBJ_002,69.3,10.0,45.33,0.6831,97.5,849.86,1.5951,1.404,0.9232,5.8467,3.4968,0.1838,0.577
2026-07-17 08:04:42,22.73,728.1,60.46,24.0,14.66,34.02,21.84,3.79,38.06,SUBJ_002,69.2,17.72,49.91,0.7084,97.5,872.97,1.007,0.876,0.6562,5.0409,3.0125,0.199,0.566
2026-07-17 08:08:45,22.98,759.5,74.35,11.8,12.04,31.94,23.01,24.43,38.15,SUBJ_002,69.5,12.49,47.42,0.7001,97.6,888.51,1.2821,1.176,0.719,5.6537,3.3774,0.2448,0.6365
2026-07-17 08:14:16,23.13,726.9,54.12,16.6,9.93,30.81,22.78,22.93,35.56,SUBJ_002,69.0,11.9,46.72,0.7292,97.5,858.6,1.3962,1.356,0.6538,5.4982,3.2881,0.1782,0.811
2026-07-17 08:19:56,23.37,671.5,56.17,19.5,10.13,31.27,28.75,1.0,34.56,SUBJ_002,69.2,10.0,45.62,0.7073,97.4,863.3,1.4841,1.644,0.543,8.4873,5.0812,0.1849,0.933
2026-07-17 08:23:05,23.52,773.6,66.84,22.8,9.11,34.37,27.11,5.62,34.41,SUBJ_002,69.3,10.0,43.21,0.7147,97.4,866.48,1.7867,1.824,0.7472,7.6887,4.5998,0.22,0.9855
2026-07-17 08:28:09,23.7,756.3,78.47,20.4,16.98,40.54,31.9,4.91,33.05,SUBJ_002,69.7,10.0,42.04,0.7295,97.5,858.36,1.8785,2.04,0.7126,10.1069,6.0485,0.2583,1.1075
2026-07-17 08:33:18,23.38,831.4,81.99,22.8,13.32,25.8,27.45,1.24,34.47,SUBJ_002,70.2,10.0,43.71,0.7226,97.5,843.78,1.7126,1.656,0.8628,7.889,4.717,0.2699,0.9405
2026-07-17 08:43:03,23.93,773.4,74.0,14.5,11.65,35.03,27.73,0.9,33.46,SUBJ_002,70.3,10.0,39.68,0.7552,97.4,856.49,2.1917,2.316,0.7468,8.013,4.793,0.2436,1.156
2026-07-17 08:52:47,23.85,762.5,85.25,27.5,17.3,35.93,31.73,1.67,31.33,SUBJ_002,70.8,10.0,40.6,0.7681,97.5,854.48,2.0402,2.22,0.725,10.0355,6.0042,0.2807,1.2385
2026-07-17 09:01:14,23.51,759.5,76.26,18.4,13.99,32.43,32.33,3.34,26.71,SUBJ_002,70.8,10.0,43.7,0.7253,97.5,846.42,1.6844,1.812,0.719,10.3175,6.1753,0.2511,1.3675
2026-07-17 09:11:05,23.86,963.0,66.27,17.0,12.44,33.08,28.72,3.72,25.52,SUBJ_002,70.9,10.0,38.95,0.7362,97.5,826.15,2.3439,2.232,1.126,8.4925,5.0823,0.2182,1.532
2026-07-17 09:19:47,23.18,742.3,64.95,9.2,12.54,33.52,29.07,1.38,23.86,SUBJ_002,70.6,10.0,46.54,0.748,97.5,854.58,1.3761,1.416,0.6846,8.6649,5.1859,0.2138,1.411
2026-07-17 09:24:33,23.6,815.0,63.55,25.8,13.53,41.76,28.51,0.66,23.4,SUBJ_002,71.1,10.0,42.37,0.7624,97.5,828.74,1.8992,1.92,0.83,8.3821,5.0166,0.2092,1.56
2026-07-17 09:34:23,24.33,787.9,81.7,19.7,17.1,36.54,33.47,1.22,24.99,SUBJ_002,71.4,10.0,36.54,0.7223,97.5,854.35,2.5319,2.796,0.7758,10.8984,6.5227,0.269,1.6995
2026-07-17 09:42:30,24.2,763.0,74.7,16.7,14.35,32.67,28.72,5.98,23.4,SUBJ_002,71.4,10.0,37.55,0.7518,97.4,830.84,2.4373,2.64,0.726,8.5094,5.0907,0.2459,1.74
2026-07-17 09:48:06,23.17,749.1,99.24,22.5,19.93,39.49,33.65,3.29,21.98,SUBJ_002,71.0,10.0,46.39,0.6984,97.5,859.32,1.3091,1.404,0.6982,11.0235,6.5942,0.3267,1.502
2026-07-17 09:57:08,24.19,977.4,92.26,13.1,16.48,33.14,33.6,0.73,23.47,SUBJ_002,71.4,10.0,36.04,0.6966,97.5,836.61,2.6255,2.628,1.1548,10.9845,6.5723,0.3037,1.7335
2026-07-17 10:05:10,24.33,917.9,79.66,14.1,13.3,38.1,29.42,0.38,22.25,SUBJ_002,71.6,10.0,35.18,0.7023,97.4,851.35,2.7522,2.796,1.0358,8.8693,5.3057,0.2623,1.8365
2026-07-17 10:07:18,24.34,1163.9,79.47,11.2,11.68,41.64,26.79,2.64,20.81,SUBJ_002,72.2,10.0,32.89,0.7314,97.5,841.92,3.1074,2.808,1.5278,7.5539,4.5165,0.2616,1.9115
2026-07-17 10:15:03,24.43,783.7,91.25,19.4,14.68,35.88,29.78,0.54,20.0,SUBJ_002,72.6,10.0,35.25,0.7555,97.5,828.87,2.6804,2.916,0.7674,9.0725,5.4253,0.3004,1.979
2026-07-17 10:22:09,24.64,816.7,90.8,23.4,18.17,41.89,32.77,5.34,20.0,SUBJ_002,72.9,10.0,33.48,0.7345,97.4,824.12,2.8911,3.168,0.8334,10.5666,6.3218,0.2989,2.042
2026-07-17 10:27:19,23.9,879.3,80.88,27.2,14.45,28.67,31.37,5.53,20.0,SUBJ_002,72.6,10.0,39.28,0.7164,97.5,825.5,2.2418,2.28,0.9586,9.8468,5.8919,0.2663,1.82
2026-07-17 10:30:31,25.02,877.6,92.4,24.4,18.95,33.18,31.7,6.28,20.26,SUBJ_002,73.1,10.0,29.65,0.7451,97.5,811.66,3.3663,3.624,0.9552,10.0348,6.0024,0.3042,2.143
2026-07-17 10:36:36,25.23,877.6,96.94,15.7,17.33,32.55,34.5,0.36,20.0,SUBJ_002,73.4,10.0,28.04,0.7593,97.4,818.57,3.5384,3.876,0.9552,11.4439,6.8469,0.3191,2.219
2026-07-17 10:41:42,24.0,812.2,92.99,16.8,15.59,32.73,28.65,12.87,20.0,SUBJ_002,73.3,10.0,38.54,0.7793,97.4,812.06,2.2978,2.4,0.8244,8.511,5.088,0.3061,1.85
2026-07-17 10:51:02,24.79,822.3,92.07,25.4,16.99,32.14,31.59,2.56,20.0,SUBJ_002,73.1,10.0,32.04,0.793,97.5,807.83,3.0664,3.348,0.8446,9.9791,5.9691,0.3031,2.087
2026-07-17 10:53:08,24.25,856.4,83.42,23.8,18.68,34.59,32.34,1.76,20.0,SUBJ_002,73.2,10.0,36.54,0.7866,97.6,814.14,2.5529,2.7,0.9128,10.3368,6.1854,0.2746,1.925
2026-07-17 10:59:39,24.22,817.6,98.77,17.6,19.35,32.67,34.44,3.93,20.0,SUBJ_002,73.1,10.0,37.03,0.7438,97.6,824.8,2.4441,2.664,0.8352,11.4175,6.8308,0.3252,1.916
2026-07-17 11:02:46,24.72,864.9,86.15,18.5,13.06,29.35,27.69,14.23,21.41,SUBJ_002,73.3,10.0,32.05,0.7719,97.6,826.81,3.1046,3.264,0.9298,8.0173,4.7931,0.2836,1.9955
2026-07-17 11:11:27,24.29,989.3,94.05,8.4,20.81,37.83,29.6,0.09,20.0,SUBJ_002,73.5,10.0,34.72,0.8017,97.6,815.1,2.7985,2.748,1.1786,8.9881,5.3741,0.3096,1.937
2026-07-17 11:14:29,24.74,917.0,87.69,22.4,14.99,37.14,36.03,3.67,20.0,SUBJ_002,73.7,10.0,32.15,0.8023,97.6,827.51,3.0709,3.288,1.034,12.1904,7.2967,0.2887,2.072
2026-07-17 11:22:04,24.77,1050.1,76.6,16.7,14.19,23.0,31.59,6.02,20.0,SUBJ_002,74.0,10.0,30.63,0.7905,97.6,795.21,3.331,3.324,1.3002,9.9482,5.9536,0.2522,2.081
2026-07-17 11:27:26,24.69,904.9,98.54,18.5,18.7,35.4,31.06,0.66,20.0,SUBJ_002,74.2,10.0,32.07,0.8114,97.6,810.17,3.0762,3.228,1.0098,9.7271,5.8165,0.3244,2.057
2026-07-17 11:33:11,24.23,877.0,100.16,12.2,16.98,34.02,39.15,0.0,20.18,SUBJ_002,74.5,10.0,36.85,0.783,97.6,785.72,2.4612,2.676,0.954,13.7753,8.2452,0.3297,1.91
2026-07-17 11:37:47,24.77,824.3,87.69,19.4,14.44,34.63,27.27,0.69,20.0,SUBJ_002,74.3,10.0,31.9,0.8225,97.5,822.01,3.1104,3.324,0.8486,7.8104,4.6687,0.2887,2.081
2026-07-17 11:40:38,24.07,821.5,83.7,27.7,15.58,36.69,25.31,1.38,20.0,SUBJ_002,73.9,10.0,37.74,0.8159,97.5,807.58,2.4278,2.484,0.843,6.8224,4.0767,0.2756,1.871
2026-07-17 11:48:45,25.02,842.5,88.55,16.1,14.54,39.78,28.97,1.84,20.0,SUBJ_002,73.7,10.0,29.76,0.8291,97.4,814.5,3.3614,3.624,0.885,8.6621,5.1795,0.2915,2.156
2026-07-17 11:53:42,24.44,887.3,104.88,16.9,17.97,34.84,33.22,3.28,20.0,SUBJ_002,74.0,10.0,34.41,0.8244,97.4,818.29,2.7709,2.928,0.9746,10.8198,6.4709,0.3453,1.982
2026-07-17 11:56:54,23.97,938.3,68.06,14.5,7.95,31.23,18.39,4.24,20.0,SUBJ_002,73.7,10.0,37.31,0.8714,97.4,823.0,2.5716,2.364,1.0766,3.3311,1.9851,0.2241,1.841
2026-07-17 12:03:04,24.09,907.3,94.62,21.2,15.72,31.05,24.73,1.59,20.0,SUBJ_002,73.5,10.0,36.65,0.8765,97.5,830.13,2.5635,2.508,1.0146,6.5542,3.9136,0.3115,1.877
2026-07-17 12:10:42,24.5,863.0,104.48,17.4,16.79,32.22,28.45,0.47,20.0,SUBJ_002,73.4,10.0,33.69,0.8795,97.5,815.41,2.8692,3.0,0.926,8.434,5.0395,0.344,2.0
2026-07-17 12:18:06,24.76,952.3,122.44,16.2,19.99,34.02,35.65,2.38,20.0,SUBJ_002,73.8,10.0,31.1,0.8603,97.5,817.08,3.1407,3.312,1.1046,12.0699,7.2174,0.4031,2.078
2026-07-17 12:26:35,24.71,887.6,94.54,13.0,18.14,29.43,29.43,0.87,20.0,SUBJ_002,73.8,10.0,31.97,0.8316,97.5,821.98,3.0981,3.252,0.9752,8.9041,5.3235,0.3112,2.063
2026-07-17 12:31:09,24.62,891.1,90.25,15.6,13.93,29.08,30.7,2.14,20.0,SUBJ_002,73.6,10.0,32.88,0.8275,97.5,831.8,2.9934,3.144,0.9822,9.5305,5.7002,0.2971,2.036
2026-07-17 12:33:10,25.06,876.3,104.26,26.6,19.73,36.85,40.31,9.44,20.0,SUBJ_002,73.9,10.0,29.87,0.791,97.4,805.1,3.2822,3.672,0.9526,14.3635,8.5973,0.3432,2.168
2026-07-17 12:38:33,24.61,885.0,79.43,20.4,13.67,30.91,27.04,1.01,20.0,SUBJ_002,74.0,10.0,32.88,0.8213,97.4,804.42,3.0279,3.132,0.97,7.6789,4.5914,0.2615,2.033
2026-07-17 12:47:50,24.91,1023.6,91.41,15.0,17.47,45.19,33.39,4.56,20.0,SUBJ_002,74.3,10.0,29.57,0.8185,97.4,822.94,3.4136,3.492,1.2472,10.8778,6.5084,0.3009,2.123
2026-07-17 12:55:59,24.49,920.2,84.54,15.9,15.34,39.29,26.46,3.57,20.0,SUBJ_002,74.2,10.0,33.47,0.8326,97.4,796.78,2.959,2.988,1.0404,7.3991,4.4225,0.2783,1.997
2026-07-17 12:59:27,24.89,1054.3,86.4,19.3,12.42,37.72,32.4,1.98,20.0,SUBJ_002,74.3,10.0,29.49,0.8297,97.3,797.84,3.4459,3.468,1.3086,10.3728,6.2064,0.2844,2.117
2026-07-17 13:06:48,24.77,893.3,101.14,25.4,16.5,39.1,31.44,13.38,20.0,SUBJ_002,74.2,10.0,31.48,0.8463,97.3,807.15,3.1371,3.324,0.9866,9.9223,5.9331,0.333,2.081
2026-07-17 13:09:12,24.56,1176.3,94.56,22.0,13.77,32.27,32.52,0.79,20.0,SUBJ_002,74.1,10.0,31.18,0.8368,97.4,791.05,3.2633,3.072,1.5526,10.4491,6.2506,0.3113,2.018
2026-07-17 13:11:17,23.95,868.5,95.08,10.1,15.09,31.45,30.84,3.24,20.0,SUBJ_002,73.9,10.0,38.66,0.8101,97.4,816.09,2.2864,2.34,0.937,9.6102,5.7471,0.313,1.835
2026-07-17 13:20:48,24.36,897.1,72.69,24.8,15.69,38.54,33.96,2.89,20.0,SUBJ_002,73.7,10.0,35.6,0.7657,97.4,832.01,2.6917,2.832,0.9942,11.1254,6.6607,0.2393,1.958
2026-07-17 13:25:57,24.66,793.2,101.39,16.8,19.36,38.45,39.69,0.75,21.86,SUBJ_002,73.9,10.0,33.91,0.7257,97.4,817.62,2.7831,3.192,0.7864,14.0478,8.4084,0.3338,1.955
2026-07-17 13:29:07,23.92,851.5,75.49,13.3,17.63,31.3,29.93,0.93,20.0,SUBJ_002,73.6,10.0,39.3,0.7014,97.5,814.93,2.2478,2.304,0.903,9.116,5.4545,0.2485,1.826
2026-07-17 13:38:23,24.49,908.2,99.27,16.6,17.58,23.6,30.32,0.86,20.99,SUBJ_002,73.8,10.0,33.66,0.7519,97.5,803.33,2.8889,2.988,1.0164,9.3585,5.5953,0.3268,1.9475
2026-07-17 13:41:40,24.21,812.5,77.77,15.7,16.17,33.14,24.26,4.34,20.0,SUBJ_002,73.6,10.0,36.63,0.7661,97.5,803.79,2.5729,2.652,0.825,6.2855,3.7558,0.256,1.913
2026-07-17 13:47:28,23.47,789.9,71.32,18.9,14.97,36.93,25.47,0.43,20.0,SUBJ_002,72.9,10.0,43.29,0.7611,97.6,822.84,1.7799,1.764,0.7798,6.8776,4.1123,0.2348,1.691
2026-07-17 13:51:27,24.08,761.5,91.19,12.7,17.27,36.58,31.2,0.05,20.0,SUBJ_002,72.4,10.0,38.52,0.7343,97.6,837.0,2.2788,2.496,0.723,9.7824,5.8512,0.3002,1.874
2026-07-17 13:56:19,24.16,1141.4,81.47,17.6,14.65,30.75,28.97,1.83,20.0,SUBJ_002,72.8,10.0,34.75,0.7496,97.5,803.36,2.8663,2.592,1.4828,8.6479,5.1725,0.2682,1.898
2026-07-17 14:06:13,24.16,769.0,91.17,17.8,15.97,35.93,35.17,0.0,20.0,SUBJ_002,72.6,10.0,38.12,0.7215,97.5,820.58,2.3123,2.592,0.738,11.7673,7.0422,0.3001,1.898
2026-07-17 14:13:33,23.27,782.4,78.44,18.8,16.0,29.18,26.32,6.73,20.0,SUBJ_002,72.2,10.0,44.99,0.737,97.5,827.74,1.5564,1.524,0.7648,7.3169,4.3744,0.2582,1.631
2026-07-17 14:18:22,23.44,938.3,93.88,11.2,14.27,33.39,26.02,0.99,20.0,SUBJ_002,71.7,10.0,42.02,0.7322,97.5,836.87,1.9273,1.728,1.0766,7.1978,4.2999,0.3091,1.682
2026-07-17 14:24:31,24.83,1302.6,90.52,21.8,18.43,35.15,31.24,8.47,20.0,SUBJ_002,72.8,10.0,27.83,0.7109,97.5,823.98,3.7122,3.396,1.8052,9.801,5.8625,0.298,2.099
2026-07-17 14:29:20,23.75,820.8,100.7,19.4,15.02,31.47,26.92,5.21,20.0,SUBJ_002,72.5,10.0,40.31,0.7403,97.5,826.45,2.0807,2.1,0.8416,7.6614,4.5767,0.3315,1.775
2026-07-17 14:33:24,24.22,804.6,71.11,22.1,11.3,35.39,24.53,8.54,20.0,SUBJ_002,72.6,10.0,36.75,0.7936,97.5,833.43,2.5693,2.664,0.8092,6.4072,3.8301,0.2341,1.916
2026-07-17 14:37:17,23.11,762.5,79.61,12.9,16.92,39.85,27.22,0.0,20.12,SUBJ_002,72.4,10.0,46.57,0.7908,97.5,824.41,1.3571,1.332,0.725,7.7692,4.6456,0.2621,1.577
2026-07-17 14:40:12,23.27,765.7,84.37,15.0,14.72,33.58,29.22,0.61,20.07,SUBJ_002,72.1,10.0,45.28,0.7548,97.5,844.1,1.4941,1.524,0.7314,8.7787,5.2504,0.2778,1.6275
2026-07-17 14:49:28,23.22,685.0,76.42,18.4,15.88,35.76,27.02,10.97,20.05,SUBJ_002,71.2,10.0,46.29,0.7518,97.5,851.23,1.3742,1.464,0.57,7.6628,4.5824,0.2516,1.6135
2026-07-17 14:54:44,23.21,755.6,76.36,20.9,15.64,33.56,27.84,1.88,20.0,SUBJ_002,70.9,10.0,45.88,0.7326,97.6,849.22,1.4406,1.452,0.7112,8.0727,4.8284,0.2514,1.613
2026-07-17 15:00:58,23.64,820.5,68.76,19.1,13.79,35.45,26.48,9.14,20.29,SUBJ_002,71.0,10.0,41.73,0.7448,97.5,839.92,1.9755,1.968,0.841,7.3775,4.4128,0.2264,1.7275
2026-07-17 15:05:05,23.11,888.4,86.75,21.6,13.49,31.27,27.52,0.96,20.0,SUBJ_002,70.9,10.0,45.46,0.7263,97.5,846.65,1.5102,1.332,0.9768,7.9335,4.7428,0.2856,1.583
2026-07-17 15:08:51,23.53,919.6,66.81,16.1,12.91,25.87,25.29,2.79,20.41,SUBJ_002,70.7,10.0,41.79,0.7542,97.5,855.27,2.0052,1.836,1.0392,6.7786,4.0538,0.2199,1.6885
2026-07-17 15:16:12,23.24,828.7,82.67,15.0,16.79,32.89,29.09,0.9,22.5,SUBJ_002,70.4,10.0,45.04,0.7724,97.5,858.99,1.5444,1.488,0.8574,8.7103,5.2097,0.2722,1.497
2026-07-17 15:22:37,23.5,752.4,83.23,24.7,13.02,26.77,30.35,2.99,24.26,SUBJ_002,70.7,10.0,43.56,0.7684,97.5,852.7,1.6937,1.8,0.7048,9.3415,5.5882,0.274,1.487
2026-07-17 15:26:35,23.77,696.1,81.25,8.4,11.68,35.23,22.04,3.64,25.19,SUBJ_002,70.3,10.0,41.05,0.7942,97.5,843.03,2.0147,2.124,0.5922,5.1825,3.0932,0.2675,1.5215
2026-07-17 15:32:55,23.56,679.5,72.92,18.7,10.53,27.88,24.03,3.67,25.02,SUBJ_002,70.7,10.0,43.26,0.8143,97.5,847.2,1.7534,1.872,0.559,6.1608,3.6819,0.2401,1.467
2026-07-17 15:39:20,23.21,705.4,60.5,15.8,12.37,35.4,22.7,1.69,20.57,SUBJ_002,70.5,11.12,46.11,0.7982,97.5,828.53,1.4512,1.452,0.6108,5.471,3.2705,0.1992,1.5845
2026-07-17 15:44:25,22.83,719.3,71.75,19.8,13.59,26.41,25.24,4.85,20.94,SUBJ_002,69.8,11.61,49.24,0.7596,97.5,865.86,1.0485,0.996,0.6386,6.7635,4.0437,0.2362,1.452
2026-07-17 15:49:58,22.72,826.0,53.33,16.3,12.9,33.36,27.29,9.28,23.59,SUBJ_002,69.8,10.0,49.79,0.7484,97.5,861.27,1.0415,0.864,0.852,7.7517,4.6403,0.1756,1.2865
2026-07-17 15:55:12,22.97,704.1,60.51,16.8,10.92,32.29,23.24,2.74,23.85,SUBJ_002,69.5,13.2,48.19,0.761,97.5,862.15,1.1995,1.164,0.6082,5.741,3.4325,0.1992,1.3485
2026-07-17 16:03:56,22.76,611.2,57.05,10.5,12.75,24.02,19.62,2.09,23.38,SUBJ_002,69.1,21.76,50.47,0.7765,97.5,854.21,0.9229,0.912,0.4224,3.9241,2.343,0.1878,1.309
2026-07-17 16:08:22,22.95,723.7,58.24,18.9,10.71,29.46,19.36,8.6,21.53,SUBJ_002,69.0,18.64,47.91,0.8081,97.5,868.04,1.2592,1.14,0.6474,3.7965,2.2662,0.1917,1.4585
2026-07-17 16:10:37,23.06,632.0,57.12,20.2,12.28,33.37,29.16,1.14,22.06,SUBJ_002,69.0,10.0,48.58,0.8029,97.5,854.9,1.1157,1.272,0.464,8.6942,5.2051,0.188,1.465
2026-07-17 16:16:13,23.17,848.5,46.56,18.3,9.86,27.62,28.23,0.45,22.13,SUBJ_002,69.1,10.0,46.0,0.7867,97.5,862.16,1.5108,1.404,0.897,8.2081,4.9156,0.1533,1.4945
2026-07-17 16:18:54,22.95,777.3,59.3,18.5,11.13,31.3,21.63,1.81,23.07,SUBJ_002,68.8,14.89,47.66,0.8101,97.5,898.95,1.2938,1.14,0.7546,4.9336,2.9483,0.1952,1.3815
2026-07-17 16:28:43,23.22,599.5,53.73,25.6,6.81,33.1,19.25,8.23,23.39,SUBJ_002,68.6,17.11,46.69,0.8187,97.5,875.33,1.3782,1.464,0.399,3.7325,2.2287,0.1769,1.4465
2026-07-17 16:35:14,22.82,705.9,60.0,29.3,9.06,23.55,19.86,1.4,27.84,SUBJ_002,68.4,19.64,49.17,0.8031,97.5,875.08,1.0985,0.984,0.6118,4.05,2.418,0.1975,1.104
2026-07-17 16:37:20,22.36,673.8,47.79,21.6,8.22,27.48,20.73,1.2,31.03,SUBJ_002,67.7,24.46,53.59,0.7956,97.6,891.95,0.5813,0.432,0.5476,4.4606,2.6668,0.1573,0.8065
2026-07-17 16:43:12,22.54,583.2,55.61,23.7,10.66,35.4,26.88,7.47,33.05,SUBJ_002,67.8,14.64,53.2,0.7539,97.6,871.8,0.562,0.648,0.3664,7.5512,4.5196,0.1831,0.7595
2026-07-17 16:47:38,22.65,640.2,62.44,26.4,10.8,34.63,24.1,1.14,33.81,SUBJ_002,67.4,16.42,51.46,0.7502,97.6,906.57,0.7841,0.78,0.4804,6.1749,3.6924,0.2056,0.7545
2026-07-17 16:55:16,22.5,567.4,41.62,32.8,7.97,28.39,21.95,6.14,34.11,SUBJ_002,67.1,22.46,53.47,0.7543,97.6,926.17,0.5723,0.6,0.3348,5.0582,3.0266,0.137,0.6945
2026-07-17 17:01:50,22.42,602.6,46.71,21.9,8.34,19.32,24.69,6.51,34.02,SUBJ_002,67.0,19.09,54.02,0.7486,97.7,894.48,0.4963,0.504,0.4052,6.4384,3.8537,0.1538,0.675
2026-07-17 17:05:38,22.2,561.4,42.47,26.2,9.9,27.94,27.45,1.0,35.71,SUBJ_002,66.7,18.39,56.51,0.7076,97.7,895.38,0.1832,0.24,0.3228,7.8099,4.6775,0.1398,0.5245
2026-07-17 17:08:09,21.81,528.5,57.85,13.7,10.93,24.56,23.54,5.1,38.24,SUBJ_002,66.5,26.13,57.88,0.7021,97.7,888.65,-0.0041,0.0,0.257,5.8857,3.5198,0.1905,0.338
2026-07-17 17:15:59,22.49,650.4,56.3,19.7,12.89,29.71,27.3,0.0,42.17,SUBJ_002,66.6,13.92,53.1,0.675,97.7,885.8,0.5895,0.588,0.5008,7.7626,4.6463,0.1853,0.2885
2026-07-17 17:20:31,22.17,647.3,52.54,23.5,10.3,31.37,18.56,5.85,41.35,SUBJ_002,66.4,29.89,55.15,0.6938,97.7,921.29,0.3872,0.204,0.4946,3.3851,2.0205,0.173,0.2335
2026-07-17 17:30:16,21.46,646.9,46.75,21.6,8.68,20.1,18.59,1.05,41.22,SUBJ_002,66.3,31.98,56.69,0.715,97.7,903.39,0.2146,0.0,0.4938,3.3885,2.0237,0.1539,0.189
2026-07-17 17:34:22,22.35,526.2,41.85,25.1,7.1,31.25,17.71,1.06,42.02,SUBJ_002,65.8,30.55,54.71,0.7363,97.7,903.1,0.4298,0.42,0.2524,2.9387,1.7549,0.1378,0.254
2026-07-17 17:42:25,21.07,549.0,37.01,18.5,10.7,28.8,15.96,0.35,43.9,SUBJ_002,65.6,36.94,57.41,0.7542,97.7,906.54,0.1297,0.0,0.298,2.054,1.225,0.1218,0.055
2026-07-17 17:51:38,21.77,513.4,35.27,25.1,8.82,27.34,24.0,1.04,45.4,SUBJ_002,65.6,26.23,58.42,0.745,97.7,939.27,-0.0296,0.0,0.2268,6.0705,3.6353,0.1161,0.02
2026-07-17 18:00:49,21.89,471.0,50.67,23.4,7.52,29.1,18.43,3.51,45.5,SUBJ_002,65.1,34.04,58.03,0.7623,97.7,928.95,-0.003,0.0,0.142,3.3163,1.9797,0.1668,0.025
2026-07-17 18:05:06,20.83,560.1,36.47,22.5,7.63,23.82,15.03,1.36,48.26,SUBJ_002,64.9,38.12,57.25,0.7805,97.7,894.21,0.1569,0.0,0.3202,1.5879,0.9455,0.1201,0.163
2026-07-17 18:07:16,21.46,463.3,48.42,31.8,11.23,26.46,31.05,1.0,48.91,SUBJ_002,65.1,16.68,59.21,0.7133,97.7,949.96,-0.1928,0.0,0.1266,9.6218,5.7634,0.1594,0.1955
2026-07-17 18:14:40,21.54,476.3,39.03,27.4,8.24,33.19,22.1,0.84,52.49,SUBJ_002,65.4,29.16,58.49,0.7111,97.7,903.13,-0.0488,0.0,0.1526,5.1281,3.069,0.1285,0.3745
2026-07-17 18:23:13,21.48,525.2,35.35,25.4,11.01,31.85,24.43,10.57,53.9,SUBJ_002,65.6,25.49,58.36,0.7252,97.7,907.35,-0.0209,0.0,0.2504,6.2857,3.7643,0.1164,0.445
2026-07-17 18:28:07,21.3,452.9,34.13,23.9,11.37,25.46,23.83,1.4,54.79,SUBJ_002,65.4,27.13,58.91,0.7152,97.7,923.11,-0.1027,0.0,0.1058,5.9833,3.5831,0.1124,0.4895
2026-07-17 18:31:19,21.17,435.2,51.23,22.0,10.46,35.38,26.38,0.82,57.83,SUBJ_002,65.6,23.36,58.99,0.68,97.8,888.89,-0.1613,0.0,0.0704,7.2925,4.3652,0.1687,0.6415
2026-07-17 18:36:36,21.48,462.3,31.96,23.8,10.48,34.94,23.15,10.95,57.74,SUBJ_002,65.5,28.02,58.81,0.7077,97.7,915.11,-0.0813,0.0,0.1246,5.6389,3.377,0.1052,0.637
2026-07-17 18:43:43,20.98,710.7,54.08,25.4,9.26,31.76,25.28,5.84,60.78,SUBJ_002,65.7,21.8,56.63,0.6916,97.7,925.81,0.1988,0.0,0.6214,6.7482,4.0381,0.178,0.789
2026-07-17 18:51:32,20.16,516.2,46.03,14.8,7.13,17.0,17.24,0.35,61.73,SUBJ_002,65.2,35.26,57.64,0.7601,97.7,901.05,0.0704,0.0,0.2324,2.7121,1.618,0.1515,0.8365
2026-07-17 18:55:04,21.4,443.4,58.64,24.7,12.86,33.84,26.61,0.35,61.14,SUBJ_002,64.9,22.76,58.82,0.6957,97.7,967.7,-0.1543,0.0,0.0868,7.4223,4.4416,0.1931,0.807
2026-07-17 19:02:18,20.03,402.8,48.88,26.0,11.23,31.56,16.92,5.91,59.03,SUBJ_002,64.5,36.88,58.48,0.7278,97.7,934.76,-0.0667,0.0,0.0056,2.5578,1.5249,0.1609,0.7015
2026-07-17 19:06:05,20.5,472.7,59.47,25.1,14.85,28.21,25.07,0.05,57.02,SUBJ_002,65.1,24.57,58.44,0.696,97.7,939.22,-0.0957,0.0,0.1454,6.6539,3.9805,0.1958,0.601
2026-07-17 19:11:57,21.07,545.6,45.76,27.0,10.45,29.06,24.24,1.64,59.2,SUBJ_002,65.0,25.25,58.01,0.71,97.7,925.23,0.0073,0.0,0.2912,6.2115,3.7178,0.1506,0.71
2026-07-17 19:21:34,20.85,414.9,48.74,22.7,14.68,30.38,32.63,15.48,60.6,SUBJ_002,65.3,14.98,59.73,0.6552,97.7,900.38,-0.2759,0.0,0.0298,10.4125,6.2377,0.1605,0.78
2026-07-17 19:24:44,19.45,579.7,56.19,15.7,12.71,28.84,28.52,6.05,62.44,SUBJ_002,64.9,18.68,57.93,0.6426,97.6,919.45,-0.0112,0.0,0.3594,8.3724,5.0122,0.185,0.872
2026-07-17 19:33:51,20.25,480.0,47.56,21.2,9.09,27.44,26.77,1.46,62.59,SUBJ_002,65.0,22.41,58.72,0.6156,97.6,956.51,-0.1108,0.0,0.16,7.4801,4.4786,0.1566,0.8795
2026-07-17 19:38:51,19.72,426.3,60.47,15.2,16.61,33.14,24.64,2.3,65.41,SUBJ_002,65.1,25.5,58.68,0.6405,97.6,925.2,-0.1476,0.041,0.0526,6.4409,3.8525,0.1991,1.0205
2026-07-17 19:48:38,20.24,369.0,59.53,23.3,15.34,37.08,29.05,1.02,67.8,SUBJ_002,64.9,19.31,59.05,0.6441,97.5,899.72,-0.2821,0.28,-0.062,8.6441,5.1745,0.196,1.14
2026-07-17 19:50:57,20.34,381.0,78.86,19.7,12.13,30.58,25.15,0.73,70.95,SUBJ_002,64.8,23.15,57.67,0.6553,97.5,928.21,-0.2115,0.595,-0.038,6.7327,4.0239,0.2596,1.2975
2026-07-17 19:56:39,20.65,377.6,66.72,26.0,10.53,20.91,24.75,1.18,69.74,SUBJ_002,64.6,24.41,58.11,0.6868,97.6,938.82,-0.21,0.474,-0.0448,6.5084,3.8917,0.2197,1.237
2026-07-17 20:04:01,18.94,488.8,78.64,25.9,12.57,30.16,24.78,2.45,69.71,SUBJ_002,64.8,22.87,57.03,0.6887,97.6,904.9,-0.0714,0.471,0.1776,6.5473,3.9126,0.2589,1.2355
2026-07-17 20:06:26,19.52,398.4,82.23,27.4,13.15,29.97,25.74,11.52,69.03,SUBJ_002,65.1,22.64,57.91,0.696,97.7,921.07,-0.1981,0.403,-0.0032,7.0345,4.2042,0.2707,1.2015
2026-07-17 20:13:38,19.44,385.7,94.98,21.3,16.97,23.56,30.34,0.51,73.69,SUBJ_002,65.6,14.68,57.27,0.6896,97.6,915.39,-0.2797,0.869,-0.0286,9.36,5.597,0.3127,1.4345
2026-07-17 20:19:11,19.75,357.3,82.78,24.0,15.46,37.01,31.07,1.86,74.56,SUBJ_002,65.7,14.02,57.58,0.6764,97.5,903.25,-0.3256,0.956,-0.0854,9.7006,5.8038,0.2725,1.478
2026-07-17 20:23:18,20.02,359.3,87.68,22.4,17.48,43.74,24.64,5.56,76.61,SUBJ_002,65.3,22.17,56.53,0.6959,97.5,920.25,-0.2313,1.161,-0.0814,6.4954,3.8797,0.2887,1.5805
2026-07-17 20:28:22,19.56,442.1,92.81,17.4,17.38,35.15,34.54,0.71,81.93,SUBJ_002,65.9,10.0,55.56,0.6687,97.5,903.51,-0.2691,1.693,0.0842,11.4556,6.8548,0.3055,1.8465
2026-07-17 20:31:12,19.89,399.8,89.96,21.6,15.81,36.51,29.11,0.0,83.55,SUBJ_002,66.1,13.37,55.16,0.6783,97.5,911.13,-0.2445,1.855,-0.0004,8.7349,5.223,0.2962,1.9275
2026-07-17 20:33:47,19.49,403.0,96.49,13.6,15.01,35.38,30.27,1.37,84.01,SUBJ_002,66.6,11.43,55.03,0.7009,97.5,899.66,-0.2571,1.901,0.006,9.328,5.5775,0.3177,1.9505
2026-07-17 20:39:34,19.41,365.9,94.74,32.0,13.7,32.35,28.43,1.55,85.69,SUBJ_002,66.2,13.92,54.87,0.7353,97.5,905.34,-0.2772,2.069,-0.0682,8.4045,5.0237,0.3119,2.0345
2026-07-17 20:44:11,19.72,594.0,90.36,24.1,16.16,36.66,28.24,0.75,88.13,SUBJ_002,66.2,11.06,52.6,0.7732,97.5,892.03,0.0107,2.313,0.388,8.3007,4.9624,0.2975,2.1565
2026-07-17 20:47:12,19.12,449.8,90.92,20.3,18.17,36.23,26.55,3.18,85.49,SUBJ_002,66.0,15.76,54.13,0.7972,97.5,923.34,-0.1455,2.049,0.0996,7.4568,4.4559,0.2993,2.0245
2026-07-17 20:56:29,18.23,323.6,99.22,21.9,15.63,39.13,29.78,4.07,84.56,SUBJ_002,66.1,12.74,55.47,0.8217,97.5,867.18,-0.3493,1.956,-0.1528,9.0884,5.4332,0.3266,1.978
2026-07-17 20:59:25,19.53,358.1,100.87,32.8,19.92,37.33,38.8,5.27,84.42,SUBJ_002,66.5,10.0,55.97,0.7653,97.5,934.09,-0.4349,1.942,-0.0838,13.6017,8.1409,0.3321,1.971
2026-07-17 21:07:08,19.27,349.5,102.21,21.1,15.94,34.01,32.78,0.0,85.52,SUBJ_002,66.7,10.0,55.28,0.7614,97.5,872.24,-0.3598,2.052,-0.101,10.5944,6.3362,0.3365,2.026
2026-07-17 21:10:06,18.72,450.4,104.09,18.5,19.32,32.95,32.39,1.0,87.01,SUBJ_002,66.7,10.0,54.11,0.7795,97.5,903.74,-0.2281,2.201,0.1008,10.4032,6.2211,0.3427,2.1005
2026-07-17 21:12:50,18.13,335.1,91.02,20.0,14.06,34.43,25.88,2.65,85.89,SUBJ_002,66.2,17.82,54.92,0.7941,97.5,928.45,-0.2793,2.089,-0.1298,7.122,4.255,0.2997,2.0445
2026-07-17 21:20:09,19.07,315.7,115.54,19.3,16.71,34.23,31.49,0.73,85.22,SUBJ_002,66.2,10.0,55.28,0.7859,97.5,868.73,-0.3836,2.022,-0.1686,9.9761,5.9625,0.3804,2.011
2026-07-17 21:29:07,19.16,561.5,91.35,21.1,18.25,37.63,33.1,2.21,85.71,SUBJ_002,66.0,10.0,53.74,0.7824,97.5,877.41,-0.0993,2.071,0.323,10.7327,6.4214,0.3007,2.0355
2026-07-17 21:33:19,18.64,407.3,92.85,16.3,17.46,33.75,32.33,0.0,87.59,SUBJ_002,66.1,10.0,54.52,0.7848,97.5,904.06,-0.2811,2.259,0.0146,10.3507,6.1918,0.3057,2.1295
2026-07-17 21:39:28,17.95,336.5,99.26,20.8,16.82,32.08,30.64,1.18,87.54,SUBJ_002,66.6,10.5,54.85,0.7784,97.5,887.88,-0.3455,2.254,-0.127,9.5185,5.6913,0.3268,2.127
2026-07-17 21:44:04,18.48,381.0,110.64,17.4,17.74,39.77,34.97,1.18,90.0,SUBJ_002,66.8,10.0,54.18,0.7681,97.5,873.07,-0.3516,2.5,-0.038,11.7063,7.0016,0.3642,2.25
2026-07-17 21:53:54,18.25,330.4,97.57,9.2,17.45,30.66,25.14,3.47,90.0,SUBJ_002,66.8,17.49,53.96,0.8262,97.5,887.57,-0.2746,2.5,-0.1392,6.7651,4.0396,0.3212,2.25
2026-07-17 22:01:01,18.26,316.0,87.68,18.5,16.0,34.96,34.13,3.48,90.0,SUBJ_002,67.3,10.0,55.01,0.8592,97.4,880.86,-0.4209,2.5,-0.168,11.2404,6.7267,0.2887,2.25
2026-07-17 22:10:45,17.85,303.0,121.83,18.3,22.47,34.78,33.23,0.39,90.0,SUBJ_002,67.4,10.0,54.48,0.8298,97.5,917.64,-0.4243,2.5,-0.194,10.8587,6.4908,0.4011,2.25
2026-07-17 22:18:04,18.23,318.0,116.57,17.2,20.7,37.41,41.6,0.63,90.0,SUBJ_002,67.4,10.0,55.16,0.7758,97.4,879.58,-0.525,2.5,-0.164,15.0331,8.9966,0.3838,2.25
2026-07-17 22:20:13,18.12,300.0,93.94,9.3,15.27,33.61,24.74,9.12,90.0,SUBJ_002,67.0,18.47,54.23,0.812,97.4,872.31,-0.3069,2.5,-0.2,6.5579,3.9159,0.3093,2.25
2026-07-17 22:22:29,18.88,317.6,105.36,25.7,17.52,38.57,36.8,6.2,90.0,SUBJ_002,67.2,10.0,54.93,0.781,97.5,880.88,-0.457,2.5,-0.1648,12.6107,7.5454,0.3469,2.25
2026-07-17 22:26:47,18.55,313.2,110.92,13.0,16.41,28.6,29.22,2.71,90.0,SUBJ_002,67.1,11.69,54.23,0.8267,97.5,882.93,-0.3543,2.5,-0.1736,8.8318,5.2769,0.3652,2.25
2026-07-17 22:35:55,17.94,363.8,102.9,17.3,21.87,45.15,37.12,2.12,90.0,SUBJ_002,67.1,10.0,54.63,0.783,97.5,879.23,-0.4038,2.5,-0.0724,12.7658,7.6389,0.3388,2.25
2026-07-17 22:42:44,18.16,300.0,104.27,18.4,18.53,32.64,28.58,1.32,90.0,SUBJ_002,66.8,12.89,54.39,0.8193,97.6,847.59,-0.3617,2.5,-0.2,8.4985,5.0783,0.3433,2.25
2026-07-17 22:47:29,17.7,331.0,94.7,18.6,17.6,28.37,29.81,0.36,90.0,SUBJ_002,67.2,11.08,54.4,0.8263,97.6,897.57,-0.3405,2.5,-0.138,9.0944,5.4377,0.3118,2.25
2026-07-17 22:54:42,18.37,496.6,113.69,21.8,19.84,40.06,31.08,0.31,90.0,SUBJ_002,67.3,10.0,52.87,0.8208,97.5,892.13,-0.1516,2.5,0.1932,9.7674,5.8377,0.3743,2.25
2026-07-17 22:59:39,18.8,300.0,105.44,8.7,21.94,46.85,37.25,5.77,90.0,SUBJ_002,67.0,10.0,55.11,0.7818,97.6,883.47,-0.4854,2.5,-0.2,12.8359,7.6804,0.3471,2.25
2026-07-17 23:06:47,17.94,300.0,91.28,13.7,19.17,31.56,26.81,1.06,89.79,SUBJ_002,66.7,15.73,54.49,0.8073,97.6,903.31,-0.3364,2.479,-0.2,7.5876,4.5343,0.3005,2.2395
2026-07-17 23:10:28,17.99,392.6,116.73,17.1,19.58,35.62,33.98,6.78,90.0,SUBJ_002,66.8,10.0,53.9,0.7857,97.6,898.3,-0.323,2.5,-0.0148,11.2235,6.7107,0.3843,2.25
2026-07-17 23:13:03,18.13,300.0,130.33,19.5,20.18,39.03,40.57,4.76,90.0,SUBJ_002,67.0,10.0,54.99,0.784,97.6,890.28,-0.5328,2.5,-0.2,14.5457,8.7013,0.4291,2.25
2026-07-17 23:20:45,17.76,350.0,126.57,10.6,22.32,30.63,32.9,5.61,90.0,SUBJ_002,66.8,10.0,53.99,0.7833,97.5,923.59,-0.3608,2.5,-0.1,10.7031,6.3966,0.4167,2.25
2026-07-17 23:23:13,17.86,300.0,84.35,16.4,17.99,32.16,26.57,2.18,89.5,SUBJ_002,66.7,16.32,54.65,0.8222,97.5,879.72,-0.333,2.45,-0.2,7.4537,4.4553,0.2777,2.225
2026-07-17 23:26:35,18.82,500.6,102.76,17.8,15.52,30.64,32.45,0.52,90.0,SUBJ_002,67.1,10.0,53.13,0.8351,97.5,921.02,-0.1662,2.5,0.2012,10.4305,6.2378,0.3383,2.25
2026-07-17 23:30:26,17.74,303.9,110.4,8.0,20.29,38.75,35.31,3.99,90.0,SUBJ_002,67.4,10.0,54.83,0.827,97.5,873.85,-0.4529,2.5,-0.1922,11.8758,7.1034,0.3635,2.25
2026-07-17 23:34:17,18.47,306.7,121.05,27.8,20.76,40.31,41.12,0.0,90.0,SUBJ_002,67.8,10.0,55.13,0.7733,97.5,889.49,-0.5323,2.5,-0.1866,14.8021,8.857,0.3985,2.25
2026-07-17 23:38:51,18.21,336.9,111.1,27.9,17.74,31.28,38.24,0.7,90.0,SUBJ_002,68.1,10.0,54.81,0.7784,97.4,881.11,-0.4535,2.5,-0.1262,13.3422,7.9831,0.3658,2.25
2026-07-17 23:46:04,18.58,483.7,93.06,21.6,15.62,34.83,29.91,1.8,90.0,SUBJ_002,68.0,10.0,53.21,0.7941,97.5,861.85,-0.151,2.5,0.1674,9.1411,5.4661,0.3064,2.25
2026-07-17 23:51:47,17.29,300.0,100.58,12.7,18.15,27.41,24.07,0.72,90.0,SUBJ_002,67.5,19.23,54.06,0.8496,97.5,868.97,-0.2973,2.5,-0.2,6.2362,3.7216,0.3311,2.25
2026-07-18 00:00:54,18.04,300.0,101.05,9.2,23.98,38.38,34.1,0.5,90.0,SUBJ_002,67.4,10.0,54.92,0.8209,97.5,903.85,-0.4405,2.5,-0.2,11.2521,6.731,0.3327,2.25
2026-07-18 00:07:40,18.17,314.2,96.62,11.3,22.15,39.95,32.22,0.78,88.98,SUBJ_002,67.5,10.0,54.92,0.8085,97.6,884.24,-0.3959,2.398,-0.1716,10.3032,6.1626,0.3181,2.199
2026-07-18 00:12:58,17.16,407.7,118.41,12.9,21.12,36.3,34.84,11.28,89.02,SUBJ_002,67.7,10.0,54.02,0.7987,97.5,867.53,-0.3164,2.402,0.0154,11.6568,6.9704,0.3898,2.201
2026-07-18 00:17:22,17.82,300.0,110.7,26.7,22.97,38.85,35.2,0.91,89.79,SUBJ_002,67.2,10.0,54.89,0.7927,97.6,875.21,-0.4562,2.479,-0.2,11.8214,7.0707,0.3644,2.2395
2026-07-18 00:26:30,18.69,369.5,133.62,18.9,22.84,39.82,37.41,3.77,90.0,SUBJ_002,67.2,10.0,54.1,0.7929,97.5,906.3,-0.4009,2.5,-0.061,12.9722,7.7566,0.4399,2.25
2026-07-18 00:33:20,17.36,300.0,94.22,9.2,17.89,24.37,24.4,7.94,90.0,SUBJ_002,66.8,18.93,54.2,0.8312,97.5,868.78,-0.302,2.5,-0.2,6.3884,3.8142,0.3102,2.25
2026-07-18 00:37:26,18.27,817.5,104.01,12.6,16.82,37.49,36.34,2.12,90.0,SUBJ_002,67.7,10.0,50.89,0.8319,97.5,879.87,0.1744,2.5,0.835,12.378,7.406,0.3424,2.25
2026-07-18 00:46:51,18.73,475.3,92.79,18.6,16.23,37.97,30.57,1.72,89.27,SUBJ_002,67.4,10.0,53.48,0.8262,97.5,887.31,-0.171,2.427,0.1506,9.4706,5.6638,0.3055,2.2135
2026-07-18 00:52:50,18.49,316.9,120.12,14.3,24.4,46.33,38.0,0.73,88.91,SUBJ_002,67.6,10.0,55.02,0.8073,97.4,874.45,-0.475,2.391,-0.1662,13.2402,7.9201,0.3955,2.1955
2026-07-18 00:59:53,18.61,406.6,105.76,17.9,19.21,37.67,34.41,3.85,90.0,SUBJ_002,67.9,10.0,54.01,0.8161,97.5,894.95,-0.3117,2.5,0.0132,11.4165,6.8288,0.3482,2.25
2026-07-18 01:03:55,18.33,391.2,122.98,15.6,20.99,40.13,41.34,2.76,90.0,SUBJ_002,67.9,10.0,54.44,0.75,97.5,863.73,-0.4298,2.5,-0.0176,14.916,8.925,0.4049,2.25
2026-07-18 01:12:48,18.75,329.1,102.13,13.6,18.06,35.19,31.98,6.68,90.0,SUBJ_002,68.0,10.0,54.48,0.7935,97.5,907.88,-0.3738,2.5,-0.1418,10.1943,6.0961,0.3362,2.25
2026-07-18 01:21:08,18.78,307.0,101.19,19.6,18.09,40.66,39.84,8.1,90.0,SUBJ_002,68.1,10.0,55.35,0.7903,97.5,854.22,-0.5137,2.5,-0.186,14.1224,8.4532,0.3331,2.25
2026-07-18 01:23:42,18.73,322.6,105.55,10.9,17.65,37.31,33.61,2.04,90.0,SUBJ_002,68.0,10.0,54.62,0.8159,97.5,888.89,-0.4052,2.5,-0.1548,11.0161,6.5885,0.3475,2.25
2026-07-18 01:31:14,17.86,300.0,109.85,12.1,20.17,32.86,25.25,0.91,90.0,SUBJ_002,67.3,17.37,54.01,0.8456,97.6,849.39,-0.3141,2.5,-0.2,6.8447,4.0848,0.3616,2.25
2026-07-18 01:37:59,18.79,364.0,93.97,28.5,15.66,34.91,32.69,0.16,89.41,SUBJ_002,67.1,10.0,54.51,0.8663,97.6,888.01,-0.3404,2.441,-0.072,10.5329,6.301,0.3094,2.2205
2026-07-18 01:46:22,18.67,514.5,87.35,20.0,16.38,34.09,27.74,0.79,90.0,SUBJ_002,67.3,12.13,52.87,0.8926,97.6,905.92,-0.0816,2.5,0.229,8.0447,4.8093,0.2876,2.25
2026-07-18 01:52:58,18.15,562.9,93.58,21.0,15.3,29.46,25.55,3.07,90.0,SUBJ_002,67.3,14.48,52.19,0.9115,97.6,917.78,0.0102,2.5,0.3258,6.9622,4.1586,0.3081,2.25
2026-07-18 02:02:09,19.32,374.9,112.57,15.3,24.68,44.02,40.49,2.72,90.0,SUBJ_002,67.8,10.0,54.67,0.8882,97.6,878.45,-0.4381,2.5,-0.0502,14.4701,8.6596,0.3706,2.25
2026-07-18 02:09:32,18.95,346.2,103.8,20.4,18.95,38.38,37.06,0.76,88.35,SUBJ_002,68.5,10.0,55.08,0.8387,97.5,867.05,-0.425,2.335,-0.1076,12.7376,7.6218,0.3417,2.1675
2026-07-18 02:12:33,18.37,396.8,101.18,17.2,15.93,30.28,25.7,0.0,90.0,SUBJ_002,68.1,15.9,53.42,0.8664,97.5,889.89,-0.1996,2.5,-0.0064,7.0524,4.2112,0.3331,2.25
2026-07-18 02:21:15,18.65,305.6,83.79,19.5,18.9,38.68,28.71,1.62,90.0,SUBJ_002,67.8,13.15,54.69,0.868,97.5,878.62,-0.3565,2.5,-0.1888,8.5226,5.0968,0.2759,2.25
2026-07-18 02:24:11,18.78,413.6,82.12,8.6,14.59,32.09,27.06,2.15,89.45,SUBJ_002,68.0,14.47,53.82,0.9126,97.5,891.89,-0.198,2.445,0.0272,7.6942,4.6001,0.2704,2.2225
2026-07-18 02:33:55,18.49,300.0,102.49,9.9,24.7,34.13,35.3,0.57,89.83,SUBJ_002,67.8,10.0,55.03,0.8726,97.5,862.58,-0.4576,2.483,-0.2,11.855,7.0925,0.3374,2.2415
2026-07-18 02:43:37,19.18,429.4,79.48,26.3,16.06,38.88,29.06,8.55,90.0,SUBJ_002,67.9,11.42,53.8,0.8589,97.5,892.28,-0.2068,2.5,0.0588,8.689,5.1975,0.2617,2.25
2026-07-18 02:47:45,18.56,308.6,107.4,9.1,18.27,30.5,33.3,10.0,90.0,SUBJ_002,67.8,10.0,54.67,0.8243,97.5,864.87,-0.4183,2.5,-0.1828,10.8648,6.4974,0.3536,2.25
2026-07-18 02:49:47,17.8,482.9,89.83,8.3,18.31,29.64,24.64,4.33,90.0,SUBJ_002,67.2,16.71,52.82,0.8613,97.5,889.06,-0.0768,2.5,0.1658,6.4997,3.8818,0.2957,2.25
2026-07-18 02:55:35,18.7,377.4,106.48,15.2,20.9,32.23,32.99,1.13,87.72,SUBJ_002,67.6,10.0,54.56,0.8634,97.6,888.38,-0.3279,2.272,-0.0452,10.708,6.4035,0.3505,2.136
2026-07-18 02:59:28,18.63,410.0,94.83,7.2,14.25,26.79,26.97,3.62,86.2,SUBJ_002,67.6,15.3,54.28,0.8751,97.6,885.1,-0.2012,2.12,0.02,7.6747,4.5858,0.3122,2.06
2026-07-18 03:03:45,19.57,365.7,87.53,16.9,17.47,29.61,28.27,1.98,87.77,SUBJ_002,67.5,13.69,54.56,0.8609,97.6,900.54,-0.2751,2.277,-0.0686,8.3101,4.9685,0.2882,2.1385
2026-07-18 03:09:06,19.91,385.7,81.03,26.3,13.56,27.21,28.3,0.37,88.4,SUBJ_002,67.3,13.4,54.38,0.8472,97.6,923.76,-0.2506,2.34,-0.0286,8.3121,4.971,0.2668,2.17
2026-07-18 03:14:13,19.19,348.9,99.0,20.8,18.37,37.43,35.22,2.06,89.68,SUBJ_002,67.6,10.0,54.72,0.8266,97.6,893.61,-0.3953,2.468,-0.1022,11.808,7.065,0.3259,2.234
2026-07-18 03:22:06,19.64,379.9,90.08,15.2,16.39,31.92,30.72,0.91,90.0,SUBJ_002,67.6,10.0,54.16,0.8331,97.5,903.17,-0.2924,2.5,-0.0402,9.5402,5.7061,0.2966,2.25
2026-07-18 03:27:08,19.05,338.7,89.46,12.0,16.1,36.17,33.62,2.38,90.0,SUBJ_002,67.4,10.0,54.75,0.8292,97.5,896.53,-0.3853,2.5,-0.1226,10.9889,6.5755,0.2945,2.25
2026-07-18 03:37:05,18.85,379.5,95.14,16.1,18.26,26.93,36.47,14.01,90.0,SUBJ_002,67.6,10.0,54.58,0.8152,97.5,905.1,-0.3749,2.5,-0.041,12.4253,7.4361,0.3132,2.25
2026-07-18 03:43:55,19.52,429.4,102.4,15.3,16.88,34.94,26.63,3.5,90.0,SUBJ_002,67.3,14.22,53.21,0.854,97.5,886.49,-0.1721,2.5,0.0588,7.5198,4.4914,0.3371,2.25
2026-07-18 03:52:59,20.2,381.5,78.99,24.2,14.76,33.5,30.46,4.86,90.0,SUBJ_002,67.5,10.02,54.31,0.8512,97.5,887.04,-0.2866,2.5,-0.037,9.388,5.617,0.26,2.25
2026-07-18 04:01:59,20.25,761.4,69.24,19.4,14.88,32.26,29.74,3.38,90.0,SUBJ_002,67.7,10.0,51.35,0.8355,97.6,882.89,0.1985,2.5,0.7228,9.0085,5.3912,0.2279,2.25
2026-07-18 04:05:09,19.14,420.0,90.61,18.4,15.73,23.04,21.01,4.05,87.97,SUBJ_002,67.4,23.02,53.41,0.848,97.5,889.53,-0.1036,2.297,0.04,4.6862,2.7936,0.2983,2.1485
2026-07-18 04:14:11,20.25,383.2,77.68,17.2,12.91,31.42,27.7,2.4,84.79,SUBJ_002,67.2,15.44,55.13,0.8616,97.5,892.35,-0.2451,1.979,-0.0336,8.0054,4.7877,0.2557,1.9895
2026-07-18 04:16:36,19.73,467.4,77.98,17.1,15.86,40.82,32.55,1.0,86.63,SUBJ_002,67.1,10.0,54.49,0.8187,97.5,935.59,-0.2091,2.163,0.1348,10.431,6.243,0.2567,2.0815
2026-07-18 04:23:56,20.37,405.0,73.46,19.5,10.83,26.98,26.19,2.59,86.16,SUBJ_002,67.1,16.98,54.62,0.8126,97.5,881.94,-0.1963,2.116,0.01,7.2419,4.3305,0.2418,2.058
2026-07-18 04:33:50,20.31,395.4,68.37,20.4,11.38,30.3,30.53,0.0,86.97,SUBJ_002,67.0,10.95,54.99,0.8107,97.5,905.82,-0.2703,2.197,-0.0092,9.4017,5.6274,0.2251,2.0985
2026-07-18 04:36:45,20.45,544.4,71.23,20.5,16.45,37.72,35.19,2.15,87.68,SUBJ_002,67.3,10.0,54.0,0.7857,97.4,935.14,-0.1505,2.268,0.2888,11.7375,7.0282,0.2345,2.134
2026-07-18 04:43:17,20.89,654.3,71.37,19.5,12.65,26.88,36.03,0.7,86.35,SUBJ_002,67.6,10.0,53.45,0.7856,97.5,892.64,-0.0252,2.135,0.5086,12.1577,7.2804,0.235,2.0675
2026-07-18 04:46:59,19.43,383.8,73.74,15.6,13.56,30.46,27.75,12.44,85.19,SUBJ_002,67.2,15.34,55.11,0.8028,97.5,918.74,-0.2451,2.019,-0.0324,8.0225,4.7987,0.2428,2.0095
2026-07-18 04:53:55,21.3,492.5,76.55,21.0,13.12,35.7,27.65,1.05,81.57,SUBJ_002,67.5,15.31,54.9,0.8036,97.5,897.08,-0.1078,1.657,0.185,7.9781,4.7715,0.252,1.8285
2026-07-18 04:57:17,20.78,390.5,80.54,7.2,18.14,37.42,30.12,4.51,77.3,SUBJ_002,67.6,14.2,56.72,0.7946,97.5,861.07,-0.2705,1.23,-0.019,9.2211,5.5165,0.2652,1.615
2026-07-18 05:06:57,21.17,441.2,75.12,17.1,18.41,31.98,34.08,4.85,77.43,SUBJ_002,68.0,10.0,56.72,0.7646,97.4,866.61,-0.2637,1.243,0.0824,11.1902,6.6991,0.2473,1.6215
2026-07-18 05:10:09,21.0,502.5,75.38,4.6,12.48,29.49,28.78,1.78,74.14,SUBJ_002,67.9,15.92,56.43,0.734,97.4,869.49,-0.1114,0.914,0.205,8.5408,5.1094,0.2482,1.457
2026-07-18 05:19:17,20.96,571.5,73.26,13.5,10.69,36.26,23.63,0.95,74.87,SUBJ_002,67.7,22.13,55.32,0.7743,97.4,894.0,0.0484,0.987,0.343,5.9615,3.5623,0.2412,1.4935
2026-07-18 05:22:09,19.89,559.3,57.58,10.3,13.36,32.23,24.96,0.0,73.94,SUBJ_002,67.5,21.09,55.97,0.7759,97.4,873.18,0.0141,0.894,0.3186,6.5952,3.9456,0.1896,1.447
2026-07-18 05:31:52,21.53,535.6,71.68,18.8,11.03,31.22,27.64,0.0,73.96,SUBJ_002,67.7,17.28,56.16,0.7697,97.4,885.36,-0.0538,0.896,0.2712,7.9634,4.7637,0.236,1.448
2026-07-18 05:36:02,21.93,489.9,66.17,21.6,9.81,34.77,29.05,3.68,71.29,SUBJ_002,67.6,16.77,57.27,0.7455,97.5,877.25,-0.131,0.629,0.1798,8.6573,5.1812,0.2178,1.3145
2026-07-18 05:44:50,21.56,507.5,48.37,16.1,10.02,36.11,25.24,0.46,69.52,SUBJ_002,67.2,22.84,57.45,0.7393,97.4,884.81,-0.0546,0.452,0.215,6.7167,4.0204,0.1592,1.226
2026-07-18 05:47:20,20.76,424.9,64.63,11.3,15.06,32.92,29.68,7.13,67.74,SUBJ_002,67.1,17.72,58.58,0.7081,97.3,871.92,-0.2213,0.274,0.0498,8.9693,5.3686,0.2128,1.137
2026-07-18 05:51:05,21.1,466.4,33.39,22.8,7.58,25.36,23.86,0.64,67.49,SUBJ_002,66.9,26.18,58.32,0.6995,97.4,901.3,-0.0863,0.249,0.1328,5.9968,3.5914,0.1099,1.1245
2026-07-18 05:53:23,20.7,528.3,64.08,15.3,12.56,27.16,20.2,1.04,66.57,SUBJ_002,66.6,30.1,57.18,0.7254,97.4,881.15,0.0433,0.157,0.2566,4.2282,2.5241,0.211,1.0785
2026-07-18 05:59:27,20.58,454.4,55.25,5.9,8.04,23.56,17.2,5.09,66.5,SUBJ_002,66.5,35.3,57.68,0.7642,97.4,864.95,-0.0062,0.15,0.1088,2.7105,1.6152,0.1819,1.075
2026-07-18 06:05:52,21.71,505.1,38.92,22.7,7.4,29.75,19.79,1.19,65.35,SUBJ_002,66.3,31.91,57.99,0.7528,97.5,887.35,0.0202,0.035,0.2102,3.9728,2.3759,0.1281,1.0175
2026-07-18 06:11:15,21.22,542.4,43.1,14.3,11.79,28.04,23.47,2.65,63.33,SUBJ_002,66.0,26.41,58.01,0.7292,97.5,908.11,0.0143,0.0,0.2848,5.8212,3.4841,0.1419,0.9165
2026-07-18 06:18:17,20.68,800.0,36.96,9.2,8.41,17.13,20.6,0.43,60.45,SUBJ_002,66.1,27.74,55.79,0.7184,97.5,890.15,0.3772,0.0,0.8,4.3739,2.617,0.1217,0.7725
2026-07-18 06:20:24,21.86,612.8,31.28,18.5,7.9,20.04,18.08,0.41,59.92,SUBJ_002,65.8,33.41,57.17,0.7363,97.5,918.22,0.1792,0.0,0.4256,3.1026,1.8553,0.103,0.746
2026-07-18 06:29:36,20.73,529.0,58.04,6.1,9.56,25.95,23.08,4.85,56.45,SUBJ_002,65.6,26.75,57.84,0.7048,97.5,924.11,0.0031,0.0,0.258,5.6561,3.382,0.1911,0.5725
2026-07-18 06:34:23,21.72,513.4,29.44,19.0,7.19,25.9,21.64,2.49,54.16,SUBJ_002,65.7,29.63,58.31,0.7247,97.5,903.95,0.0041,0.0,0.2268,4.8789,2.9214,0.0969,0.458
2026-07-18 06:37:48,20.97,895.6,41.04,15.7,4.59,17.13,17.43,6.25,55.23,SUBJ_002,65.5,31.0,54.68,0.7603,97.5,902.82,0.542,0.0,0.9912,2.7971,1.67,0.1351,0.5115
2026-07-18 06:46:42,22.51,704.4,46.05,17.2,9.84,28.85,19.94,2.57,55.99,SUBJ_002,65.3,23.52,52.04,0.7414,97.5,932.93,0.7823,0.612,0.6088,4.0621,2.4281,0.1516,0.7025
2026-07-18 06:56:38,21.56,597.6,45.1,6.8,12.39,28.95,20.11,2.27,56.8,SUBJ_002,65.9,30.43,57.24,0.7474,97.5,933.17,0.1312,0.0,0.3952,4.1452,2.4781,0.1485,0.59
2026-07-18 07:04:19,22.29,692.0,59.42,11.6,9.17,31.81,21.06,3.38,53.62,SUBJ_002,66.0,24.35,53.88,0.7652,97.5,912.13,0.5286,0.348,0.584,4.6488,2.7774,0.1956,0.518
2026-07-18 07:06:43,21.56,539.7,43.28,10.9,13.09,28.64,19.99,18.56,53.85,SUBJ_002,65.4,31.28,57.73,0.8045,97.5,941.27,0.0606,0.0,0.2794,4.0816,2.4403,0.1425,0.4425
2026-07-18 07:08:45,22.33,650.9,38.11,3.6,7.38,26.66,16.55,2.67,53.24,SUBJ_002,64.8,31.11,53.83,0.8348,97.5,906.96,0.582,0.396,0.5018,2.3512,1.4031,0.1255,0.511
2026-07-18 07:16:57,22.43,578.2,56.22,11.1,10.39,30.89,27.9,9.88,53.04,SUBJ_002,65.2,14.56,54.25,0.7936,97.5,918.21,0.4301,0.516,0.3564,8.0624,4.8262,0.1851,0.531
2026-07-18 07:21:50,22.68,609.0,67.85,21.4,9.95,30.25,28.09,3.76,52.22,SUBJ_002,65.5,10.76,51.71,0.7748,97.5,885.85,0.7184,0.816,0.418,8.1807,4.8948,0.2234,0.565
2026-07-18 07:24:49,21.56,706.3,68.23,11.1,13.39,25.76,28.53,5.33,48.85,SUBJ_002,65.7,17.03,56.71,0.728,97.5,945.17,0.1469,0.0,0.6126,8.4015,5.0272,0.2246,0.1925
2026-07-18 07:30:45,22.53,886.1,48.19,8.8,10.7,34.25,17.64,0.6,47.77,SUBJ_002,65.9,24.46,50.17,0.7661,97.6,920.21,1.0625,0.636,0.9722,2.9164,1.7402,0.1586,0.2975
2026-07-18 07:38:57,22.85,606.4,62.46,19.8,13.24,33.61,28.21,0.86,45.18,SUBJ_002,66.2,10.0,50.39,0.742,97.5,931.54,0.8852,1.02,0.4128,8.2299,4.9255,0.2056,0.264
2026-07-18 07:41:22,22.77,603.1,75.88,20.9,12.84,29.92,31.24,2.67,44.42,SUBJ_002,66.7,10.0,51.13,0.6927,97.5,897.52,0.757,0.924,0.4062,9.7718,5.8479,0.2498,0.26
2026-07-18 07:49:52,22.89,634.0,73.85,13.9,13.54,29.05,24.84,1.9,42.21,SUBJ_002,67.3,12.4,49.35,0.703,97.6,879.37,1.0082,1.068,0.468,6.5677,3.9259,0.2431,0.4065
2026-07-18 07:59:38,22.17,659.9,59.0,9.1,12.89,29.14,21.35,7.1,44.26,SUBJ_002,67.2,25.73,55.18,0.7291,97.5,887.74,0.3631,0.204,0.5198,4.793,2.864,0.1942,0.088
2026-07-18 08:02:29,22.7,679.4,79.32,14.9,15.81,34.11,30.92,0.42,42.39,SUBJ_002,67.8,10.0,51.03,0.6966,97.5,908.16,0.7862,0.84,0.5588,9.6186,5.7553,0.2611,0.3405
2026-07-18 08:08:38,22.76,662.1,52.82,9.3,10.88,28.19,27.76,0.88,43.06,SUBJ_002,68.2,10.09,50.82,0.693,97.5,887.08,0.8703,0.912,0.5242,7.9856,4.7808,0.1739,0.325
2026-07-18 08:17:19,22.78,662.4,71.66,11.0,14.43,31.14,24.43,8.45,40.42,SUBJ_002,68.0,13.99,50.06,0.708,97.5,890.27,0.9384,0.936,0.5248,6.3583,3.8007,0.2359,0.463
2026-07-18 08:20:56,22.62,675.4,71.19,5.1,14.21,34.03,29.94,0.0,42.13,SUBJ_002,67.9,10.0,51.78,0.6977,97.5,904.77,0.7144,0.744,0.5508,9.1124,5.4532,0.2344,0.3295
2026-07-18 08:27:48,22.38,675.1,76.93,13.8,13.54,28.79,20.4,5.98,39.77,SUBJ_002,68.2,23.98,52.91,0.7009,97.6,852.89,0.6078,0.456,0.5502,4.3539,2.5969,0.2533,0.3755
2026-07-18 08:35:03,22.84,708.4,70.5,8.8,9.02,28.37,19.81,4.53,36.51,SUBJ_002,68.3,19.21,48.8,0.7365,97.6,890.41,1.1225,1.008,0.6168,4.046,2.4135,0.2321,0.6765
2026-07-18 08:44:15,22.13,671.0,83.56,12.1,15.92,31.63,25.43,1.67,34.59,SUBJ_002,68.4,19.79,55.38,0.7382,97.5,882.11,0.2783,0.156,0.542,6.8821,4.1126,0.2751,0.5595
2026-07-18 08:46:26,23.58,684.6,62.39,10.4,14.27,31.2,26.9,0.34,33.94,SUBJ_002,68.5,10.0,43.47,0.729,97.5,908.62,1.739,1.896,0.5692,7.5748,4.5324,0.2054,1.027
2026-07-18 08:50:08,23.67,841.3,92.62,8.3,16.07,32.24,32.7,5.74,32.57,SUBJ_002,68.6,10.0,41.45,0.7221,97.5,876.7,1.943,2.004,0.8826,10.5352,6.3026,0.3049,1.1225
2026-07-18 08:56:24,23.39,789.6,73.65,17.5,14.65,35.52,38.96,4.2,32.85,SUBJ_002,69.5,10.0,45.08,0.6646,97.5,863.83,1.5062,1.668,0.7792,13.6273,8.1616,0.2425,1.0245
2026-07-18 09:01:47,23.63,718.4,57.75,18.2,11.49,31.61,21.49,5.54,30.28,SUBJ_002,69.6,10.0,42.39,0.7004,97.5,866.26,1.909,1.956,0.6368,4.8605,2.9047,0.1901,1.225
2026-07-18 09:05:28,23.88,743.9,83.19,17.9,16.98,30.37,27.78,6.78,27.97,SUBJ_002,70.0,10.0,40.19,0.7213,97.4,862.21,2.1036,2.256,0.6878,8.0564,4.8172,0.2739,1.4155
2026-07-18 09:10:08,22.29,677.8,73.85,6.9,16.47,39.1,29.14,0.85,26.75,SUBJ_002,69.7,12.93,54.44,0.6542,97.4,855.49,0.3955,0.348,0.5556,8.7177,5.2159,0.2431,0.9995
2026-07-18 09:13:14,23.03,739.8,86.75,15.8,16.31,41.0,26.7,2.75,23.35,SUBJ_002,69.6,10.0,47.26,0.6667,97.4,878.7,1.2553,1.236,0.6796,7.5235,4.4967,0.2856,1.3915
2026-07-18 09:18:43,23.93,901.5,65.85,23.6,12.79,29.04,24.55,1.62,22.89,SUBJ_002,70.2,10.0,38.51,0.7139,97.4,863.08,2.3972,2.316,1.003,6.4067,3.8309,0.2168,1.6845
2026-07-18 09:21:39,23.01,852.5,93.08,10.0,16.22,34.86,26.22,1.62,22.04,SUBJ_002,70.0,10.0,46.38,0.7142,97.4,862.76,1.3828,1.212,0.905,7.2962,4.3591,0.3064,1.451
2026-07-18 09:28:32,23.9,728.2,75.69,18.4,15.82,32.63,28.54,1.95,21.6,SUBJ_002,70.1,10.0,40.34,0.7285,97.4,852.05,2.0933,2.28,0.6564,8.4214,5.0377,0.2492,1.74
2026-07-18 09:34:02,23.24,768.1,90.4,12.0,13.06,25.61,23.02,1.29,21.81,SUBJ_002,69.7,10.0,44.88,0.7768,97.4,870.7,1.5553,1.488,0.7362,5.6908,3.3964,0.2976,1.5315
2026-07-18 09:43:05,23.69,848.3,82.78,18.6,14.06,34.98,25.07,0.91,20.84,SUBJ_002,69.8,10.0,40.73,0.7782,97.3,878.17,2.0809,2.028,0.8966,6.7006,4.0038,0.2725,1.715
2026-07-18 09:49:01,23.17,772.7,88.02,9.8,15.43,29.8,31.45,2.03,20.0,SUBJ_002,69.8,10.0,46.2,0.7469,97.4,825.46,1.37,1.404,0.7454,9.901,5.923,0.2898,1.601
2026-07-18 09:53:18,24.31,800.0,80.18,14.5,17.47,36.02,29.19,3.49,20.0,SUBJ_002,70.0,10.0,36.27,0.798,97.4,850.05,2.5879,2.772,0.8,8.7554,5.2372,0.264,1.943
2026-07-18 10:02:17,24.96,812.2,82.88,18.5,12.82,36.29,31.79,5.36,20.0,SUBJ_002,70.8,10.0,30.85,0.8019,97.4,871.27,3.2226,3.552,0.8244,10.0608,6.0199,0.2729,2.138
2026-07-18 10:09:29,24.71,816.3,80.64,15.3,10.62,31.27,24.72,0.0,20.0,SUBJ_002,71.2,10.0,32.36,0.8314,97.4,842.9,3.0762,3.252,0.8326,6.5213,3.8966,0.2655,2.063
2026-07-18 10:17:41,25.19,828.2,85.98,18.9,12.99,35.33,27.85,6.69,21.96,SUBJ_002,71.7,10.0,28.39,0.8436,97.5,823.23,3.5312,3.828,0.8564,8.097,4.841,0.2831,2.109
2026-07-18 10:26:36,23.95,761.7,94.26,9.0,19.37,42.28,36.87,0.85,21.35,SUBJ_002,72.0,10.0,40.05,0.7913,97.4,843.17,2.0668,2.34,0.7234,12.6235,7.5553,0.3103,1.7675
2026-07-18 10:31:04,23.82,821.1,89.27,13.2,15.58,34.14,25.2,5.69,21.86,SUBJ_002,72.0,10.0,39.76,0.8215,97.4,829.91,2.1763,2.184,0.8422,6.7785,4.0493,0.2939,1.703
2026-07-18 10:33:43,24.0,856.6,97.64,3.2,14.35,26.54,24.09,7.48,20.15,SUBJ_002,71.8,10.0,37.71,0.8664,97.5,826.62,2.4184,2.4,0.9132,6.2403,3.7246,0.3214,1.8425
2026-07-18 10:39:39,24.67,834.2,84.21,27.9,18.57,35.92,34.35,0.53,20.0,SUBJ_002,72.1,10.0,33.33,0.817,97.5,839.94,2.9207,3.204,0.8684,11.3434,6.7892,0.2772,2.051
2026-07-18 10:48:06,24.81,835.7,94.26,18.9,19.03,37.04,33.8,1.72,20.0,SUBJ_002,72.4,10.0,31.92,0.7941,97.4,821.68,3.0718,3.372,0.8714,11.0885,6.6343,0.3103,2.093
2026-07-18 10:51:56,24.08,784.9,102.01,9.0,17.04,28.59,28.56,5.43,20.06,SUBJ_002,72.0,10.0,37.92,0.8244,97.5,853.78,2.3457,2.496,0.7698,8.484,5.07,0.3358,1.871
2026-07-18 10:57:42,24.3,831.3,109.11,22.9,18.95,31.32,32.43,2.13,20.7,SUBJ_002,72.4,10.0,35.9,0.8072,97.5,821.95,2.5707,2.76,0.8626,10.4332,6.2381,0.3592,1.905
2026-07-18 10:59:47,24.69,821.0,88.06,15.2,17.06,38.84,29.13,1.25,20.0,SUBJ_002,72.5,10.0,32.75,0.8149,97.5,831.45,2.9989,3.228,0.842,8.7411,5.2271,0.2899,2.057
2026-07-18 11:03:52,24.35,885.6,95.07,9.2,17.85,35.44,32.56,1.24,20.0,SUBJ_002,72.7,10.0,35.29,0.7898,97.5,825.79,2.6872,2.82,0.9712,10.4701,6.2631,0.313,1.955
2026-07-18 11:08:47,23.87,926.6,90.64,25.9,17.79,31.26,31.93,4.61,20.0,SUBJ_002,72.8,10.0,39.04,0.7609,97.5,810.98,2.2626,2.244,1.0532,10.1463,6.0696,0.2984,1.811
2026-07-18 11:13:04,23.67,844.5,85.2,13.0,18.46,34.29,25.52,0.67,20.38,SUBJ_002,72.3,10.0,40.93,0.7666,97.5,830.08,2.0495,2.004,0.889,6.9304,4.1412,0.2805,1.732
2026-07-18 11:17:39,24.39,825.4,68.16,18.7,12.83,29.16,25.35,0.29,20.0,SUBJ_002,72.4,10.0,35.26,0.7892,97.5,819.8,2.7553,2.868,0.8508,6.8113,4.0732,0.2244,1.967
2026-07-18 11:20:13,24.41,904.3,98.39,6.7,16.11,34.44,23.54,0.46,20.0,SUBJ_002,72.3,10.0,33.8,0.8478,97.5,834.69,2.9,2.892,1.0086,5.9668,3.5604,0.3239,1.973
2026-07-18 11:22:41,23.37,1002.4,94.38,8.4,17.35,34.79,29.46,3.55,20.0,SUBJ_002,72.1,10.0,42.38,0.8372,97.5,817.83,1.8876,1.644,1.2048,8.9188,5.3324,0.3107,1.661
2026-07-18 11:30:48,24.02,806.4,86.91,10.1,13.5,28.14,21.3,5.03,20.0,SUBJ_002,71.7,10.0,37.89,0.8624,97.5,812.3,2.4156,2.424,0.8128,4.8238,2.8769,0.2861,1.856
2026-07-18 11:34:44,23.74,814.3,79.61,9.2,15.37,28.74,26.26,2.1,20.0,SUBJ_002,71.7,10.0,40.74,0.8666,97.5,834.7,2.0719,2.088,0.8286,7.2892,4.3576,0.2621,1.772
2026-07-18 11:39:37,25.07,886.5,86.68,27.4,16.64,34.66,34.85,4.85,20.0,SUBJ_002,72.4,10.0,29.52,0.8387,97.5,823.37,3.383,3.684,0.973,11.5984,6.9417,0.2854,2.171
2026-07-18 11:41:46,24.6,875.3,101.24,15.0,19.12,29.41,41.31,1.3,20.0,SUBJ_002,73.1,10.0,33.9,0.779,97.5,826.21,2.802,3.12,0.9506,14.8575,8.8942,0.3333,2.03
2026-07-18 11:46:25,24.86,883.4,101.69,22.1,15.67,29.85,30.76,0.63,20.0,SUBJ_002,73.2,10.0,30.73,0.8091,97.4,827.36,3.2253,3.432,0.9668,9.5834,5.7297,0.3348,2.108
2026-07-18 11:55:04,24.05,875.7,106.5,4.0,19.89,37.33,30.09,3.13,20.0,SUBJ_002,73.0,10.0,37.51,0.8121,97.4,828.49,2.4071,2.46,0.9514,9.258,5.5335,0.3506,1.865
2026-07-18 12:04:10,23.57,946.0,98.17,11.5,16.38,34.09,24.34,3.79,20.0,SUBJ_002,73.0,10.0,40.64,0.8213,97.4,837.54,2.0922,1.884,1.092,6.3663,3.8002,0.3232,1.721
2026-07-18 12:07:43,24.72,971.5,86.74,11.3,13.1,27.02,29.64,3.28,20.0,SUBJ_002,73.1,10.0,31.35,0.8163,97.4,805.77,3.21,3.264,1.143,8.9935,5.3787,0.2856,2.066
2026-07-18 12:17:07,24.07,934.3,100.69,11.1,18.13,36.12,33.35,0.7,20.0,SUBJ_002,73.3,10.0,37.24,0.7642,97.4,796.88,2.454,2.484,1.0686,10.8764,6.5057,0.3315,1.871
2026-07-18 12:25:28,24.5,832.8,108.75,18.8,18.17,39.59,31.43,1.24,20.0,SUBJ_002,73.2,10.0,34.12,0.7581,97.4,823.99,2.7889,3.0,0.8656,9.9325,5.9377,0.358,2.0
2026-07-18 12:33:07,24.43,903.8,84.43,21.4,14.18,28.66,33.01,8.1,22.41,SUBJ_002,73.3,10.0,34.68,0.7582,97.4,825.84,2.7844,2.916,1.0076,10.6739,6.3874,0.278,1.8585
2026-07-18 12:41:45,23.37,888.1,93.3,6.8,15.33,34.24,31.09,7.05,20.97,SUBJ_002,72.8,10.0,43.46,0.7631,97.4,829.23,1.7215,1.644,0.9762,9.7316,5.8203,0.3072,1.6125
2026-07-18 12:45:00,25.12,1053.6,70.88,23.4,10.78,32.31,25.56,2.33,20.0,SUBJ_002,73.4,10.0,27.22,0.7933,97.4,808.12,3.7749,3.744,1.3072,6.9218,4.1389,0.2333,2.186
2026-07-18 12:50:26,23.34,861.7,97.86,8.9,18.92,32.97,30.03,0.28,20.0,SUBJ_002,73.1,10.0,43.76,0.7687,97.4,825.94,1.6733,1.608,0.9234,9.2107,5.5069,0.3222,1.652
2026-07-18 13:00:20,24.19,879.3,85.6,11.9,17.3,33.69,29.72,0.54,20.0,SUBJ_002,73.2,10.0,36.6,0.7681,97.5,830.51,2.5583,2.628,0.9586,9.0312,5.4016,0.2818,1.907
2026-07-18 13:07:29,24.05,808.2,107.47,16.5,18.65,32.27,37.89,6.95,20.9,SUBJ_002,73.2,10.0,38.7,0.7491,97.4,821.5,2.2114,2.46,0.8164,13.1599,7.8745,0.3538,1.82
2026-07-18 13:12:53,24.1,862.7,95.07,3.0,15.04,36.13,28.76,5.2,20.62,SUBJ_002,73.3,10.0,37.26,0.7875,97.4,819.99,2.4603,2.52,0.9254,8.5701,5.1231,0.313,1.849
2026-07-18 13:14:59,24.78,884.7,80.64,18.9,15.41,33.42,32.99,5.99,20.0,SUBJ_002,73.5,10.0,31.93,0.7891,97.5,822.48,3.1143,3.336,0.9694,10.6563,6.3776,0.2655,2.084
2026-07-18 13:20:01,24.55,934.4,87.96,16.7,17.22,32.1,31.49,0.53,20.0,SUBJ_002,73.7,10.0,33.23,0.7884,97.4,828.07,2.9655,3.06,1.0688,9.9209,5.935,0.2896,2.015
2026-07-18 13:25:42,23.3,788.3,73.86,4.4,13.39,27.91,26.76,0.0,20.0,SUBJ_002,73.6,10.0,44.81,0.7711,97.5,816.9,1.5878,1.56,0.7766,7.5277,4.5019,0.2432,1.64
2026-07-18 13:31:23,24.09,784.2,97.58,13.8,14.98,30.58,27.06,1.95,20.0,SUBJ_002,73.3,10.0,37.79,0.7788,97.5,798.34,2.3764,2.508,0.7684,7.7252,4.6156,0.3212,1.877
2026-07-18 13:37:27,24.0,786.3,83.7,19.4,17.48,33.73,30.35,8.97,20.0,SUBJ_002,73.2,10.0,39.05,0.7836,97.5,810.34,2.2411,2.4,0.7726,9.3424,5.5887,0.2756,1.85
2026-07-18 13:41:19,23.88,796.7,91.16,6.0,15.82,30.91,32.88,4.82,20.0,SUBJ_002,73.5,10.0,40.07,0.7835,97.5,817.43,2.0968,2.256,0.7934,10.6223,6.3552,0.3001,1.814
2026-07-18 13:45:03,24.33,765.4,91.23,6.5,16.02,38.28,31.7,0.87,20.57,SUBJ_002,74.0,10.0,36.41,0.788,97.5,804.99,2.5291,2.796,0.7308,10.0325,6.0012,0.3003,1.9205
2026-07-18 13:53:43,23.86,910.0,73.23,21.1,12.54,37.01,26.73,4.72,20.0,SUBJ_002,73.9,10.0,39.1,0.8015,97.5,809.61,2.306,2.232,1.02,7.5115,4.4922,0.2411,1.808
2026-07-18 13:57:27,24.62,804.5,89.89,29.0,16.58,35.03,36.16,4.2,20.0,SUBJ_002,74.2,10.0,34.05,0.766,97.5,810.26,2.8072,3.144,0.809,12.2598,7.3379,0.2959,2.036
2026-07-18 14:02:30,23.92,801.8,84.54,19.5,17.15,33.77,29.7,0.14,20.0,SUBJ_002,74.0,10.0,39.53,0.755,97.5,808.78,2.189,2.304,0.8036,9.0191,5.3945,0.2783,1.826
2026-07-18 14:10:35,23.85,821.3,88.87,12.8,17.25,31.67,30.18,0.0,20.0,SUBJ_002,73.7,10.0,39.93,0.7542,97.4,808.35,2.1358,2.22,0.8426,9.2677,5.5429,0.2926,1.805
2026-07-18 14:17:34,22.87,802.3,90.93,7.0,16.1,31.07,29.74,3.53,20.0,SUBJ_002,73.2,10.0,48.31,0.7008,97.5,813.29,1.1284,1.044,0.8046,9.0519,5.4129,0.2994,1.511
2026-07-18 14:20:20,23.61,811.3,91.25,14.1,15.98,32.59,29.46,0.44,20.0,SUBJ_002,73.2,10.0,41.94,0.7006,97.5,826.77,1.8911,1.932,0.8226,8.9125,5.3293,0.3004,1.733
2026-07-18 14:23:34,23.79,760.9,73.45,7.3,16.97,44.06,28.8,0.3,20.0,SUBJ_002,73.4,10.0,41.06,0.7146,97.5,796.4,2.0194,2.148,0.7218,8.5469,5.1135,0.2418,1.787
2026-07-18 14:26:05,23.31,723.9,83.07,6.0,13.04,23.53,21.98,9.71,20.0,SUBJ_002,72.8,10.19,44.68,0.7653,97.5,834.69,1.5856,1.572,0.6478,5.1561,3.0771,0.2735,1.643
2026-07-18 14:32:58,23.76,932.4,84.63,14.1,19.41,34.51,31.89,0.57,20.0,SUBJ_002,72.8,10.0,40.02,0.7577,97.5,824.52,2.1593,2.112,1.0648,10.1143,6.0516,0.2786,1.778
2026-07-18 14:39:57,24.48,792.4,76.1,24.9,13.26,29.94,30.86,4.69,22.28,SUBJ_002,72.8,10.0,35.1,0.7808,97.5,832.76,2.7263,2.976,0.7848,9.5822,5.7341,0.2505,1.88
2026-07-18 14:47:52,23.86,866.7,86.97,21.5,14.71,31.55,28.38,0.54,20.7,SUBJ_002,72.8,10.0,39.36,0.7471,97.5,827.07,2.2283,2.232,0.9334,8.3639,5.001,0.2863,1.773
2026-07-18 14:57:36,23.29,777.7,86.14,12.3,17.74,29.13,33.46,2.9,21.12,SUBJ_002,72.6,10.0,45.35,0.7271,97.5,834.91,1.4688,1.548,0.7554,10.9023,6.5241,0.2836,1.581
2026-07-18 15:01:32,23.89,717.6,75.62,21.0,16.11,38.33,24.31,1.6,20.0,SUBJ_002,72.7,10.0,40.14,0.7711,97.5,828.75,2.1304,2.268,0.6352,6.3062,3.7686,0.249,1.817
2026-07-18 15:08:09,23.62,693.8,87.54,19.3,15.71,39.4,30.4,0.0,20.0,SUBJ_002,72.7,10.0,42.95,0.7757,97.5,817.28,1.741,1.944,0.5876,9.3751,5.6075,0.2882,1.736
2026-07-18 15:17:17,23.07,664.1,64.14,12.7,12.14,21.6,22.53,5.4,22.28,SUBJ_002,72.1,13.35,47.55,0.7868,97.5,843.71,1.2606,1.284,0.5282,5.3933,3.2231,0.2112,1.457
2026-07-18 15:25:17,23.1,750.7,71.59,22.5,14.19,34.04,28.07,3.6,23.4,SUBJ_002,71.7,10.0,46.95,0.7536,97.5,850.5,1.3201,1.32,0.7014,8.1782,4.8926,0.2357,1.41
2026-07-18 15:30:38,23.05,933.5,74.53,13.6,14.28,30.28,29.61,13.02,21.99,SUBJ_002,71.6,10.0,45.99,0.7548,97.5,856.76,1.4761,1.26,1.067,8.9541,5.3575,0.2454,1.4655
2026-07-18 15:34:21,23.97,712.7,64.54,25.1,11.66,27.15,25.47,1.7,23.99,SUBJ_002,71.7,10.0,39.79,0.7881,97.5,836.18,2.1885,2.364,0.6254,6.8641,4.1055,0.2125,1.6415
2026-07-18 15:38:14,22.81,678.8,78.63,18.5,12.06,30.01,21.83,0.0,22.88,SUBJ_002,71.4,16.84,49.33,0.777,97.6,835.62,1.0264,0.972,0.5576,5.0723,3.0276,0.2589,1.349
2026-07-18 15:41:39,23.52,731.7,57.37,28.4,10.49,33.51,22.38,0.78,22.12,SUBJ_002,71.1,10.0,43.3,0.8049,97.5,818.4,1.8018,1.824,0.6634,5.3047,3.1714,0.1889,1.6
2026-07-18 15:50:06,23.35,693.1,50.33,19.3,10.75,33.7,22.7,1.15,23.61,SUBJ_002,70.8,10.0,45.19,0.8257,97.6,833.06,1.5773,1.62,0.5862,5.4507,3.2603,0.1657,1.4745
2026-07-18 15:59:58,22.44,630.0,57.31,7.6,14.45,31.68,20.56,0.3,22.3,SUBJ_002,70.2,23.98,53.1,0.8274,97.6,861.37,0.6098,0.528,0.46,4.3946,2.6253,0.1887,1.267
2026-07-18 16:06:45,23.29,781.3,68.76,20.6,14.68,37.8,31.74,1.1,23.27,SUBJ_002,70.6,10.0,45.46,0.775,97.5,880.62,1.4979,1.548,0.7626,10.0075,5.9908,0.2264,1.4735
2026-07-18 16:10:14,22.44,623.4,64.95,18.6,11.21,30.96,28.7,7.08,21.1,SUBJ_002,70.2,12.58,53.72,0.717,97.5,862.3,0.4853,0.528,0.4468,8.4799,5.0749,0.2138,1.327
2026-07-18 16:14:46,22.66,625.1,53.68,21.9,9.12,23.3,20.74,5.54,21.03,SUBJ_002,69.5,21.3,51.35,0.7164,97.5,844.26,0.8233,0.792,0.4502,4.4774,2.6757,0.1767,1.3965
2026-07-18 16:22:50,22.37,586.7,68.13,21.1,15.28,40.48,27.15,4.43,22.03,SUBJ_002,68.9,15.87,54.42,0.6889,97.5,867.39,0.3908,0.444,0.3734,7.7113,4.6131,0.2243,1.2595
2026-07-18 16:28:09,22.36,678.2,64.93,30.1,9.02,30.34,25.36,5.61,20.0,SUBJ_002,68.7,17.55,53.67,0.6632,97.5,864.41,0.5207,0.432,0.5564,6.8099,4.0729,0.2138,1.358
2026-07-18 16:35:52,22.01,725.1,64.91,16.4,16.5,36.96,30.89,2.3,21.15,SUBJ_002,68.4,13.46,56.73,0.6436,97.5,860.97,0.1468,0.012,0.6502,9.5748,5.7319,0.2137,1.1955
2026-07-18 16:40:14,22.86,610.5,47.38,27.9,9.78,32.61,27.94,0.68,20.0,SUBJ_002,68.4,10.0,50.5,0.6475,97.5,853.26,0.9043,1.032,0.421,8.0648,4.8294,0.156,1.508
2026-07-18 16:48:43,21.4,590.2,46.44,16.5,11.55,25.13,20.26,0.0,21.34,SUBJ_002,67.8,30.24,57.29,0.6624,97.4,909.21,0.1198,0.0,0.3804,4.2229,2.5244,0.1529,1.183
2026-07-18 16:51:11,21.85,558.3,50.96,20.9,11.98,23.32,20.61,0.87,22.74,SUBJ_002,67.4,30.0,57.51,0.6685,97.4,904.33,0.075,0.0,0.3166,4.4069,2.634,0.1678,1.113
2026-07-18 16:53:49,22.49,579.1,41.21,29.2,9.93,33.5,19.88,0.0,23.9,SUBJ_002,67.3,25.3,53.29,0.7022,97.5,885.68,0.6063,0.588,0.3582,4.0224,2.4052,0.1357,1.202
2026-07-18 16:58:34,23.33,673.2,55.71,27.2,11.72,40.37,27.48,3.46,26.53,SUBJ_002,67.6,10.0,45.84,0.7412,97.5,890.26,1.464,1.596,0.5464,7.8514,4.6997,0.1834,1.3225
2026-07-18 17:01:10,21.84,649.1,53.66,9.3,10.5,27.21,23.21,2.67,27.1,SUBJ_002,67.3,25.35,56.95,0.7254,97.5,904.92,0.1514,0.0,0.4982,5.7123,3.4167,0.1767,0.895
2026-07-18 17:03:50,21.61,562.2,66.94,16.5,10.76,30.24,18.31,1.43,27.53,SUBJ_002,66.7,32.76,57.01,0.7478,97.5,899.22,0.1127,0.0,0.3244,3.2889,1.9599,0.2204,0.8735
2026-07-18 17:12:34,22.12,567.1,52.35,26.7,11.01,33.75,26.51,5.53,26.2,SUBJ_002,66.8,20.3,56.9,0.7271,97.5,862.54,0.123,0.144,0.3342,7.3597,4.4054,0.1723,0.976
2026-07-18 17:19:11,22.18,673.9,46.18,18.0,10.46,35.26,26.59,0.77,28.56,SUBJ_002,67.1,18.48,55.64,0.6965,97.6,893.88,0.3159,0.216,0.5478,7.3874,4.4232,0.152,0.876
2026-07-18 17:28:06,21.61,495.9,55.26,20.1,9.55,29.82,18.02,1.03,27.33,SUBJ_002,66.8,34.17,57.72,0.7055,97.6,936.3,0.0339,0.0,0.1918,3.1205,1.8613,0.1819,0.8835
2026-07-18 17:30:30,21.31,698.9,46.44,16.6,8.71,27.91,18.51,2.3,32.75,SUBJ_002,66.1,31.51,56.27,0.724,97.6,887.94,0.2807,0.0,0.5978,3.3479,1.9994,0.1529,0.6125
2026-07-18 17:33:19,21.91,502.0,43.83,22.0,5.95,35.76,21.52,0.54,35.27,SUBJ_002,66.1,29.56,58.15,0.7027,97.6,888.85,-0.0084,0.0,0.204,4.8477,2.8998,0.1443,0.4865
2026-07-18 17:40:23,21.45,546.7,17.92,21.1,10.13,25.02,14.42,7.38,35.17,SUBJ_002,66.2,39.55,57.61,0.753,97.6,894.06,0.1488,0.0,0.2934,1.2458,0.7439,0.059,0.4915
2026-07-18 17:42:33,22.26,503.7,29.38,21.8,11.51,32.66,27.99,0.0,36.69,SUBJ_002,66.9,17.9,56.73,0.7172,97.6,916.86,0.164,0.312,0.2074,8.0538,4.8264,0.0967,0.4935
2026-07-18 17:52:18,22.26,491.3,22.31,19.2,9.73,32.65,21.85,0.66,38.07,SUBJ_002,66.4,26.72,56.42,0.7092,97.6,892.52,0.2361,0.312,0.1826,4.9696,2.9773,0.0734,0.4245
2026-07-18 17:59:24,22.05,528.5,18.24,17.1,8.04,19.82,15.19,0.0,37.74,SUBJ_002,65.8,38.1,57.4,0.7466,97.6,908.38,0.1656,0.06,0.257,1.6315,0.9752,0.06,0.378
2026-07-18 18:02:32,22.04,763.5,38.24,30.5,7.62,31.26,19.89,1.17,36.38,SUBJ_002,65.7,28.64,55.66,0.7747,97.6,906.06,0.3821,0.048,0.727,4.0215,2.4052,0.1259,0.443
2026-07-18 18:10:49,20.56,441.4,38.07,13.9,10.0,26.14,17.06,9.23,35.32,SUBJ_002,65.2,36.54,58.36,0.802,97.6,929.66,-0.0205,0.0,0.0828,2.6061,1.5561,0.1253,0.484
2026-07-18 18:20:30,21.01,750.0,14.58,26.3,7.09,32.55,22.53,0.86,35.23,SUBJ_002,65.5,26.18,56.73,0.758,97.6,901.03,0.2872,0.0,0.7,5.2942,3.1736,0.048,0.4885
2026-07-18 18:24:32,21.69,462.5,36.47,22.4,6.67,25.53,17.17,0.3,39.36,SUBJ_002,65.6,36.21,58.22,0.7651,97.6,936.31,0.0043,0.0,0.125,2.6579,1.5875,0.1201,0.282
2026-07-18 18:33:14,20.81,409.1,40.28,23.7,9.92,26.99,21.28,3.81,41.54,SUBJ_002,65.0,31.01,58.94,0.7375,97.6,925.48,-0.1211,0.0,0.0182,4.7206,2.8243,0.1326,0.173
2026-07-18 18:38:50,21.28,493.3,38.67,29.1,9.79,32.57,28.13,1.2,43.97,SUBJ_002,65.0,20.65,58.88,0.6879,97.5,897.5,-0.1136,0.0,0.1866,8.1423,4.8777,0.1273,0.0515
2026-07-18 18:45:14,20.17,469.8,55.69,12.3,11.48,27.09,27.29,8.69,45.0,SUBJ_002,64.9,21.65,58.71,0.673,97.5,900.28,-0.131,0.0,0.1396,7.7564,4.6427,0.1833,0.0
2026-07-18 18:48:32,19.9,447.8,57.15,7.8,10.97,29.94,16.17,2.61,43.17,SUBJ_002,64.8,37.26,57.91,0.7046,97.6,916.83,0.0002,0.0,0.0956,2.1993,1.3082,0.1881,0.0915
2026-07-18 18:52:37,20.26,532.2,56.12,19.9,6.83,12.1,21.03,12.31,45.66,SUBJ_002,64.5,29.63,57.67,0.698,97.6,936.43,0.0363,0.0,0.2644,4.6272,2.7651,0.1848,0.033
2026-07-18 19:02:20,20.39,352.8,42.09,17.1,10.2,29.1,17.92,1.68,48.78,SUBJ_002,64.5,36.24,59.08,0.7005,97.6,953.8,-0.1435,0.0,-0.0944,3.0442,1.8181,0.1386,0.189
2026-07-18 19:08:34,19.83,381.1,69.95,11.9,10.06,29.04,24.99,0.96,51.47,SUBJ_002,64.3,25.43,59.0,0.6724,97.5,939.51,-0.2091,0.0,-0.0378,6.6349,3.9669,0.2303,0.3235
2026-07-18 19:17:17,19.3,381.8,49.92,7.0,11.31,22.78,24.29,0.79,52.39,SUBJ_002,64.4,26.89,59.26,0.6591,97.5,952.53,-0.1982,0.0,-0.0364,6.2448,3.7369,0.1643,0.3695
2026-07-18 19:19:24,19.86,413.1,54.32,10.1,8.92,25.12,22.47,0.8,54.28,SUBJ_002,64.8,28.95,58.78,0.6507,97.5,919.0,-0.1331,0.0,0.0262,5.3436,3.1953,0.1788,0.464
2026-07-18 19:28:19,20.69,455.7,43.09,18.2,8.03,38.03,20.38,2.07,56.33,SUBJ_002,64.6,31.66,58.44,0.67,97.5,915.7,-0.05,0.0,0.1114,4.2762,2.5571,0.1419,0.5665
2026-07-18 19:37:07,19.89,345.2,49.15,17.8,9.78,27.55,19.14,3.44,57.76,SUBJ_002,64.2,34.43,59.13,0.7064,97.6,913.85,-0.1704,0.0,-0.1096,3.6683,2.1911,0.1618,0.638
2026-07-18 19:42:06,19.57,405.9,64.55,16.0,12.13,26.15,31.53,1.74,58.08,SUBJ_002,64.6,16.21,59.44,0.6483,97.6,934.72,-0.2714,0.0,0.0118,9.8941,5.9235,0.2125,0.654
2026-07-18 19:44:26,19.45,433.5,63.81,9.5,16.81,29.06,26.28,1.86,59.02,SUBJ_002,64.3,23.2,58.78,0.6358,97.5,956.06,-0.162,0.0,0.067,7.2676,4.3478,0.2101,0.701
2026-07-18 19:46:36,19.35,351.2,49.9,24.0,12.67,32.94,18.35,5.47,60.33,SUBJ_002,64.2,35.43,59.0,0.6762,97.5,941.51,-0.1516,0.0,-0.0976,3.2748,1.9549,0.1643,0.7665
2026-07-18 19:53:37,19.52,426.5,66.9,12.6,12.6,25.23,23.99,0.89,61.83,SUBJ_002,64.6,26.37,58.59,0.6823,97.6,927.54,-0.138,0.0,0.053,6.1288,3.6639,0.2202,0.8415
2026-07-18 19:56:14,19.68,357.0,61.59,11.7,12.63,30.32,32.81,3.01,63.84,SUBJ_002,64.8,15.03,60.0,0.6428,97.5,937.32,-0.3508,0.0,-0.086,10.5282,6.3046,0.2028,0.942
2026-07-18 20:05:38,19.82,441.7,75.06,21.1,13.07,43.65,33.51,1.25,66.13,SUBJ_002,65.1,12.46,58.93,0.6116,97.5,918.78,-0.2549,0.113,0.0834,10.9051,6.5281,0.2471,1.0565
2026-07-18 20:10:04,19.25,320.2,79.19,13.8,15.01,35.07,30.02,3.2,67.32,SUBJ_002,64.6,18.16,59.3,0.5951,97.6,938.34,-0.357,0.232,-0.1596,9.1684,5.4852,0.2607,1.116
2026-07-18 20:19:10,19.69,366.6,77.81,15.1,10.91,35.96,30.12,0.18,68.96,SUBJ_002,65.5,17.05,58.63,0.5857,97.5,888.82,-0.3004,0.396,-0.0668,9.2156,5.5138,0.2562,1.198
2026-07-18 20:26:36,19.31,386.2,74.56,26.3,14.43,27.08,24.13,0.15,69.21,SUBJ_002,65.6,25.14,57.96,0.6133,97.5,942.88,-0.1904,0.421,-0.0276,6.2141,3.7136,0.2455,1.2105
2026-07-18 20:30:14,19.51,366.5,97.11,13.7,14.55,26.1,24.42,7.22,71.21,SUBJ_002,65.5,23.79,57.37,0.6598,97.5,907.04,-0.2192,0.621,-0.067,6.4042,3.8231,0.3197,1.3105
2026-07-18 20:38:21,19.01,311.0,111.46,16.5,16.28,29.77,28.98,0.49,74.88,SUBJ_002,65.7,16.61,57.24,0.672,97.5,929.98,-0.3536,0.988,-0.178,8.7129,5.2055,0.3669,1.494
2026-07-18 20:42:38,18.78,334.4,86.32,17.7,16.07,39.64,26.03,0.0,75.05,SUBJ_002,65.8,21.02,57.18,0.6906,97.5,886.15,-0.2823,1.005,-0.1312,7.1876,4.2953,0.2842,1.5025
2026-07-18 20:48:32,18.25,340.2,90.69,20.4,15.89,29.3,28.06,2.3,75.42,SUBJ_002,65.9,17.92,57.16,0.7076,97.6,914.55,-0.304,1.042,-0.1196,8.2114,4.9087,0.2986,1.521
2026-07-18 20:53:48,18.6,463.5,88.45,16.5,13.37,28.03,26.87,7.36,77.84,SUBJ_002,66.2,17.55,55.62,0.7125,97.6,936.11,-0.1329,1.284,0.127,7.6119,4.5495,0.2912,1.642
2026-07-18 21:01:17,18.97,303.7,85.14,16.6,14.08,29.55,24.95,2.91,79.61,SUBJ_002,65.8,21.5,56.44,0.7258,97.5,905.1,-0.3052,1.461,-0.1926,6.6453,3.9701,0.2803,1.7305
2026-07-18 21:05:55,18.58,300.0,97.44,14.6,12.7,30.58,27.69,1.58,83.07,SUBJ_002,65.6,16.39,55.81,0.758,97.5,939.64,-0.349,1.807,-0.2,8.0399,4.8044,0.3208,1.9035
2026-07-18 21:12:40,19.28,421.8,111.66,27.0,17.08,30.79,28.4,0.78,82.41,SUBJ_002,65.9,13.92,54.79,0.7756,97.5,910.55,-0.2069,1.741,0.0436,8.4233,5.0317,0.3676,1.8705
2026-07-18 21:18:07,18.66,329.1,87.49,18.6,18.33,34.14,28.89,0.36,81.06,SUBJ_002,66.0,15.26,56.25,0.7852,97.5,902.18,-0.3297,1.606,-0.1418,8.62,5.1545,0.288,1.803
2026-07-18 21:25:45,19.54,338.5,115.08,22.9,22.56,42.27,38.78,2.12,85.3,SUBJ_002,66.5,10.0,55.72,0.7352,97.5,903.46,-0.4592,2.03,-0.123,13.6202,8.1491,0.3789,2.015
2026-07-18 21:30:12,19.13,377.3,113.35,25.3,20.15,35.65,27.89,0.47,89.1,SUBJ_002,66.3,13.05,53.74,0.7906,97.5,889.01,-0.2552,2.41,-0.0454,8.1717,4.8803,0.3732,2.205
2026-07-18 21:35:32,17.8,302.1,85.13,11.2,17.37,31.71,26.85,1.63,88.23,SUBJ_002,66.1,16.27,54.89,0.8215,97.4,895.66,-0.3344,2.323,-0.1958,7.5953,4.5401,0.2803,2.1615
2026-07-18 21:41:56,18.44,474.8,102.37,7.0,17.42,31.88,30.78,0.44,88.54,SUBJ_002,66.4,10.0,53.5,0.8451,97.4,908.69,-0.1746,2.354,0.1496,9.5947,5.7364,0.337,2.177
2026-07-18 21:47:47,18.04,334.2,93.46,20.0,21.63,41.23,37.15,3.33,89.55,SUBJ_002,66.9,10.0,55.12,0.8006,97.4,878.03,-0.4413,2.455,-0.1316,12.7619,7.6385,0.3077,2.2275
2026-07-18 21:53:18,19.21,300.0,94.88,21.9,17.01,35.72,28.55,2.84,88.47,SUBJ_002,67.1,13.63,54.85,0.8304,97.4,890.68,-0.3613,2.347,-0.2,8.4648,5.0599,0.3124,2.1735
2026-07-18 21:55:48,18.58,381.0,92.0,23.0,15.83,36.94,34.09,3.83,90.0,SUBJ_002,66.9,10.0,54.41,0.7964,97.4,896.71,-0.3391,2.5,-0.038,11.229,6.719,0.3029,2.25
2026-07-18 21:59:28,18.85,446.9,106.97,23.8,18.75,43.66,29.24,2.79,90.0,SUBJ_002,66.7,10.3,53.22,0.8162,97.4,887.73,-0.1875,2.5,0.0938,8.8339,5.279,0.3522,2.25
2026-07-18 22:01:32,17.68,300.0,99.18,10.1,17.81,30.76,24.28,2.11,90.0,SUBJ_002,66.6,18.97,54.11,0.8808,97.4,906.35,-0.3003,2.5,-0.2,6.3384,3.7832,0.3265,2.25
2026-07-18 22:08:32,18.94,332.0,103.47,25.2,17.95,38.09,36.36,1.45,90.0,SUBJ_002,67.1,10.0,54.81,0.8629,97.5,894.62,-0.4327,2.5,-0.136,12.3869,7.4115,0.3406,2.25
2026-07-18 22:13:27,18.02,300.0,111.74,14.6,19.56,34.49,32.52,6.75,90.0,SUBJ_002,67.1,10.0,54.6,0.8439,97.5,908.83,-0.4179,2.5,-0.2,10.4835,6.2677,0.3679,2.25
2026-07-18 22:23:23,17.74,508.4,94.84,20.8,16.92,23.45,31.39,10.47,90.0,SUBJ_002,67.2,10.0,53.11,0.8448,97.4,909.63,-0.1413,2.5,0.2168,9.8847,5.9118,0.3122,2.25
2026-07-18 22:30:47,18.22,309.4,113.95,25.5,17.98,41.23,34.35,0.06,90.0,SUBJ_002,67.3,10.0,54.65,0.8452,97.4,861.41,-0.4323,2.5,-0.1812,11.4029,6.819,0.3751,2.25
2026-07-18 22:34:29,18.17,411.4,98.16,19.2,17.24,37.47,27.11,4.69,89.34,SUBJ_002,67.2,14.06,53.6,0.8577,97.5,891.93,-0.2014,2.434,0.0228,7.7513,4.6312,0.3232,2.217
2026-07-18 22:37:55,18.82,349.3,96.64,12.6,15.64,33.16,36.11,6.03,90.0,SUBJ_002,67.5,10.0,54.76,0.8596,97.4,870.08,-0.4075,2.5,-0.1014,12.2483,7.3296,0.3182,2.25
2026-07-18 22:45:44,17.18,300.0,104.06,11.0,23.09,34.12,31.61,0.27,90.0,SUBJ_002,67.4,10.0,54.65,0.8981,97.4,903.29,-0.4049,2.5,-0.2,10.0131,5.9871,0.3426,2.25
2026-07-18 22:54:09,18.72,398.3,108.22,23.9,15.82,27.98,27.01,0.59,89.83,SUBJ_002,67.3,13.95,53.43,0.9277,97.4,883.96,-0.2164,2.483,-0.0034,7.7214,4.6112,0.3563,2.2415
2026-07-18 23:03:42,18.83,320.0,109.97,17.3,15.61,30.39,29.82,1.54,90.0,SUBJ_002,67.2,10.81,54.24,0.9169,97.5,903.37,-0.3544,2.5,-0.16,9.1299,5.456,0.362,2.25
2026-07-18 23:12:31,16.87,300.0,90.26,18.9,18.47,30.79,33.28,0.68,90.0,SUBJ_002,67.1,10.0,55.02,0.9146,97.5,891.45,-0.4288,2.5,-0.2,10.8205,6.4743,0.2972,2.25
2026-07-18 23:20:49,18.38,306.8,106.31,24.2,18.28,34.09,38.95,1.84,90.0,SUBJ_002,67.4,10.0,55.19,0.8922,97.5,871.9,-0.5012,2.5,-0.1864,13.6876,8.1913,0.35,2.25
2026-07-18 23:27:37,17.49,300.0,128.69,14.6,24.78,39.82,35.96,8.32,90.0,SUBJ_002,67.7,10.0,54.62,0.853,97.5,925.2,-0.467,2.5,-0.2,12.2374,7.3167,0.4237,2.25
2026-07-18 23:33:56,17.34,300.0,99.23,16.3,16.35,32.04,31.46,1.98,88.35,SUBJ_002,67.6,10.0,55.05,0.8593,97.5,907.21,-0.4028,2.335,-0.2,9.9285,5.9372,0.3267,2.1675
2026-07-18 23:38:05,17.39,580.9,107.07,13.2,16.57,33.6,35.97,0.98,90.0,SUBJ_002,67.4,10.0,52.72,0.864,97.5,896.1,-0.116,2.5,0.3618,12.1991,7.2981,0.3525,2.25
2026-07-18 23:45:38,18.69,320.5,106.57,15.8,18.39,40.49,30.8,1.09,90.0,SUBJ_002,67.2,10.0,54.38,0.888,97.5,905.61,-0.3677,2.5,-0.159,9.6131,5.7466,0.3508,2.25
2026-07-18 23:53:26,17.75,300.0,105.64,13.8,20.29,36.32,36.69,3.2,90.0,SUBJ_002,66.9,10.0,55.06,0.874,97.5,889.61,-0.4775,2.5,-0.2,12.5563,7.5126,0.3478,2.25
2026-07-19 00:02:53,18.4,300.0,107.38,21.1,21.51,36.0,40.4,3.18,90.0,SUBJ_002,67.6,10.0,55.35,0.8603,97.4,874.71,-0.5304,2.5,-0.2,14.4148,8.6274,0.3535,2.25
2026-07-19 00:10:04,17.71,332.0,101.16,10.5,18.75,40.11,25.01,0.46,90.0,SUBJ_002,67.2,17.56,53.88,0.8767,97.4,888.69,-0.2707,2.5,-0.136,6.7073,4.0042,0.333,2.25
2026-07-19 00:19:39,18.72,300.0,106.64,4.9,23.56,42.28,34.97,1.37,88.73,SUBJ_002,67.2,10.0,55.15,0.8585,97.4,895.1,-0.4529,2.373,-0.2,11.6983,6.9976,0.3511,2.1865
2026-07-19 00:24:54,17.46,300.0,113.23,15.9,20.43,37.78,32.39,1.64,87.22,SUBJ_002,67.2,10.0,55.13,0.8523,97.4,895.18,-0.4161,2.222,-0.2,10.4215,6.2302,0.3728,2.111
2026-07-19 00:33:18,18.34,329.4,98.43,24.7,17.18,41.41,35.91,1.59,87.47,SUBJ_002,67.5,10.0,55.38,0.8215,97.4,918.79,-0.4296,2.247,-0.1412,12.1519,7.2714,0.324,2.1235
2026-07-19 00:37:27,17.88,305.8,118.13,16.7,22.6,44.6,32.43,2.83,90.0,SUBJ_002,67.5,10.0,54.45,0.8331,97.4,907.25,-0.4094,2.5,-0.1884,10.4513,6.2471,0.3889,2.25
2026-07-19 00:46:22,18.17,300.0,106.65,8.9,20.29,33.7,31.4,3.08,89.25,SUBJ_002,68.0,10.0,54.74,0.8142,97.4,880.62,-0.4019,2.425,-0.2,9.9133,5.9266,0.3511,2.2125
2026-07-19 00:51:33,17.96,436.4,107.74,21.2,17.5,40.31,33.91,9.2,90.0,SUBJ_002,68.0,10.0,53.69,0.7941,97.5,914.65,-0.2673,2.5,0.0728,11.1705,6.6807,0.3547,2.25
2026-07-19 01:00:59,17.44,337.2,98.62,14.2,16.88,28.42,22.12,9.64,90.0,SUBJ_002,67.5,21.57,53.63,0.8375,97.5,885.83,-0.223,2.5,-0.1256,5.2572,3.1346,0.3247,2.25
2026-07-19 01:07:33,17.83,352.6,109.45,13.3,20.53,35.61,33.44,9.38,90.0,SUBJ_002,67.5,10.0,54.3,0.8158,97.5,851.39,-0.3653,2.5,-0.0948,10.9389,6.5414,0.3603,2.25
2026-07-19 01:10:13,17.66,430.7,98.26,10.2,16.91,31.95,29.88,0.8,87.69,SUBJ_002,67.1,10.51,54.01,0.8249,97.5,887.51,-0.2169,2.269,0.0614,9.1365,5.4623,0.3235,2.1345
2026-07-19 01:17:25,17.63,300.0,114.41,17.2,17.17,34.26,32.12,3.89,89.15,SUBJ_002,67.4,10.0,54.7,0.8251,97.5,887.97,-0.4122,2.415,-0.2,10.2888,6.1504,0.3767,2.2075
2026-07-19 01:20:27,18.19,300.0,97.35,6.4,17.19,31.77,33.58,3.34,90.0,SUBJ_002,67.4,10.0,54.93,0.8208,97.5,892.79,-0.4331,2.5,-0.2,10.9847,6.5713,0.3205,2.25
2026-07-19 01:27:23,17.33,403.8,104.46,9.6,19.09,29.08,32.24,10.61,90.0,SUBJ_002,67.3,10.0,53.87,0.8268,97.5,882.12,-0.2842,2.5,0.0076,10.3289,6.1765,0.3439,2.25
2026-07-19 01:32:49,17.27,364.2,103.84,10.8,18.57,25.15,32.88,3.73,90.0,SUBJ_002,67.2,10.0,54.25,0.8067,97.5,885.2,-0.3428,2.5,-0.0716,10.6477,6.3678,0.3419,2.25
2026-07-19 01:41:11,17.95,355.5,118.89,15.5,19.84,36.88,36.88,0.0,90.0,SUBJ_002,67.5,10.0,54.41,0.7929,97.5,899.25,-0.4108,2.5,-0.089,12.6778,7.5829,0.3914,2.25
2026-07-19 01:45:16,17.73,300.0,112.14,12.2,18.11,26.36,33.33,5.01,89.72,SUBJ_002,67.4,10.0,54.72,0.7916,97.4,852.75,-0.4295,2.472,-0.2,10.8893,6.5111,0.3692,2.236
2026-07-19 01:50:03,18.02,300.0,97.14,13.8,15.48,39.31,25.57,6.46,90.0,SUBJ_002,67.2,17.24,54.25,0.852,97.4,904.39,-0.3187,2.5,-0.2,6.9793,4.1681,0.3198,2.25
2026-07-19 01:58:07,18.0,300.0,112.05,8.0,21.07,36.93,39.98,1.9,89.79,SUBJ_002,67.4,10.0,55.28,0.825,97.4,872.67,-0.5244,2.479,-0.2,14.2141,8.506,0.3689,2.2395
2026-07-19 02:02:04,18.05,315.2,94.63,6.9,17.32,34.32,25.01,0.0,90.0,SUBJ_002,67.2,17.91,54.12,0.8871,97.4,873.73,-0.2917,2.5,-0.1696,6.6943,3.9976,0.3115,2.25
2026-07-19 02:11:13,18.06,330.2,100.65,2.4,17.15,34.86,26.56,8.04,89.18,SUBJ_002,67.2,15.7,54.2,0.9029,97.4,904.07,-0.2951,2.418,-0.1396,7.4813,4.4686,0.3314,2.209
2026-07-19 02:17:35,19.18,319.6,106.97,21.1,15.69,43.68,29.3,1.75,90.0,SUBJ_002,66.8,11.61,54.25,0.8937,97.4,918.21,-0.3475,2.5,-0.1608,8.8639,5.297,0.3522,2.25
2026-07-19 02:23:06,18.5,420.4,80.06,13.7,15.53,28.49,25.82,3.55,88.88,SUBJ_002,66.9,16.34,53.81,0.931,97.4,909.02,-0.1718,2.388,0.0408,7.0701,4.2261,0.2636,2.194
2026-07-19 02:25:41,17.95,360.2,88.84,17.1,13.98,23.42,28.14,0.53,90.0,SUBJ_002,66.8,13.22,54.12,0.9604,97.4,892.78,-0.2801,2.5,-0.0796,8.2477,4.9308,0.2925,2.25
2026-07-19 02:31:02,18.07,340.0,72.81,13.1,14.56,23.9,23.0,1.62,89.07,SUBJ_002,66.5,21.25,54.29,0.9692,97.4,894.17,-0.232,2.407,-0.12,5.6456,3.3728,0.2397,2.2035
2026-07-19 02:39:23,18.56,344.1,95.49,13.6,17.83,26.75,32.83,1.18,89.68,SUBJ_002,66.6,10.0,54.61,0.9576,97.4,902.21,-0.3672,2.468,-0.1118,10.606,6.3445,0.3144,2.234
2026-07-19 02:46:02,18.67,308.8,97.09,12.3,16.31,27.68,29.74,3.2,86.93,SUBJ_002,66.6,12.29,55.15,0.9419,97.4,885.46,-0.3672,2.193,-0.1824,9.0642,5.4191,0.3196,2.0965
2026-07-19 02:49:55,18.68,405.9,96.63,20.3,17.97,41.3,37.42,10.19,88.3,SUBJ_002,66.7,10.0,54.76,0.8748,97.4,888.82,-0.3555,2.33,0.0118,12.9033,7.7226,0.3181,2.165
2026-07-19 02:52:30,18.97,300.0,100.75,11.0,17.07,30.9,31.7,3.61,87.8,SUBJ_002,67.0,10.0,55.16,0.8463,97.4,874.57,-0.4062,2.28,-0.2,10.0515,6.0107,0.3317,2.14
2026-07-19 02:56:15,19.2,675.9,96.61,23.0,19.93,34.69,35.7,4.0,89.86,SUBJ_002,67.3,10.0,52.13,0.8074,97.4,886.4,0.0066,2.486,0.5518,12.0432,7.2066,0.3181,2.243
2026-07-19 02:58:54,18.67,308.8,96.93,8.0,20.31,36.96,35.44,0.38,90.0,SUBJ_002,67.2,10.0,55.03,0.8019,97.4,910.66,-0.4486,2.5,-0.1824,11.9139,7.1289,0.3191,2.25
2026-07-19 03:08:30,18.94,351.7,83.38,11.5,16.31,27.9,28.9,0.66,90.0,SUBJ_002,66.9,12.4,54.35,0.8388,97.4,884.13,-0.3016,2.5,-0.0966,8.6168,5.1534,0.2745,2.25
2026-07-19 03:11:25,19.14,349.1,76.26,16.7,13.67,30.05,28.14,0.36,89.68,SUBJ_002,66.6,13.75,54.48,0.8451,97.4,904.76,-0.294,2.468,-0.1018,8.2225,4.9183,0.2511,2.234
2026-07-19 03:14:42,18.44,384.5,91.1,11.0,17.05,31.42,26.61,2.29,89.51,SUBJ_002,66.6,15.17,53.86,0.8886,97.5,897.69,-0.2279,2.451,-0.031,7.4872,4.4741,0.2999,2.2255
2026-07-19 03:23:40,18.91,348.0,103.81,9.3,18.81,39.94,33.99,2.35,90.0,SUBJ_002,67.0,10.0,54.48,0.8348,97.5,922.76,-0.3789,2.5,-0.104,11.2026,6.7008,0.3418,2.25
2026-07-19 03:31:29,19.16,384.9,85.52,11.3,13.21,29.5,27.97,1.07,90.0,SUBJ_002,66.8,13.27,53.96,0.8981,97.5,917.62,-0.2468,2.5,-0.0302,8.156,4.8765,0.2815,2.25
2026-07-19 03:37:48,18.98,344.8,86.41,14.9,16.13,33.81,28.7,4.37,90.0,SUBJ_002,66.9,12.68,54.33,0.9052,97.6,896.1,-0.3074,2.5,-0.1104,8.5228,5.0964,0.2845,2.25
2026-07-19 03:46:36,20.3,394.6,91.33,25.0,13.8,28.87,30.11,1.45,90.0,SUBJ_002,67.1,10.06,53.97,0.8967,97.6,887.75,-0.2653,2.5,-0.0108,9.2377,5.5243,0.3007,2.25
2026-07-19 03:52:50,20.14,371.8,86.47,23.0,14.9,32.62,29.66,1.18,90.0,SUBJ_002,67.2,11.05,54.2,0.9197,97.6,895.58,-0.2873,2.5,-0.0564,9.0029,5.3845,0.2847,2.25
2026-07-19 03:56:38,20.43,405.8,56.7,14.7,13.65,21.99,33.81,2.26,90.0,SUBJ_002,67.3,10.0,54.77,0.8679,97.6,908.81,-0.3041,2.5,0.0116,11.0184,6.5997,0.1867,2.25
2026-07-19 04:02:04,19.58,366.7,87.82,14.0,14.4,35.02,22.27,0.42,90.0,SUBJ_002,67.0,21.31,53.58,0.9296,97.6,911.77,-0.1882,2.5,-0.0666,5.3106,3.1688,0.2891,2.25
2026-07-19 04:05:08,20.07,467.0,80.85,13.2,19.22,38.46,40.77,0.23,90.0,SUBJ_002,67.3,10.0,54.48,0.8648,97.5,899.27,-0.3269,2.5,0.134,14.5467,8.7119,0.2662,2.25
2026-07-19 04:09:48,19.11,406.5,88.18,14.1,13.59,33.24,25.53,6.88,89.45,SUBJ_002,67.1,16.52,53.65,0.9136,97.5,898.26,-0.185,2.445,0.013,6.9414,4.1472,0.2903,2.2225
2026-07-19 04:12:37,19.64,468.9,83.17,16.9,17.09,31.65,27.73,1.93,90.0,SUBJ_002,67.0,12.75,53.31,0.9173,97.5,891.74,-0.1384,2.5,0.1378,8.0313,4.8022,0.2738,2.25
2026-07-19 04:19:16,19.32,473.6,79.21,13.7,15.11,28.71,24.97,1.82,86.56,SUBJ_002,66.8,17.66,53.78,0.9263,97.5,920.81,-0.0931,2.156,0.1472,6.6434,3.9702,0.2608,2.078
2026-07-19 04:26:32,19.75,450.8,68.91,9.1,10.46,27.31,25.27,4.71,85.68,SUBJ_002,66.8,18.01,54.34,0.9066,97.5,884.13,-0.1259,2.068,0.1016,6.7728,4.0499,0.2269,2.034
2026-07-19 04:33:30,19.97,387.6,69.99,14.8,11.91,33.75,26.03,3.15,82.71,SUBJ_002,66.7,18.52,55.49,0.8862,97.5,901.34,-0.2158,1.771,-0.0248,7.155,4.279,0.2304,1.8855
2026-07-19 04:40:38,19.97,533.7,79.49,13.7,17.09,38.73,28.61,10.16,83.9,SUBJ_002,66.6,12.76,54.14,0.8946,97.5,895.86,-0.07,1.89,0.2674,8.464,5.0625,0.2617,1.945
2026-07-19 04:49:51,20.92,446.9,72.81,19.9,15.79,27.73,37.49,2.49,85.43,SUBJ_002,67.2,10.0,55.4,0.8838,97.5,865.85,-0.3052,2.043,0.0938,12.8906,7.7198,0.2397,2.0215
2026-07-19 04:54:39,20.61,428.0,63.79,24.0,18.56,42.99,29.6,2.9,84.37,SUBJ_002,67.5,12.78,55.24,0.8584,97.4,890.01,-0.2162,1.937,0.056,8.9276,5.3438,0.21,1.9685
2026-07-19 05:02:43,20.34,567.8,68.27,14.4,13.77,25.87,25.91,1.67,83.84,SUBJ_002,67.2,16.42,53.83,0.8383,97.5,880.96,0.0112,1.884,0.3356,7.0915,4.2413,0.2248,1.942
2026-07-19 05:08:43,20.92,474.5,69.89,20.6,11.58,28.28,25.53,1.0,82.16,SUBJ_002,66.5,18.43,54.86,0.8301,97.4,896.55,-0.1,1.716,0.149,6.9048,4.1289,0.2301,1.858
2026-07-19 05:16:23,21.03,535.2,69.8,17.9,14.1,32.28,27.63,4.35,82.18,SUBJ_002,66.5,14.86,54.55,0.8249,97.5,917.27,-0.0541,1.718,0.2704,7.9546,4.7588,0.2298,1.859
2026-07-19 05:25:07,20.43,424.9,46.41,16.6,9.7,35.9,18.74,0.7,81.51,SUBJ_002,66.3,29.16,55.19,0.8721,97.5,912.48,-0.0651,1.651,0.0498,3.4628,2.0684,0.1528,1.8255
2026-07-19 05:33:16,21.27,557.6,53.6,16.0,9.31,31.92,23.09,1.23,78.74,SUBJ_002,66.0,22.35,54.93,0.8837,97.6,910.49,0.0387,1.374,0.3152,5.6522,3.3806,0.1765,1.687
2026-07-19 05:39:42,21.09,493.7,51.37,22.8,10.39,32.74,22.64,1.59,77.0,SUBJ_002,66.3,24.25,55.79,0.8593,97.6,871.04,-0.0348,1.2,0.1874,5.4227,3.2434,0.1691,1.6
2026-07-19 05:44:12,20.79,511.4,67.38,14.3,13.08,32.73,24.49,7.78,76.39,SUBJ_002,66.5,21.28,55.67,0.8571,97.6,892.1,-0.039,1.139,0.2228,6.3798,3.8144,0.2218,1.5695
2026-07-19 05:52:27,20.94,670.6,44.71,14.6,10.22,31.11,21.99,1.89,75.67,SUBJ_002,66.4,23.79,54.69,0.8685,97.6,899.78,0.1956,1.067,0.5412,5.0844,3.0417,0.1472,1.5335
2026-07-19 06:01:05,21.66,455.7,31.61,17.0,7.48,23.1,20.98,4.13,74.79,SUBJ_002,66.6,28.12,56.72,0.8595,97.6,883.35,-0.0586,0.979,0.1114,4.5532,2.7256,0.1041,1.4895
2026-07-19 06:03:43,21.28,489.9,25.74,30.5,8.64,23.96,24.52,0.86,72.09,SUBJ_002,66.3,23.81,57.39,0.8264,97.6,901.41,-0.0663,0.709,0.1798,6.3115,3.7817,0.0847,1.3545
2026-07-19 06:09:16,21.34,528.5,37.72,11.8,5.86,19.49,16.23,7.79,71.12,SUBJ_002,65.9,34.87,56.36,0.8482,97.6,899.55,0.1002,0.612,0.257,2.1904,1.3067,0.1242,1.306
2026-07-19 06:13:17,21.57,602.1,33.04,12.7,7.74,25.04,14.63,3.33,69.48,SUBJ_002,65.4,36.9,56.04,0.8812,97.6,936.55,0.2151,0.448,0.4042,1.3811,0.822,0.1088,1.224
2026-07-19 06:21:24,21.7,570.5,39.33,22.9,7.03,22.5,23.61,7.8,67.55,SUBJ_002,65.6,25.23,57.35,0.8566,97.5,921.43,0.0474,0.255,0.341,5.8837,3.5223,0.1295,1.1275
2026-07-19 06:25:18,21.36,527.8,34.48,16.9,7.59,23.05,14.99,0.0,66.74,SUBJ_002,65.2,38.0,57.19,0.8511,97.5,930.22,0.1171,0.174,0.2556,1.564,0.9315,0.1135,1.087
2026-07-19 06:32:53,22.03,554.8,33.11,18.4,10.0,36.12,24.67,6.93,66.25,SUBJ_002,65.3,24.13,57.67,0.8081,97.5,933.07,0.0429,0.161,0.3096,6.4012,3.8341,0.109,1.0715
2026-07-19 06:42:53,23.06,599.2,41.63,9.7,9.87,36.7,16.99,1.74,66.62,SUBJ_002,65.6,21.93,47.73,0.8849,97.6,898.78,1.2485,1.434,0.3984,2.5783,1.5386,0.1371,1.399
2026-07-19 06:45:47,21.67,508.8,29.49,20.1,8.38,26.49,20.93,0.0,68.3,SUBJ_002,65.5,29.63,57.63,0.8818,97.6,913.14,0.0085,0.33,0.2176,4.524,2.7085,0.0971,1.165
2026-07-19 06:54:21,21.94,573.1,52.23,7.4,7.89,20.05,15.51,4.83,63.0,SUBJ_002,65.6,36.88,56.93,0.8817,97.6,931.77,0.1663,0.0,0.3462,1.8595,1.1052,0.1719,0.9
2026-07-19 07:01:27,21.55,539.5,58.59,16.3,11.73,29.66,20.01,1.75,59.92,SUBJ_002,65.5,30.86,57.48,0.8599,97.6,913.14,0.06,0.0,0.279,4.1222,2.4616,0.1929,0.746
2026-07-19 07:10:12,22.44,612.3,46.02,14.1,12.01,35.22,21.75,3.46,58.32,SUBJ_002,65.8,22.83,53.53,0.8629,97.7,921.91,0.5706,0.528,0.4246,4.967,2.971,0.1515,0.798
2026-07-19 07:15:08,22.43,577.7,48.79,8.1,12.87,27.57,29.34,1.51,55.34,SUBJ_002,66.1,12.75,54.5,0.8113,97.7,917.36,0.4089,0.516,0.3554,8.7676,5.2508,0.1606,0.646
2026-07-19 07:21:40,21.9,591.3,45.03,4.5,8.9,31.53,19.93,0.12,53.74,SUBJ_002,66.2,30.76,57.28,0.7907,97.7,911.76,0.1259,0.0,0.3826,4.0551,2.424,0.1482,0.437
2026-07-19 07:31:17,22.37,609.7,53.68,12.6,10.62,36.69,21.96,0.47,52.26,SUBJ_002,66.1,23.21,54.03,0.803,97.6,920.22,0.4937,0.444,0.4194,5.0874,3.0417,0.1767,0.474
2026-07-19 07:40:34,21.82,736.4,60.42,12.1,14.49,31.12,28.3,0.14,51.75,SUBJ_002,66.7,17.2,56.58,0.7241,97.5,899.96,0.1878,0.0,0.6728,8.2708,4.9504,0.1989,0.3375
2026-07-19 07:47:08,22.83,685.5,57.23,6.3,10.01,23.41,27.72,4.24,46.8,SUBJ_002,67.3,10.0,49.97,0.6969,97.6,898.85,0.9709,0.996,0.571,7.9745,4.7732,0.1884,0.339
2026-07-19 07:56:07,23.06,640.0,64.05,13.5,11.8,26.83,24.53,0.02,45.48,SUBJ_002,67.6,11.02,48.0,0.7039,97.6,895.7,1.1918,1.272,0.48,6.3931,3.8231,0.2109,0.342
2026-07-19 08:03:45,22.75,754.5,72.66,16.2,13.14,31.22,29.81,0.12,42.21,SUBJ_002,68.0,10.0,50.01,0.6855,97.6,885.77,0.9465,0.9,0.709,9.0503,5.4157,0.2392,0.3645
2026-07-19 08:11:18,23.22,729.9,72.05,14.0,11.92,27.45,17.75,10.25,41.61,SUBJ_002,67.9,17.36,45.21,0.7284,97.6,865.98,1.5626,1.464,0.6598,3.0191,1.797,0.2372,0.5355
2026-07-19 08:20:51,22.55,708.2,78.44,6.4,17.5,32.76,26.26,2.04,40.47,SUBJ_002,68.0,13.47,51.68,0.7461,97.6,897.28,0.7372,0.66,0.6164,7.2869,4.3564,0.2582,0.3915
2026-07-19 08:27:52,22.05,821.4,77.49,10.6,14.87,23.53,27.89,0.34,38.47,SUBJ_002,68.2,15.84,55.15,0.7231,97.6,862.41,0.3504,0.06,0.8428,8.1,4.8445,0.2551,0.3415
2026-07-19 08:36:06,22.59,655.4,67.86,16.7,12.67,25.22,23.19,1.62,36.05,SUBJ_002,68.2,18.09,51.68,0.7665,97.6,895.79,0.7555,0.708,0.5108,5.7307,3.4249,0.2234,0.6245
2026-07-19 08:41:10,23.57,761.5,82.03,11.2,11.74,31.38,22.05,0.12,34.91,SUBJ_002,68.3,10.0,42.2,0.7898,97.6,886.0,1.8943,1.884,0.723,5.1891,3.097,0.2701,0.9755
2026-07-19 08:43:36,23.28,710.2,73.04,12.9,11.26,26.41,27.38,1.76,35.7,SUBJ_002,69.1,10.0,45.67,0.778,97.5,866.32,1.4611,1.536,0.6204,7.8361,4.687,0.2405,0.849
2026-07-19 08:47:53,23.68,734.4,72.44,20.7,12.18,30.63,28.65,0.44,33.13,SUBJ_002,69.4,10.0,42.21,0.7482,97.5,850.24,1.8773,2.016,0.6688,8.4699,5.0674,0.2385,1.0975
2026-07-19 08:53:02,23.5,867.1,67.89,18.7,8.71,25.74,23.45,7.7,31.71,SUBJ_002,69.6,10.0,42.29,0.7776,97.5,855.25,1.9356,1.8,0.9342,5.8608,3.5029,0.2235,1.1145
2026-07-19 08:56:15,23.69,967.9,61.47,18.7,11.53,28.56,25.63,7.96,29.27,SUBJ_002,69.6,10.0,40.17,0.7928,97.6,837.36,2.2224,2.028,1.1358,6.9379,4.1505,0.2024,1.2935
2026-07-19 08:59:48,23.84,705.6,76.96,21.1,14.14,40.44,27.53,0.7,30.51,SUBJ_002,69.8,10.0,40.92,0.7912,97.5,879.36,2.0189,2.208,0.6112,7.9189,4.736,0.2534,1.2765
2026-07-19 09:06:38,23.53,785.5,76.14,12.6,11.64,34.57,24.92,1.38,30.88,SUBJ_002,69.7,10.0,42.69,0.821,97.5,862.74,1.8429,1.836,0.771,6.6123,3.9521,0.2507,1.165
2026-07-19 09:12:19,23.61,716.8,73.27,12.5,14.13,33.45,25.87,3.1,27.7,SUBJ_002,69.7,10.0,42.69,0.7943,97.5,874.46,1.8243,1.932,0.6336,7.0815,4.2343,0.2412,1.348
2026-07-19 09:19:26,23.85,735.8,80.15,15.0,18.8,41.31,37.4,7.94,28.69,SUBJ_002,70.3,10.0,41.38,0.7551,97.5,851.91,1.9259,2.22,0.6716,12.8603,7.7001,0.2639,1.3705
2026-07-19 09:28:51,22.41,733.0,82.72,8.7,16.31,33.96,27.51,1.41,25.94,SUBJ_002,70.5,12.96,52.7,0.7425,97.5,848.48,0.609,0.492,0.666,7.9204,4.7357,0.2723,1.076
2026-07-19 09:37:47,23.75,796.5,81.49,12.9,16.75,36.25,31.72,4.67,24.58,SUBJ_002,70.8,10.0,41.23,0.694,97.5,826.6,1.9818,2.1,0.793,10.023,5.9975,0.2683,1.546
2026-07-19 09:45:20,24.26,760.1,87.48,6.9,16.71,32.3,32.75,6.79,22.3,SUBJ_002,71.0,10.0,37.2,0.722,97.5,837.7,2.4367,2.712,0.7202,10.55,6.3125,0.288,1.813
2026-07-19 09:49:35,24.37,830.4,75.62,20.8,15.11,34.55,30.36,1.29,20.48,SUBJ_002,71.5,10.0,35.69,0.7045,97.5,827.6,2.6699,2.844,0.8608,9.3312,5.5836,0.249,1.937
2026-07-19 09:57:50,23.29,773.5,105.54,13.4,21.82,34.97,36.52,3.81,21.05,SUBJ_002,71.4,10.0,45.32,0.6635,97.4,819.01,1.4199,1.548,0.747,12.4711,7.4615,0.3475,1.5845
2026-07-19 10:03:01,24.23,899.4,85.04,16.4,18.15,41.23,35.21,2.79,20.65,SUBJ_002,71.6,10.0,36.58,0.6688,97.4,851.22,2.5455,2.676,0.9988,11.7751,7.048,0.28,1.8865
2026-07-19 10:10:51,24.18,782.7,90.58,16.3,15.9,26.53,29.11,1.92,20.0,SUBJ_002,71.6,10.0,37.33,0.7034,97.3,846.8,2.4362,2.616,0.7654,8.7362,5.2236,0.2982,1.904
2026-07-19 10:17:55,24.02,773.1,87.81,12.0,14.56,34.82,22.78,1.52,20.0,SUBJ_002,71.5,10.0,38.27,0.7673,97.3,840.09,2.3529,2.424,0.7462,5.5656,3.3218,0.2891,1.856
2026-07-19 10:26:01,24.95,859.5,79.46,13.7,10.86,29.8,25.77,2.46,20.0,SUBJ_002,71.6,10.0,30.1,0.7799,97.4,844.07,3.3576,3.54,0.919,7.0439,4.2105,0.2616,2.135
2026-07-19 10:28:19,23.4,1163.8,102.44,13.1,15.45,31.61,34.17,2.77,20.0,SUBJ_002,72.4,10.0,41.1,0.7374,97.4,799.53,2.0524,1.68,1.5276,11.2899,6.7534,0.3372,1.67
2026-07-19 10:37:22,23.65,873.6,99.37,5.5,12.61,27.51,27.33,6.29,20.0,SUBJ_002,72.1,10.0,40.79,0.7372,97.5,823.76,2.0398,1.98,0.9472,7.8637,4.6984,0.3271,1.745
2026-07-19 10:39:24,23.6,855.5,97.46,10.2,18.81,29.16,34.21,0.59,20.0,SUBJ_002,72.5,10.0,41.98,0.6789,97.5,829.45,1.8685,1.92,0.911,11.2999,6.7605,0.3209,1.73
2026-07-19 10:44:42,23.81,814.9,91.18,14.2,14.46,29.49,22.39,3.6,20.0,SUBJ_002,72.2,10.0,39.62,0.7461,97.4,835.56,2.1986,2.172,0.8298,5.3774,3.2082,0.3002,1.793
2026-07-19 10:52:24,24.67,844.1,89.15,14.3,18.64,32.12,35.89,5.16,20.0,SUBJ_002,72.8,10.0,33.3,0.7486,97.4,831.15,2.9111,3.204,0.8882,12.1233,7.2561,0.2935,2.051
2026-07-19 11:00:19,24.47,795.4,97.8,8.2,17.8,36.99,34.78,0.0,20.0,SUBJ_002,73.1,10.0,35.14,0.7321,97.4,804.62,2.664,2.964,0.7908,11.5856,6.9318,0.322,1.991
2026-07-19 11:08:50,24.12,1007.2,88.65,16.2,15.63,38.14,32.36,3.0,20.0,SUBJ_002,73.1,10.0,36.34,0.6945,97.5,810.1,2.6098,2.544,1.2144,10.3573,6.1966,0.2919,1.886
2026-07-19 11:12:12,24.78,929.0,97.28,21.8,18.48,35.67,32.47,3.01,20.39,SUBJ_002,73.7,10.0,31.26,0.721,97.4,829.02,3.1771,3.336,1.058,10.4296,6.2383,0.3203,2.0645
2026-07-19 11:16:52,23.95,870.9,101.25,13.0,15.86,33.23,24.47,2.71,20.0,SUBJ_002,73.1,10.0,37.99,0.7339,97.4,817.27,2.3803,2.34,0.9418,6.4375,3.8422,0.3333,1.835
2026-07-19 11:26:01,23.73,895.4,84.51,8.0,18.0,25.14,21.97,1.03,20.42,SUBJ_002,72.5,10.0,39.72,0.762,97.5,839.4,2.2244,2.076,0.9908,5.154,3.0755,0.2782,1.748
2026-07-19 11:28:34,24.45,844.6,96.25,15.1,19.36,38.27,34.28,10.72,20.0,SUBJ_002,73.1,10.0,34.9,0.7588,97.4,844.14,2.7125,2.94,0.8892,11.3325,6.7803,0.3169,1.985
2026-07-19 11:33:57,24.18,909.0,94.64,15.5,15.78,36.45,25.61,1.64,20.0,SUBJ_002,73.1,10.0,35.95,0.7726,97.5,805.18,2.644,2.616,1.018,6.9943,4.1776,0.3116,1.904
2026-07-19 11:39:36,23.81,788.8,84.95,12.7,18.62,42.56,34.87,0.33,20.0,SUBJ_002,73.4,10.0,41.0,0.7753,97.5,809.26,1.9878,2.172,0.7776,11.6049,6.9459,0.2797,1.793
2026-07-19 11:47:22,24.08,846.5,106.67,19.5,18.28,37.84,30.62,7.17,20.0,SUBJ_002,73.2,10.0,37.53,0.7695,97.4,813.63,2.3933,2.496,0.893,9.5233,5.6927,0.3512,1.874
2026-07-19 11:55:55,24.73,861.5,101.5,18.4,19.49,38.41,33.22,0.47,20.0,SUBJ_002,73.6,10.0,32.22,0.7919,97.4,823.49,3.0315,3.276,0.923,10.813,6.4675,0.3342,2.069
2026-07-19 12:03:14,23.89,960.0,87.39,18.6,14.91,23.44,27.67,2.51,20.24,SUBJ_002,73.2,10.0,38.29,0.8038,97.4,806.43,2.3854,2.268,1.12,8.0098,4.7884,0.2877,1.805
2026-07-19 12:06:08,24.66,963.3,90.95,20.9,11.61,29.59,23.75,4.47,20.0,SUBJ_002,72.6,10.0,31.35,0.8755,97.4,813.45,3.2233,3.192,1.1266,6.0569,3.6159,0.2994,2.048
2026-07-19 12:14:35,23.52,844.1,79.99,10.6,17.64,33.03,30.15,2.78,20.08,SUBJ_002,72.4,10.0,42.68,0.8362,97.4,819.69,1.8314,1.824,0.8882,9.235,5.525,0.2633,1.702
2026-07-19 12:18:23,23.89,805.0,98.83,13.0,18.49,27.9,28.91,1.73,20.0,SUBJ_002,72.0,10.0,39.45,0.8254,97.4,852.4,2.174,2.268,0.81,8.6527,5.1718,0.3254,1.817
2026-07-19 12:26:08,24.13,806.0,89.6,5.0,18.95,34.26,29.12,5.65,20.0,SUBJ_002,72.1,10.0,37.58,0.8061,97.4,821.67,2.4146,2.556,0.812,8.7392,5.2256,0.295,1.889
2026-07-19 12:31:48,24.47,831.5,77.81,22.2,13.65,29.44,24.17,3.48,20.0,SUBJ_002,72.1,10.0,34.27,0.8361,97.4,813.38,2.8606,2.964,0.863,6.2406,3.7288,0.2562,1.991
2026-07-19 12:34:18,23.58,792.9,88.9,13.3,13.56,31.22,29.96,2.65,20.0,SUBJ_002,72.1,10.0,42.43,0.7972,97.4,833.03,1.8307,1.896,0.7858,9.1578,5.4769,0.2927,1.724
2026-07-19 12:38:25,24.6,872.1,97.81,27.3,18.39,34.84,35.85,0.82,20.04,SUBJ_002,72.4,10.0,33.52,0.7771,97.4,826.6,2.8759,3.12,0.9442,12.1206,7.2528,0.322,2.028
2026-07-19 12:42:59,24.14,873.1,99.24,15.5,15.49,24.49,29.78,1.01,20.0,SUBJ_002,72.9,10.0,36.86,0.7916,97.4,827.13,2.4992,2.568,0.9462,9.0885,5.4332,0.3267,1.892
2026-07-19 12:47:45,24.23,794.8,95.41,12.0,17.13,42.76,26.39,0.64,20.0,SUBJ_002,72.5,10.0,36.5,0.8392,97.5,824.76,2.5406,2.676,0.7896,7.3858,4.4124,0.3141,1.919
2026-07-19 12:55:34,24.45,1197.9,93.05,20.4,16.21,39.49,34.09,3.15,20.0,SUBJ_002,73.4,10.0,32.09,0.8161,97.5,803.28,3.1568,2.94,1.5958,11.2311,6.7201,0.3063,1.985
2026-07-19 13:00:37,23.92,999.9,95.47,12.1,17.57,35.58,32.69,0.49,20.0,SUBJ_002,73.7,10.0,38.01,0.7965,97.5,803.79,2.3939,2.304,1.1998,10.5359,6.3025,0.3143,1.826
2026-07-19 13:10:36,24.43,816.3,93.33,22.4,13.59,33.66,28.89,0.79,20.0,SUBJ_002,73.2,10.0,34.88,0.8073,97.5,806.61,2.7338,2.916,0.8326,8.6317,5.1603,0.3073,1.979
2026-07-19 13:13:10,25.09,844.9,83.1,12.8,16.29,34.92,35.65,0.82,20.0,SUBJ_002,73.6,10.0,29.82,0.7754,97.5,820.8,3.3397,3.708,0.8898,11.9912,7.1781,0.2736,2.177
2026-07-19 13:20:52,24.12,782.6,98.81,8.3,17.7,33.63,27.35,1.45,20.0,SUBJ_002,73.0,10.0,37.55,0.7755,97.4,827.09,2.4005,2.544,0.7652,7.8726,4.7038,0.3253,1.886
2026-07-19 13:25:47,23.4,808.7,98.72,10.4,18.3,33.03,27.06,0.16,20.0,SUBJ_002,72.7,10.0,43.41,0.7774,97.5,835.97,1.71,1.68,0.8174,7.7274,4.6167,0.325,1.67
2026-07-19 13:31:00,23.93,940.0,104.31,13.6,17.44,30.22,30.6,0.19,20.0,SUBJ_002,72.5,10.0,38.08,0.7664,97.5,831.05,2.359,2.316,1.08,9.5086,5.6843,0.3434,1.829
2026-07-19 13:38:41,24.32,810.5,82.42,20.7,18.23,41.96,33.44,0.87,20.0,SUBJ_002,73.1,10.0,36.43,0.7589,97.5,826.64,2.5505,2.784,0.821,10.8848,6.5144,0.2713,1.946
2026-07-19 13:46:16,23.84,746.8,79.96,12.0,16.05,33.53,26.77,3.25,20.0,SUBJ_002,73.0,10.0,40.47,0.77,97.5,841.13,2.0812,2.208,0.6936,7.5449,4.511,0.2632,1.802
2026-07-19 13:50:43,23.79,728.8,97.97,15.7,16.97,30.62,30.21,0.44,20.0,SUBJ_002,72.6,10.0,41.04,0.7745,97.5,832.66,1.9591,2.148,0.6576,9.3009,5.561,0.3225,1.787
2026-07-19 13:53:01,23.83,796.0,89.22,6.9,18.94,36.06,32.44,0.0,20.0,SUBJ_002,72.6,10.0,40.49,0.7494,97.5,825.46,2.0517,2.196,0.792,10.3984,6.2212,0.2937,1.799
2026-07-19 13:59:47,23.88,865.4,99.97,11.6,15.71,23.01,25.36,1.31,20.43,SUBJ_002,72.4,10.0,38.73,0.7585,97.4,820.48,2.29,2.256,0.9308,6.8799,4.108,0.3291,1.7925
2026-07-19 14:08:58,23.27,894.5,79.01,15.5,13.63,21.33,27.11,3.53,20.83,SUBJ_002,72.2,10.0,44.15,0.7539,97.4,795.35,1.6853,1.524,0.989,7.713,4.612,0.2601,1.5895
2026-07-19 14:14:48,23.23,887.6,60.29,9.6,12.54,27.32,23.26,3.28,20.0,SUBJ_002,72.1,10.0,44.52,0.7853,97.4,822.85,1.6912,1.476,0.9752,5.7506,3.4383,0.1985,1.619
2026-07-19 14:22:24,23.46,803.6,72.32,12.6,11.31,27.97,23.17,3.53,20.0,SUBJ_002,71.8,10.0,43.05,0.8045,97.5,833.9,1.8198,1.752,0.8072,5.7296,3.4233,0.2381,1.688
2026-07-19 14:25:29,23.51,846.4,91.1,18.5,16.89,23.07,30.25,2.56,20.0,SUBJ_002,71.8,10.0,42.58,0.7561,97.5,821.82,1.8227,1.812,0.8928,9.3072,5.5661,0.2999,1.703
2026-07-19 14:32:51,23.03,754.6,92.15,7.0,12.15,22.75,24.93,0.69,20.94,SUBJ_002,71.7,10.0,46.9,0.742,97.5,819.84,1.2991,1.236,0.7092,6.6493,3.9711,0.3034,1.512
2026-07-19 14:41:36,23.66,877.7,81.74,16.3,17.49,31.48,31.64,0.09,20.0,SUBJ_002,72.0,10.0,41.33,0.7291,97.5,835.34,1.9935,1.992,0.9554,9.9835,5.9737,0.2691,1.748
2026-07-19 14:48:08,22.51,697.9,90.17,13.3,16.76,37.43,28.68,3.78,20.0,SUBJ_002,71.6,10.35,52.11,0.7293,97.6,854.63,0.6494,0.612,0.5958,8.5203,5.0942,0.2969,1.403
2026-07-19 14:52:54,23.18,770.7,73.19,19.5,14.27,30.38,26.84,2.67,20.0,SUBJ_002,71.6,10.0,45.98,0.7293,97.6,840.54,1.4435,1.416,0.7414,7.5664,4.5252,0.241,1.604
2026-07-19 14:59:18,23.76,715.4,72.92,18.9,15.59,34.99,28.44,5.0,20.0,SUBJ_002,71.5,10.0,41.66,0.7334,97.5,832.58,1.9373,2.112,0.6308,8.3658,5.0049,0.2401,1.778
2026-07-19 15:05:59,23.15,682.8,70.18,19.1,10.53,22.58,15.61,1.08,20.0,SUBJ_002,71.0,21.65,46.03,0.775,97.6,845.37,1.4636,1.38,0.5656,1.9454,1.1532,0.231,1.595
2026-07-19 15:08:43,23.69,877.5,87.59,26.7,15.86,36.34,36.41,2.69,20.0,SUBJ_002,71.3,10.0,41.39,0.7362,97.5,838.96,1.9555,2.028,0.955,12.3802,7.4106,0.2884,1.757
2026-07-19 15:12:57,22.97,779.8,88.9,18.1,15.8,31.23,30.4,3.62,20.0,SUBJ_002,71.2,10.0,47.73,0.6903,97.5,839.75,1.1919,1.164,0.7596,9.3778,5.6089,0.2927,1.541
2026-07-19 15:16:32,23.18,757.0,75.08,21.8,13.69,28.52,26.52,0.61,21.28,SUBJ_002,70.9,10.0,46.03,0.7143,97.5,855.17,1.4309,1.416,0.714,7.4102,4.4311,0.2472,1.54
2026-07-19 15:23:12,23.1,717.9,91.74,18.6,16.76,31.83,34.11,1.1,21.34,SUBJ_002,70.8,10.0,47.4,0.6986,97.6,858.21,1.1929,1.32,0.6358,11.2385,6.7247,0.302,1.513
2026-07-19 15:30:48,23.45,696.6,80.79,24.1,15.12,28.58,31.48,6.42,23.53,SUBJ_002,70.8,10.0,44.57,0.6916,97.6,845.92,1.5573,1.74,0.5932,9.9016,5.9248,0.266,1.5085
2026-07-19 15:33:43,23.66,725.6,78.82,24.1,17.61,35.79,34.72,2.1,25.81,SUBJ_002,71.1,10.0,42.87,0.6284,97.6,868.35,1.7594,1.992,0.6512,11.5176,6.8948,0.2595,1.4575
2026-07-19 15:39:53,22.51,663.0,61.69,19.1,12.5,28.37,25.23,4.76,27.93,SUBJ_002,70.9,16.24,52.57,0.6552,97.6,874.19,0.655,0.612,0.526,6.7384,4.0307,0.2031,1.0065
2026-07-19 15:47:32,23.01,731.5,54.96,21.4,9.0,29.58,24.93,3.18,26.12,SUBJ_002,70.3,10.23,47.87,0.677,97.6,839.04,1.25,1.212,0.663,6.5749,3.934,0.1809,1.247
2026-07-19 15:56:23,23.29,784.9,67.3,19.6,12.31,34.86,30.74,1.48,26.1,SUBJ_002,70.6,10.0,45.37,0.6566,97.6,864.7,1.5166,1.548,0.7698,9.5046,5.6893,0.2216,1.332
2026-07-19 16:02:43,23.15,710.2,54.27,13.7,10.69,30.35,21.87,0.02,24.35,SUBJ_002,70.4,13.08,46.61,0.7146,97.6,857.11,1.4085,1.38,0.6204,5.0435,3.0153,0.1787,1.3775
2026-07-19 16:06:35,22.68,690.4,65.65,16.7,11.63,25.92,25.61,3.97,24.9,SUBJ_002,69.9,13.32,50.88,0.7044,97.6,857.67,0.8556,0.816,0.5808,6.9363,4.1486,0.2161,1.209
2026-07-19 16:13:33,22.33,618.2,42.56,21.3,11.64,33.27,22.51,2.29,25.14,SUBJ_002,69.6,23.07,54.53,0.7075,97.6,874.3,0.4561,0.396,0.4364,5.3401,3.1956,0.1401,1.092
2026-07-19 16:15:39,22.35,664.7,60.95,23.7,12.66,30.25,33.22,10.22,24.38,SUBJ_002,69.4,10.0,54.6,0.6658,97.6,845.71,0.3815,0.42,0.5294,10.7319,6.4269,0.2007,1.136
2026-07-19 16:18:32,22.01,739.0,65.18,20.2,15.7,26.89,23.5,2.07,24.93,SUBJ_002,69.0,23.56,55.98,0.6613,97.7,891.97,0.2697,0.012,0.678,5.8804,3.5152,0.2146,1.0065
2026-07-19 16:21:49,22.51,637.1,58.02,17.9,10.14,19.72,21.36,0.74,22.54,SUBJ_002,69.0,21.96,52.51,0.657,97.7,867.51,0.6779,0.612,0.4742,4.796,2.866,0.191,1.276
2026-07-19 16:26:31,22.36,584.6,56.05,26.2,13.87,28.06,25.57,0.93,21.75,SUBJ_002,68.7,18.5,54.59,0.6502,97.7,877.61,0.4007,0.432,0.3692,6.8971,4.127,0.1845,1.2705
2026-07-19 16:33:22,22.59,595.7,55.44,11.2,11.2,29.12,21.68,1.67,23.12,SUBJ_002,68.6,21.1,52.23,0.6939,97.7,867.16,0.7024,0.708,0.3914,4.9509,2.9594,0.1825,1.271
2026-07-19 16:39:06,22.25,657.4,29.23,13.3,9.5,24.94,17.51,0.08,23.62,SUBJ_002,68.1,30.83,54.69,0.7247,97.7,921.26,0.4956,0.3,0.5148,2.8135,1.6822,0.0962,1.144
2026-07-19 16:48:48,22.49,558.5,48.45,20.1,9.89,31.72,25.25,3.3,26.22,SUBJ_002,67.9,17.91,53.8,0.7305,97.7,912.21,0.5039,0.588,0.317,6.7219,4.0234,0.1595,1.086
2026-07-19 16:51:39,21.73,522.4,61.99,13.4,12.39,25.84,23.71,3.8,24.5,SUBJ_002,67.6,25.82,57.88,0.726,97.7,878.52,-0.0142,0.0,0.2448,5.979,3.575,0.2041,1.025
2026-07-19 16:58:52,21.69,573.5,51.85,15.9,10.53,23.14,26.11,6.31,26.2,SUBJ_002,67.1,22.19,57.84,0.7017,97.7,920.19,0.0155,0.0,0.347,7.1587,4.2848,0.1707,0.94
2026-07-19 17:03:56,22.61,571.5,52.08,27.0,9.31,43.37,24.48,1.49,30.6,SUBJ_002,67.4,17.36,52.55,0.7051,97.7,863.06,0.6524,0.732,0.343,6.3442,3.7961,0.1715,0.903
2026-07-19 17:07:43,21.06,549.7,49.44,12.4,9.26,18.62,16.13,0.55,32.08,SUBJ_002,66.6,36.36,57.22,0.7481,97.7,892.99,0.1282,0.0,0.2994,2.1639,1.2884,0.1628,0.646
2026-07-19 17:13:57,21.31,554.3,47.64,24.6,12.19,28.08,22.3,1.64,30.47,SUBJ_002,66.6,27.8,57.74,0.7519,97.7,904.76,0.0458,0.0,0.3086,5.2453,3.1376,0.1568,0.7265
2026-07-19 17:16:09,22.01,487.3,54.14,24.0,9.56,30.33,25.74,1.32,32.24,SUBJ_002,66.2,23.49,58.38,0.7273,97.7,892.64,-0.0769,0.012,0.1746,6.9783,4.1761,0.1782,0.641
2026-07-19 17:20:09,21.43,532.8,39.91,32.2,8.86,23.36,22.15,1.17,32.6,SUBJ_002,65.7,28.44,58.03,0.7226,97.7,903.06,0.0211,0.0,0.2656,5.1548,3.0849,0.1314,0.62
2026-07-19 17:29:10,21.03,502.7,53.03,8.0,11.3,30.58,21.29,0.98,33.13,SUBJ_002,65.5,29.64,57.98,0.7409,97.7,896.33,-0.0042,0.0,0.2054,4.7511,2.84,0.1746,0.5935
2026-07-19 17:34:48,21.12,469.6,48.25,16.4,11.47,27.24,18.67,1.42,36.56,SUBJ_002,64.9,33.76,58.1,0.7552,97.7,936.5,-0.0082,0.0,0.1392,3.4315,2.0493,0.1588,0.422
2026-07-19 17:40:00,21.77,458.4,29.51,27.5,6.81,25.8,14.22,0.65,37.27,SUBJ_002,64.5,40.51,58.12,0.8038,97.7,951.85,0.0413,0.0,0.1168,1.169,0.6955,0.0972,0.3865
2026-07-19 17:47:17,21.31,675.6,35.05,10.0,9.12,29.8,19.77,2.7,38.1,SUBJ_002,64.5,30.31,56.75,0.8185,97.7,981.25,0.2336,0.0,0.5512,3.9551,2.366,0.1154,0.345
2026-07-19 17:56:32,21.97,599.0,43.22,29.7,8.3,26.76,28.22,3.05,38.42,SUBJ_002,64.9,19.24,57.96,0.7571,97.7,937.53,0.0172,0.0,0.398,8.1964,4.9092,0.1423,0.329
2026-07-19 18:03:49,21.52,485.6,38.88,24.7,10.13,29.74,27.23,0.52,41.26,SUBJ_002,64.8,21.96,58.86,0.7009,97.7,902.17,-0.1104,0.0,0.1712,7.6928,4.6079,0.128,0.187
2026-07-19 18:09:13,20.51,501.5,47.63,17.1,6.5,26.89,20.82,0.0,39.17,SUBJ_002,64.9,30.45,58.04,0.7034,97.6,909.34,0.001,0.0,0.203,4.5053,2.6936,0.1568,0.2915
2026-07-19 18:12:33,20.64,437.8,43.0,15.9,9.99,24.33,21.68,3.85,40.57,SUBJ_002,65.0,30.07,58.7,0.6945,97.6,905.6,-0.0909,0.0,0.0756,4.926,2.947,0.1416,0.2215
2026-07-19 18:16:14,21.59,495.4,50.64,24.6,10.52,32.49,24.32,1.43,41.35,SUBJ_002,64.9,25.6,58.34,0.6878,97.7,942.3,-0.0566,0.0,0.1908,6.2613,3.7466,0.1667,0.1825
2026-07-19 18:25:10,20.44,469.9,36.02,16.3,7.9,19.74,20.12,3.86,43.29,SUBJ_002,65.2,32.06,58.42,0.6936,97.6,901.42,-0.0285,0.0,0.1398,4.132,2.472,0.1186,0.0855
2026-07-19 18:31:11,20.44,518.2,37.61,16.6,6.35,25.92,23.74,1.45,45.92,SUBJ_002,65.4,26.48,58.32,0.7219,97.6,907.5,-0.0198,0.0,0.2364,5.9452,3.5596,0.1238,0.046
2026-07-19 18:36:44,19.98,442.3,45.46,17.4,16.06,26.18,24.32,17.96,46.79,SUBJ_002,65.1,26.31,58.85,0.6954,97.6,902.1,-0.123,0.0,0.0846,6.2509,3.7415,0.1497,0.0895
2026-07-19 18:45:01,21.04,460.8,59.79,23.2,14.05,28.48,30.68,1.03,47.43,SUBJ_002,65.2,16.94,59.01,0.6929,97.6,903.16,-0.1907,0.0,0.1216,9.4596,5.6638,0.1968,0.1215
2026-07-19 18:54:57,21.1,530.2,58.16,11.3,11.04,30.08,20.31,11.28,48.55,SUBJ_002,65.1,30.59,57.59,0.6948,97.6,967.82,0.0441,0.0,0.2604,4.2713,2.5512,0.1915,0.1775
2026-07-19 19:01:48,20.64,548.4,48.76,23.2,8.71,29.21,16.37,7.0,50.71,SUBJ_002,64.8,36.08,57.26,0.715,97.6,923.94,0.1231,0.0,0.2968,2.2825,1.3598,0.1605,0.2855
2026-07-19 19:11:29,20.38,500.6,65.28,22.4,15.47,31.52,23.87,2.98,50.2,SUBJ_002,64.7,25.8,58.01,0.7238,97.6,947.06,-0.0437,0.0,0.2012,6.0656,3.6263,0.2149,0.26
2026-07-19 19:15:49,19.37,465.7,50.22,21.4,8.41,23.89,13.96,1.22,49.88,SUBJ_002,64.4,40.29,57.69,0.7432,97.6,944.39,0.0541,0.0,0.1314,1.0804,0.6382,0.1653,0.244
2026-07-19 19:19:24,21.18,409.5,64.52,23.5,10.64,34.37,21.54,12.22,50.49,SUBJ_002,64.6,30.04,58.56,0.7657,97.6,919.53,-0.1243,0.0,0.019,4.899,2.9265,0.2124,0.2745
2026-07-19 19:23:14,19.81,501.4,52.01,20.4,10.91,24.93,14.9,4.88,54.21,SUBJ_002,64.3,38.54,57.46,0.7777,97.7,940.97,0.0854,0.0,0.2028,1.554,0.922,0.1712,0.4605
2026-07-19 19:31:31,20.33,434.8,68.18,22.2,14.64,32.7,23.75,3.57,54.17,SUBJ_002,64.2,26.6,58.49,0.7632,97.7,935.86,-0.1242,0.0,0.0696,6.0114,3.5932,0.2245,0.4585
2026-07-19 19:34:14,20.15,384.8,62.27,22.5,7.82,27.63,25.29,0.94,57.21,SUBJ_002,64.1,25.15,59.12,0.7302,97.6,952.35,-0.2087,0.0,-0.0304,6.7695,4.0493,0.205,0.6105
2026-07-19 19:40:04,20.84,399.1,55.17,22.2,12.18,26.43,26.21,1.26,60.99,SUBJ_002,64.3,23.89,59.2,0.6953,97.7,922.49,-0.204,0.0,-0.0018,7.2153,4.3182,0.1816,0.7995
2026-07-19 19:42:05,19.77,429.0,51.09,18.0,11.12,26.14,19.46,0.0,58.11,SUBJ_002,64.3,33.02,58.45,0.7129,97.6,940.26,-0.0702,0.0,0.058,3.8322,2.2891,0.1682,0.6555
2026-07-19 19:45:59,20.0,490.4,73.36,23.9,17.34,34.43,29.93,5.85,59.73,SUBJ_002,64.4,17.29,58.48,0.672,97.6,938.47,-0.143,0.0,0.1808,9.1117,5.4524,0.2415,0.7365
2026-07-19 19:50:11,19.72,425.0,67.92,22.5,14.51,33.89,27.05,3.81,63.32,SUBJ_002,64.3,22.12,58.85,0.642,97.6,951.42,-0.1836,0.0,0.05,7.6608,4.5829,0.2236,0.916
2026-07-19 19:57:10,19.35,436.9,84.03,14.6,15.54,27.94,27.87,0.76,62.79,SUBJ_002,64.3,20.45,58.56,0.6246,97.6,903.03,-0.1804,0.0,0.0738,8.1031,4.845,0.2766,0.8895
2026-07-19 20:03:05,19.66,349.7,67.72,14.5,13.53,32.51,32.16,5.73,63.66,SUBJ_002,64.7,15.86,59.9,0.5864,97.6,944.75,-0.3507,0.0,-0.1006,10.2154,6.1157,0.2229,0.933
2026-07-19 20:12:59,19.01,357.8,79.86,23.0,16.74,31.59,28.66,3.4,65.08,SUBJ_002,65.1,20.29,59.32,0.612,97.6,918.88,-0.2906,0.008,-0.0844,8.4897,5.0779,0.2629,1.004
2026-07-19 20:22:51,19.24,346.9,89.04,16.2,16.6,33.09,22.48,0.0,65.52,SUBJ_002,64.7,28.62,58.64,0.6088,97.6,946.95,-0.216,0.052,-0.1062,5.4181,3.233,0.2931,1.026
2026-07-19 20:26:37,19.13,328.3,87.56,17.2,11.11,24.82,26.81,5.43,68.64,SUBJ_002,65.0,21.91,58.56,0.6133,97.6,905.03,-0.301,0.364,-0.1434,7.5801,4.5306,0.2883,1.182
2026-07-19 20:31:01,19.09,357.0,86.13,14.7,13.04,30.87,25.74,5.91,70.36,SUBJ_002,65.7,22.6,57.92,0.5987,97.5,912.8,-0.2499,0.536,-0.086,7.0423,4.2081,0.2836,1.268
2026-07-19 20:40:09,18.24,537.5,87.14,13.3,16.16,31.77,31.03,4.5,72.51,SUBJ_002,65.7,12.62,56.47,0.6114,97.5,901.75,-0.0998,0.751,0.275,9.6893,5.7961,0.2869,1.3755
2026-07-19 20:42:45,18.9,376.3,81.83,18.0,11.3,26.77,21.15,0.56,72.06,SUBJ_002,65.3,28.34,57.1,0.641,97.5,911.76,-0.1602,0.706,-0.0474,4.7387,2.8268,0.2694,1.353
2026-07-19 20:51:45,19.45,353.0,93.38,18.5,11.02,29.65,24.82,3.3,73.12,SUBJ_002,65.2,22.9,57.2,0.6643,97.5,907.05,-0.2418,0.812,-0.094,6.5968,3.9394,0.3074,1.406
2026-07-19 20:58:49,18.62,408.5,99.99,15.6,18.02,32.96,36.96,5.1,72.5,SUBJ_002,65.4,10.0,57.81,0.6338,97.4,903.77,-0.3457,0.75,0.017,12.68,7.588,0.3292,1.375
2026-07-19 21:04:06,18.41,356.7,97.84,14.7,19.51,42.88,30.4,2.73,75.34,SUBJ_002,65.3,14.34,57.13,0.6124,97.5,925.93,-0.3168,1.034,-0.0866,9.3957,5.6178,0.3221,1.517
2026-07-19 21:13:29,19.4,339.9,101.87,27.6,23.34,41.87,35.9,3.86,77.54,SUBJ_002,65.6,10.0,57.23,0.6274,97.5,929.21,-0.4163,1.254,-0.1202,12.1537,7.2719,0.3354,1.627
2026-07-19 21:16:22,19.16,331.5,119.57,21.6,20.36,41.09,33.19,4.55,79.06,SUBJ_002,65.7,10.0,56.47,0.6372,97.5,915.16,-0.3881,1.406,-0.137,10.8341,6.4766,0.3936,1.703
2026-07-19 21:21:27,18.59,335.3,90.79,12.3,16.15,27.18,28.29,5.56,80.96,SUBJ_002,65.5,15.98,56.11,0.6753,97.5,892.42,-0.3134,1.596,-0.1294,8.3266,4.9778,0.2989,1.798
2026-07-19 21:28:21,18.44,300.0,110.23,20.7,17.45,41.31,32.69,0.81,82.72,SUBJ_002,65.6,10.0,56.1,0.6868,97.5,931.87,-0.4204,1.772,-0.2,10.5655,6.3172,0.3629,1.886
2026-07-19 21:33:36,18.53,327.2,102.77,13.8,17.84,29.97,35.01,3.45,80.5,SUBJ_002,65.6,10.0,56.65,0.6776,97.6,943.31,-0.4195,1.55,-0.1456,11.7105,7.0058,0.3383,1.775
2026-07-19 21:35:36,19.05,415.2,105.63,20.5,14.65,43.48,27.75,0.0,81.35,SUBJ_002,66.3,15.37,55.1,0.7042,97.6,891.87,-0.2058,1.635,0.0304,8.0863,4.8306,0.3478,1.8175
2026-07-19 21:42:00,18.37,326.8,98.3,23.2,18.62,36.44,30.23,2.38,82.55,SUBJ_002,66.1,12.71,55.9,0.7364,97.6,933.15,-0.3517,1.755,-0.1464,9.3116,5.5673,0.3236,1.8775
2026-07-19 21:44:26,18.18,416.5,98.04,21.2,14.26,29.77,31.27,1.84,84.06,SUBJ_002,66.4,10.0,54.97,0.7386,97.6,914.75,-0.2545,1.906,0.033,9.8311,5.879,0.3228,1.953
2026-07-19 21:46:59,17.82,303.1,96.1,13.8,16.18,38.45,32.98,1.13,85.93,SUBJ_002,66.8,10.0,55.69,0.7386,97.6,913.34,-0.4206,2.093,-0.1938,10.6822,6.3901,0.3164,2.0465
2026-07-19 21:49:38,18.88,440.5,105.49,21.7,17.32,41.93,30.31,4.24,88.93,SUBJ_002,67.3,10.0,53.6,0.7615,97.7,891.61,-0.2108,2.393,0.081,9.366,5.5985,0.3473,2.1965
2026-07-19 21:52:58,18.13,300.0,99.14,18.0,13.16,26.66,23.93,0.0,90.0,SUBJ_002,67.0,19.46,54.08,0.8337,97.6,875.54,-0.2953,2.5,-0.2,6.1633,3.6781,0.3264,2.25
2026-07-19 21:56:16,18.52,349.3,114.37,26.0,19.74,36.07,34.82,2.44,89.82,SUBJ_002,67.0,10.0,54.4,0.8509,97.6,885.97,-0.3891,2.482,-0.1014,11.6387,6.9604,0.3765,2.241
2026-07-19 22:04:17,19.06,564.4,98.48,26.0,18.59,39.91,36.64,0.0,90.0,SUBJ_002,67.3,10.0,53.05,0.8266,97.6,874.52,-0.1462,2.5,0.3288,12.517,7.4905,0.3242,2.25
2026-07-19 22:07:12,18.35,322.7,96.43,24.0,14.98,25.81,28.32,3.41,90.0,SUBJ_002,67.5,13.2,54.31,0.8482,97.6,886.66,-0.3296,2.5,-0.1546,8.3529,4.9924,0.3175,2.25
2026-07-19 22:15:06,18.79,351.6,99.99,20.7,19.88,36.66,28.56,7.62,90.0,SUBJ_002,67.1,12.46,54.04,0.8711,97.5,898.0,-0.2969,2.5,-0.0968,8.48,5.068,0.3292,2.25
2026-07-19 22:22:40,17.95,386.0,114.97,16.8,18.53,34.85,29.66,3.24,89.71,SUBJ_002,67.2,10.28,53.67,0.8795,97.5,902.0,-0.2696,2.471,-0.028,9.0599,5.413,0.3785,2.2355
2026-07-19 22:30:20,18.2,478.8,104.46,18.7,17.32,41.07,33.64,0.0,90.0,SUBJ_002,67.4,10.0,53.38,0.8473,97.6,878.6,-0.2104,2.5,0.1576,11.0289,6.5965,0.3439,2.25
2026-07-19 22:33:05,18.92,439.7,116.89,29.6,18.56,41.14,35.71,7.93,89.23,SUBJ_002,67.5,10.0,53.82,0.8005,97.5,899.41,-0.2888,2.423,0.0794,12.0888,7.2299,0.3848,2.2115
2026-07-19 22:36:46,17.79,300.0,91.17,14.7,19.15,25.74,25.39,7.4,89.31,SUBJ_002,67.4,17.84,54.47,0.8562,97.5,882.48,-0.3161,2.431,-0.2,6.8773,4.1082,0.3001,2.2155
2026-07-19 22:42:05,17.57,684.8,111.73,8.9,21.28,37.0,34.09,2.47,90.0,SUBJ_002,67.9,10.0,51.64,0.8462,97.5,869.89,0.0407,2.5,0.5696,11.2685,6.7387,0.3678,2.25
2026-07-19 22:51:23,17.54,429.8,107.44,15.5,21.11,28.99,30.67,3.16,90.0,SUBJ_002,67.6,10.0,53.47,0.8253,97.5,894.02,-0.2293,2.5,0.0596,9.5499,5.7084,0.3537,2.25
2026-07-19 23:01:13,17.86,300.0,95.9,14.3,20.12,35.64,29.46,3.56,88.45,SUBJ_002,66.9,12.35,54.91,0.8547,97.5,878.09,-0.3742,2.345,-0.2,8.9218,5.3339,0.3157,2.1725
2026-07-19 23:03:46,18.94,365.1,108.37,16.4,19.46,34.4,37.85,1.16,89.0,SUBJ_002,67.3,10.0,54.79,0.8204,97.4,878.01,-0.4126,2.4,-0.0698,13.1417,7.8634,0.3568,2.2
2026-07-19 23:10:37,17.73,300.0,116.26,19.6,22.02,42.47,34.12,4.38,90.0,SUBJ_002,66.9,10.0,54.67,0.8151,97.5,893.99,-0.4408,2.5,-0.2,11.2925,6.7523,0.3827,2.25
2026-07-19 23:18:22,17.58,300.0,115.2,9.5,23.08,41.96,34.17,2.67,90.0,SUBJ_002,66.8,10.0,54.69,0.8219,97.5,901.2,-0.4415,2.5,-0.2,11.3154,6.7662,0.3793,2.25
2026-07-19 23:21:11,17.67,300.0,113.44,14.1,18.38,36.22,32.28,2.92,89.55,SUBJ_002,66.6,10.0,54.65,0.8149,97.5,911.97,-0.4145,2.455,-0.2,10.3669,6.1974,0.3735,2.2275
2026-07-19 23:27:57,17.97,383.0,103.88,7.2,17.07,28.19,29.92,0.04,90.0,SUBJ_002,66.4,10.14,53.84,0.832,97.5,894.83,-0.2771,2.5,-0.034,9.1678,5.4799,0.342,2.25
2026-07-19 23:33:50,18.58,342.0,111.97,22.8,18.28,34.81,33.31,0.25,90.0,SUBJ_002,66.5,10.0,54.33,0.8353,97.4,868.39,-0.3767,2.5,-0.116,10.8789,6.505,0.3686,2.25
2026-07-19 23:38:46,18.23,418.9,108.21,14.7,17.08,42.29,26.32,4.9,90.0,SUBJ_002,65.9,14.63,53.18,0.8801,97.4,914.5,-0.1808,2.5,0.0378,7.3764,4.4042,0.3562,2.25
2026-07-19 23:46:45,18.07,300.3,115.48,19.0,16.35,38.61,29.37,1.72,90.0,SUBJ_002,65.7,11.51,54.27,0.8984,97.4,928.97,-0.3726,2.5,-0.1994,8.916,5.3265,0.3802,2.25
2026-07-19 23:50:00,18.68,359.9,103.22,18.1,18.42,40.27,38.48,14.38,89.95,SUBJ_002,66.3,10.0,54.78,0.841,97.4,923.66,-0.4281,2.495,-0.0802,13.4464,8.0472,0.3398,2.2475
2026-07-19 23:59:48,17.62,614.8,112.7,15.4,19.63,33.8,35.59,2.66,90.0,SUBJ_002,66.6,10.0,52.32,0.8339,97.4,885.8,-0.0682,2.5,0.4296,12.0204,7.1897,0.371,2.25
2026-07-20 00:07:11,17.82,300.0,99.29,19.4,17.61,35.99,31.22,3.85,90.0,SUBJ_002,66.9,10.0,54.7,0.854,97.4,889.45,-0.3994,2.5,-0.2,9.8086,5.8653,0.3269,2.25
2026-07-20 00:14:36,18.16,372.0,116.38,22.3,21.74,47.53,43.76,2.76,90.0,SUBJ_002,67.2,10.0,54.91,0.8205,97.4,905.97,-0.4884,2.5,-0.056,16.1128,9.6444,0.3831,2.25
2026-07-20 00:17:36,17.56,321.9,108.88,14.4,18.67,40.09,31.13,0.41,90.0,SUBJ_002,67.0,10.0,54.36,0.8421,97.4,910.63,-0.3707,2.5,-0.1562,9.7828,5.8479,0.3585,2.25
2026-07-20 00:26:13,18.61,301.2,116.02,24.1,16.6,29.88,38.35,1.7,90.0,SUBJ_002,67.5,10.0,55.02,0.7945,97.4,877.79,-0.4996,2.5,-0.1976,13.407,8.021,0.382,2.25
2026-07-20 00:34:05,17.45,300.0,125.79,10.1,17.72,32.39,28.45,2.2,90.0,SUBJ_002,67.4,12.54,54.03,0.7983,97.4,899.51,-0.3598,2.5,-0.2,8.4766,5.0608,0.4141,2.25
2026-07-20 00:43:05,18.96,300.0,98.25,15.4,15.67,34.94,33.72,1.82,90.0,SUBJ_002,67.5,10.0,54.93,0.7847,97.4,850.58,-0.4351,2.5,-0.2,11.0565,6.6142,0.3235,2.25
2026-07-20 00:47:46,18.24,300.0,109.75,21.4,18.04,36.36,38.07,8.03,88.99,SUBJ_002,67.6,10.0,55.32,0.7512,97.5,882.48,-0.4972,2.399,-0.2,13.2545,7.9307,0.3613,2.1995
2026-07-20 00:55:28,17.31,300.0,113.63,17.1,19.23,32.2,36.09,4.04,90.0,SUBJ_002,67.5,10.0,54.88,0.7488,97.5,901.72,-0.4689,2.5,-0.2,12.2723,7.3406,0.3741,2.25
2026-07-20 00:58:06,18.03,300.0,112.91,16.3,16.71,34.21,28.06,0.66,89.08,SUBJ_002,67.1,13.67,54.39,0.8079,97.4,923.19,-0.3543,2.408,-0.2,8.2558,4.9309,0.3717,2.204
2026-07-20 01:04:47,18.66,350.2,93.43,24.3,17.1,36.93,30.79,6.13,89.99,SUBJ_002,67.0,10.0,54.36,0.8217,97.4,932.18,-0.3305,2.499,-0.0996,9.5819,5.7304,0.3076,2.2495
2026-07-20 01:08:41,17.89,300.0,119.77,10.3,19.84,39.37,36.8,0.0,90.0,SUBJ_002,67.2,10.0,54.84,0.8166,97.4,887.45,-0.479,2.5,-0.2,12.6395,7.5598,0.3943,2.25
2026-07-20 01:15:26,18.58,333.9,98.0,20.4,20.25,44.59,34.78,1.27,90.0,SUBJ_002,67.4,10.0,54.75,0.8219,97.3,895.21,-0.4078,2.5,-0.1322,11.586,6.932,0.3226,2.25
2026-07-20 01:23:08,18.31,300.0,99.57,10.4,18.38,31.24,28.68,0.73,90.0,SUBJ_002,66.8,12.87,54.48,0.8516,97.3,883.78,-0.3631,2.5,-0.2,8.5391,5.1036,0.3278,2.25
2026-07-20 01:28:40,17.69,300.0,116.07,21.4,23.21,32.44,41.13,1.3,90.0,SUBJ_002,67.2,10.0,55.27,0.8231,97.3,911.16,-0.5408,2.5,-0.2,14.7971,8.8551,0.3821,2.25
2026-07-20 01:37:34,18.09,339.1,117.11,16.9,20.88,35.05,32.69,2.99,90.0,SUBJ_002,67.6,10.0,54.22,0.8233,97.3,916.03,-0.3715,2.5,-0.1218,10.5792,6.3241,0.3855,2.25
2026-07-20 01:42:23,18.08,300.0,106.54,11.1,17.02,28.98,29.51,0.73,90.0,SUBJ_002,67.3,11.54,54.43,0.8219,97.3,875.27,-0.375,2.5,-0.2,8.9681,5.3595,0.3507,2.25
2026-07-20 01:45:32,19.25,350.7,107.81,18.1,17.61,37.74,36.35,1.81,90.0,SUBJ_002,67.4,10.0,54.59,0.8153,97.3,897.99,-0.4092,2.5,-0.0986,12.3906,7.4128,0.3549,2.25
2026-07-20 01:52:59,18.24,316.4,101.7,18.7,15.37,36.95,28.08,2.53,90.0,SUBJ_002,67.2,13.47,54.26,0.8257,97.3,890.14,-0.334,2.5,-0.1672,8.2434,4.9257,0.3348,2.25
2026-07-20 01:57:04,17.39,320.0,106.01,7.6,20.36,29.53,33.25,3.74,90.0,SUBJ_002,66.5,10.0,54.6,0.8191,97.3,901.7,-0.4033,2.5,-0.16,10.837,6.481,0.349,2.25
2026-07-20 02:00:28,19.81,438.2,107.39,18.4,21.01,42.71,34.53,3.86,90.0,SUBJ_002,66.8,10.0,53.74,0.8448,97.3,907.19,-0.2739,2.5,0.0764,11.4798,6.8664,0.3535,2.25
2026-07-20 02:07:15,18.07,300.0,106.74,12.7,17.6,38.0,30.52,1.33,90.0,SUBJ_002,66.9,10.14,54.52,0.8432,97.3,895.41,-0.3894,2.5,-0.2,9.4735,5.6627,0.3514,2.25
2026-07-20 02:12:23,18.96,396.6,115.45,18.2,19.47,38.18,35.68,2.96,90.0,SUBJ_002,67.3,10.0,54.04,0.8406,97.4,890.37,-0.3423,2.5,-0.0068,12.0709,7.2195,0.3801,2.25
2026-07-20 02:19:00,18.97,330.3,97.22,13.0,16.35,27.15,31.05,1.55,90.0,SUBJ_002,67.4,10.0,54.47,0.8476,97.4,896.87,-0.3591,2.5,-0.1394,9.7194,5.8122,0.3201,2.25
2026-07-20 02:27:12,18.35,315.5,103.34,13.8,18.13,30.3,26.01,3.29,89.97,SUBJ_002,67.0,16.31,54.07,0.8881,97.4,867.44,-0.3056,2.497,-0.169,7.2117,4.3063,0.3402,2.2485
2026-07-20 02:32:27,18.98,592.5,102.05,13.8,19.27,35.41,32.81,3.46,89.72,SUBJ_002,67.2,10.0,52.49,0.8589,97.4,906.39,-0.0564,2.472,0.385,10.6091,6.3451,0.336,2.236
2026-07-20 02:38:45,19.31,345.2,87.68,19.0,9.17,31.2,28.99,0.55,90.0,SUBJ_002,67.2,12.24,54.33,0.857,97.4,911.36,-0.311,2.5,-0.1096,8.6704,5.1847,0.2887,2.25
2026-07-20 02:46:39,18.62,352.5,100.39,9.8,19.06,27.75,26.55,0.9,89.25,SUBJ_002,67.0,15.45,54.01,0.891,97.4,907.58,-0.2671,2.425,-0.095,7.4758,4.4654,0.3305,2.2125
2026-07-20 02:51:41,19.24,451.0,86.16,28.0,15.62,34.56,29.16,0.0,89.38,SUBJ_002,67.4,11.07,53.65,0.8674,97.5,921.42,-0.1812,2.438,0.102,8.7523,5.2342,0.2837,2.219
2026-07-20 02:54:30,18.36,332.3,84.87,13.4,16.57,32.0,25.28,1.58,89.89,SUBJ_002,67.0,17.62,54.19,0.8796,97.5,921.67,-0.2742,2.489,-0.1354,6.8097,4.0689,0.2794,2.2445
2026-07-20 03:02:14,17.76,305.4,67.24,6.6,12.82,30.07,22.27,3.32,90.0,SUBJ_002,66.7,22.49,54.42,0.9063,97.5,908.16,-0.2649,2.5,-0.1892,5.2695,3.1482,0.2214,2.25
2026-07-20 03:08:58,18.79,317.3,85.33,12.2,14.32,35.48,23.03,2.31,90.0,SUBJ_002,65.8,20.86,54.09,0.9254,97.6,913.25,-0.2608,2.5,-0.1654,5.6857,3.3943,0.2809,2.25
2026-07-20 03:14:23,19.2,332.9,61.31,10.6,16.14,32.43,24.2,1.44,89.16,SUBJ_002,65.9,19.92,54.63,0.9589,97.6,895.33,-0.258,2.416,-0.1342,6.2226,3.7213,0.2018,2.208
2026-07-20 03:19:10,18.95,327.2,82.42,6.8,16.59,28.11,31.62,2.92,89.71,SUBJ_002,66.2,10.0,54.85,0.9632,97.6,923.94,-0.3711,2.471,-0.1456,9.9748,5.9684,0.2713,2.2355
2026-07-20 03:28:52,19.29,354.8,88.73,11.5,16.54,26.03,30.79,1.62,90.0,SUBJ_002,65.8,10.0,54.39,0.9057,97.6,914.76,-0.3247,2.5,-0.0904,9.5725,5.7257,0.2921,2.25
2026-07-20 03:34:34,18.48,628.1,74.83,12.7,13.95,25.86,24.9,1.0,90.0,SUBJ_002,65.5,15.14,51.92,0.9183,97.5,918.36,0.101,2.5,0.4562,6.5997,3.9448,0.2464,2.25
2026-07-20 03:38:59,19.32,334.9,85.94,11.4,14.31,24.5,29.41,5.36,90.0,SUBJ_002,65.5,11.81,54.48,0.9178,97.5,909.34,-0.3299,2.5,-0.1302,8.8769,5.3089,0.2829,2.25
2026-07-20 03:43:32,19.46,453.5,72.18,16.8,12.08,30.17,29.82,7.39,89.82,SUBJ_002,66.0,10.34,53.83,0.9001,97.4,908.66,-0.1875,2.482,0.107,9.0544,5.4182,0.2376,2.241
2026-07-20 03:48:32,19.71,470.5,83.7,11.1,12.74,35.14,29.45,2.29,89.82,SUBJ_002,66.7,10.39,53.47,0.8872,97.5,887.78,-0.161,2.482,0.141,8.8924,5.3187,0.2756,2.241
2026-07-20 03:51:39,20.28,458.4,91.34,22.0,12.22,36.03,27.03,3.19,90.0,SUBJ_002,66.8,13.63,53.2,0.9007,97.5,863.31,-0.1416,2.5,0.1168,7.6977,4.6003,0.3007,2.25
2026-07-20 03:58:07,19.24,523.8,80.56,16.4,14.9,32.92,30.05,0.0,89.4,SUBJ_002,67.1,10.0,53.23,0.9017,97.4,892.43,-0.1029,2.44,0.2476,9.1861,5.4956,0.2652,2.22
2026-07-20 04:03:15,20.46,423.7,78.14,20.8,10.74,32.99,24.2,1.8,90.0,SUBJ_002,66.9,18.26,53.45,0.933,97.5,895.85,-0.1445,2.5,0.0474,6.2563,3.7381,0.2572,2.25
2026-07-20 04:11:48,19.36,373.5,67.97,9.1,10.27,29.57,22.54,1.6,88.67,SUBJ_002,66.8,21.76,54.15,0.9335,97.6,887.94,-0.1836,2.367,-0.053,5.4059,3.23,0.2238,2.1835
2026-07-20 04:17:51,19.64,333.9,55.35,9.4,11.96,24.18,19.01,3.94,90.0,SUBJ_002,66.3,26.99,54.1,0.9582,97.6,887.36,-0.1827,2.5,-0.1322,3.6157,2.1583,0.1822,2.25
2026-07-20 04:24:48,19.89,430.6,90.28,16.4,15.72,33.38,29.22,13.96,87.32,SUBJ_002,66.0,11.73,54.16,0.931,97.6,913.05,-0.2076,2.232,0.0612,8.7906,5.2563,0.2972,2.116
2026-07-20 04:28:36,19.99,425.6,87.32,18.5,14.95,33.06,25.26,0.7,87.79,SUBJ_002,66.0,17.21,53.82,0.9425,97.7,920.88,-0.1573,2.279,0.0512,6.8046,4.0653,0.2875,2.1395
2026-07-20 04:38:26,20.25,376.5,56.33,11.1,9.3,21.8,20.8,3.7,85.21,SUBJ_002,66.1,25.47,54.86,0.9334,97.6,908.57,-0.155,2.021,-0.047,4.5127,2.6963,0.1854,2.0105
2026-07-20 04:46:16,19.9,465.1,69.36,7.6,12.78,32.31,23.9,0.98,83.95,SUBJ_002,66.2,20.27,54.45,0.9539,97.6,899.95,-0.0885,1.895,0.1302,6.0887,3.6394,0.2283,1.9475
2026-07-20 04:49:33,20.74,724.4,71.68,17.6,15.69,32.84,34.02,0.0,85.66,SUBJ_002,66.6,10.0,52.84,0.917,97.6,904.7,0.0912,2.066,0.6488,11.1534,6.6777,0.236,2.033
2026-07-20 04:51:44,20.77,426.2,54.51,14.3,10.96,34.5,20.48,5.68,86.49,SUBJ_002,66.4,25.03,54.2,0.9489,97.6,907.95,-0.0883,2.149,0.0524,4.349,2.5985,0.1795,2.0745
2026-07-20 04:54:08,20.49,415.6,64.13,10.1,15.49,30.3,22.13,7.96,84.2,SUBJ_002,65.8,23.31,54.73,0.9338,97.6,907.48,-0.1251,1.92,0.0312,5.1933,3.1031,0.2111,1.96
2026-07-20 05:01:06,19.82,649.6,84.42,18.1,15.03,37.73,28.97,0.56,83.13,SUBJ_002,66.3,11.1,53.31,0.9168,97.6,902.87,0.0698,1.813,0.4992,8.6538,5.1754,0.2779,1.9065
2026-07-20 05:04:19,21.13,527.5,70.84,25.1,16.79,38.46,34.32,7.29,83.26,SUBJ_002,66.8,10.0,54.95,0.8846,97.5,924.83,-0.1592,1.826,0.255,11.3017,6.7668,0.2332,1.913
2026-07-20 05:12:56,20.08,402.2,59.0,10.6,10.53,23.21,24.43,1.82,81.22,SUBJ_002,66.3,21.3,55.71,0.9013,97.5,865.12,-0.1747,1.622,0.0044,6.333,3.788,0.1942,1.811
2026-07-20 05:21:06,20.78,399.0,65.03,10.5,14.84,27.29,23.98,3.81,79.19,SUBJ_002,65.8,22.43,56.01,0.913,97.5,907.14,-0.1723,1.419,-0.002,6.1201,3.659,0.2141,1.7095
2026-07-20 05:26:25,21.45,459.5,62.57,20.8,14.21,35.46,33.18,4.9,77.68,SUBJ_002,66.5,10.0,56.65,0.866,97.5,905.63,-0.228,1.268,0.119,10.7151,6.4166,0.206,1.634
2026-07-20 05:33:42,21.02,453.1,71.45,15.4,15.21,35.75,22.14,11.96,75.98,SUBJ_002,66.3,25.2,55.95,0.8709,97.5,914.08,-0.0784,1.098,0.1062,5.2129,3.1135,0.2352,1.549
2026-07-20 05:37:20,20.56,539.2,67.14,7.2,15.32,36.29,32.57,4.06,71.84,SUBJ_002,66.3,11.16,57.05,0.8016,97.5,903.26,-0.1196,0.684,0.2784,10.4193,6.2381,0.221,1.342
2026-07-20 05:43:35,21.45,491.8,58.93,24.0,7.24,37.27,21.98,0.05,71.24,SUBJ_002,66.2,26.74,56.78,0.7912,97.5,914.38,-0.0277,0.624,0.1836,5.1079,3.0529,0.194,1.312
2026-07-20 05:52:02,21.88,488.4,28.28,16.8,12.08,32.68,29.87,0.0,67.11,SUBJ_002,66.5,17.85,58.81,0.7488,97.5,901.23,-0.1446,0.211,0.1768,8.9916,5.3893,0.0931,1.1055
2026-07-20 06:00:45,21.0,464.2,29.22,10.5,6.48,23.34,16.06,2.69,67.24,SUBJ_002,66.2,37.19,57.78,0.7816,97.5,936.65,0.0223,0.224,0.1284,2.0884,1.2472,0.0962,1.112
2026-07-20 06:04:14,20.64,461.0,42.19,15.0,8.86,30.04,20.25,3.08,64.82,SUBJ_002,66.2,31.78,58.4,0.7682,97.4,917.56,-0.0415,0.0,0.122,4.2094,2.5172,0.1389,0.991
2026-07-20 06:11:13,21.51,522.1,26.12,18.2,7.41,25.23,19.11,3.03,63.78,SUBJ_002,65.7,33.09,58.08,0.7547,97.4,922.72,0.0511,0.0,0.2442,3.6072,2.1591,0.086,0.939
2026-07-20 06:18:20,22.27,640.3,44.69,20.7,5.08,36.5,24.63,0.0,62.85,SUBJ_002,65.8,20.54,55.01,0.726,97.5,898.65,0.3928,0.324,0.4806,6.4044,3.8337,0.1471,0.9735
2026-07-20 06:25:41,22.01,524.0,37.45,25.2,5.3,25.78,20.41,0.0,60.18,SUBJ_002,65.6,30.88,57.9,0.7077,97.5,955.04,0.045,0.012,0.248,4.2799,2.5605,0.1233,0.762
2026-07-20 06:35:04,22.29,724.7,35.1,25.6,9.37,28.61,26.94,0.6,56.45,SUBJ_002,66.0,16.44,54.52,0.6999,97.5,902.65,0.4855,0.348,0.6494,7.5402,4.5171,0.1156,0.6595
2026-07-20 06:37:55,21.64,570.5,49.8,21.1,8.52,28.23,20.27,4.33,52.84,SUBJ_002,66.0,30.4,57.4,0.7301,97.6,947.02,0.0951,0.0,0.341,4.2346,2.5308,0.1639,0.392
2026-07-20 06:45:54,21.95,604.4,54.8,17.6,11.49,28.06,21.53,4.1,51.19,SUBJ_002,66.1,28.17,57.15,0.7221,97.6,944.66,0.1195,0.0,0.4088,4.8746,2.9138,0.1804,0.3095
2026-07-20 06:48:20,22.24,526.4,52.0,21.4,11.69,30.92,25.77,0.34,48.69,SUBJ_002,66.4,20.41,56.16,0.7142,97.5,926.41,0.2039,0.288,0.2528,6.989,4.183,0.1712,0.2565
2026-07-20 06:56:26,21.96,512.3,43.14,12.0,7.59,25.8,13.77,0.24,46.78,SUBJ_002,65.8,40.23,57.42,0.7615,97.5,925.51,0.1151,0.0,0.2246,0.9713,0.5741,0.142,0.089
2026-07-20 06:59:45,22.27,522.0,55.51,15.9,9.7,24.32,19.71,0.8,48.65,SUBJ_002,65.2,28.42,55.36,0.7815,97.6,929.72,0.3152,0.324,0.244,3.966,2.3685,0.1827,0.2635
2026-07-20 07:06:23,22.65,603.6,45.83,20.6,9.63,24.64,27.63,1.26,47.47,SUBJ_002,65.6,12.36,52.33,0.7817,97.6,895.88,0.6879,0.78,0.4072,7.9067,4.7348,0.1509,0.3185
2026-07-20 07:09:58,21.27,650.0,54.77,14.7,6.74,19.77,20.74,2.61,45.55,SUBJ_002,65.5,28.78,56.72,0.7649,97.6,931.32,0.1877,0.0,0.5,4.4795,2.6768,0.1803,0.0275
2026-07-20 07:19:09,21.6,550.4,54.05,12.2,7.71,26.04,13.63,5.44,44.64,SUBJ_002,65.3,39.74,56.92,0.7836,97.7,891.75,0.1647,0.0,0.3008,0.9231,0.5431,0.1779,0.018
2026-07-20 07:21:41,21.81,569.4,55.27,11.3,12.51,24.51,20.07,3.36,42.6,SUBJ_002,65.4,30.57,57.3,0.7665,97.7,922.47,0.0966,0.0,0.3388,4.1455,2.4763,0.182,0.12
2026-07-20 07:24:03,22.96,662.5,64.43,14.7,8.93,27.4,24.43,0.0,42.75,SUBJ_002,65.8,12.07,48.65,0.7164,97.7,906.21,1.1204,1.152,0.525,6.3439,3.7934,0.2121,0.4005
2026-07-20 07:28:25,22.0,700.6,52.41,8.7,10.12,26.74,21.01,1.56,40.36,SUBJ_002,65.9,27.9,56.37,0.7398,97.7,896.26,0.2471,0.0,0.6012,4.6098,2.7554,0.1725,0.232
2026-07-20 07:31:49,22.85,766.4,63.24,22.7,12.44,42.74,32.33,2.72,38.86,SUBJ_002,66.3,10.0,49.44,0.6942,97.6,908.99,1.0264,1.02,0.7328,10.2915,6.1622,0.2082,0.562
2026-07-20 07:35:55,22.87,601.7,46.47,27.0,8.34,29.14,26.17,6.79,37.69,SUBJ_002,66.2,11.81,50.35,0.6623,97.6,914.09,0.9286,1.044,0.4034,7.1779,4.2975,0.153,0.6265
2026-07-20 07:45:51,22.26,654.7,46.79,11.2,8.08,28.39,27.39,2.72,37.07,SUBJ_002,66.3,16.65,55.18,0.6512,97.6,897.11,0.3613,0.312,0.5094,7.7886,4.6638,0.154,0.4745
2026-07-20 07:52:39,22.74,674.2,77.97,12.3,15.24,30.94,24.4,1.11,37.91,SUBJ_002,66.3,14.21,50.19,0.6621,97.7,961.93,0.9132,0.888,0.5484,6.3559,3.798,0.2567,0.5765
2026-07-20 08:00:46,23.07,655.7,53.43,16.9,11.36,30.9,24.43,15.72,39.21,SUBJ_002,66.3,11.12,47.96,0.6742,97.6,882.16,1.223,1.284,0.5114,6.3219,3.7824,0.1759,0.6105
2026-07-20 08:05:21,22.96,751.1,73.03,19.9,12.2,34.6,26.83,6.92,37.7,SUBJ_002,67.0,10.0,48.0,0.6606,97.6,867.32,1.1969,1.152,0.7022,7.5611,4.522,0.2404,0.653
2026-07-20 08:15:17,22.61,622.1,62.6,11.4,14.17,31.62,18.39,1.25,35.41,SUBJ_002,67.0,25.0,51.45,0.7103,97.6,874.93,0.8026,0.732,0.4442,3.3202,1.9796,0.2061,0.6625
2026-07-20 08:19:27,23.16,713.1,88.69,28.2,16.51,37.18,33.1,2.24,35.03,SUBJ_002,67.5,10.0,46.89,0.6552,97.6,897.06,1.2619,1.392,0.6262,10.7274,6.4187,0.292,0.8465
2026-07-20 08:25:11,23.71,819.4,85.82,21.1,12.06,37.79,26.22,0.9,32.84,SUBJ_002,68.0,10.0,40.84,0.6667,97.6,879.25,2.0485,2.052,0.8388,7.2816,4.3518,0.2825,1.121
2026-07-20 08:30:06,23.62,844.5,75.51,25.4,11.68,37.79,25.47,1.8,31.03,SUBJ_002,68.3,10.0,41.51,0.7083,97.6,876.71,1.9997,1.944,0.889,6.886,4.1165,0.2486,1.1845
2026-07-20 08:32:36,22.59,632.5,71.21,6.9,11.47,18.72,19.94,0.0,29.29,SUBJ_002,68.0,22.74,51.53,0.7521,97.6,913.93,0.7732,0.708,0.465,4.1124,2.4532,0.2344,0.9625
2026-07-20 08:38:47,23.37,698.3,81.36,16.3,12.09,25.4,24.24,5.01,28.71,SUBJ_002,68.4,10.0,44.6,0.7796,97.6,888.85,1.582,1.644,0.5966,6.2827,3.7534,0.2679,1.2255
2026-07-20 08:45:27,23.03,685.9,71.48,16.8,12.27,29.15,20.27,4.34,26.61,SUBJ_002,68.2,16.54,47.4,0.7922,97.6,894.46,1.2797,1.236,0.5718,4.278,2.5525,0.2353,1.2285
2026-07-20 08:49:36,23.33,727.8,80.07,15.0,17.73,37.81,28.75,0.0,27.67,SUBJ_002,68.5,10.0,45.11,0.7665,97.5,868.95,1.5141,1.596,0.6556,8.5351,5.1051,0.2636,1.2655
2026-07-20 08:57:22,23.16,785.9,79.29,17.7,18.43,39.18,34.61,4.31,26.91,SUBJ_002,69.3,10.0,46.59,0.7381,97.5,870.42,1.3313,1.392,0.7718,11.4636,6.8623,0.261,1.2525
2026-07-20 09:00:09,22.52,690.6,76.14,4.7,15.92,24.03,28.95,1.7,25.79,SUBJ_002,69.3,10.3,52.34,0.6891,97.5,863.62,0.6465,0.624,0.5812,8.6273,5.1611,0.2507,1.1165
2026-07-20 09:02:34,23.35,679.6,73.68,2.4,15.57,32.22,26.84,0.0,26.94,SUBJ_002,69.2,10.0,45.27,0.703,97.5,887.79,1.5013,1.62,0.5592,7.5674,4.5257,0.2426,1.308
2026-07-20 09:11:36,22.64,689.6,99.17,2.5,17.33,31.14,30.27,1.45,25.98,SUBJ_002,69.0,10.0,51.07,0.6617,97.5,863.92,0.7477,0.768,0.5792,9.3333,5.5802,0.3265,1.143
2026-07-20 09:14:55,23.51,721.8,78.55,12.9,13.91,29.07,22.17,0.73,25.06,SUBJ_002,68.9,10.0,43.09,0.6979,97.5,867.69,1.7823,1.812,0.6436,5.2421,3.1296,0.2586,1.45
2026-07-20 09:17:12,24.78,847.4,77.97,16.8,13.03,35.32,33.33,0.51,22.91,SUBJ_002,70.0,10.0,32.3,0.7424,97.4,850.89,3.0628,3.336,0.8948,10.8209,6.477,0.2567,1.9385
2026-07-20 09:23:12,24.3,785.7,87.73,12.6,8.71,23.79,23.63,1.58,22.74,SUBJ_002,70.1,10.0,35.87,0.7939,97.5,862.77,2.6393,2.76,0.7714,5.9905,3.5767,0.2888,1.803
2026-07-20 09:28:49,23.39,732.1,99.34,13.4,16.47,28.28,28.63,2.61,21.81,SUBJ_002,70.2,10.0,44.24,0.7898,97.5,863.01,1.5818,1.668,0.6642,8.5137,5.0883,0.327,1.5765
2026-07-20 09:32:31,23.84,846.9,77.63,16.3,14.49,36.47,26.1,3.12,20.67,SUBJ_002,70.2,10.0,39.65,0.7984,97.4,869.34,2.2159,2.208,0.8938,7.2053,4.3076,0.2556,1.7685
2026-07-20 09:42:24,24.08,923.1,84.96,29.2,16.89,35.49,31.67,3.72,21.77,SUBJ_002,70.6,10.0,37.36,0.8007,97.4,859.28,2.4741,2.496,1.0462,10.0049,5.986,0.2797,1.7855
2026-07-20 09:50:17,23.14,736.2,70.61,10.6,12.98,29.06,28.06,2.19,21.61,SUBJ_002,70.7,10.0,46.74,0.7739,97.5,861.75,1.3425,1.368,0.6724,8.1712,4.8886,0.2325,1.5115
2026-07-20 09:56:50,24.05,772.9,79.33,17.4,13.53,31.18,27.55,1.32,20.0,SUBJ_002,71.0,10.0,38.56,0.7704,97.4,856.85,2.3149,2.46,0.7458,7.9337,4.7443,0.2612,1.865
2026-07-20 10:01:22,23.62,832.7,101.12,9.4,14.65,26.74,29.35,3.35,20.0,SUBJ_002,71.1,10.0,41.51,0.7551,97.4,866.23,1.9296,1.944,0.8654,8.8772,5.3061,0.3329,1.736
2026-07-20 10:07:50,24.24,772.3,97.52,16.4,14.65,32.52,26.68,22.34,20.97,SUBJ_002,71.2,10.0,36.59,0.7587,97.5,817.66,2.5184,2.688,0.7446,7.535,4.5015,0.3211,1.8735
2026-07-20 10:15:49,24.63,829.5,95.64,25.2,17.38,31.57,33.41,2.44,20.0,SUBJ_002,71.6,10.0,33.43,0.7393,97.5,838.95,2.8878,3.156,0.859,10.8963,6.5186,0.3149,2.039
2026-07-20 10:20:01,24.37,818.1,90.51,22.4,18.65,34.75,30.68,0.92,20.0,SUBJ_002,71.5,10.0,35.57,0.7581,97.5,845.77,2.6499,2.844,0.8362,9.521,5.6945,0.298,1.961
2026-07-20 10:27:25,24.69,983.5,76.96,19.5,12.92,35.17,28.42,0.16,20.12,SUBJ_002,71.5,10.0,31.57,0.7913,97.4,839.27,3.2122,3.228,1.167,8.3639,5.003,0.2534,2.051
2026-07-20 10:32:09,23.96,815.7,90.76,0.2,17.47,30.16,32.11,5.19,20.0,SUBJ_002,71.4,10.0,39.18,0.7692,97.4,848.34,2.2124,2.352,0.8314,10.2365,6.1238,0.2988,1.838
2026-07-20 10:40:19,23.81,820.3,81.4,6.6,14.74,27.42,27.1,9.41,20.0,SUBJ_002,71.3,10.0,40.14,0.7767,97.4,859.03,2.1381,2.172,0.8406,7.7128,4.6114,0.268,1.793
2026-07-20 10:47:17,24.73,891.5,89.53,13.5,17.26,40.42,27.8,11.67,20.5,SUBJ_002,72.2,10.0,31.71,0.7874,97.4,837.35,3.1464,3.276,0.983,8.0791,4.8295,0.2947,2.044
2026-07-20 10:52:00,24.74,894.0,73.52,21.8,13.3,41.36,32.04,0.19,20.4,SUBJ_002,72.8,10.0,32.23,0.7785,97.5,823.81,3.0991,3.288,0.988,10.167,6.0855,0.242,2.052
2026-07-20 10:56:19,24.18,915.6,82.06,12.5,14.86,24.14,27.96,1.23,20.69,SUBJ_002,72.6,10.0,36.3,0.7885,97.4,840.09,2.6187,2.616,1.0312,8.1441,4.8701,0.2702,1.8695
2026-07-20 11:00:40,23.98,878.2,89.69,19.9,17.94,28.95,32.67,0.32,20.0,SUBJ_002,72.7,10.0,38.57,0.7704,97.4,819.28,2.3027,2.376,0.9564,10.5144,6.2907,0.2953,1.844
2026-07-20 11:09:57,23.9,1013.0,100.36,18.2,19.35,32.74,28.53,0.57,20.0,SUBJ_002,72.8,10.0,37.64,0.7888,97.5,840.04,2.4495,2.28,1.226,8.4657,5.0594,0.3304,1.82
2026-07-20 11:18:05,24.85,860.1,82.4,18.4,12.84,40.78,28.84,8.1,20.83,SUBJ_002,73.0,10.0,31.15,0.8151,97.5,828.48,3.2135,3.42,0.9202,8.5848,5.1344,0.2713,2.0635
2026-07-20 11:24:36,23.65,817.0,100.7,13.2,19.37,33.29,35.5,1.75,20.0,SUBJ_002,73.5,10.0,41.92,0.7773,97.4,814.29,1.8525,1.98,0.834,11.9514,7.1507,0.3315,1.745
2026-07-20 11:29:43,24.76,845.5,118.36,24.7,22.46,40.76,35.09,2.24,20.0,SUBJ_002,74.0,10.0,31.97,0.7912,97.4,815.11,3.0151,3.312,0.891,11.7817,7.0454,0.3897,2.078
2026-07-20 11:34:13,24.28,837.2,80.77,13.6,15.77,24.18,22.22,1.11,20.0,SUBJ_002,73.6,10.0,35.62,0.8071,97.4,819.17,2.7036,2.736,0.8744,5.2715,3.1468,0.2659,1.934
2026-07-20 11:36:49,24.28,781.0,98.02,14.0,19.71,32.32,34.67,0.99,20.0,SUBJ_002,73.5,10.0,36.85,0.7732,97.4,821.76,2.4557,2.736,0.762,11.531,6.899,0.3227,1.934
2026-07-20 11:43:35,24.44,1024.7,88.97,12.5,16.64,30.47,28.74,1.71,20.0,SUBJ_002,73.2,10.0,33.18,0.7987,97.4,824.12,3.0066,2.928,1.2494,8.5479,5.111,0.2929,1.982
2026-07-20 11:53:03,24.84,856.7,105.91,11.7,19.91,30.31,33.26,5.49,22.47,SUBJ_002,74.0,10.0,31.26,0.789,97.4,816.82,3.1361,3.408,0.9134,10.8418,6.4839,0.3487,1.9785
2026-07-20 11:58:30,24.25,1077.9,101.23,33.7,21.68,36.19,40.74,2.72,23.13,SUBJ_002,74.5,10.0,35.18,0.7521,97.5,788.93,2.7098,2.7,1.3558,14.5725,8.7232,0.3333,1.7685
2026-07-20 12:08:24,23.67,916.6,96.05,10.4,14.29,31.09,25.95,1.11,22.47,SUBJ_002,74.2,10.0,40.21,0.7695,97.5,811.96,2.1335,2.004,1.0332,7.1671,4.281,0.3162,1.6275
2026-07-20 12:16:25,25.04,944.9,91.66,19.3,18.4,39.33,32.47,1.04,20.0,SUBJ_002,74.3,10.0,29.02,0.7787,97.5,811.66,3.4596,3.648,1.0898,10.4183,6.2327,0.3018,2.162
2026-07-20 12:20:15,25.11,1050.3,93.24,25.6,14.44,33.94,31.55,1.61,20.0,SUBJ_002,74.8,10.0,27.47,0.8162,97.5,797.08,3.6752,3.732,1.3006,9.9615,5.9582,0.307,2.183
2026-07-20 12:23:14,23.5,820.7,113.86,14.4,19.47,26.67,31.22,0.33,20.61,SUBJ_002,74.2,10.0,42.58,0.8086,97.5,784.64,1.7667,1.8,0.8414,9.8377,5.8799,0.3748,1.6695
2026-07-20 12:28:01,24.27,855.1,79.21,14.1,18.19,35.96,31.28,4.75,21.74,SUBJ_002,74.2,10.0,36.36,0.8268,97.4,818.02,2.5866,2.724,0.9102,9.7984,5.8632,0.2608,1.844
2026-07-20 12:37:09,24.51,866.8,87.7,24.2,13.46,37.08,31.08,0.0,20.0,SUBJ_002,74.1,10.0,34.08,0.8324,97.4,811.27,2.8465,3.012,0.9336,9.7154,5.8117,0.2887,2.003
2026-07-20 12:45:02,24.68,836.8,86.0,23.9,13.64,36.37,30.75,7.91,20.0,SUBJ_002,74.2,10.0,32.88,0.8404,97.4,812.26,2.9854,3.216,0.8736,9.547,5.711,0.2831,2.054
2026-07-20 12:51:15,24.43,862.9,95.27,10.7,17.16,33.75,33.13,2.03,20.0,SUBJ_002,74.2,10.0,34.84,0.8345,97.4,807.03,2.7315,2.916,0.9258,10.7555,6.4343,0.3136,1.979
2026-07-20 12:57:36,23.32,960.9,105.89,16.5,17.5,29.15,30.77,0.84,20.0,SUBJ_002,74.3,10.0,43.06,0.7787,97.3,809.92,1.7665,1.584,1.1218,9.5968,5.7369,0.3486,1.646
2026-07-20 13:03:27,23.85,791.2,97.02,13.8,18.43,34.35,33.85,0.16,20.0,SUBJ_002,73.9,10.0,40.36,0.7426,97.4,817.87,2.0458,2.22,0.7824,11.119,6.652,0.3194,1.805
2026-07-20 13:10:21,23.49,810.7,82.88,16.2,18.26,33.26,27.41,3.24,20.63,SUBJ_002,73.0,10.0,42.93,0.7663,97.4,807.01,1.7984,1.788,0.8214,7.8708,4.7059,0.2729,1.6655
2026-07-20 13:12:53,23.43,786.3,71.76,8.3,12.8,34.05,25.41,2.83,20.34,SUBJ_002,72.6,10.0,43.64,0.7585,97.4,809.3,1.7359,1.716,0.7726,6.8485,4.0948,0.2362,1.662
2026-07-20 13:14:59,23.78,872.4,83.87,11.4,17.47,30.68,31.98,3.26,20.0,SUBJ_002,72.5,10.0,40.35,0.7774,97.5,812.39,2.1033,2.136,0.9448,10.1577,6.0779,0.2761,1.784
2026-07-20 13:24:35,23.51,786.7,76.56,9.2,13.5,23.26,25.77,1.57,20.0,SUBJ_002,72.5,10.0,42.91,0.7716,97.4,828.16,1.8121,1.812,0.7734,7.0381,4.2076,0.252,1.703
2026-07-20 13:31:09,24.23,820.9,97.42,18.8,15.12,30.17,28.21,0.15,20.0,SUBJ_002,72.6,10.0,36.41,0.7892,97.5,823.44,2.5473,2.676,0.8418,8.2998,4.9604,0.3207,1.919
2026-07-20 13:38:40,24.31,863.7,84.73,18.8,16.35,36.14,29.16,0.76,20.0,SUBJ_002,72.7,10.0,35.68,0.8193,97.5,825.91,2.668,2.772,0.9274,8.7495,5.2327,0.2789,1.943
2026-07-20 13:44:18,24.52,792.6,90.35,18.3,13.32,38.36,34.74,0.0,20.0,SUBJ_002,73.2,10.0,34.86,0.7814,97.5,831.43,2.7116,3.024,0.7852,11.5507,6.9123,0.2974,2.006
2026-07-20 13:47:04,24.88,801.3,92.46,21.1,17.15,38.96,32.13,1.42,21.68,SUBJ_002,73.9,10.0,31.49,0.8256,97.5,818.45,3.1234,3.456,0.8026,10.2499,6.1315,0.3044,2.03
2026-07-20 13:52:46,24.25,764.7,86.28,16.1,16.83,25.82,24.2,2.88,20.0,SUBJ_002,73.9,10.0,36.53,0.8603,97.5,815.41,2.5544,2.7,0.7294,6.2726,3.7463,0.284,1.925
2026-07-20 14:00:43,23.27,761.9,80.21,17.2,16.35,33.32,32.31,2.66,20.0,SUBJ_002,74.1,10.0,45.64,0.8124,97.5,804.53,1.4453,1.524,0.7238,10.3154,6.1732,0.2641,1.631
2026-07-20 14:09:40,23.78,867.8,87.76,19.3,15.39,40.26,31.1,2.07,21.71,SUBJ_002,74.0,10.0,40.25,0.7916,97.5,831.22,2.1101,2.136,0.9356,9.7255,5.8178,0.2889,1.6985
2026-07-20 14:19:23,23.78,851.4,97.14,17.6,17.44,35.66,34.32,10.08,23.21,SUBJ_002,73.9,10.0,40.5,0.7558,97.5,813.4,2.0436,2.136,0.9028,11.3543,6.7931,0.3198,1.6235
2026-07-20 14:26:35,24.15,770.6,82.79,23.9,14.14,33.15,28.24,0.0,26.07,SUBJ_002,73.7,10.0,37.74,0.7673,97.4,813.97,2.4031,2.58,0.7412,8.2856,4.9548,0.2726,1.5915
2026-07-20 14:28:43,24.22,759.6,84.19,23.0,14.96,27.23,29.68,1.14,27.62,SUBJ_002,73.7,10.0,37.33,0.7767,97.4,821.58,2.4395,2.664,0.7192,9.0084,5.3882,0.2772,1.535
2026-07-20 14:34:48,23.83,800.6,81.81,16.4,17.6,31.94,25.91,2.11,26.17,SUBJ_002,73.1,10.0,40.02,0.7726,97.4,828.53,2.1507,2.196,0.8012,7.1186,4.2548,0.2693,1.4905
2026-07-20 14:43:29,23.42,947.7,77.48,17.7,13.79,31.11,28.75,4.69,26.61,SUBJ_002,72.9,10.0,42.62,0.766,97.4,831.17,1.8799,1.704,1.0954,8.53,5.1025,0.2551,1.3455
2026-07-20 14:49:26,23.88,769.8,84.69,28.4,15.3,40.14,29.31,4.1,30.96,SUBJ_002,73.0,10.0,40.09,0.7699,97.5,824.34,2.1141,2.256,0.7396,8.8244,5.2777,0.2788,1.266
2026-07-20 14:52:23,23.9,742.6,84.28,16.1,16.72,30.25,33.62,0.0,28.69,SUBJ_002,72.8,10.0,40.51,0.7417,97.4,824.52,2.0388,2.28,0.6852,10.9786,6.5703,0.2775,1.3855
2026-07-20 15:00:38,23.29,959.2,82.6,17.6,17.34,29.69,31.48,1.27,27.97,SUBJ_002,72.8,10.0,43.78,0.7124,97.4,831.52,1.724,1.548,1.1184,9.9052,5.9266,0.2719,1.2385
2026-07-20 15:05:05,23.16,786.3,79.09,18.7,13.28,32.35,30.88,0.0,26.14,SUBJ_002,72.4,10.0,46.27,0.6959,97.4,829.52,1.3851,1.392,0.7726,9.5982,5.7431,0.2604,1.291
2026-07-20 15:14:17,23.53,994.9,79.33,15.0,14.71,35.89,23.54,13.23,25.42,SUBJ_002,71.8,10.0,40.83,0.7379,97.4,838.88,2.1243,1.836,1.1898,5.9287,3.5413,0.2612,1.438
2026-07-20 15:22:28,23.29,784.9,60.02,22.0,11.88,27.09,23.03,3.27,24.03,SUBJ_002,71.3,10.0,44.83,0.7598,97.5,842.0,1.6267,1.548,0.7698,5.635,3.369,0.1976,1.4355
2026-07-20 15:28:51,23.52,775.8,84.49,17.9,15.17,34.4,35.54,0.0,26.05,SUBJ_002,71.0,10.0,43.62,0.7324,97.4,843.68,1.6691,1.824,0.7516,11.939,7.1465,0.2782,1.4035
2026-07-20 15:31:29,23.09,824.6,72.1,20.6,15.25,36.53,25.39,1.74,25.5,SUBJ_002,70.9,10.0,46.2,0.7368,97.5,847.39,1.4406,1.308,0.8492,6.8392,4.0891,0.2374,1.302
2026-07-20 15:33:48,23.12,723.2,81.16,18.3,12.16,28.7,32.32,2.16,27.72,SUBJ_002,70.6,10.0,47.21,0.7236,97.4,848.92,1.2452,1.344,0.6464,10.3223,6.1772,0.2672,1.2
2026-07-20 15:36:06,23.66,678.3,68.78,26.6,11.68,34.9,28.49,0.48,27.47,SUBJ_002,70.7,10.0,42.88,0.7237,97.4,827.58,1.7892,1.992,0.5566,8.3826,5.0158,0.2264,1.3745
2026-07-20 15:42:38,22.97,727.1,59.64,22.5,12.71,35.19,21.86,3.84,25.6,SUBJ_002,70.1,14.88,47.91,0.7751,97.4,825.17,1.2479,1.164,0.6542,5.0493,3.0176,0.1963,1.261
2026-07-20 15:45:26,22.75,667.0,73.28,9.0,15.35,30.09,25.85,1.98,25.47,SUBJ_002,70.1,12.24,50.37,0.7651,97.4,842.48,0.8936,0.9,0.534,7.0716,4.2283,0.2413,1.2015
2026-07-20 15:53:12,22.56,663.9,63.54,17.3,14.49,28.16,27.66,3.15,25.05,SUBJ_002,69.6,12.23,52.32,0.7442,97.4,895.14,0.672,0.672,0.5278,7.9571,4.7615,0.2092,1.1655
2026-07-20 16:01:10,22.14,681.3,68.98,9.3,12.09,28.95,20.53,4.75,27.13,SUBJ_002,68.9,26.69,55.03,0.7553,97.4,897.82,0.3713,0.168,0.5626,4.403,2.628,0.2271,0.9355
2026-07-20 16:05:31,23.7,720.5,55.91,32.9,8.65,33.07,28.77,0.4,28.98,SUBJ_002,69.2,10.0,42.44,0.7698,97.5,865.1,1.8784,2.04,0.641,8.4968,5.0869,0.1841,1.311
2026-07-20 16:13:54,22.23,661.9,71.05,15.2,11.71,24.59,27.43,2.52,28.43,SUBJ_002,69.0,16.24,54.98,0.7498,97.4,894.79,0.3394,0.276,0.5238,7.8571,4.7,0.2339,0.8975
2026-07-20 16:20:06,22.88,777.2,58.34,20.0,10.72,33.87,26.31,5.01,30.4,SUBJ_002,69.1,10.0,48.67,0.724,97.5,879.51,1.1561,1.056,0.7544,7.2717,4.3513,0.1921,0.994
2026-07-20 16:23:50,22.46,699.9,56.99,14.7,10.24,29.38,22.56,3.65,27.06,SUBJ_002,68.6,20.24,52.54,0.7158,97.5,880.22,0.6888,0.552,0.5998,5.394,3.225,0.1876,1.035
2026-07-20 16:32:45,21.85,681.6,57.63,18.0,10.47,29.95,23.96,0.0,25.74,SUBJ_002,68.3,23.85,56.69,0.6917,97.5,872.55,0.1813,0.0,0.5632,6.0953,3.6456,0.1897,0.963
2026-07-20 16:42:45,22.92,586.8,50.52,21.7,13.26,28.46,26.21,0.08,27.9,SUBJ_002,68.5,11.2,49.98,0.7017,97.5,905.2,0.9599,1.104,0.3736,7.206,4.3135,0.1663,1.131
2026-07-20 16:48:11,21.98,627.0,60.77,25.9,12.9,26.37,27.48,2.97,30.16,SUBJ_002,68.3,19.5,57.38,0.6526,97.5,866.41,0.0628,0.0,0.454,7.8615,4.7048,0.2001,0.742
2026-07-20 16:50:51,22.3,633.7,34.62,25.8,9.22,28.76,21.07,3.54,33.31,SUBJ_002,68.0,25.46,54.67,0.6497,97.5,891.43,0.4657,0.36,0.4674,4.6042,2.7556,0.114,0.6745
2026-07-20 16:54:28,22.59,609.4,35.47,24.7,7.68,23.59,20.05,2.63,34.36,SUBJ_002,67.6,23.74,52.31,0.679,97.6,848.97,0.7428,0.708,0.4188,4.0959,2.4505,0.1168,0.709
2026-07-20 16:59:07,21.5,520.5,63.79,12.8,14.24,30.05,24.08,7.96,35.54,SUBJ_002,67.1,25.32,57.9,0.6691,97.6,860.67,-0.0218,0.0,0.241,6.1676,3.6878,0.21,0.473
2026-07-20 17:02:09,22.2,571.6,56.56,27.4,11.87,29.42,31.63,0.91,38.91,SUBJ_002,66.8,12.15,56.56,0.6331,97.5,893.77,0.1363,0.24,0.3432,9.9281,5.9456,0.1862,0.3645
2026-07-20 17:07:12,21.73,499.0,56.87,20.2,10.67,22.81,25.66,11.33,38.79,SUBJ_002,66.6,23.54,58.32,0.6507,97.5,905.59,-0.0712,0.0,0.198,6.9437,4.1549,0.1872,0.3105
2026-07-20 17:11:12,21.76,549.9,66.15,22.8,11.6,30.4,28.83,3.4,39.61,SUBJ_002,66.7,18.37,58.03,0.6584,97.5,919.42,-0.0529,0.0,0.2998,8.5473,5.1151,0.2178,0.2695
2026-07-20 17:15:07,21.94,569.1,52.71,18.0,10.99,27.65,20.72,1.33,39.71,SUBJ_002,66.3,29.73,57.4,0.6745,97.6,887.69,0.0869,0.0,0.3382,4.4654,2.6687,0.1735,0.2645
2026-07-20 17:22:31,22.19,756.5,63.94,22.7,12.3,27.66,31.22,0.0,41.18,SUBJ_002,66.4,10.64,55.0,0.6383,97.5,899.43,0.3632,0.228,0.713,9.7379,5.8299,0.2105,0.248
2026-07-20 17:26:29,22.38,653.7,41.07,28.0,8.7,25.76,20.45,6.22,41.22,SUBJ_002,66.4,25.03,53.67,0.6555,97.5,892.54,0.5803,0.456,0.5074,4.3071,2.5761,0.1352,0.303
2026-07-20 17:32:06,22.37,499.9,20.65,28.3,7.49,26.11,28.03,3.87,39.36,SUBJ_002,66.6,16.82,55.98,0.6306,97.5,912.19,0.2698,0.444,0.1998,8.0563,4.8296,0.068,0.393
2026-07-20 17:37:31,21.92,558.1,43.5,31.9,9.23,35.16,28.65,0.69,41.58,SUBJ_002,67.1,19.09,58.32,0.6001,97.5,912.99,-0.0401,0.0,0.3162,8.412,5.0385,0.1432,0.171
2026-07-20 17:44:54,21.97,531.9,40.79,29.7,8.96,29.01,24.61,3.24,41.47,SUBJ_002,66.8,25.04,58.23,0.6373,97.5,907.71,-0.0151,0.0,0.2638,6.3866,3.8238,0.1343,0.1765
2026-07-20 17:48:08,21.89,516.0,39.03,33.1,7.85,29.52,24.96,2.8,42.88,SUBJ_002,66.5,24.78,58.42,0.6165,97.5,879.92,-0.04,0.0,0.232,6.5581,3.927,0.1285,0.106
2026-07-20 17:56:36,21.53,493.5,33.53,17.4,11.09,18.91,18.47,1.74,40.64,SUBJ_002,66.4,34.15,58.13,0.6491,97.5,896.14,0.0245,0.0,0.187,3.3021,1.9745,0.1104,0.218
2026-07-20 17:58:39,21.23,477.0,31.37,17.5,7.85,22.62,20.23,1.2,41.11,SUBJ_002,66.1,31.94,58.45,0.6737,97.4,898.38,-0.0212,0.0,0.154,4.1777,2.5004,0.1033,0.1945
2026-07-20 18:04:44,22.27,515.2,39.34,26.5,9.7,40.07,25.74,0.47,42.64,SUBJ_002,66.0,20.54,56.2,0.6559,97.5,897.46,0.2206,0.324,0.2304,6.9487,4.1613,0.1295,0.199
2026-07-20 18:08:42,21.59,524.2,38.49,25.5,7.69,27.92,15.01,0.23,46.73,SUBJ_002,65.4,38.49,57.51,0.6785,97.5,907.94,0.1123,0.0,0.2484,1.582,0.9415,0.1267,0.0865
2026-07-20 18:17:36,21.59,502.6,38.07,29.3,8.89,33.58,22.85,1.19,50.45,SUBJ_002,65.6,27.86,58.36,0.6929,97.5,890.39,-0.0266,0.0,0.2052,5.5011,3.2931,0.1253,0.2725
2026-07-20 18:20:59,21.33,464.4,47.46,26.7,12.13,32.44,29.08,2.99,47.82,SUBJ_002,66.0,19.42,59.05,0.6553,97.5,927.79,-0.1633,0.0,0.1288,8.6349,5.1715,0.1562,0.141
2026-07-20 18:27:01,20.41,429.4,45.42,15.8,11.82,20.49,17.79,2.5,50.98,SUBJ_002,65.7,35.49,58.39,0.6882,97.5,900.27,-0.0459,0.0,0.0588,2.9858,1.7824,0.1495,0.299
2026-07-20 18:30:26,21.93,528.4,37.84,26.4,8.55,28.93,23.58,0.25,50.19,SUBJ_002,65.4,26.58,58.22,0.6747,97.5,919.31,-0.0048,0.0,0.2568,5.8657,3.5118,0.1246,0.2595
2026-07-20 18:38:33,20.76,415.8,49.25,12.4,10.58,29.85,20.22,2.6,51.75,SUBJ_002,64.8,32.18,58.65,0.6897,97.5,933.92,-0.0976,0.0,0.0316,4.2085,2.5152,0.1621,0.3375
2026-07-20 18:42:22,21.0,566.2,37.35,20.9,8.91,28.31,18.18,5.66,53.98,SUBJ_002,64.9,33.65,57.46,0.6911,97.5,932.68,0.1195,0.0,0.3324,3.1647,1.8913,0.123,0.449
2026-07-20 18:45:27,21.55,474.6,44.54,14.7,10.03,22.78,26.15,5.41,54.9,SUBJ_002,65.3,23.42,58.76,0.666,97.6,939.01,-0.1087,0.0,0.1492,7.1641,4.2895,0.1466,0.495
2026-07-20 18:54:35,20.81,464.9,63.56,23.6,14.69,27.4,26.62,7.63,55.65,SUBJ_002,64.8,22.41,58.57,0.6624,97.6,920.77,-0.1276,0.0,0.1298,7.4371,4.4496,0.2093,0.5325
2026-07-20 19:02:35,20.16,443.9,53.59,25.0,10.63,28.5,25.98,3.68,56.59,SUBJ_002,64.6,23.77,58.84,0.6693,97.6,898.9,-0.1447,0.0,0.0878,7.0972,4.2476,0.1764,0.5795
2026-07-20 19:05:30,21.34,435.7,52.53,27.8,9.33,34.32,23.13,5.73,60.48,SUBJ_002,64.8,27.82,58.68,0.6577,97.6,914.8,-0.1143,0.0,0.0714,5.6701,3.3915,0.1729,0.774
2026-07-20 19:11:30,19.8,457.2,26.36,14.4,7.91,28.69,17.46,3.4,61.14,SUBJ_002,64.6,36.09,58.46,0.6763,97.6,957.63,-0.0064,0.0,0.1144,2.7827,1.6644,0.0868,0.807
2026-07-20 19:16:21,20.51,584.8,55.04,21.5,14.68,37.21,31.11,3.86,62.4,SUBJ_002,65.0,15.07,58.13,0.6522,97.6,939.66,-0.0418,0.0,0.3696,9.6651,5.788,0.1812,0.87
2026-07-20 19:25:52,20.6,463.9,70.71,25.2,13.24,32.23,31.88,2.61,62.35,SUBJ_002,65.3,14.93,58.91,0.6025,97.6,931.81,-0.2039,0.0,0.1278,10.0814,6.0347,0.2328,0.8675
2026-07-20 19:31:03,19.07,657.4,62.11,16.9,16.49,27.43,24.74,17.22,65.02,SUBJ_002,65.6,22.91,56.87,0.6204,97.6,934.03,0.1399,0.002,0.5148,6.4942,3.8841,0.2045,1.001
2026-07-20 19:40:05,20.73,520.1,48.84,31.5,11.5,33.91,24.28,1.81,67.23,SUBJ_002,65.2,24.71,57.72,0.6274,97.5,896.63,-0.0252,0.223,0.2402,6.2377,3.7328,0.1608,1.1115
2026-07-20 19:45:04,19.48,419.9,75.3,14.9,15.13,19.51,24.88,3.53,72.4,SUBJ_002,65.3,22.75,57.11,0.6644,97.5,915.22,-0.159,0.74,0.0398,6.5906,3.9393,0.2479,1.37
2026-07-20 19:50:53,19.42,370.7,60.04,11.9,10.11,27.94,24.67,6.31,74.5,SUBJ_002,65.4,23.32,57.31,0.6881,97.5,932.5,-0.2175,0.95,-0.0586,6.4551,3.861,0.1977,1.475
2026-07-20 19:55:34,19.81,378.4,70.67,22.8,12.13,25.93,27.84,3.41,75.43,SUBJ_002,65.5,18.3,57.16,0.7112,97.5,939.95,-0.2531,1.043,-0.0432,8.0613,4.8227,0.2327,1.5215
2026-07-20 20:04:15,18.92,361.8,82.18,18.2,13.35,29.13,28.42,10.57,74.42,SUBJ_002,65.5,17.7,57.36,0.7194,97.5,961.39,-0.2821,0.942,-0.0764,8.3744,5.0082,0.2706,1.471
2026-07-20 20:06:29,20.02,351.6,94.31,16.1,16.71,31.23,32.44,1.37,76.62,SUBJ_002,65.7,11.27,57.15,0.7118,97.5,934.56,-0.3523,1.162,-0.0968,10.4086,6.2263,0.3105,1.581
2026-07-20 20:08:59,19.77,412.4,84.7,28.6,11.4,35.02,23.68,4.35,78.74,SUBJ_002,65.5,22.35,55.64,0.7392,97.6,897.02,-0.1512,1.374,0.0248,6.0094,3.5887,0.2788,1.687
2026-07-20 20:16:48,19.59,412.3,79.7,16.9,14.38,36.17,28.51,0.49,81.93,SUBJ_002,65.6,14.81,55.5,0.736,97.6,891.79,-0.2203,1.693,0.0246,8.4144,5.0327,0.2624,1.8465
2026-07-20 20:22:39,19.65,392.1,93.5,20.4,15.14,23.8,26.47,0.74,82.51,SUBJ_002,65.7,17.34,55.14,0.7498,97.5,906.27,-0.2164,1.751,-0.0158,7.422,4.4345,0.3078,1.8755
2026-07-20 20:31:51,19.88,400.3,88.98,27.8,17.89,36.43,30.55,0.7,83.06,SUBJ_002,65.6,11.54,55.39,0.7391,97.5,888.14,-0.2644,1.806,0.0006,9.453,5.654,0.2929,1.903
2026-07-20 20:37:54,19.41,352.6,82.47,22.4,16.18,33.47,33.71,10.54,80.84,SUBJ_002,65.9,10.0,56.6,0.747,97.5,910.27,-0.3692,1.584,-0.0948,11.0199,6.5955,0.2715,1.792
2026-07-20 20:46:44,19.18,358.5,104.28,12.9,18.37,35.74,34.76,6.41,81.45,SUBJ_002,65.8,10.0,56.16,0.763,97.5,922.33,-0.3768,1.645,-0.083,11.5886,6.9323,0.3433,1.8225
2026-07-20 20:54:56,19.45,408.9,102.63,24.5,18.67,43.2,29.98,1.63,83.63,SUBJ_002,66.1,11.73,54.93,0.7403,97.5,915.09,-0.2455,1.863,0.0178,9.1953,5.4966,0.3379,1.9315
2026-07-20 21:03:12,18.85,352.5,91.68,11.5,13.42,26.99,27.99,1.56,83.51,SUBJ_002,65.7,15.41,55.42,0.7662,97.5,889.96,-0.2876,1.851,-0.095,8.1784,4.8887,0.3018,1.9255
2026-07-20 21:10:47,18.89,314.2,75.39,15.9,13.65,30.66,25.34,0.88,85.37,SUBJ_002,65.5,19.34,55.4,0.7967,97.5,919.77,-0.2977,2.037,-0.1716,6.8208,4.0774,0.2482,2.0185
2026-07-20 21:20:41,18.91,329.9,91.49,28.2,17.63,38.57,34.31,0.17,86.28,SUBJ_002,65.5,10.0,55.59,0.7847,97.4,928.83,-0.4061,2.128,-0.1402,11.338,6.7845,0.3012,2.064
2026-07-20 21:29:59,19.1,601.1,105.82,25.2,18.16,39.25,35.12,0.0,88.17,SUBJ_002,66.1,10.0,52.87,0.7924,97.4,925.86,-0.0787,2.317,0.4022,11.7716,7.0418,0.3484,2.1585
2026-07-20 21:34:14,19.01,404.7,91.73,23.6,15.45,38.21,33.56,1.37,90.0,SUBJ_002,66.7,10.0,54.18,0.7879,97.4,923.8,-0.3019,2.5,0.0094,10.9635,6.5597,0.302,2.25
2026-07-20 21:36:15,19.42,360.8,104.65,25.2,14.68,34.01,26.87,0.81,90.0,SUBJ_002,66.9,14.59,53.75,0.8299,97.4,885.83,-0.2613,2.5,-0.0784,7.6443,4.5657,0.3445,2.25
2026-07-20 21:43:17,18.8,319.4,109.91,15.9,17.14,29.88,31.03,1.89,90.0,SUBJ_002,66.4,10.0,54.35,0.8198,97.4,889.31,-0.3724,2.5,-0.1612,9.7348,5.8189,0.3618,2.25
2026-07-20 21:51:04,18.36,300.0,87.22,13.4,15.31,31.9,23.72,4.03,89.03,SUBJ_002,66.0,20.34,54.45,0.8689,97.4,892.65,-0.2923,2.403,-0.2,6.0344,3.6032,0.2871,2.2015
2026-07-20 22:00:48,19.03,397.9,107.51,16.5,20.35,33.48,36.08,2.65,90.0,SUBJ_002,66.5,10.0,54.19,0.8316,97.4,918.29,-0.3464,2.5,-0.0042,12.255,7.3315,0.3539,2.25
2026-07-20 22:08:40,18.22,300.0,108.69,11.7,16.81,22.32,30.55,7.05,90.0,SUBJ_002,66.5,10.05,54.49,0.8704,97.4,918.33,-0.3898,2.5,-0.2,9.4924,5.6737,0.3578,2.25
2026-07-20 22:16:54,19.1,321.3,95.52,21.4,17.71,38.12,31.03,12.19,90.0,SUBJ_002,66.2,10.0,54.57,0.8856,97.4,941.13,-0.37,2.5,-0.1574,9.706,5.8045,0.3145,2.25
2026-07-20 22:25:22,17.74,346.0,96.56,15.3,15.82,28.54,26.38,1.51,90.0,SUBJ_002,66.0,15.63,53.96,0.8908,97.5,899.05,-0.2728,2.5,-0.108,7.3831,4.4106,0.3179,2.25
2026-07-20 22:34:57,17.91,300.0,99.83,14.8,17.7,37.28,32.97,0.62,90.0,SUBJ_002,66.4,10.0,54.84,0.8764,97.5,924.56,-0.4243,2.5,-0.2,10.6847,6.3908,0.3287,2.25
2026-07-20 22:44:50,18.25,300.0,112.42,24.8,17.98,39.05,35.23,0.7,90.0,SUBJ_002,66.6,10.0,54.83,0.873,97.5,868.44,-0.4566,2.5,-0.2,11.8398,7.0814,0.3701,2.25
2026-07-20 22:48:44,17.45,300.0,108.72,13.4,16.64,33.87,28.49,0.52,90.0,SUBJ_002,66.4,12.9,54.31,0.8836,97.5,928.09,-0.3604,2.5,-0.2,8.4624,5.0557,0.3579,2.25
2026-07-20 22:58:10,18.75,361.2,115.14,21.1,18.15,33.72,31.66,3.45,90.0,SUBJ_002,66.7,10.0,53.98,0.9063,97.5,888.87,-0.3291,2.5,-0.0776,10.0603,6.0131,0.3791,2.25
2026-07-20 23:05:46,18.13,410.8,110.44,18.0,19.31,37.2,30.67,0.75,90.0,SUBJ_002,67.1,10.0,53.58,0.8759,97.4,890.36,-0.253,2.5,0.0216,9.5559,5.7114,0.3636,2.25
2026-07-20 23:13:32,17.59,454.6,128.66,8.7,19.63,37.04,27.85,2.62,90.0,SUBJ_002,67.3,11.61,52.68,0.8869,97.5,897.07,-0.158,2.5,0.1092,8.1823,4.8837,0.4236,2.25
2026-07-20 23:20:37,17.69,300.0,99.46,6.6,17.05,33.25,29.09,2.04,90.0,SUBJ_002,67.3,12.3,54.51,0.8999,97.5,876.55,-0.369,2.5,-0.2,8.7439,5.2265,0.3274,2.25
2026-07-20 23:23:42,18.66,308.9,123.17,23.3,22.95,40.02,34.96,3.15,89.09,SUBJ_002,67.3,10.0,54.74,0.8955,97.5,880.89,-0.4416,2.409,-0.1822,11.7263,7.0112,0.4055,2.2045
2026-07-20 23:32:53,17.93,300.9,117.92,17.8,21.3,37.3,37.74,1.22,90.0,SUBJ_002,67.5,10.0,54.94,0.8727,97.5,904.64,-0.4913,2.5,-0.1982,13.1058,7.8399,0.3882,2.25
2026-07-20 23:34:56,18.08,361.9,93.89,19.7,18.15,36.32,30.1,5.63,90.0,SUBJ_002,67.5,10.36,54.19,0.8722,97.4,868.24,-0.306,2.5,-0.0762,9.2378,5.5239,0.3091,2.25
2026-07-20 23:43:52,17.58,300.0,111.46,9.4,18.3,30.96,35.09,4.81,90.0,SUBJ_002,67.8,10.0,54.83,0.8372,97.4,867.18,-0.4546,2.5,-0.2,11.7679,7.0385,0.3669,2.25
2026-07-20 23:50:28,18.51,336.1,104.9,17.9,16.24,31.98,32.27,4.04,90.0,SUBJ_002,67.9,10.0,54.41,0.8326,97.4,863.97,-0.3692,2.5,-0.1278,10.3448,6.1859,0.3453,2.25
2026-07-20 23:57:51,17.44,375.7,116.46,8.3,21.28,34.67,34.48,3.33,90.0,SUBJ_002,68.0,10.0,54.09,0.8171,97.4,881.32,-0.3513,2.5,-0.0486,11.4729,6.8605,0.3834,2.25
2026-07-21 00:03:52,18.08,300.0,117.54,23.8,22.0,40.87,31.39,4.62,90.0,SUBJ_002,68.1,10.0,54.41,0.8268,97.4,883.48,-0.4018,2.5,-0.2,9.9301,5.9345,0.387,2.25
2026-07-21 00:10:32,18.85,347.2,110.06,19.8,18.87,42.92,38.67,1.37,90.0,SUBJ_002,68.0,10.0,54.78,0.8284,97.4,893.24,-0.4467,2.5,-0.1056,13.5551,8.1111,0.3623,2.25
2026-07-21 00:19:27,17.91,300.0,105.42,9.6,18.53,28.92,29.71,8.42,90.0,SUBJ_002,67.7,11.29,54.47,0.8451,97.4,896.51,-0.3778,2.5,-0.2,9.0658,5.4184,0.3471,2.25
2026-07-21 00:22:00,18.49,405.2,84.67,26.0,12.8,34.86,30.38,6.12,90.0,SUBJ_002,67.6,10.0,54.02,0.8313,97.4,884.66,-0.2559,2.5,0.0104,9.3593,5.5987,0.2787,2.25
2026-07-21 00:24:25,18.56,352.5,111.9,22.1,20.3,33.62,38.6,0.0,90.0,SUBJ_002,67.5,10.0,54.7,0.8193,97.4,900.21,-0.4391,2.5,-0.095,13.5238,8.0919,0.3684,2.25
2026-07-21 00:31:36,17.21,300.0,118.02,7.3,20.76,31.21,31.51,3.42,89.19,SUBJ_002,67.3,10.0,54.58,0.8451,97.4,885.85,-0.4035,2.419,-0.2,9.991,5.971,0.3885,2.2095
2026-07-21 00:40:29,18.39,300.0,116.31,3.9,18.34,26.61,27.39,6.91,90.0,SUBJ_002,67.5,14.24,54.09,0.8616,97.4,866.95,-0.3447,2.5,-0.2,7.9276,4.7333,0.3829,2.25
2026-07-21 00:44:11,18.07,369.8,106.06,26.9,21.45,36.53,40.5,6.2,90.0,SUBJ_002,67.2,10.0,54.82,0.8692,97.4,901.69,-0.4446,2.5,-0.0604,14.4621,8.6561,0.3492,2.25
2026-07-21 00:46:50,18.85,503.5,110.94,23.8,16.36,41.0,27.87,4.42,89.63,SUBJ_002,66.5,11.6,52.66,0.8919,97.4,870.15,-0.0972,2.463,0.207,8.1569,4.8719,0.3652,2.2315
2026-07-21 00:51:18,17.75,300.0,110.3,17.1,19.42,31.88,30.43,3.03,90.0,SUBJ_002,66.9,10.18,54.45,0.9076,97.4,909.5,-0.3881,2.5,-0.2,9.4356,5.6393,0.3631,2.25
2026-07-21 00:57:44,19.29,339.6,109.77,23.7,20.77,40.79,33.07,0.0,90.0,SUBJ_002,67.1,10.0,54.37,0.8796,97.4,899.86,-0.3763,2.5,-0.1208,10.7545,6.4308,0.3614,2.25
2026-07-21 01:02:12,18.22,307.4,106.05,16.5,22.96,35.7,31.81,0.63,90.0,SUBJ_002,66.9,10.0,54.58,0.8626,97.4,886.42,-0.3985,2.5,-0.1852,10.1171,6.049,0.3491,2.25
2026-07-21 01:09:28,17.63,352.0,94.0,17.2,16.96,25.56,25.72,6.85,90.0,SUBJ_002,66.9,16.54,53.9,0.8821,97.4,894.25,-0.2559,2.5,-0.096,7.048,4.21,0.3095,2.25
2026-07-21 01:11:53,18.4,326.6,93.74,22.5,16.27,34.68,27.47,7.33,90.0,SUBJ_002,66.6,14.4,54.25,0.9079,97.4,894.54,-0.3126,2.5,-0.1468,7.9225,4.7347,0.3086,2.25
2026-07-21 01:20:17,18.31,300.0,107.79,12.9,19.11,30.5,34.13,0.81,90.0,SUBJ_002,66.9,10.0,54.81,0.9031,97.4,884.21,-0.4409,2.5,-0.2,11.2806,6.7468,0.3549,2.25
2026-07-21 01:25:43,18.22,307.4,111.74,15.2,17.04,41.59,35.7,2.04,90.0,SUBJ_002,66.8,10.0,54.82,0.8714,97.4,883.54,-0.4541,2.5,-0.1852,12.0735,7.2217,0.3679,2.25
2026-07-21 01:30:36,18.88,409.7,87.2,22.4,14.19,37.9,29.53,2.42,90.0,SUBJ_002,66.6,10.8,53.87,0.8924,97.3,903.52,-0.2381,2.5,0.0194,8.9394,5.3462,0.2871,2.25
2026-07-21 01:33:57,18.01,304.6,103.63,11.2,14.41,37.74,25.55,3.09,90.0,SUBJ_002,66.4,17.05,54.1,0.9252,97.3,895.75,-0.3127,2.5,-0.1908,6.9823,4.1686,0.3412,2.25
2026-07-21 01:40:10,17.57,306.2,98.16,18.2,15.72,23.62,28.6,0.95,90.0,SUBJ_002,66.0,12.94,54.44,0.9255,97.3,902.21,-0.3542,2.5,-0.1876,8.4963,5.0782,0.3232,2.25
2026-07-21 01:43:46,18.83,452.7,105.32,23.0,16.94,36.71,27.7,4.92,90.0,SUBJ_002,66.2,12.42,53.07,0.9415,97.3,898.21,-0.1582,2.5,0.1054,8.0606,4.8153,0.3467,2.25
2026-07-21 01:49:20,19.06,452.2,119.73,24.1,22.48,38.41,41.77,2.06,90.0,SUBJ_002,66.9,10.0,54.04,0.8905,97.4,896.04,-0.3597,2.5,0.1044,15.1245,9.0507,0.3942,2.25
2026-07-21 01:56:40,18.69,362.3,107.35,6.3,18.19,29.8,28.55,0.89,90.0,SUBJ_002,66.9,12.17,53.84,0.9125,97.4,908.68,-0.2834,2.5,-0.0754,8.4897,5.0724,0.3534,2.25
2026-07-21 02:05:35,18.05,317.3,91.58,18.4,13.04,26.77,24.28,1.23,90.0,SUBJ_002,66.9,18.97,54.09,0.9586,97.4,862.14,-0.2787,2.5,-0.1654,6.3232,3.7756,0.3015,2.25
2026-07-21 02:09:54,18.9,356.4,88.14,11.3,16.68,35.54,33.91,1.41,90.0,SUBJ_002,66.9,10.0,54.66,0.9361,97.4,896.08,-0.3673,2.5,-0.0872,11.1313,6.6611,0.2902,2.25
2026-07-21 02:14:23,18.59,384.3,104.45,7.4,18.41,41.87,30.25,22.35,90.0,SUBJ_002,66.8,10.0,53.85,0.9293,97.4,896.01,-0.2801,2.5,-0.0314,9.3339,5.5794,0.3439,2.25
2026-07-21 02:20:19,19.09,437.5,89.63,22.0,12.74,39.87,31.89,1.91,90.0,SUBJ_002,67.1,10.0,53.81,0.913,97.4,887.5,-0.2371,2.5,0.075,10.1243,6.0566,0.2951,2.25
2026-07-21 02:23:50,18.38,373.5,94.11,6.8,17.13,30.55,30.59,3.4,90.0,SUBJ_002,66.9,10.0,54.14,0.9214,97.4,917.15,-0.2985,2.5,-0.053,9.4832,5.6711,0.3098,2.25
2026-07-21 02:31:05,18.16,300.0,102.99,8.2,18.64,27.37,32.39,0.0,90.0,SUBJ_002,67.2,10.0,54.74,0.8731,97.4,886.62,-0.4161,2.5,-0.2,10.401,6.22,0.3391,2.25
2026-07-21 02:40:04,18.42,424.6,95.81,20.1,18.64,32.51,28.72,5.69,90.0,SUBJ_002,67.6,11.54,53.54,0.8716,97.4,899.23,-0.2079,2.5,0.0492,8.5516,5.1118,0.3154,2.25
2026-07-21 02:47:46,19.18,421.1,99.89,12.5,16.64,37.79,33.12,0.02,90.0,SUBJ_002,67.6,10.0,53.88,0.9004,97.4,864.66,-0.2751,2.5,0.0422,10.7598,6.4359,0.3289,2.25
2026-07-21 02:55:08,18.6,367.7,88.16,11.9,17.21,32.66,27.21,3.39,89.46,SUBJ_002,67.2,14.61,54.1,0.9069,97.4,871.59,-0.2575,2.446,-0.0646,7.7813,4.6512,0.2902,2.223
2026-07-21 02:58:15,19.31,381.4,83.98,20.5,16.57,43.7,30.48,2.74,90.0,SUBJ_002,67.3,10.0,54.23,0.9115,97.4,889.58,-0.2871,2.5,-0.0372,9.408,5.628,0.2765,2.25
2026-07-21 03:02:20,18.94,321.3,77.57,17.0,17.8,35.23,29.96,8.77,90.0,SUBJ_002,67.5,11.4,54.78,0.8797,97.4,895.21,-0.3548,2.5,-0.1574,9.1351,5.4656,0.2554,2.25
2026-07-21 03:08:50,19.79,359.9,80.2,18.8,15.26,37.71,31.0,0.2,87.79,SUBJ_002,67.4,10.15,54.95,0.8932,97.4,888.98,-0.3214,2.279,-0.0802,9.6604,5.7802,0.264,2.1395
2026-07-21 03:15:20,19.79,358.5,91.81,18.5,17.57,34.97,34.75,5.12,89.4,SUBJ_002,67.5,10.0,54.77,0.8702,97.4,867.16,-0.3766,2.44,-0.083,11.5586,6.9168,0.3023,2.22
2026-07-21 03:22:56,18.33,593.2,83.34,12.9,16.28,26.19,28.7,4.26,90.0,SUBJ_002,67.7,10.04,52.39,0.8796,97.4,881.32,0.0031,2.5,0.3864,8.5167,5.0933,0.2744,2.25
2026-07-21 03:29:33,19.36,324.3,93.61,20.2,15.74,37.25,25.13,3.3,90.0,SUBJ_002,67.4,17.67,54.07,0.9047,97.4,877.9,-0.2821,2.5,-0.1514,6.7522,4.0326,0.3082,2.25
2026-07-21 03:32:47,19.1,356.4,74.18,19.8,13.46,35.48,31.64,2.6,90.0,SUBJ_002,67.4,10.0,54.69,0.9053,97.4,907.22,-0.3349,2.5,-0.0872,9.9684,5.9662,0.2442,2.25
2026-07-21 03:39:44,18.6,338.0,81.73,11.1,14.98,27.28,26.81,0.9,90.0,SUBJ_002,66.9,15.48,54.3,0.8886,97.4,915.41,-0.2889,2.5,-0.124,7.5685,4.5247,0.2691,2.25
2026-07-21 03:47:49,19.74,383.9,77.02,23.3,14.24,32.12,30.73,4.08,89.82,SUBJ_002,67.1,10.0,54.38,0.8913,97.4,886.0,-0.2875,2.482,-0.0322,9.519,5.696,0.2536,2.241
2026-07-21 03:52:28,20.19,474.2,81.61,21.8,14.38,32.74,29.69,0.41,90.0,SUBJ_002,66.8,10.01,53.46,0.8941,97.4,892.89,-0.1598,2.5,0.1484,9.0082,5.3886,0.2687,2.25
2026-07-21 04:01:19,19.9,414.4,66.61,20.3,12.35,36.97,28.38,4.59,86.49,SUBJ_002,66.6,13.91,54.77,0.9123,97.4,928.59,-0.2158,2.149,0.0288,8.3232,4.9806,0.2193,2.0745
2026-07-21 04:10:57,20.05,500.7,64.12,23.0,10.68,33.1,27.24,0.08,84.29,SUBJ_002,66.5,15.28,54.46,0.9515,97.4,890.89,-0.0917,1.929,0.2014,7.7482,4.6361,0.2111,1.9645
2026-07-21 04:20:13,20.35,400.2,59.22,14.2,12.39,33.86,28.68,0.14,84.38,SUBJ_002,66.6,14.47,55.46,0.9377,97.4,888.19,-0.2379,1.938,0.0004,8.4584,5.0632,0.195,1.969
2026-07-21 04:23:45,20.0,668.7,72.96,16.4,13.62,23.8,28.14,0.94,83.42,SUBJ_002,66.7,12.24,53.22,0.9026,97.4,859.0,0.1055,1.842,0.5374,8.2159,4.915,0.2402,1.921
2026-07-21 04:29:33,19.82,469.2,67.56,12.1,14.18,21.86,28.95,2.87,82.82,SUBJ_002,66.8,13.61,55.1,0.927,97.4,884.1,-0.1555,1.782,0.1384,8.6101,5.1526,0.2224,1.891
2026-07-21 04:37:39,20.58,419.3,61.07,20.0,12.51,27.85,25.7,3.48,84.0,SUBJ_002,66.6,18.46,55.09,0.9236,97.5,880.61,-0.1714,1.9,0.0386,6.9721,4.1711,0.2011,1.95
2026-07-21 04:46:13,20.25,539.9,65.95,15.4,12.43,27.96,24.46,2.25,83.41,SUBJ_002,66.7,18.92,54.06,0.9062,97.5,889.65,-0.003,1.841,0.2798,6.3619,3.8039,0.2171,1.9205
2026-07-21 04:56:08,19.93,373.0,78.68,12.1,13.34,41.93,26.1,2.8,82.72,SUBJ_002,66.5,18.37,55.47,0.9131,97.5,917.5,-0.235,1.772,-0.054,7.2074,4.3087,0.259,1.886
2026-07-21 05:03:03,19.94,492.8,47.97,14.1,12.59,26.77,20.69,2.01,80.89,SUBJ_002,66.1,25.87,54.91,0.9139,97.5,920.58,-0.0081,1.589,0.1856,4.4409,2.655,0.1579,1.7945
2026-07-21 05:05:55,20.15,460.8,84.38,12.7,14.51,33.23,29.3,3.52,77.35,SUBJ_002,65.9,14.46,56.02,0.8715,97.5,916.16,-0.171,1.235,0.1216,8.8188,5.2744,0.2778,1.6175
2026-07-21 05:07:59,20.91,469.6,55.89,18.0,13.12,29.28,25.08,6.64,77.36,SUBJ_002,65.6,20.91,56.05,0.8424,97.5,948.82,-0.0997,1.236,0.1392,6.6518,3.9799,0.184,1.618
2026-07-21 05:10:16,20.5,409.5,72.56,9.2,15.15,23.44,26.6,1.65,74.45,SUBJ_002,65.6,19.93,56.97,0.8159,97.5,904.96,-0.1965,0.945,0.019,7.4451,4.4526,0.2389,1.4725
2026-07-21 05:19:35,20.96,581.0,44.78,13.7,10.26,36.06,22.03,4.96,72.55,SUBJ_002,65.7,25.65,56.04,0.8074,97.5,898.15,0.0831,0.755,0.362,5.1046,3.0538,0.1474,1.3775
2026-07-21 05:27:34,21.0,440.7,70.48,20.3,14.48,36.63,25.71,3.31,73.33,SUBJ_002,65.7,21.21,56.9,0.8008,97.5,869.29,-0.1448,0.833,0.0814,6.996,4.1835,0.232,1.4165
2026-07-21 05:37:29,21.29,557.1,53.29,25.0,11.28,35.29,22.6,0.2,72.12,SUBJ_002,65.7,25.04,56.22,0.8224,97.5,922.1,0.0451,0.712,0.3142,5.4066,3.2333,0.1754,1.356
2026-07-21 05:40:18,21.01,420.9,59.39,3.4,12.46,25.55,24.93,3.29,68.23,SUBJ_002,65.8,24.33,58.2,0.8042,97.5,925.76,-0.1585,0.323,0.0418,6.5838,3.9384,0.1955,1.1615
2026-07-21 05:49:17,21.71,494.7,61.67,17.9,11.61,34.53,24.99,4.25,65.69,SUBJ_002,65.7,24.15,58.08,0.7801,97.5,897.21,-0.0671,0.069,0.1894,6.6183,3.9587,0.203,1.0345
2026-07-21 05:56:40,20.9,480.7,50.25,12.5,11.82,33.83,21.87,3.79,65.52,SUBJ_002,65.2,28.96,58.15,0.7618,97.5,946.67,-0.04,0.052,0.1614,5.0355,3.0113,0.1654,1.026
2026-07-21 06:04:11,21.91,483.7,37.98,20.9,8.39,35.44,25.47,3.18,63.99,SUBJ_002,65.2,24.4,58.74,0.7174,97.5,927.14,-0.0877,0.0,0.1674,6.811,4.079,0.125,0.9495
2026-07-21 06:07:18,22.29,613.9,24.4,14.3,10.99,38.49,27.45,5.64,62.4,SUBJ_002,65.5,17.19,55.63,0.6964,97.4,931.28,0.3398,0.348,0.4278,7.7738,4.6594,0.0803,0.957
2026-07-21 06:09:27,21.61,482.2,14.67,23.7,13.64,28.08,21.2,1.85,61.21,SUBJ_002,65.4,30.92,58.77,0.7112,97.5,918.43,-0.0286,0.0,0.1644,4.6293,2.7747,0.0483,0.8105
2026-07-21 06:12:44,21.89,456.6,42.3,15.7,9.94,26.29,26.1,3.41,58.89,SUBJ_002,65.5,23.73,58.94,0.6914,97.5,913.2,-0.1305,0.0,0.1132,7.1346,4.2723,0.1393,0.6945
2026-07-21 06:16:38,21.47,622.1,54.03,10.8,9.82,30.39,17.06,1.39,60.11,SUBJ_002,65.4,34.16,56.64,0.7041,97.5,949.64,0.2054,0.0,0.4442,2.6381,1.572,0.1779,0.7555
2026-07-21 06:22:19,22.35,513.2,36.89,23.1,9.54,40.09,23.52,7.74,60.31,SUBJ_002,65.4,22.73,55.39,0.694,97.5,928.08,0.3306,0.42,0.2264,5.8338,3.4929,0.1214,0.8705
2026-07-21 06:27:38,21.24,480.0,43.99,11.9,8.12,25.2,17.58,5.28,62.25,SUBJ_002,65.3,35.23,57.99,0.732,97.5,911.38,0.0203,0.0,0.16,2.878,1.718,0.1448,0.8625
2026-07-21 06:32:03,21.72,530.7,50.81,12.4,13.24,31.25,24.4,2.17,60.25,SUBJ_002,65.5,25.07,58.06,0.7425,97.5,916.05,-0.0136,0.0,0.2614,6.3016,3.7708,0.1673,0.7625
2026-07-21 06:36:01,21.07,620.0,46.14,12.1,5.87,25.64,16.72,8.08,59.69,SUBJ_002,65.5,34.85,56.76,0.7571,97.5,908.59,0.2076,0.0,0.44,2.4523,1.4621,0.1519,0.7345
2026-07-21 06:40:37,21.78,504.2,44.44,20.0,8.84,19.37,16.79,2.04,57.64,SUBJ_002,64.9,36.07,57.72,0.7653,97.5,934.84,0.0619,0.0,0.2084,2.4839,1.4814,0.1463,0.632
2026-07-21 06:48:19,21.43,517.4,42.9,19.2,8.04,23.5,24.29,0.0,58.81,SUBJ_002,65.3,25.56,58.28,0.7243,97.5,944.04,-0.0287,0.0,0.2348,6.2308,3.7299,0.1412,0.6905
2026-07-21 06:53:47,22.44,650.0,52.18,18.8,12.92,31.71,33.82,6.68,59.79,SUBJ_002,65.8,10.0,54.16,0.6746,97.5,918.62,0.4455,0.528,0.5,11.0144,6.5982,0.1718,0.8715
2026-07-21 06:55:54,21.81,742.6,43.94,18.2,8.88,22.02,22.82,0.45,59.61,SUBJ_002,65.9,25.12,56.33,0.6654,97.5,922.91,0.2738,0.0,0.6852,5.4979,3.2899,0.1447,0.7305
2026-07-21 07:05:20,22.9,675.0,67.16,18.1,12.19,35.51,24.9,3.47,61.23,SUBJ_002,66.3,11.88,49.05,0.6823,97.6,871.67,1.0687,1.08,0.55,6.5843,3.9372,0.2211,1.0815
2026-07-21 07:13:28,22.09,578.9,38.33,20.7,8.45,28.06,22.94,0.0,60.33,SUBJ_002,66.7,25.82,56.99,0.6791,97.6,890.63,0.1584,0.108,0.3578,5.5467,3.3203,0.1262,0.7935
2026-07-21 07:16:32,22.05,696.0,51.98,17.5,9.23,25.98,24.28,2.31,57.56,SUBJ_002,66.9,22.82,56.27,0.6852,97.6,874.87,0.2452,0.06,0.592,6.244,3.736,0.1711,0.643
2026-07-21 07:19:06,22.95,671.8,48.85,29.4,13.31,34.01,29.64,2.02,56.88,SUBJ_002,67.7,10.0,49.36,0.6751,97.6,895.83,1.0475,1.14,0.5436,8.9177,5.3408,0.1608,0.879
2026-07-21 07:23:42,22.5,655.8,48.77,20.7,9.88,30.22,26.09,1.68,57.12,SUBJ_002,67.6,15.58,53.0,0.6706,97.5,918.57,0.6237,0.6,0.5116,7.1425,4.2758,0.1606,0.756
2026-07-21 07:28:45,23.16,676.9,73.59,17.2,10.21,25.32,20.22,0.11,54.62,SUBJ_002,67.8,15.17,46.33,0.7159,97.5,884.78,1.4005,1.392,0.5538,4.2572,2.5396,0.2423,0.829
2026-07-21 07:35:18,22.66,595.1,45.57,6.7,12.74,27.98,25.0,1.97,49.9,SUBJ_002,68.2,15.98,52.09,0.7252,97.5,901.96,0.725,0.792,0.3902,6.5911,3.9456,0.15,0.443
2026-07-21 07:37:29,23.36,685.9,48.98,20.2,10.73,31.83,24.93,0.0,49.71,SUBJ_002,67.9,10.0,45.38,0.758,97.5,877.22,1.5465,1.632,0.5718,6.563,3.928,0.1613,0.6435
2026-07-21 07:47:07,22.36,587.9,68.41,16.7,11.61,24.47,24.27,0.98,48.2,SUBJ_002,67.9,20.01,54.25,0.7628,97.5,877.16,0.4234,0.432,0.3758,6.2718,3.7494,0.2252,0.268
2026-07-21 07:55:14,22.56,829.4,68.7,18.7,10.93,29.39,32.89,5.02,46.79,SUBJ_002,68.3,10.0,51.35,0.6789,97.6,902.25,0.8042,0.672,0.8588,10.5824,6.3357,0.2262,0.2575
2026-07-21 07:59:12,23.01,654.3,56.54,12.0,10.42,34.37,23.38,0.6,45.08,SUBJ_002,68.1,13.23,48.33,0.7075,97.5,895.04,1.1756,1.212,0.5086,5.8031,3.4705,0.1861,0.307
2026-07-21 08:04:52,22.87,607.7,58.45,6.9,9.13,20.99,20.41,1.95,42.9,SUBJ_002,67.9,19.44,49.61,0.7451,97.5,886.92,1.0184,1.044,0.4154,4.3219,2.5815,0.1924,0.366
2026-07-21 08:10:23,23.5,658.2,64.9,27.8,12.68,34.71,27.15,3.87,40.16,SUBJ_002,68.0,10.0,44.34,0.755,97.4,860.66,1.6216,1.8,0.5164,7.7048,4.6099,0.2137,0.692
2026-07-21 08:13:19,22.92,712.8,52.66,6.6,13.99,31.82,25.13,1.41,36.88,SUBJ_002,68.2,11.29,48.84,0.7273,97.5,901.62,1.1329,1.104,0.6256,6.6703,3.9917,0.1734,0.682
2026-07-21 08:17:34,22.95,751.4,81.07,5.5,16.43,35.09,32.44,4.2,34.41,SUBJ_002,68.7,10.0,48.43,0.6696,97.5,880.45,1.1071,1.14,0.7028,10.3821,6.2131,0.2669,0.8145
2026-07-21 08:20:28,24.01,695.3,71.35,29.2,11.03,33.12,25.21,9.55,34.67,SUBJ_002,68.8,10.0,39.46,0.7,97.5,877.47,2.2109,2.412,0.5906,6.7477,4.0343,0.2349,1.1195
2026-07-21 08:27:42,22.91,682.9,66.6,16.4,12.59,28.27,16.6,0.75,34.59,SUBJ_002,68.9,23.21,48.2,0.7449,97.5,867.4,1.2072,1.092,0.5658,2.4332,1.4466,0.2193,0.7935
2026-07-21 08:36:31,22.65,676.8,70.96,13.7,13.87,25.07,23.22,4.82,35.39,SUBJ_002,68.7,17.03,50.95,0.7268,97.5,883.94,0.8424,0.78,0.5536,5.7519,3.437,0.2336,0.6755
2026-07-21 08:41:49,23.92,844.9,81.74,20.2,15.6,36.64,36.75,6.05,36.06,SUBJ_002,69.5,10.0,39.83,0.6848,97.5,842.51,2.1422,2.304,0.8898,12.5385,7.5067,0.2691,1.023
2026-07-21 08:50:28,24.13,881.0,61.78,12.5,9.7,29.26,29.96,0.0,34.12,SUBJ_002,70.2,10.0,37.51,0.6723,97.5,862.88,2.4964,2.556,0.962,9.1036,5.4498,0.2034,1.183
2026-07-21 08:54:45,23.95,716.7,93.31,18.1,16.4,35.71,33.73,1.07,35.22,SUBJ_002,70.9,10.0,40.16,0.6983,97.4,847.49,2.0554,2.34,0.6334,11.0516,6.6123,0.3072,1.074
2026-07-21 09:03:33,23.95,720.4,86.6,22.4,13.63,38.16,24.25,2.67,34.86,SUBJ_002,70.8,10.0,39.43,0.7662,97.4,866.79,2.1953,2.34,0.6408,6.2982,3.7616,0.2851,1.092
2026-07-21 09:07:45,23.25,912.9,82.37,21.3,15.41,34.92,31.16,0.79,30.31,SUBJ_002,70.7,10.0,44.46,0.7534,97.4,839.38,1.6302,1.5,1.0258,9.7447,5.8304,0.2712,1.1095
2026-07-21 09:10:27,24.02,825.3,73.68,18.8,9.06,29.31,26.21,4.35,26.86,SUBJ_002,70.9,10.0,38.37,0.8048,97.4,835.18,2.3692,2.424,0.8506,7.2524,4.3367,0.2426,1.513
2026-07-21 09:19:10,23.15,851.4,83.28,17.9,13.6,33.65,25.27,4.47,23.47,SUBJ_002,70.6,10.0,45.28,0.8135,97.4,862.5,1.5364,1.38,0.9028,6.8016,4.0643,0.2742,1.4215
2026-07-21 09:25:40,22.92,717.7,72.87,14.2,13.5,26.47,25.44,0.96,20.92,SUBJ_002,70.6,10.27,48.49,0.7895,97.5,866.32,1.1346,1.104,0.6354,6.8657,4.1049,0.2399,1.48
2026-07-21 09:32:37,24.33,746.9,77.72,20.6,10.91,36.55,22.36,2.96,21.28,SUBJ_002,70.4,10.0,35.98,0.818,97.5,858.18,2.6393,2.796,0.6938,5.3354,3.1857,0.2559,1.885
2026-07-21 09:36:45,23.39,915.1,79.54,8.5,15.89,32.18,21.12,0.08,20.0,SUBJ_002,70.3,10.0,42.45,0.8033,97.5,846.98,1.9177,1.668,1.0302,4.7191,2.8155,0.2619,1.667
2026-07-21 09:39:36,23.14,831.4,83.95,14.0,16.36,27.09,27.26,4.39,20.0,SUBJ_002,70.0,10.0,45.69,0.7971,97.5,872.99,1.4729,1.368,0.8628,7.7979,4.662,0.2764,1.592
2026-07-21 09:47:50,23.62,727.1,62.49,15.8,14.72,27.72,31.39,1.36,22.35,SUBJ_002,70.2,10.0,43.17,0.7646,97.5,854.4,1.7684,1.944,0.6542,9.82,5.8795,0.2057,1.6185
2026-07-21 09:55:27,24.84,808.1,76.23,24.3,15.5,34.9,30.15,2.45,22.33,SUBJ_002,70.5,10.0,31.87,0.7897,97.4,853.22,3.1197,3.408,0.8162,9.2275,5.5212,0.251,1.9855
2026-07-21 10:00:21,24.03,976.5,67.68,9.7,12.71,31.69,27.91,1.47,22.4,SUBJ_002,70.7,10.0,37.32,0.7976,97.4,861.5,2.544,2.436,1.153,8.0904,4.8407,0.2228,1.739
2026-07-21 10:08:58,24.8,1030.6,93.21,28.1,15.94,41.16,30.67,4.57,20.32,SUBJ_002,71.0,10.0,30.18,0.8019,97.5,855.34,3.35,3.36,1.2612,9.5214,5.6942,0.3069,2.074
2026-07-21 10:18:31,24.2,1011.0,83.13,11.0,12.82,26.16,28.15,2.1,20.0,SUBJ_002,71.6,10.0,35.37,0.79,97.4,835.44,2.7554,2.64,1.222,8.2413,4.9281,0.2737,1.91
2026-07-21 10:25:34,24.96,819.4,80.79,25.5,13.02,40.25,37.83,0.06,20.0,SUBJ_002,72.4,10.0,31.35,0.7903,97.4,830.94,3.1454,3.552,0.8388,13.0766,7.8298,0.266,2.138
2026-07-21 10:30:21,24.86,848.5,100.01,23.5,17.94,32.76,27.68,4.05,20.0,SUBJ_002,72.5,10.0,30.77,0.8006,97.3,834.19,3.2257,3.432,0.897,8.04,4.804,0.3292,2.108
2026-07-21 10:38:54,24.11,834.6,83.27,14.8,17.31,28.16,34.24,0.76,20.0,SUBJ_002,72.3,10.0,38.07,0.7407,97.3,822.88,2.3571,2.532,0.8692,11.2865,6.7553,0.2741,1.883
2026-07-21 10:45:34,24.35,831.4,96.8,12.5,13.7,29.31,32.48,2.9,20.48,SUBJ_002,72.4,10.0,35.69,0.7527,97.4,833.38,2.6206,2.82,0.8628,10.4336,6.2408,0.3187,1.931
2026-07-21 10:47:42,24.88,867.1,83.25,21.1,13.51,27.41,26.12,2.43,20.0,SUBJ_002,72.5,10.0,30.59,0.7627,97.4,831.43,3.2914,3.456,0.9342,7.2265,4.3192,0.2741,2.114
2026-07-21 10:50:50,24.48,834.7,108.45,20.8,18.15,36.0,34.61,0.78,20.0,SUBJ_002,73.1,10.0,34.55,0.751,97.4,815.59,2.7257,2.976,0.8694,11.5219,6.8914,0.357,1.994
2026-07-21 10:54:58,24.97,899.5,89.53,18.5,11.27,37.43,31.71,3.34,20.0,SUBJ_002,73.6,10.0,29.95,0.7647,97.4,814.35,3.343,3.564,0.999,10.0341,6.0025,0.2947,2.141
2026-07-21 10:59:31,24.39,925.2,85.16,12.7,14.53,36.05,25.56,7.6,20.0,SUBJ_002,73.3,10.0,34.19,0.7689,97.4,833.17,2.8771,2.868,1.0504,6.9503,4.1532,0.2804,1.967
2026-07-21 11:05:52,24.39,811.8,81.99,20.2,15.59,34.49,22.23,0.96,20.0,SUBJ_002,73.0,10.0,34.87,0.8173,97.4,819.6,2.7829,2.868,0.8236,5.279,3.151,0.2699,1.967
2026-07-21 11:10:35,23.87,928.4,101.57,3.8,17.54,25.91,25.46,0.82,20.0,SUBJ_002,72.7,10.0,38.29,0.8266,97.5,834.2,2.3572,2.244,1.0568,6.9331,4.1396,0.3344,1.811
2026-07-21 11:20:16,25.04,1019.7,95.54,21.7,20.44,37.34,42.47,0.56,20.0,SUBJ_002,73.8,10.0,29.21,0.755,97.4,795.94,3.4104,3.648,1.2394,15.4261,9.2365,0.3145,2.162
2026-07-21 11:24:11,25.11,995.1,108.15,16.3,19.04,37.9,36.71,1.43,20.0,SUBJ_002,74.6,10.0,28.12,0.7636,97.4,777.41,3.5326,3.732,1.1902,12.5713,7.5212,0.356,2.183
2026-07-21 11:28:41,24.2,809.8,100.04,20.8,16.33,33.41,34.61,0.25,20.0,SUBJ_002,74.4,10.0,37.26,0.7453,97.4,802.38,2.4117,2.64,0.8196,11.5051,6.883,0.3293,1.91
2026-07-21 11:33:08,24.85,893.4,88.44,23.6,15.92,26.01,35.78,0.55,20.81,SUBJ_002,74.7,10.0,31.38,0.7471,97.4,795.93,3.1561,3.42,0.9868,12.0669,7.2224,0.2912,2.0645
2026-07-21 11:39:56,24.7,918.0,84.58,18.0,14.72,32.03,31.64,2.6,20.11,SUBJ_002,74.8,10.0,32.16,0.747,97.4,801.3,3.0944,3.24,1.036,9.9892,5.9766,0.2785,2.0545
2026-07-21 11:49:43,25.03,966.4,90.31,20.8,18.89,39.29,38.43,1.29,20.0,SUBJ_002,75.2,10.0,29.46,0.7014,97.4,790.2,3.3913,3.636,1.1328,13.3956,8.0193,0.2973,2.159
2026-07-21 11:58:26,24.11,876.6,107.48,10.4,21.26,35.05,29.83,6.61,20.0,SUBJ_002,74.8,10.0,36.95,0.717,97.4,786.3,2.4725,2.532,0.9532,9.13,5.4565,0.3538,1.883
2026-07-21 12:08:13,24.33,889.9,83.06,13.4,15.56,23.11,32.7,4.18,20.0,SUBJ_002,74.5,10.0,35.63,0.7318,97.4,814.02,2.6704,2.796,0.9798,10.5161,6.2931,0.2734,1.949
2026-07-21 12:17:24,23.65,984.5,88.08,15.1,17.91,41.48,31.49,1.91,20.0,SUBJ_002,74.1,10.0,40.44,0.7032,97.4,820.56,2.1191,1.98,1.169,9.9212,5.9351,0.29,1.745
2026-07-21 12:23:04,24.48,844.3,79.08,14.3,13.95,29.7,29.94,11.54,20.08,SUBJ_002,74.4,10.0,34.56,0.6989,97.5,799.29,2.8043,2.976,0.8886,9.1282,5.4611,0.2603,1.99
2026-07-21 12:26:37,25.06,1054.1,74.03,23.7,15.68,35.83,30.22,0.52,20.51,SUBJ_002,74.7,10.0,28.07,0.7364,97.4,816.7,3.6484,3.672,1.3082,9.2581,5.54,0.2437,2.1425
2026-07-21 12:29:33,24.83,902.0,90.22,22.0,14.4,36.73,36.67,0.86,20.0,SUBJ_002,75.3,10.0,31.53,0.7241,97.4,796.87,3.1339,3.396,1.004,12.5154,7.4912,0.297,2.099
2026-07-21 12:34:18,23.77,810.1,94.68,7.6,18.63,35.51,29.21,1.03,20.0,SUBJ_002,75.1,10.0,40.52,0.7124,97.4,790.33,2.0548,2.124,0.8202,8.7944,5.2577,0.3117,1.781
2026-07-21 12:41:32,24.98,866.4,104.96,20.6,20.47,43.55,34.17,0.96,20.0,SUBJ_002,75.0,10.0,30.09,0.7385,97.4,812.72,3.2766,3.576,0.9328,11.2949,6.756,0.3455,2.144
2026-07-21 12:48:33,23.5,814.0,106.78,5.6,18.33,30.54,30.91,0.19,20.0,SUBJ_002,74.8,10.0,42.72,0.757,97.4,794.3,1.7627,1.8,0.828,9.6686,5.7798,0.3515,1.7
2026-07-21 12:54:50,25.52,814.8,91.5,21.2,14.37,37.88,32.31,1.01,20.0,SUBJ_002,74.8,10.0,26.0,0.7829,97.5,802.49,3.7841,4.224,0.8296,10.338,6.1845,0.3012,2.306
2026-07-21 13:02:33,24.4,791.3,90.61,6.9,18.33,30.94,30.13,0.85,20.0,SUBJ_002,74.2,10.0,35.49,0.7789,97.5,797.02,2.6546,2.88,0.7826,9.2462,5.5296,0.2983,1.97
2026-07-21 13:10:44,23.36,797.7,99.02,12.7,21.16,37.06,31.59,2.62,20.0,SUBJ_002,73.5,10.0,44.22,0.751,97.5,835.94,1.5912,1.632,0.7954,9.993,5.976,0.326,1.658
2026-07-21 13:17:52,24.43,868.0,91.34,4.9,16.37,39.53,30.95,0.0,20.0,SUBJ_002,73.4,10.0,34.68,0.7662,97.5,810.3,2.769,2.916,0.936,9.6577,5.7763,0.3007,1.979
2026-07-21 13:19:58,24.72,906.6,98.05,19.4,17.03,36.25,33.61,0.56,20.0,SUBJ_002,73.5,10.0,32.03,0.76,97.5,821.42,3.0722,3.264,1.0132,11.0011,6.581,0.3228,2.066
2026-07-21 13:29:56,24.01,861.0,76.98,16.7,15.56,23.93,30.2,2.23,20.0,SUBJ_002,73.4,10.0,38.46,0.7445,97.5,822.9,2.3467,2.412,0.922,9.254,5.537,0.2534,1.853
2026-07-21 13:33:03,24.43,835.6,94.81,17.8,19.03,41.37,32.35,3.72,21.15,SUBJ_002,73.4,10.0,35.0,0.7576,97.5,800.37,2.7085,2.916,0.8712,10.3646,6.1998,0.3121,1.9215
2026-07-21 13:42:51,23.89,885.4,95.17,18.3,17.56,36.58,29.87,1.3,20.0,SUBJ_002,73.4,10.0,38.95,0.7455,97.5,829.86,2.2607,2.268,0.9708,9.1253,5.4562,0.3133,1.817
2026-07-21 13:52:48,25.13,856.1,90.28,20.1,14.42,35.8,31.36,0.94,20.34,SUBJ_002,73.7,10.0,28.9,0.7533,97.5,816.95,3.4554,3.756,0.9122,9.8606,5.8983,0.2972,2.172
2026-07-21 13:59:37,24.39,1087.5,87.24,26.5,16.43,38.99,31.09,2.49,20.0,SUBJ_002,73.7,10.0,33.33,0.745,97.5,819.41,3.001,2.868,1.375,9.7195,5.8142,0.2872,1.967
2026-07-21 14:03:41,23.62,739.7,87.48,12.0,12.92,31.54,21.49,0.41,20.0,SUBJ_002,73.4,10.0,41.81,0.7936,97.5,821.43,1.9255,1.944,0.6794,4.92,2.9345,0.288,1.736
2026-07-21 14:06:07,23.74,786.2,75.45,11.4,12.89,26.82,23.67,2.32,20.0,SUBJ_002,73.0,10.0,40.81,0.8309,97.5,807.46,2.0737,2.088,0.7724,5.9859,3.5765,0.2484,1.772
2026-07-21 14:15:48,23.68,769.7,89.29,12.1,15.63,33.03,26.71,2.11,20.24,SUBJ_002,72.9,10.0,41.48,0.8232,97.5,829.24,1.9491,2.016,0.7394,7.5336,4.5023,0.294,1.742
2026-07-21 14:23:17,24.5,714.6,65.52,13.4,14.31,33.51,26.61,5.94,20.25,SUBJ_002,72.9,10.0,35.37,0.8263,97.5,804.08,2.7099,3.0,0.6292,7.436,4.4485,0.2157,1.9875
2026-07-21 14:31:00,24.41,759.6,63.9,24.7,12.92,35.16,30.62,10.06,20.79,SUBJ_002,73.2,10.0,36.14,0.8131,97.5,812.97,2.618,2.892,0.7192,9.4378,5.6499,0.2104,1.9335
2026-07-21 14:36:27,23.3,764.4,78.4,15.8,12.46,27.86,27.16,4.49,22.83,SUBJ_002,72.5,10.0,44.96,0.7727,97.5,819.62,1.5522,1.56,0.7288,7.7368,4.6264,0.2581,1.4985
2026-07-21 14:44:59,23.96,758.6,75.69,20.2,10.26,30.58,23.71,3.21,25.22,SUBJ_002,72.1,10.0,39.17,0.7978,97.4,824.94,2.2609,2.352,0.7172,6.0064,3.5887,0.2492,1.577
2026-07-21 14:51:17,23.34,815.6,70.68,19.6,14.55,41.96,26.17,0.0,25.6,SUBJ_002,71.7,10.0,44.25,0.7678,97.4,850.34,1.6708,1.608,0.8312,7.2264,4.3217,0.2327,1.372
2026-07-21 15:00:54,22.51,668.8,82.07,13.4,14.95,30.79,26.3,0.0,24.4,SUBJ_002,71.3,14.18,52.28,0.7176,97.5,851.59,0.647,0.612,0.5376,7.3141,4.3721,0.2702,1.183
2026-07-21 15:06:12,23.1,795.2,70.45,18.2,14.15,30.65,27.84,3.55,24.65,SUBJ_002,71.1,10.0,46.59,0.6996,97.5,842.21,1.379,1.32,0.7904,8.0609,4.8224,0.2319,1.3475
2026-07-21 15:15:48,22.51,666.9,71.09,0.0,14.59,21.15,26.06,1.15,22.78,SUBJ_002,70.2,14.8,52.45,0.6953,97.5,858.87,0.6481,0.612,0.5338,7.1722,4.2891,0.234,1.264
2026-07-21 15:19:04,23.7,753.4,95.33,23.5,16.09,39.26,33.61,2.6,25.05,SUBJ_002,70.7,10.0,41.94,0.6827,97.5,849.02,1.8504,2.04,0.7068,10.9957,6.5783,0.3138,1.5075
2026-07-21 15:22:36,22.55,677.5,75.22,8.8,15.29,29.46,23.03,0.97,22.62,SUBJ_002,70.3,18.32,51.7,0.6986,97.5,865.98,0.745,0.66,0.555,5.6654,3.3842,0.2476,1.284
2026-07-21 15:26:04,24.08,761.1,90.36,24.0,14.17,36.54,27.53,4.91,24.54,SUBJ_002,70.5,10.0,38.22,0.7165,97.5,860.07,2.3307,2.496,0.7222,7.9457,4.7494,0.2975,1.647
2026-07-21 15:33:10,23.06,736.3,91.15,20.9,14.67,29.72,26.34,1.33,24.48,SUBJ_002,70.2,10.0,46.93,0.7098,97.5,871.31,1.2864,1.272,0.6726,7.3523,4.3931,0.3001,1.344
2026-07-21 15:41:08,22.82,648.0,73.05,17.0,17.09,38.69,28.32,0.13,25.73,SUBJ_002,69.7,10.0,50.14,0.6733,97.5,846.07,0.9053,0.984,0.496,8.3061,4.9691,0.2405,1.2095
2026-07-21 15:43:10,23.2,653.4,87.28,21.0,14.16,30.38,29.44,2.53,26.18,SUBJ_002,70.0,10.0,46.75,0.7086,97.5,827.34,1.2799,1.44,0.5068,8.8946,5.3193,0.2873,1.301
2026-07-21 15:45:25,22.9,771.0,58.71,15.8,11.37,31.17,19.98,4.35,26.42,SUBJ_002,69.9,17.85,48.0,0.7396,97.6,845.91,1.2589,1.08,0.742,4.1074,2.4527,0.1933,1.199
2026-07-21 15:53:34,23.15,667.8,62.51,20.5,9.9,29.47,23.5,1.94,26.89,SUBJ_002,70.0,11.09,46.95,0.7699,97.6,872.68,1.3322,1.38,0.5356,5.875,3.5125,0.2058,1.2505
2026-07-21 16:02:55,23.43,660.7,68.82,19.2,15.24,24.02,30.75,5.81,27.32,SUBJ_002,70.2,10.0,45.16,0.7366,97.6,839.49,1.5027,1.716,0.5214,9.5126,5.6938,0.2266,1.313
2026-07-21 16:05:24,23.36,854.9,70.3,23.8,13.14,41.99,29.54,0.54,27.03,SUBJ_002,70.2,10.0,44.06,0.7276,97.6,848.69,1.692,1.632,0.9098,8.9106,5.3323,0.2314,1.3065
2026-07-21 16:11:42,21.86,661.1,59.83,12.6,12.92,31.34,23.46,7.03,28.16,SUBJ_002,69.5,24.72,56.78,0.6952,97.6,861.7,0.1628,0.0,0.5222,5.8497,3.4978,0.197,0.842
2026-07-21 16:13:49,23.52,687.5,63.77,26.1,12.39,31.69,29.51,0.3,32.19,SUBJ_002,69.7,10.0,44.16,0.7315,97.6,857.94,1.6448,1.824,0.575,8.8825,5.3168,0.2099,1.0965
2026-07-21 16:18:25,23.13,622.9,71.2,23.0,17.67,49.46,33.32,0.0,30.93,SUBJ_002,69.6,10.0,48.18,0.7133,97.6,867.07,1.1157,1.356,0.4458,10.8024,6.4672,0.2344,1.0425
2026-07-21 16:23:09,22.35,628.3,74.86,23.0,14.35,32.45,27.23,13.23,31.1,SUBJ_002,69.2,15.4,54.16,0.6935,97.6,871.45,0.4215,0.42,0.4566,7.7647,4.6439,0.2465,0.8
2026-07-21 16:29:23,21.85,628.9,80.84,11.7,12.25,26.49,23.33,10.83,30.0,SUBJ_002,68.3,24.74,56.68,0.7032,97.6,904.48,0.1244,0.0,0.4578,5.8267,3.4798,0.2661,0.75
2026-07-21 16:36:31,22.12,812.7,49.72,18.7,8.8,20.3,15.72,2.48,29.54,SUBJ_002,67.8,32.64,54.04,0.7465,97.6,865.85,0.584,0.144,0.8254,1.9594,1.1657,0.1637,0.809
2026-07-21 16:39:19,23.57,615.3,53.96,27.5,10.76,30.05,26.72,3.67,32.65,SUBJ_002,68.2,10.0,44.24,0.7464,97.5,903.73,1.6449,1.884,0.4306,7.4679,4.47,0.1776,1.0885
2026-07-21 16:41:27,22.88,640.4,43.41,27.7,10.42,31.84,26.96,5.25,32.86,SUBJ_002,68.2,10.23,50.07,0.7204,97.6,861.45,0.9758,1.056,0.4808,7.5668,4.5314,0.1429,0.871
2026-07-21 16:51:22,22.49,798.2,56.79,13.1,11.87,28.21,21.29,1.66,34.3,SUBJ_002,68.0,20.6,51.39,0.7129,97.5,844.59,0.8601,0.588,0.7964,4.7586,2.8438,0.187,0.682
2026-07-21 16:59:41,22.44,630.4,55.7,28.3,9.73,27.81,23.04,8.64,35.2,SUBJ_002,67.7,20.62,53.33,0.7281,97.5,887.2,0.5748,0.528,0.4608,5.6314,3.3677,0.1834,0.622
2026-07-21 17:06:28,22.72,569.6,52.94,26.3,12.62,34.18,29.4,4.97,34.58,SUBJ_002,67.7,10.0,52.04,0.7119,97.5,905.37,0.6909,0.864,0.3392,8.8059,5.2729,0.1743,0.737
2026-07-21 17:15:21,21.17,607.9,41.16,19.0,7.56,23.74,16.82,13.21,33.79,SUBJ_002,67.0,34.98,56.94,0.7212,97.6,931.27,0.1911,0.0,0.4158,2.4923,1.4872,0.1355,0.5605
2026-07-21 17:22:53,21.94,818.0,41.14,20.4,6.89,23.62,16.88,1.14,34.06,SUBJ_002,67.0,32.6,55.26,0.7607,97.6,902.22,0.4528,0.0,0.836,2.5223,1.5051,0.1354,0.547
2026-07-21 17:28:20,21.22,528.4,44.02,13.6,6.11,26.04,12.31,2.93,35.91,SUBJ_002,66.5,42.03,57.15,0.7891,97.6,925.5,0.1561,0.0,0.2568,0.243,0.137,0.1449,0.4545
2026-07-21 17:33:02,21.17,480.0,30.22,9.5,9.04,20.14,13.0,0.0,36.04,SUBJ_002,65.9,41.95,57.83,0.8242,97.6,906.06,0.0857,0.0,0.16,0.5604,0.3302,0.0995,0.448
2026-07-21 17:37:22,21.83,545.5,28.05,19.9,12.77,27.43,27.93,0.81,36.86,SUBJ_002,65.6,20.6,58.61,0.7958,97.6,932.69,-0.0455,0.0,0.291,8.0211,4.8071,0.0923,0.407
2026-07-21 17:47:16,21.78,505.1,19.11,20.2,9.48,25.8,23.85,8.17,35.77,SUBJ_002,65.4,26.91,58.74,0.7957,97.6,941.01,-0.0378,0.0,0.2102,5.9632,3.5741,0.0629,0.4615
2026-07-21 17:49:59,22.79,533.6,36.88,29.0,10.55,31.82,25.84,1.3,39.6,SUBJ_002,65.6,14.18,51.7,0.8128,97.6,925.18,0.7674,0.948,0.2672,6.9938,4.1889,0.1214,0.507
2026-07-21 17:55:37,21.39,430.2,45.07,17.2,9.55,17.49,22.26,5.58,41.8,SUBJ_002,65.4,29.3,58.78,0.7934,97.6,904.22,-0.1087,0.0,0.0604,5.2201,3.1231,0.1484,0.16
2026-07-21 18:03:07,21.56,497.8,48.79,23.0,10.13,34.38,20.87,1.08,44.68,SUBJ_002,65.2,30.41,58.05,0.7684,97.6,913.87,-0.0044,0.0,0.1956,4.5326,2.7098,0.1606,0.016
2026-07-21 18:10:12,21.81,486.5,35.05,29.2,6.81,18.34,20.32,4.12,44.55,SUBJ_002,65.3,31.63,58.32,0.7368,97.6,951.43,-0.0106,0.0,0.173,4.2301,2.5311,0.1154,0.0225
2026-07-21 18:18:08,20.79,449.8,35.52,18.2,12.17,25.19,21.63,1.63,46.63,SUBJ_002,65.7,30.2,58.72,0.7221,97.6,904.84,-0.0752,0.0,0.0996,4.886,2.9245,0.1169,0.0815
2026-07-21 18:20:30,20.84,458.9,22.89,13.1,9.55,25.03,17.0,8.58,47.28,SUBJ_002,65.7,36.83,58.46,0.7275,97.7,884.88,0.0022,0.0,0.1178,2.5458,1.5229,0.0754,0.114
2026-07-21 18:29:36,21.14,474.0,32.02,22.2,10.21,32.83,20.49,0.74,49.84,SUBJ_002,65.5,31.6,58.49,0.7471,97.6,931.82,-0.0287,0.0,0.148,4.309,2.579,0.1054,0.242
2026-07-21 18:37:26,21.01,507.9,61.27,25.0,12.74,28.7,27.8,7.13,50.83,SUBJ_002,65.6,20.37,58.36,0.7237,97.6,915.0,-0.0907,0.0,0.2158,8.0225,4.8013,0.2017,0.2915
2026-07-21 18:45:46,20.7,437.3,37.13,15.2,6.03,25.26,16.7,2.13,50.6,SUBJ_002,65.4,37.12,58.37,0.7318,97.6,930.74,-0.0205,0.0,0.0746,2.4243,1.4471,0.1222,0.28
2026-07-21 18:47:54,20.62,460.9,52.97,26.2,11.44,27.71,24.85,1.56,54.16,SUBJ_002,65.2,25.17,58.62,0.7443,97.7,904.68,-0.1073,0.0,0.1218,6.5309,3.908,0.1744,0.458
2026-07-21 18:50:38,21.48,490.3,32.28,28.9,3.86,24.99,19.57,4.59,57.2,SUBJ_002,65.0,32.67,58.27,0.7498,97.7,893.83,0.0048,0.0,0.1806,3.8496,2.3033,0.1063,0.61
2026-07-21 18:58:41,21.43,615.5,60.22,19.6,12.68,23.92,20.3,1.68,57.26,SUBJ_002,65.0,29.6,56.87,0.7502,97.7,917.5,0.1509,0.0,0.431,4.2704,2.5502,0.1983,0.613
2026-07-21 19:07:47,20.66,571.6,40.93,23.1,9.71,22.21,20.43,2.05,57.89,SUBJ_002,65.1,30.37,57.55,0.7379,97.6,910.95,0.0942,0.0,0.3432,4.2969,2.5699,0.1347,0.6445
2026-07-21 19:11:30,21.32,496.0,46.27,21.8,8.57,31.77,23.17,3.87,59.77,SUBJ_002,65.2,27.26,58.3,0.7288,97.6,925.07,-0.0395,0.0,0.192,5.6775,3.3973,0.1523,0.7385
2026-07-21 19:15:18,19.56,417.3,37.14,7.1,7.6,29.2,15.87,1.76,59.11,SUBJ_002,64.5,38.47,58.46,0.7322,97.6,903.35,-0.0336,0.0,0.0346,2.0093,1.1981,0.1223,0.7055
2026-07-21 19:23:28,19.49,415.6,49.85,20.3,10.13,23.64,19.13,7.97,59.79,SUBJ_002,64.5,33.65,58.55,0.7327,97.6,900.4,-0.0823,0.0,0.0312,3.6647,2.1888,0.1641,0.7395
2026-07-21 19:30:31,20.9,432.1,64.64,31.7,16.39,40.37,32.03,2.37,57.7,SUBJ_002,64.9,15.23,59.28,0.676,97.6,898.21,-0.2458,0.0,0.0642,10.1443,6.0736,0.2128,0.635
2026-07-21 19:39:21,20.15,411.3,64.87,19.1,11.1,31.58,23.21,6.36,59.98,SUBJ_002,64.8,27.67,58.68,0.6951,97.6,917.62,-0.1459,0.0,0.0226,5.7347,3.4279,0.2136,0.749
2026-07-21 19:45:09,19.8,590.1,64.48,23.3,9.7,27.38,24.94,7.56,61.49,SUBJ_002,65.2,23.33,57.4,0.6782,97.6,892.24,0.0529,0.0,0.3802,6.599,3.9465,0.2123,0.8245
2026-07-21 19:50:14,19.97,407.3,55.86,14.5,10.44,37.76,23.19,0.62,61.94,SUBJ_002,65.1,27.96,58.86,0.6382,97.6,914.63,-0.1506,0.0,0.0146,5.7067,3.4129,0.1839,0.847
2026-07-21 20:00:07,19.9,352.4,84.09,17.8,14.06,27.45,25.04,3.69,60.77,SUBJ_002,64.9,25.3,59.0,0.672,97.7,932.48,-0.2456,0.0,-0.0952,6.6882,3.9961,0.2768,0.7885
2026-07-21 20:05:11,19.0,377.1,80.3,18.9,16.4,37.19,27.71,12.13,63.04,SUBJ_002,64.7,21.42,59.09,0.656,97.6,932.34,-0.2529,0.0,-0.0458,8.0156,4.7933,0.2644,0.902
2026-07-21 20:07:53,18.83,433.1,82.41,10.7,14.16,24.11,21.42,0.04,65.43,SUBJ_002,64.4,29.34,57.98,0.662,97.7,936.09,-0.0931,0.043,0.0662,4.8748,2.9084,0.2713,1.0215
2026-07-21 20:10:24,20.54,400.8,70.26,22.7,12.59,37.34,29.19,0.94,70.32,SUBJ_002,64.8,17.74,58.13,0.6148,97.6,937.99,-0.2444,0.532,0.0016,8.7355,5.2273,0.2313,1.266
2026-07-21 20:20:06,20.45,411.9,67.93,23.9,12.84,41.56,25.99,1.34,72.95,SUBJ_002,65.2,21.32,57.28,0.6477,97.6,924.22,-0.1848,0.795,0.0238,7.1309,4.2649,0.2236,1.3975
2026-07-21 20:29:27,19.91,412.9,99.05,19.3,17.02,41.55,34.25,1.83,74.79,SUBJ_002,65.3,10.0,57.1,0.6311,97.6,928.92,-0.3015,0.979,0.0258,11.3231,6.774,0.3261,1.4895
2026-07-21 20:31:39,20.26,409.0,102.14,27.5,18.74,43.67,35.12,0.55,77.85,SUBJ_002,65.9,10.0,56.54,0.6432,97.5,899.97,-0.3188,1.285,0.018,11.7643,7.0381,0.3363,1.6425
2026-07-21 20:41:15,18.35,304.6,87.2,13.7,19.84,32.33,27.06,11.04,83.25,SUBJ_002,66.0,17.41,55.85,0.6941,97.5,928.0,-0.3342,1.825,-0.1908,7.7044,4.6052,0.2871,1.9125
2026-07-21 20:49:12,19.14,344.8,96.14,14.5,18.27,36.27,35.62,0.22,80.7,SUBJ_002,66.0,10.0,56.63,0.691,97.5,912.85,-0.4062,1.57,-0.1104,12.0023,7.1821,0.3165,1.785
2026-07-21 20:54:07,18.39,323.5,96.5,16.6,19.22,35.53,25.98,0.0,80.74,SUBJ_002,66.2,19.23,55.96,0.7526,97.5,923.08,-0.2952,1.574,-0.153,7.183,4.2905,0.3177,1.787
2026-07-21 20:57:56,18.57,388.7,88.41,18.7,17.72,37.7,32.27,3.18,82.25,SUBJ_002,66.7,10.0,55.8,0.7823,97.5,885.36,-0.3035,1.725,-0.0226,10.3118,6.1694,0.2911,1.8625
2026-07-21 21:07:47,19.28,460.3,90.38,25.9,17.15,32.92,39.06,2.91,81.89,SUBJ_002,67.0,10.0,55.85,0.7432,97.4,878.64,-0.3109,1.689,0.1206,13.7108,8.2084,0.2975,1.8445
2026-07-21 21:14:03,19.56,346.4,102.47,23.2,18.53,40.54,33.11,1.72,85.09,SUBJ_002,67.4,10.0,55.42,0.7536,97.4,903.54,-0.3683,2.009,-0.1072,10.7599,6.4355,0.3373,2.0045
2026-07-21 21:21:11,19.06,391.9,96.19,30.8,17.45,40.52,35.59,1.93,81.41,SUBJ_002,67.2,10.0,56.1,0.7095,97.4,914.13,-0.3469,1.641,-0.0162,11.9874,7.1732,0.3167,1.8205
2026-07-21 21:26:49,18.89,416.0,92.1,35.9,19.79,34.51,37.53,1.72,81.46,SUBJ_002,67.7,10.0,56.13,0.6805,97.4,902.9,-0.3444,1.646,0.032,12.9492,7.7511,0.3032,1.823
2026-07-21 21:33:42,17.72,304.1,108.36,16.0,16.51,26.98,33.08,0.77,83.1,SUBJ_002,67.3,10.0,56.06,0.6885,97.3,906.14,-0.4208,1.81,-0.1918,10.7567,6.4324,0.3567,1.905
2026-07-21 21:38:30,18.43,301.4,106.55,23.6,22.38,43.35,30.37,5.02,85.15,SUBJ_002,67.3,11.8,55.47,0.7101,97.3,897.24,-0.3855,2.015,-0.1972,9.3981,5.6176,0.3508,2.0075
2026-07-21 21:45:43,18.42,349.7,109.84,26.8,15.08,38.41,30.09,3.96,87.18,SUBJ_002,66.9,10.97,54.59,0.7474,97.3,887.78,-0.3211,2.218,-0.1006,9.2647,5.5368,0.3616,2.109
2026-07-21 21:48:33,18.3,304.2,103.5,20.2,17.32,41.05,31.96,3.15,88.48,SUBJ_002,67.1,10.0,54.96,0.7694,97.4,898.56,-0.4047,2.348,-0.1916,10.187,6.0915,0.3407,2.174
2026-07-21 21:51:35,18.74,404.7,96.61,23.2,17.72,35.58,37.58,2.02,90.0,SUBJ_002,67.9,10.0,54.44,0.7613,97.4,881.9,-0.3593,2.5,0.0094,12.9832,7.7706,0.3181,2.25
2026-07-21 21:53:45,18.41,337.0,113.9,19.9,18.15,38.57,37.03,2.72,90.0,SUBJ_002,68.1,10.0,54.66,0.7603,97.4,894.91,-0.4361,2.5,-0.126,12.7428,7.6229,0.375,2.25
2026-07-21 22:01:53,18.04,332.5,96.2,16.5,19.86,39.82,30.3,0.13,90.0,SUBJ_002,67.9,10.35,54.41,0.7891,97.3,895.74,-0.3456,2.5,-0.135,9.3424,5.5862,0.3167,2.25
2026-07-21 22:04:01,19.3,382.9,98.72,21.4,18.53,32.36,37.63,4.44,90.0,SUBJ_002,67.9,10.0,54.59,0.7697,97.3,869.66,-0.3872,2.5,-0.0342,13.0124,7.7877,0.325,2.25
2026-07-21 22:11:32,19.06,358.8,105.28,26.6,21.48,42.01,37.77,0.82,90.0,SUBJ_002,68.0,10.0,54.69,0.7389,97.3,872.34,-0.4194,2.5,-0.0824,13.0956,7.8363,0.3466,2.25
2026-07-21 22:19:43,18.64,445.4,96.63,22.7,19.28,32.94,28.51,0.05,90.0,SUBJ_002,67.7,11.59,53.34,0.7857,97.3,868.8,-0.1789,2.5,0.0908,8.4483,5.0496,0.3181,2.25
2026-07-21 22:27:07,18.77,419.1,105.98,23.1,23.64,43.78,34.23,9.81,90.0,SUBJ_002,67.9,10.0,53.89,0.8057,97.3,882.38,-0.2935,2.5,0.0382,11.327,6.775,0.3489,2.25
2026-07-21 22:31:26,18.16,303.9,105.71,16.6,21.47,30.91,32.63,1.52,90.0,SUBJ_002,67.6,10.0,54.68,0.819,97.3,896.28,-0.4146,2.5,-0.1922,10.5264,6.2947,0.348,2.25
2026-07-21 22:38:49,19.06,314.1,98.2,24.8,17.73,32.75,41.95,3.39,90.0,SUBJ_002,67.5,10.0,55.52,0.7489,97.3,878.05,-0.5349,2.5,-0.1718,15.1714,9.0832,0.3233,2.25
2026-07-21 22:45:09,18.8,348.8,110.1,31.8,20.65,35.74,41.69,7.25,90.0,SUBJ_002,68.0,10.0,55.02,0.7264,97.3,869.32,-0.4878,2.5,-0.1024,15.0652,9.0171,0.3625,2.25
2026-07-21 22:51:54,18.21,300.0,108.71,18.0,21.8,37.08,39.32,4.45,90.0,SUBJ_002,68.4,10.0,55.24,0.7428,97.3,866.86,-0.515,2.5,-0.2,13.8774,8.3047,0.3579,2.25
2026-07-21 22:54:17,17.8,415.9,110.42,12.3,18.87,42.19,30.9,0.95,90.0,SUBJ_002,68.6,10.0,53.56,0.7937,97.3,902.03,-0.2499,2.5,0.0318,9.6708,5.7804,0.3635,2.25
2026-07-21 23:03:59,17.74,320.0,95.04,11.1,16.4,31.66,31.48,0.76,90.0,SUBJ_002,68.6,10.0,54.63,0.8245,97.3,864.93,-0.3781,2.5,-0.16,9.9301,5.939,0.3129,2.25
2026-07-21 23:13:12,18.39,360.0,105.09,24.2,19.41,37.42,32.89,2.18,89.68,SUBJ_002,68.7,10.0,54.33,0.8269,97.3,876.97,-0.3482,2.468,-0.08,10.6552,6.3721,0.346,2.234
2026-07-21 23:16:08,17.52,300.0,113.08,18.5,19.23,45.6,31.8,1.73,90.0,SUBJ_002,68.3,10.0,54.52,0.8219,97.3,897.08,-0.4076,2.5,-0.2,10.1262,6.0531,0.3723,2.25
2026-07-21 23:18:36,18.6,300.0,111.83,20.1,18.67,37.86,38.11,0.68,90.0,SUBJ_002,68.2,10.0,55.08,0.8391,97.3,904.73,-0.4977,2.5,-0.2,13.2787,7.9448,0.3682,2.25
2026-07-21 23:25:56,18.54,327.8,111.16,21.9,18.54,39.39,35.3,2.96,90.0,SUBJ_002,67.9,10.0,54.63,0.8155,97.3,905.28,-0.4229,2.5,-0.1444,11.8723,7.1012,0.366,2.25
2026-07-21 23:35:09,18.23,300.0,102.03,19.7,20.87,38.8,36.92,6.37,90.0,SUBJ_002,68.0,10.0,55.14,0.8136,97.3,879.07,-0.4807,2.5,-0.2,12.6641,7.578,0.3359,2.25
2026-07-21 23:37:25,18.18,314.8,113.1,30.9,20.44,38.14,29.18,0.79,90.0,SUBJ_002,68.0,11.68,54.18,0.8546,97.4,903.13,-0.3517,2.5,-0.1704,8.8162,5.2671,0.3723,2.25
2026-07-21 23:45:49,17.56,300.0,103.59,18.0,15.67,26.86,26.98,0.41,88.48,SUBJ_002,67.6,15.58,54.57,0.8853,97.3,884.02,-0.3388,2.348,-0.2,7.6972,4.5976,0.341,2.174
2026-07-21 23:50:49,17.79,312.8,126.06,17.1,21.93,37.25,35.28,2.31,89.57,SUBJ_002,68.0,10.0,54.59,0.8373,97.4,876.38,-0.4413,2.457,-0.1744,11.8921,7.1101,0.415,2.2285
2026-07-21 23:57:27,17.31,310.6,117.1,8.3,20.17,29.52,38.02,0.03,90.0,SUBJ_002,68.5,10.0,54.9,0.8017,97.4,868.92,-0.4832,2.5,-0.1788,13.2442,7.9231,0.3855,2.25
2026-07-22 00:03:09,18.31,300.0,118.8,18.3,21.58,32.15,43.3,2.53,89.3,SUBJ_002,68.2,10.0,55.55,0.7596,97.4,881.09,-0.5718,2.43,-0.2,15.8876,9.5088,0.3911,2.215
2026-07-22 00:10:31,18.09,321.5,116.3,12.0,20.17,32.67,35.23,1.16,90.0,SUBJ_002,68.0,10.0,54.59,0.7472,97.4,861.92,-0.4297,2.5,-0.157,11.8476,7.0853,0.3829,2.25
2026-07-22 00:16:46,17.78,348.4,111.75,17.0,18.98,36.92,43.71,6.21,89.79,SUBJ_002,68.2,10.0,55.22,0.724,97.4,891.11,-0.5172,2.479,-0.1032,16.0785,9.6248,0.3679,2.2395
2026-07-22 00:21:15,17.03,365.2,107.83,9.4,21.69,33.51,34.92,0.0,90.0,SUBJ_002,68.0,10.0,54.35,0.7374,97.3,890.87,-0.3707,2.5,-0.0696,11.6757,6.9838,0.355,2.25
2026-07-22 00:25:58,17.37,521.9,97.39,15.1,19.81,34.55,31.17,5.54,90.0,SUBJ_002,67.6,10.0,52.94,0.7718,97.3,903.71,-0.1213,2.5,0.2438,9.7798,5.8484,0.3206,2.25
2026-07-22 00:35:51,18.72,370.8,105.6,20.0,17.54,37.78,35.18,4.8,90.0,SUBJ_002,68.3,10.0,54.36,0.7592,97.3,873.49,-0.3674,2.5,-0.0584,11.8012,7.0596,0.3477,2.25
2026-07-22 00:41:14,17.96,389.4,112.53,0.5,20.49,27.73,29.42,4.21,90.0,SUBJ_002,67.9,10.54,53.61,0.7856,97.3,880.6,-0.2619,2.5,-0.0212,8.9351,5.3385,0.3705,2.25
2026-07-22 00:47:07,19.04,335.5,115.13,16.8,17.4,39.43,42.44,1.34,90.0,SUBJ_002,68.0,10.0,55.11,0.7356,97.3,872.03,-0.5152,2.5,-0.129,15.4503,9.2471,0.379,2.25
2026-07-22 00:53:34,18.39,300.0,102.9,17.6,16.97,29.25,31.49,0.17,90.0,SUBJ_002,67.8,10.0,54.66,0.7636,97.3,906.24,-0.4032,2.5,-0.2,9.9508,5.9499,0.3388,2.25
2026-07-22 00:56:41,18.39,301.9,114.11,11.2,20.0,35.28,29.65,1.95,90.0,SUBJ_002,67.5,11.14,54.3,0.7806,97.4,873.66,-0.3746,2.5,-0.1962,9.0532,5.4091,0.3757,2.25
2026-07-22 01:05:34,17.09,300.0,106.72,15.8,18.74,34.04,24.89,0.3,90.0,SUBJ_002,67.0,17.94,54.03,0.8392,97.4,882.03,-0.309,2.5,-0.2,6.6584,3.9737,0.3513,2.25
2026-07-22 01:12:56,17.76,300.0,102.44,9.1,20.17,39.75,30.96,5.18,90.0,SUBJ_002,66.9,10.0,54.62,0.8355,97.4,851.25,-0.3957,2.5,-0.2,9.6849,5.7904,0.3372,2.25
2026-07-22 01:21:53,17.89,300.0,102.32,8.0,18.52,39.42,29.43,2.48,90.0,SUBJ_002,66.7,11.76,54.5,0.8435,97.4,891.71,-0.3738,2.5,-0.2,8.9196,5.3313,0.3369,2.25
2026-07-22 01:26:29,18.65,304.7,114.06,15.4,15.42,28.16,29.28,2.97,90.0,SUBJ_002,66.6,11.63,54.25,0.8649,97.4,912.2,-0.3658,2.5,-0.1906,8.8681,5.2981,0.3755,2.25
2026-07-22 01:29:22,17.93,300.0,110.16,10.0,20.27,40.63,33.28,0.09,87.89,SUBJ_002,66.8,10.0,55.12,0.8452,97.4,914.47,-0.4288,2.289,-0.2,10.8603,6.4942,0.3627,2.1445
2026-07-22 01:32:08,18.37,345.1,107.61,19.8,17.64,29.99,36.18,0.52,88.92,SUBJ_002,66.7,10.0,54.84,0.834,97.4,877.42,-0.4138,2.392,-0.1098,12.3052,7.3616,0.3543,2.196
2026-07-22 01:40:38,19.63,421.0,86.03,19.4,15.12,33.89,33.06,2.41,88.54,SUBJ_002,66.6,10.0,54.39,0.8427,97.4,886.12,-0.2744,2.354,0.042,10.7021,6.404,0.2832,2.177
2026-07-22 01:43:13,18.17,300.0,100.93,15.4,15.2,28.33,30.1,2.07,90.0,SUBJ_002,66.6,10.87,54.58,0.8724,97.4,929.53,-0.3834,2.5,-0.2,9.2519,5.5309,0.3323,2.25
2026-07-22 01:46:02,18.44,300.0,112.14,14.0,21.77,37.47,29.95,5.94,90.0,SUBJ_002,66.6,10.8,54.38,0.8631,97.4,903.54,-0.3812,2.5,-0.2,9.1993,5.4971,0.3692,2.25
2026-07-22 01:53:48,18.28,300.0,108.19,22.9,24.2,44.66,33.08,4.63,90.0,SUBJ_002,66.8,10.0,54.71,0.8665,97.3,865.4,-0.4259,2.5,-0.2,10.7564,6.4322,0.3562,2.25
2026-07-22 01:57:21,19.12,308.6,94.94,17.6,17.73,37.63,39.45,1.64,90.0,SUBJ_002,67.3,10.0,55.41,0.8454,97.3,887.86,-0.5061,2.5,-0.1828,13.9149,8.3299,0.3126,2.25
2026-07-22 02:05:22,19.0,389.4,106.1,15.2,18.69,38.94,39.17,0.14,89.28,SUBJ_002,67.1,10.0,54.69,0.83,97.3,894.06,-0.4011,2.428,-0.0212,13.7972,8.2571,0.3493,2.214
2026-07-22 02:13:33,18.74,834.9,98.01,15.4,20.78,35.87,34.17,1.31,88.06,SUBJ_002,67.7,10.0,51.05,0.8102,97.3,899.04,0.2271,2.306,0.8698,11.281,6.749,0.3227,2.153
2026-07-22 02:20:44,18.42,466.4,97.0,18.7,14.78,32.24,31.55,1.34,87.82,SUBJ_002,67.4,10.0,53.86,0.8334,97.3,900.1,-0.1961,2.282,0.1328,9.969,5.962,0.3193,2.141
2026-07-22 02:26:24,18.81,510.2,94.54,24.5,16.11,42.24,26.86,1.71,88.73,SUBJ_002,67.5,13.6,52.97,0.8219,97.3,896.07,-0.0744,2.373,0.2204,7.6191,4.5525,0.3112,2.1865
2026-07-22 02:36:23,19.3,374.6,94.09,24.8,15.93,35.47,30.7,0.65,88.31,SUBJ_002,67.5,10.0,54.48,0.8535,97.4,893.49,-0.2987,2.331,-0.0508,9.5382,5.7041,0.3098,2.1655
2026-07-22 02:38:58,18.81,301.3,91.18,7.8,17.21,34.49,34.25,3.54,87.71,SUBJ_002,67.8,10.0,55.54,0.838,97.4,870.7,-0.441,2.271,-0.1974,11.3074,6.7662,0.3002,2.1355
2026-07-22 02:44:42,19.68,351.4,90.71,27.5,15.86,41.85,34.98,1.46,89.53,SUBJ_002,68.0,10.0,54.84,0.818,97.3,889.78,-0.3888,2.453,-0.0972,11.6714,6.9847,0.2986,2.2265
2026-07-22 02:50:54,19.01,471.5,111.88,21.2,20.99,42.5,40.42,0.93,90.0,SUBJ_002,68.3,10.0,53.9,0.7654,97.2,870.06,-0.3163,2.5,0.143,14.4338,8.6379,0.3683,2.25
2026-07-22 02:53:57,19.38,468.5,86.98,20.9,16.5,32.04,37.15,1.28,90.0,SUBJ_002,68.2,10.0,54.05,0.7814,97.2,860.05,-0.2734,2.5,0.137,12.749,7.632,0.2864,2.25
2026-07-22 03:00:46,18.03,368.9,92.38,9.3,16.98,32.72,33.57,4.53,90.0,SUBJ_002,68.1,10.0,54.46,0.8115,97.3,891.46,-0.3468,2.5,-0.0622,10.9698,6.5634,0.3041,2.25
2026-07-22 03:06:18,19.24,569.9,98.16,11.3,17.98,38.77,31.26,2.05,90.0,SUBJ_002,67.9,10.0,52.55,0.8189,97.3,862.84,-0.0626,2.5,0.3398,9.8263,5.8762,0.3232,2.25
2026-07-22 03:16:03,18.23,305.4,92.97,9.6,19.29,40.66,29.44,5.43,88.78,SUBJ_002,67.8,12.29,54.85,0.8298,97.3,885.09,-0.3672,2.378,-0.1892,8.9059,5.325,0.3061,2.189
2026-07-22 03:19:44,18.78,373.4,94.84,13.0,19.35,34.88,28.84,1.55,90.0,SUBJ_002,67.2,11.96,53.98,0.8615,97.3,871.04,-0.2736,2.5,-0.0532,8.6097,5.1468,0.3122,2.25
2026-07-22 03:22:48,18.47,382.5,105.17,7.6,21.26,31.08,33.73,0.56,90.0,SUBJ_002,67.5,10.0,54.15,0.8126,97.4,900.83,-0.3321,2.5,-0.035,11.0753,6.6242,0.3462,2.25
2026-07-22 03:28:50,19.46,386.1,89.39,18.7,15.89,38.01,27.01,0.82,89.21,SUBJ_002,67.9,14.73,53.97,0.8358,97.4,893.57,-0.2316,2.421,-0.0278,7.6838,4.5924,0.2943,2.2105
2026-07-22 03:32:55,19.92,383.9,89.4,22.5,18.69,41.35,33.4,9.11,90.0,SUBJ_002,67.8,10.0,54.37,0.8453,97.4,870.32,-0.3256,2.5,-0.0322,10.8788,6.5094,0.2943,2.25
2026-07-22 03:37:17,20.17,595.5,73.21,14.2,13.68,30.65,25.63,7.55,90.0,SUBJ_002,67.3,14.52,52.27,0.867,97.4,875.35,0.0498,2.5,0.391,6.9614,4.1622,0.241,2.25
2026-07-22 03:40:30,19.6,518.0,88.64,15.5,19.53,39.78,35.39,1.8,86.62,SUBJ_002,67.4,10.0,54.15,0.8245,97.4,880.91,-0.1864,2.162,0.236,11.8723,7.1056,0.2918,2.081
2026-07-22 03:48:05,19.57,404.8,81.5,8.6,17.31,32.35,30.24,1.8,88.4,SUBJ_002,67.0,10.49,54.38,0.8183,97.4,893.36,-0.2544,2.34,0.0096,9.283,5.5535,0.2683,2.17
2026-07-22 03:55:21,19.11,395.3,79.77,15.7,15.14,32.1,25.75,16.8,86.08,SUBJ_002,66.7,17.56,54.57,0.8358,97.4,875.52,-0.2022,2.108,-0.0094,7.0345,4.2048,0.2626,2.054
2026-07-22 04:00:48,18.99,323.4,74.42,11.6,14.17,29.81,22.98,0.2,85.93,SUBJ_002,66.2,22.36,55.03,0.8685,97.5,911.8,-0.2525,2.093,-0.1532,5.6388,3.3684,0.245,2.0465
2026-07-22 04:08:37,19.15,445.1,83.52,15.5,15.46,32.58,30.22,2.92,88.63,SUBJ_002,66.3,10.0,53.98,0.8645,97.5,941.86,-0.2037,2.363,0.0902,9.277,5.5495,0.275,2.1815
2026-07-22 04:17:52,20.08,514.2,83.32,14.8,15.4,34.73,36.45,3.71,87.72,SUBJ_002,66.7,10.0,54.14,0.8369,97.5,906.11,-0.2063,2.272,0.2284,12.3916,7.4183,0.2743,2.136
2026-07-22 04:20:18,20.08,435.5,56.94,9.8,12.65,23.89,19.79,1.28,86.68,SUBJ_002,66.4,25.77,53.99,0.8595,97.6,921.07,-0.0668,2.168,0.071,4.0089,2.3939,0.1875,2.084
2026-07-22 04:25:24,20.63,455.6,85.11,19.2,12.78,42.35,29.44,0.45,86.33,SUBJ_002,66.5,11.58,54.26,0.8227,97.5,927.55,-0.1795,2.133,0.1112,8.8902,5.3171,0.2802,2.0665
2026-07-22 04:29:05,19.62,591.0,83.82,7.9,13.28,28.17,27.5,4.6,85.82,SUBJ_002,66.8,12.98,53.13,0.838,97.5,899.99,0.0175,2.082,0.382,7.9176,4.7338,0.2759,2.041
2026-07-22 04:38:16,21.06,460.4,63.03,13.0,17.06,35.91,21.67,2.06,84.67,SUBJ_002,66.4,23.35,54.25,0.8556,97.6,925.65,-0.0625,1.967,0.1208,4.9611,2.964,0.2075,1.9835
2026-07-22 04:43:48,20.72,599.2,82.0,18.6,16.96,38.27,32.51,2.08,84.09,SUBJ_002,66.7,10.0,53.87,0.8236,97.6,886.86,-0.0438,1.909,0.3984,10.419,6.235,0.27,1.9545
2026-07-22 04:51:52,20.51,507.8,77.16,18.7,14.53,26.97,24.1,4.49,82.32,SUBJ_002,66.7,19.82,54.32,0.8234,97.5,886.88,-0.038,1.732,0.2156,6.2043,3.7072,0.254,1.866
2026-07-22 05:00:38,20.53,477.6,75.93,15.6,12.4,27.16,24.6,1.86,79.92,SUBJ_002,66.4,20.22,55.1,0.838,97.5,916.27,-0.0829,1.492,0.1552,6.4519,3.8559,0.25,1.746
2026-07-22 05:08:02,19.76,410.9,74.45,9.3,11.15,26.67,23.36,1.27,78.78,SUBJ_002,66.3,23.05,55.79,0.8523,97.6,907.08,-0.1485,1.378,0.0218,5.8289,3.4825,0.2451,1.689
2026-07-22 05:17:59,21.35,423.7,52.57,25.9,9.79,32.23,22.69,1.73,74.91,SUBJ_002,66.1,25.55,56.76,0.8646,97.6,887.09,-0.123,0.991,0.0474,5.4501,3.2596,0.1731,1.4955
2026-07-22 05:23:15,20.8,532.9,60.55,13.6,17.09,36.1,33.02,5.73,73.32,SUBJ_002,66.6,10.32,56.95,0.8173,97.7,899.82,-0.1339,0.832,0.2658,10.6311,6.3666,0.1993,1.416
2026-07-22 05:28:12,21.27,412.3,49.2,17.8,11.23,34.24,24.88,1.5,72.56,SUBJ_002,65.9,23.43,57.56,0.8427,97.7,917.87,-0.1685,0.756,0.0246,6.5384,3.9132,0.162,1.378
2026-07-22 05:32:48,21.35,525.0,52.25,20.9,10.3,36.78,25.94,0.35,71.63,SUBJ_002,66.0,20.94,56.88,0.8459,97.7,911.59,-0.0427,0.663,0.25,7.0745,4.2343,0.172,1.3315
2026-07-22 05:40:44,21.6,462.0,73.62,17.7,13.02,31.6,23.04,6.04,71.64,SUBJ_002,65.8,25.11,56.79,0.8414,97.6,907.4,-0.0801,0.664,0.124,5.6672,3.3856,0.2424,1.332
2026-07-22 05:44:14,21.37,465.1,47.15,24.5,9.87,24.84,27.01,2.73,71.27,SUBJ_002,65.8,20.35,57.61,0.8254,97.6,927.57,-0.1329,0.627,0.1302,7.5993,4.5502,0.1552,1.3135
2026-07-22 05:49:56,21.73,477.5,47.99,28.3,9.69,31.35,27.77,0.96,71.51,SUBJ_002,66.0,19.06,57.52,0.808,97.6,901.72,-0.1282,0.651,0.155,7.981,4.779,0.158,1.3255
2026-07-22 05:54:29,21.48,542.4,46.43,19.0,8.74,28.27,24.04,2.78,71.96,SUBJ_002,65.5,23.43,56.61,0.7775,97.6,931.96,0.0061,0.696,0.2848,6.1129,3.6584,0.1529,1.348
2026-07-22 06:02:14,21.64,637.0,37.45,15.8,8.17,25.35,15.9,5.62,70.9,SUBJ_002,65.3,34.22,55.51,0.8097,97.6,928.44,0.2406,0.59,0.474,2.0249,1.2075,0.1233,1.295
2026-07-22 06:04:37,21.16,396.3,22.62,17.5,4.85,22.1,13.23,7.98,69.14,SUBJ_002,65.2,41.45,57.82,0.8363,97.6,909.45,-0.0222,0.414,-0.0074,0.6602,0.3916,0.0745,1.207
2026-07-22 06:07:51,21.62,526.7,32.78,26.9,11.5,36.71,28.69,1.22,68.43,SUBJ_002,64.8,18.56,58.07,0.8032,97.6,942.06,-0.0799,0.343,0.2534,8.4106,5.0398,0.1079,1.1715
2026-07-22 06:10:17,20.81,601.1,36.65,9.5,8.27,22.45,12.65,0.19,68.01,SUBJ_002,64.8,40.01,56.11,0.8437,97.6,907.72,0.2421,0.301,0.4022,0.3983,0.2317,0.1207,1.1505
2026-07-22 06:17:45,21.44,555.6,56.02,13.8,10.85,22.66,20.58,2.62,66.41,SUBJ_002,64.7,29.52,57.16,0.804,97.6,935.17,0.072,0.141,0.3112,4.402,2.63,0.1844,1.0705
2026-07-22 06:21:22,22.71,507.0,36.51,20.0,11.76,31.79,28.96,6.28,68.49,SUBJ_002,65.2,10.0,52.17,0.7698,97.6,909.19,0.6088,1.201,0.214,8.553,5.1245,0.1202,1.3875
2026-07-22 06:29:07,21.6,506.1,45.04,9.4,10.8,28.55,17.87,0.14,67.42,SUBJ_002,65.1,33.78,57.31,0.8045,97.6,944.3,0.0488,0.242,0.2122,3.0251,1.806,0.1483,1.121
2026-07-22 06:37:10,22.11,623.2,42.47,18.9,11.23,41.68,24.74,13.71,65.03,SUBJ_002,65.4,22.49,56.54,0.7695,97.6,890.06,0.2082,0.135,0.4464,6.4549,3.8645,0.1398,1.0345
2026-07-22 06:40:07,22.37,630.2,51.18,28.4,12.63,38.0,23.22,1.43,63.98,SUBJ_002,65.8,21.28,54.02,0.7737,97.6,942.24,0.5013,0.444,0.4604,5.7124,3.4172,0.1685,1.06
2026-07-22 06:49:41,22.11,603.7,50.67,17.9,9.45,19.35,28.4,7.45,62.79,SUBJ_002,66.2,17.44,56.88,0.7254,97.6,935.71,0.1316,0.132,0.4074,8.3013,4.9707,0.1668,0.9225
2026-07-22 06:56:47,21.58,514.5,50.21,4.8,12.56,26.84,16.18,3.04,58.17,SUBJ_002,65.7,36.66,57.49,0.7666,97.6,934.12,0.0835,0.0,0.229,2.1904,1.3042,0.1653,0.6585
2026-07-22 07:02:59,22.25,569.6,61.54,10.7,11.83,32.04,24.13,0.0,57.34,SUBJ_002,65.9,21.84,55.43,0.7557,97.5,905.47,0.2914,0.3,0.3392,6.1881,3.7005,0.2026,0.692
2026-07-22 07:12:35,22.93,601.0,35.33,21.0,12.16,25.61,23.78,0.05,55.17,SUBJ_002,66.0,14.69,49.82,0.7702,97.6,901.61,1.0225,1.116,0.402,5.9607,3.5693,0.1163,0.7875
2026-07-22 07:21:19,21.8,561.5,55.06,11.4,9.97,12.82,14.17,3.86,54.19,SUBJ_002,65.2,38.82,56.86,0.7741,97.6,912.28,0.1709,0.0,0.323,1.1951,0.7061,0.1813,0.4595
2026-07-22 07:23:45,22.28,615.7,53.4,22.9,11.52,27.63,23.49,0.78,50.33,SUBJ_002,65.5,22.09,54.88,0.7555,97.5,929.79,0.3884,0.336,0.4314,5.8518,3.5004,0.1758,0.3505
2026-07-22 07:30:49,21.67,689.0,53.12,7.5,10.25,28.67,19.76,11.01,48.01,SUBJ_002,65.2,29.75,56.35,0.7309,97.6,919.61,0.2505,0.0,0.578,3.9862,2.3811,0.1749,0.1505
2026-07-22 07:34:01,22.91,831.7,56.39,13.7,9.49,31.34,22.48,0.72,44.97,SUBJ_002,65.6,13.72,47.68,0.7512,97.6,895.12,1.3092,1.092,0.8634,5.3528,3.2004,0.1856,0.2745
2026-07-22 07:43:09,22.57,697.5,50.37,15.1,9.07,18.16,20.93,1.48,45.0,SUBJ_002,66.1,21.45,51.6,0.7591,97.6,892.56,0.8202,0.684,0.595,4.5657,2.7294,0.1658,0.171
2026-07-22 07:52:19,23.03,810.0,57.34,19.4,9.87,25.74,25.88,0.71,43.9,SUBJ_002,66.7,10.0,47.11,0.7697,97.5,880.21,1.3548,1.236,0.82,7.0547,4.2213,0.1888,0.364
2026-07-22 07:56:44,21.65,711.8,70.21,12.7,12.31,26.02,24.29,8.25,42.86,SUBJ_002,66.6,22.8,56.27,0.7584,97.5,885.13,0.2143,0.0,0.6236,6.2854,3.7572,0.2311,0.107
2026-07-22 08:06:13,22.4,750.2,88.88,17.5,12.87,24.97,30.3,2.56,41.96,SUBJ_002,67.4,10.0,52.78,0.718,97.5,885.68,0.5806,0.48,0.7004,9.3278,5.5789,0.2926,0.272
2026-07-22 08:12:20,23.15,725.1,43.73,9.2,8.25,26.43,21.94,6.83,39.42,SUBJ_002,67.6,13.12,46.67,0.7322,97.5,909.33,1.4261,1.38,0.6502,5.0575,3.0257,0.144,0.624
2026-07-22 08:18:11,22.75,685.9,66.5,14.6,13.35,31.4,29.48,1.05,36.51,SUBJ_002,68.3,10.0,50.64,0.701,97.5,870.99,0.8654,0.9,0.5718,8.873,5.3105,0.2189,0.6495
2026-07-22 08:23:37,22.99,658.9,69.7,17.0,11.81,28.78,24.87,3.23,35.88,SUBJ_002,68.4,11.0,48.38,0.7069,97.4,868.26,1.1399,1.188,0.5178,6.5744,3.9307,0.2295,0.753
2026-07-22 08:31:12,22.6,767.7,84.98,11.6,16.32,30.41,26.8,4.82,31.35,SUBJ_002,68.4,11.3,50.71,0.6915,97.5,882.63,0.8544,0.72,0.7354,7.57,4.525,0.2798,0.8625
2026-07-22 08:34:37,22.69,645.9,65.18,10.8,11.28,33.57,23.95,3.98,30.17,SUBJ_002,68.7,16.02,51.02,0.6896,97.6,875.21,0.8338,0.828,0.4918,6.1054,3.6502,0.2146,0.9485
2026-07-22 08:44:02,23.01,807.5,83.43,8.5,15.84,23.3,30.94,0.53,30.94,SUBJ_002,68.7,10.0,47.31,0.6593,97.6,879.3,1.2592,1.212,0.815,9.6369,5.7654,0.2747,1.006
2026-07-22 08:52:57,24.03,767.9,79.99,25.3,14.91,29.16,28.31,2.09,30.73,SUBJ_002,69.4,10.0,38.83,0.6815,97.6,853.72,2.2776,2.436,0.7358,8.315,4.973,0.2633,1.3225
2026-07-22 09:00:11,23.78,762.1,78.1,16.9,15.83,33.29,30.76,1.26,30.04,SUBJ_002,70.2,10.0,41.23,0.6625,97.6,858.39,1.9828,2.136,0.7242,9.5362,5.7061,0.2571,1.282
2026-07-22 09:06:29,22.54,783.6,69.39,11.5,16.65,29.02,23.74,3.9,25.43,SUBJ_002,70.0,16.44,51.09,0.6822,97.5,844.6,0.8574,0.648,0.7672,6.0088,3.5914,0.2284,1.1405
2026-07-22 09:12:20,23.21,775.3,90.82,10.9,16.65,31.29,34.15,2.1,22.85,SUBJ_002,70.2,10.0,46.03,0.6652,97.6,849.4,1.3752,1.452,0.7506,11.2566,6.7358,0.299,1.4705
2026-07-22 09:16:13,23.69,1012.9,75.01,11.4,11.08,25.76,29.78,0.94,21.73,SUBJ_002,70.4,10.0,39.94,0.6659,97.5,823.87,2.2194,2.028,1.2258,9.04,5.409,0.2469,1.6705
2026-07-22 09:18:40,23.84,845.4,91.77,22.4,14.52,38.62,25.83,5.45,20.43,SUBJ_002,70.3,10.0,39.4,0.712,97.5,846.98,2.2179,2.208,0.8908,7.0985,4.2408,0.3021,1.7805
2026-07-22 09:27:58,22.49,801.1,83.02,2.5,14.91,23.86,26.9,0.0,20.39,SUBJ_002,70.1,12.1,51.42,0.6876,97.5,851.56,0.7836,0.588,0.8022,7.616,4.553,0.2733,1.3775
2026-07-22 09:37:22,23.84,872.5,84.69,18.9,12.75,35.07,27.75,1.75,20.66,SUBJ_002,70.1,10.0,39.47,0.6892,97.6,841.3,2.2244,2.208,0.945,8.0444,4.8097,0.2788,1.769
2026-07-22 09:40:03,24.16,925.7,90.45,21.9,17.8,34.64,35.28,2.12,22.27,SUBJ_002,70.7,10.0,36.88,0.6446,97.6,843.97,2.5066,2.592,1.0514,11.8209,7.0744,0.2978,1.7845
2026-07-22 09:42:40,23.82,740.6,73.15,7.6,13.0,27.34,26.46,1.52,20.0,SUBJ_002,70.4,10.0,40.78,0.672,97.6,883.63,2.0577,2.184,0.6812,7.3763,4.4112,0.2408,1.796
2026-07-22 09:50:21,24.21,758.4,92.27,11.2,16.01,40.04,33.32,7.02,20.0,SUBJ_002,71.0,10.0,37.61,0.6806,97.6,848.96,2.376,2.652,0.7168,10.8445,6.4883,0.3038,1.913
2026-07-22 09:56:21,24.67,798.7,84.34,20.8,14.7,33.35,32.65,1.08,20.0,SUBJ_002,72.0,10.0,33.46,0.7132,97.6,828.42,2.9006,3.204,0.7974,10.4937,6.2793,0.2777,2.051
2026-07-22 10:00:41,23.21,914.9,103.02,12.3,15.51,29.78,27.19,1.42,20.0,SUBJ_002,72.0,10.0,44.11,0.7064,97.6,819.59,1.649,1.452,1.0298,7.801,4.66,0.3392,1.613
2026-07-22 10:10:37,23.66,892.0,79.65,10.6,12.89,22.63,24.26,2.28,20.03,SUBJ_002,72.1,10.0,40.62,0.7252,97.5,824.83,2.1168,1.992,0.984,6.2893,3.7577,0.2622,1.7465
2026-07-22 10:20:36,23.98,870.7,88.06,20.8,14.6,33.23,27.15,2.51,20.01,SUBJ_002,72.2,10.0,38.19,0.7383,97.5,844.04,2.3721,2.376,0.9414,7.7511,4.6331,0.2899,1.8435
2026-07-22 10:22:55,23.01,782.9,84.87,12.6,16.32,28.78,28.41,0.17,20.0,SUBJ_002,72.1,10.0,47.26,0.7293,97.5,831.36,1.2646,1.212,0.7658,8.3747,5.0079,0.2794,1.553
2026-07-22 10:28:32,23.88,801.4,91.89,10.0,16.08,35.27,32.04,7.36,20.0,SUBJ_002,72.0,10.0,39.95,0.7384,97.4,815.11,2.1147,2.256,0.8028,10.2038,6.1039,0.3025,1.814
2026-07-22 10:37:02,24.96,843.0,93.92,17.5,15.68,39.91,37.62,1.87,20.0,SUBJ_002,72.9,10.0,30.92,0.7323,97.4,823.73,3.1779,3.552,0.886,12.9978,7.7799,0.3092,2.138
2026-07-22 10:41:34,24.0,1058.3,88.49,15.4,16.13,32.62,23.05,1.93,20.02,SUBJ_002,73.3,10.0,36.15,0.7921,97.4,793.3,2.6853,2.4,1.3166,5.702,3.4035,0.2913,1.849
2026-07-22 10:47:55,24.2,846.6,84.69,9.7,16.78,33.01,28.86,9.58,20.67,SUBJ_002,73.1,10.0,36.72,0.78,97.4,826.64,2.5398,2.64,0.8932,8.5994,5.1427,0.2788,1.8765
2026-07-22 10:50:49,23.75,762.7,85.28,13.8,15.0,25.35,31.0,1.09,20.0,SUBJ_002,72.9,10.0,41.38,0.7487,97.4,810.06,1.9498,2.1,0.7254,9.6706,5.7853,0.2808,1.775
2026-07-22 10:52:58,24.14,824.5,93.76,16.6,17.1,37.01,26.74,0.89,20.0,SUBJ_002,72.9,10.0,37.08,0.7596,97.4,838.08,2.4818,2.568,0.849,7.5575,4.5158,0.3087,1.892
2026-07-22 10:59:43,23.66,799.0,96.02,8.3,15.87,29.94,25.7,2.28,20.0,SUBJ_002,72.4,10.0,41.22,0.771,97.5,830.11,1.98,1.992,0.798,7.042,4.206,0.3161,1.748
2026-07-22 11:04:51,25.24,958.5,106.78,20.4,19.54,41.64,29.61,6.84,20.0,SUBJ_002,72.6,10.0,26.72,0.7999,97.5,828.59,3.7195,3.888,1.117,9.0186,5.3898,0.3515,2.222
2026-07-22 11:07:07,24.88,1059.8,88.09,23.6,13.24,39.29,29.75,2.38,20.34,SUBJ_002,73.0,10.0,29.27,0.8082,97.4,827.8,3.4805,3.456,1.3196,9.0512,5.4131,0.29,2.097
2026-07-22 11:13:59,24.9,855.0,76.61,6.9,17.73,33.09,29.13,3.26,20.0,SUBJ_002,73.2,10.0,30.89,0.8227,97.4,817.29,3.2535,3.48,0.91,8.7182,5.2156,0.2522,2.12
2026-07-22 11:20:58,24.13,869.5,86.15,5.9,16.11,32.45,24.14,2.22,20.0,SUBJ_002,73.0,10.0,36.7,0.8488,97.4,815.81,2.5651,2.556,0.939,6.2423,3.7281,0.2836,1.889
2026-07-22 11:25:33,23.74,870.2,96.31,3.4,17.0,25.55,26.57,2.32,20.0,SUBJ_002,73.0,10.0,40.04,0.8269,97.4,827.46,2.1373,2.088,0.9404,7.4776,4.4673,0.3171,1.772
2026-07-22 11:30:33,24.21,1019.8,80.55,24.3,18.2,37.27,29.09,1.94,20.0,SUBJ_002,73.1,10.0,35.33,0.7967,97.4,826.2,2.7631,2.652,1.2396,8.7061,5.2075,0.2652,1.913
2026-07-22 11:39:51,23.34,786.8,94.37,6.1,13.3,25.17,31.03,3.71,20.9,SUBJ_002,72.9,10.0,44.51,0.8021,97.4,798.0,1.5654,1.608,0.7736,9.7037,5.8034,0.3107,1.607
2026-07-22 11:42:04,24.91,834.7,103.04,17.5,23.49,45.6,37.64,4.78,20.62,SUBJ_002,73.9,10.0,31.26,0.7825,97.4,819.86,3.1168,3.492,0.8694,13.0261,7.795,0.3392,2.092
2026-07-22 11:50:58,23.58,828.6,96.48,7.5,19.46,35.17,28.82,0.63,20.5,SUBJ_002,73.7,10.0,41.92,0.7719,97.4,808.34,1.8916,1.896,0.8572,8.603,5.1425,0.3176,1.699
2026-07-22 11:55:34,25.26,1096.4,102.94,20.3,16.94,39.17,31.17,3.59,21.49,SUBJ_002,74.3,10.0,25.64,0.7828,97.4,800.58,3.8898,3.912,1.3928,9.7909,5.8539,0.3389,2.1535
2026-07-22 11:58:16,25.53,1052.7,105.53,17.5,15.44,41.33,32.7,3.81,20.46,SUBJ_002,74.7,10.0,23.8,0.7994,97.4,795.63,4.086,4.236,1.3054,10.5611,6.3155,0.3474,2.286
2026-07-22 12:06:52,24.27,915.8,111.41,14.6,18.28,28.88,32.24,4.19,20.72,SUBJ_002,74.9,10.0,35.42,0.777,97.4,787.95,2.6488,2.724,1.0316,10.3428,6.1834,0.3668,1.895
2026-07-22 12:14:58,23.78,799.5,117.38,16.0,18.86,34.55,38.93,0.39,20.0,SUBJ_002,75.0,10.0,40.98,0.7106,97.4,799.11,1.9129,2.136,0.799,13.6998,8.1964,0.3864,1.784
2026-07-22 12:20:49,23.37,815.0,105.53,13.8,19.49,35.97,33.65,4.8,20.0,SUBJ_002,74.6,10.0,44.07,0.687,97.4,811.92,1.5935,1.644,0.83,11.0361,6.6005,0.3474,1.661
2026-07-22 12:26:37,25.18,1026.9,92.93,20.7,14.88,34.83,28.95,0.91,20.0,SUBJ_002,75.1,10.0,26.85,0.7108,97.4,802.22,3.7538,3.816,1.2538,8.6609,5.1779,0.3059,2.204
2026-07-22 12:32:15,24.7,826.6,91.7,23.7,16.17,39.7,34.07,1.86,20.0,SUBJ_002,74.8,10.0,32.99,0.7407,97.4,800.41,2.9455,3.24,0.8532,11.2184,6.7127,0.3019,2.06
2026-07-22 12:39:22,24.31,817.8,86.66,11.0,14.92,26.29,26.03,8.93,20.0,SUBJ_002,74.8,10.0,35.75,0.7407,97.3,803.02,2.6553,2.772,0.8356,7.1883,4.2957,0.2853,1.943
2026-07-22 12:46:14,24.54,871.1,100.74,20.7,16.28,25.19,31.73,6.04,20.0,SUBJ_002,74.4,10.0,33.63,0.7295,97.4,801.09,2.8729,3.048,0.9422,10.0665,6.0197,0.3317,2.012
2026-07-22 12:51:10,23.88,775.7,84.27,11.1,17.77,29.62,27.88,0.5,20.0,SUBJ_002,73.6,10.0,39.92,0.7464,97.4,811.58,2.1419,2.256,0.7514,8.1085,4.8483,0.2774,1.814
2026-07-22 13:00:23,24.89,932.6,95.17,20.5,17.75,33.38,34.21,3.77,20.0,SUBJ_002,74.1,10.0,30.48,0.743,97.4,806.21,3.2679,3.468,1.0652,11.2953,6.7582,0.3133,2.117
2026-07-22 13:07:05,23.97,805.3,100.67,20.0,15.06,32.88,34.46,3.45,20.83,SUBJ_002,74.0,10.0,39.22,0.7489,97.4,801.89,2.1759,2.364,0.8106,11.4313,6.8387,0.3314,1.7995
2026-07-22 13:09:15,23.79,960.4,89.5,15.2,14.73,26.16,31.65,2.76,20.0,SUBJ_002,74.1,10.0,39.44,0.7139,97.4,819.3,2.2281,2.148,1.1208,10.004,5.9845,0.2946,1.787
2026-07-22 13:15:40,23.9,769.7,91.63,12.4,16.84,31.65,28.1,0.49,20.22,SUBJ_002,73.7,10.0,39.7,0.7612,97.5,840.69,2.1515,2.28,0.7394,8.2333,4.9216,0.3017,1.809
2026-07-22 13:24:07,25.08,831.0,89.9,13.4,16.97,31.12,30.77,13.57,20.0,SUBJ_002,73.6,10.0,29.48,0.8029,97.5,799.51,3.3819,3.696,0.862,9.5648,5.7209,0.296,2.174
2026-07-22 13:32:47,23.21,837.7,97.8,3.9,16.77,20.5,25.52,6.04,20.0,SUBJ_002,73.3,10.0,44.67,0.8034,97.5,817.17,1.5763,1.452,0.8754,6.9556,4.1538,0.322,1.613
2026-07-22 13:41:52,24.39,770.6,87.59,19.2,20.76,37.58,31.33,1.21,20.0,SUBJ_002,73.7,10.0,35.89,0.8028,97.5,806.82,2.6015,2.868,0.7412,9.8402,5.8866,0.2884,1.967
2026-07-22 13:45:13,23.31,852.1,89.73,8.6,17.38,23.84,27.31,5.05,20.0,SUBJ_002,73.0,10.0,43.99,0.7682,97.5,802.15,1.6698,1.572,0.9042,7.8345,4.6827,0.2954,1.643
2026-07-22 13:49:39,23.57,854.5,92.25,11.8,18.05,30.55,22.43,9.06,20.95,SUBJ_002,72.5,10.0,41.32,0.8095,97.5,813.6,2.0051,1.884,0.909,5.3995,3.2212,0.3037,1.6735
2026-07-22 13:53:39,23.92,809.4,83.0,16.8,14.39,31.84,35.07,3.83,20.0,SUBJ_002,72.9,10.0,39.95,0.7594,97.4,806.4,2.1218,2.304,0.8188,11.701,7.004,0.2732,1.826
2026-07-22 13:55:48,24.23,880.9,71.83,15.0,13.61,35.89,25.16,2.76,20.0,SUBJ_002,72.9,10.0,36.09,0.7932,97.5,825.98,2.6658,2.676,0.9618,6.7237,4.0198,0.2365,1.919
2026-07-22 13:58:15,23.72,829.8,77.29,27.1,15.39,39.11,33.12,1.78,20.0,SUBJ_002,73.1,10.0,41.41,0.7602,97.5,813.03,1.9731,2.064,0.8596,10.7146,6.4133,0.2545,1.766
2026-07-22 14:03:59,23.14,782.8,77.85,13.9,15.6,32.16,27.87,1.32,20.0,SUBJ_002,72.9,10.0,46.23,0.7784,97.5,821.41,1.4035,1.368,0.7656,8.0907,4.8388,0.2563,1.592
2026-07-22 14:09:31,24.69,943.8,75.55,18.4,15.17,41.28,33.77,2.62,20.18,SUBJ_002,73.3,10.0,32.37,0.7717,97.5,833.09,3.0862,3.228,1.0876,11.0361,6.6066,0.2487,2.048
2026-07-22 14:12:07,23.32,805.5,69.39,11.8,14.27,30.28,24.11,1.81,20.0,SUBJ_002,73.2,10.0,44.34,0.7576,97.5,819.79,1.6673,1.584,0.811,6.1938,3.7024,0.2284,1.646
2026-07-22 14:21:51,23.55,916.8,89.62,19.0,13.2,22.61,30.44,0.66,20.0,SUBJ_002,73.1,10.0,41.71,0.7443,97.5,827.01,1.9484,1.86,1.0336,9.3992,5.6216,0.295,1.715
2026-07-22 14:30:50,23.4,802.8,83.74,23.3,17.81,34.82,27.2,3.76,21.16,SUBJ_002,72.5,10.0,43.72,0.7579,97.5,841.49,1.7007,1.68,0.8056,7.7675,4.6437,0.2757,1.612
2026-07-22 14:40:44,23.0,737.3,72.34,7.3,20.56,27.3,37.01,2.85,20.0,SUBJ_002,73.0,10.0,48.66,0.6857,97.5,844.29,1.0747,1.2,0.6746,12.6497,7.5753,0.2382,1.55
2026-07-22 14:48:09,22.89,894.1,70.85,15.7,13.69,28.75,23.6,0.65,21.92,SUBJ_002,72.5,11.3,47.2,0.7276,97.5,838.12,1.351,1.068,0.9882,5.9417,3.5509,0.2333,1.421
2026-07-22 14:57:35,23.15,675.6,69.74,11.4,11.34,25.32,23.18,5.49,20.0,SUBJ_002,72.5,11.25,46.74,0.7396,97.5,829.41,1.3465,1.38,0.5512,5.7295,3.4237,0.2296,1.595
2026-07-22 15:00:16,23.99,703.9,62.75,19.4,13.61,29.47,32.12,2.68,20.0,SUBJ_002,72.1,10.0,40.29,0.7292,97.5,835.41,2.1028,2.388,0.6078,10.1855,6.0987,0.2066,1.847
2026-07-22 15:05:07,23.18,710.8,92.35,16.2,13.79,34.57,23.49,1.34,20.0,SUBJ_002,71.3,10.0,45.86,0.7346,97.5,834.09,1.4164,1.416,0.6216,5.9297,3.5393,0.304,1.604
2026-07-22 15:09:06,23.92,815.0,53.93,14.7,10.63,28.27,23.82,2.53,20.0,SUBJ_002,70.9,10.0,39.42,0.7698,97.5,845.43,2.2894,2.304,0.83,6.0179,3.5999,0.1775,1.826
2026-07-22 15:12:29,24.35,756.4,68.94,24.6,16.1,43.54,31.22,12.14,20.65,SUBJ_002,70.9,10.0,36.64,0.7734,97.5,857.38,2.5449,2.82,0.7128,9.7479,5.8349,0.227,1.9225
2026-07-22 15:21:22,23.2,688.8,83.2,10.8,16.76,33.66,32.58,0.0,20.0,SUBJ_002,70.8,10.0,46.8,0.7477,97.5,861.72,1.2793,1.44,0.5776,10.4564,6.2572,0.2739,1.61
2026-07-22 15:28:36,22.48,673.2,76.1,9.1,16.17,27.06,24.58,8.18,21.41,SUBJ_002,70.4,17.01,52.45,0.7047,97.5,831.51,0.6468,0.576,0.5464,6.4422,3.8501,0.2505,1.3235
2026-07-22 15:32:16,23.14,714.0,77.52,23.2,11.65,38.15,33.83,2.63,24.64,SUBJ_002,70.5,10.0,47.3,0.6926,97.5,860.51,1.2324,1.368,0.628,11.07,6.6265,0.2552,1.36
2026-07-22 15:35:49,22.94,782.6,85.74,17.0,12.77,32.65,21.51,5.5,26.44,SUBJ_002,70.4,14.47,47.25,0.708,97.6,857.34,1.292,1.128,0.7652,4.9265,2.9387,0.2823,1.21
2026-07-22 15:40:53,22.68,704.1,83.07,10.7,18.34,31.23,29.58,5.24,25.5,SUBJ_002,70.3,10.0,50.82,0.6687,97.6,872.84,0.816,0.816,0.6082,8.9561,5.3571,0.2735,1.179
2026-07-22 15:49:32,23.13,697.0,72.88,15.1,12.87,33.82,27.28,4.08,23.98,SUBJ_002,70.2,10.0,47.04,0.6805,97.6,842.55,1.2945,1.356,0.594,7.7858,4.6569,0.2399,1.39
2026-07-22 15:59:22,23.65,653.6,58.47,26.2,8.71,27.21,24.4,6.57,25.93,SUBJ_002,70.3,10.0,42.98,0.7169,97.6,868.21,1.8067,1.98,0.5072,6.3169,3.7785,0.1925,1.4485
2026-07-22 16:04:11,22.02,600.6,78.46,15.4,17.6,21.44,28.31,4.34,23.67,SUBJ_002,69.5,17.95,57.2,0.6833,97.6,881.03,0.0381,0.024,0.4012,8.3119,4.9715,0.2583,1.0725
2026-07-22 16:08:32,22.4,682.2,87.04,6.7,17.09,32.01,30.29,2.66,23.89,SUBJ_002,69.3,10.0,53.36,0.6566,97.6,856.79,0.4957,0.48,0.5644,9.3191,5.574,0.2866,1.1755
2026-07-22 16:16:03,22.51,951.8,44.21,25.2,6.59,22.23,23.41,1.49,25.95,SUBJ_002,69.3,16.04,50.38,0.665,97.6,854.22,1.042,0.612,1.1036,5.7934,3.4672,0.1455,1.1055
2026-07-22 16:24:50,22.47,860.7,54.31,15.0,12.34,30.43,24.84,1.76,27.28,SUBJ_002,69.1,15.27,51.4,0.6497,97.6,872.52,0.8673,0.564,0.9214,6.5286,3.9063,0.1788,1.027
2026-07-22 16:30:38,22.45,671.1,65.42,28.7,15.01,27.57,25.18,5.94,27.68,SUBJ_002,69.0,16.83,52.94,0.6449,97.6,887.83,0.6053,0.54,0.5422,6.7208,4.0194,0.2154,1.001
2026-07-22 16:32:55,21.83,854.1,71.26,15.6,14.51,24.62,25.8,7.96,27.08,SUBJ_002,68.6,19.08,55.24,0.6515,97.6,887.3,0.3706,0.0,0.9082,7.0425,4.2113,0.2346,0.896
2026-07-22 16:41:39,22.15,545.0,42.88,15.6,7.78,26.16,19.08,0.73,27.7,SUBJ_002,68.1,30.72,56.35,0.6621,97.5,893.95,0.2317,0.18,0.29,3.6258,2.1669,0.1412,0.91
2026-07-22 16:46:40,22.93,625.6,53.57,25.0,11.33,39.53,25.46,4.72,29.45,SUBJ_002,67.9,11.63,49.47,0.6743,97.5,885.65,1.0293,1.116,0.4512,6.8371,4.0916,0.1764,1.0565
2026-07-22 16:50:38,21.62,577.7,64.48,13.1,14.87,32.91,22.87,1.44,31.03,SUBJ_002,68.0,26.34,57.32,0.6803,97.5,918.24,0.067,0.0,0.3554,5.564,3.3255,0.2123,0.6985
2026-07-22 16:55:59,21.72,575.1,45.09,20.1,8.62,25.35,16.01,0.0,30.46,SUBJ_002,67.4,36.35,57.07,0.7001,97.5,882.69,0.1616,0.0,0.3502,2.0952,1.2481,0.1484,0.727
2026-07-22 17:00:50,21.34,713.0,64.59,14.6,11.34,27.04,18.32,11.36,30.16,SUBJ_002,67.2,31.16,55.84,0.7045,97.6,879.52,0.301,0.0,0.626,3.2892,1.9606,0.2126,0.742
2026-07-22 17:10:16,21.82,651.1,32.41,22.4,7.61,28.87,20.12,2.77,28.72,SUBJ_002,67.3,30.14,57.02,0.7064,97.6,873.17,0.198,0.0,0.5022,4.1248,2.4684,0.1067,0.814
2026-07-22 17:18:50,21.24,514.3,45.12,14.6,10.84,24.75,25.91,1.37,31.59,SUBJ_002,66.9,23.3,58.41,0.6996,97.6,882.29,-0.0557,0.0,0.2286,7.0452,4.2181,0.1485,0.6705
2026-07-22 17:24:03,21.18,567.2,56.3,18.2,13.81,25.85,25.31,2.01,33.19,SUBJ_002,66.8,23.28,57.75,0.701,97.6,915.24,0.019,0.0,0.3344,6.7676,4.0493,0.1853,0.5905
2026-07-22 17:28:33,21.88,614.7,44.36,28.9,9.94,29.3,23.39,8.46,33.85,SUBJ_002,66.6,25.72,57.4,0.7028,97.6,891.56,0.1058,0.0,0.4294,5.7837,3.4614,0.146,0.5575
2026-07-22 17:38:11,21.49,544.6,40.49,20.1,6.55,30.23,16.0,6.87,33.52,SUBJ_002,66.1,36.82,57.39,0.7405,97.5,952.46,0.1236,0.0,0.2892,2.081,1.2405,0.1333,0.574
2026-07-22 17:42:18,21.0,504.9,30.93,19.1,10.62,26.48,20.91,4.22,34.47,SUBJ_002,66.0,30.69,58.29,0.7225,97.6,906.63,0.0039,0.0,0.2098,4.5169,2.7039,0.1018,0.5265
2026-07-22 17:52:11,20.77,507.3,31.9,13.5,6.71,30.26,15.33,8.94,33.72,SUBJ_002,65.6,38.37,57.78,0.78,97.6,930.29,0.0866,0.0,0.2146,1.7288,1.0309,0.105,0.564
2026-07-22 17:54:21,21.66,586.3,27.39,15.8,7.43,26.48,21.54,6.46,35.66,SUBJ_002,65.0,29.02,57.75,0.7347,97.6,933.25,0.0967,0.0,0.3726,4.8248,2.8894,0.0902,0.467
2026-07-22 17:58:40,21.18,494.0,51.3,18.5,8.68,25.88,24.01,1.75,37.86,SUBJ_002,65.0,26.02,58.31,0.7515,97.6,920.07,-0.0539,0.0,0.188,6.1076,3.6543,0.1689,0.357
2026-07-22 18:06:53,20.36,411.2,39.42,23.9,3.39,15.63,16.5,6.18,39.49,SUBJ_002,64.7,37.63,58.53,0.7819,97.6,935.19,-0.0502,0.0,0.0224,2.3288,1.3894,0.1298,0.2755
2026-07-22 18:16:18,21.08,590.8,30.34,19.7,5.78,18.56,18.62,0.44,41.25,SUBJ_002,64.8,32.96,57.41,0.7816,97.6,920.13,0.144,0.0,0.3816,3.3707,2.0163,0.0999,0.1875
2026-07-22 18:24:30,20.44,381.5,43.04,12.6,8.73,21.85,13.69,1.35,42.06,SUBJ_002,64.5,41.76,58.47,0.8134,97.6,940.12,-0.0472,0.0,-0.037,0.9311,0.55,0.1417,0.147
2026-07-22 18:26:39,20.47,530.8,44.58,15.0,6.96,28.45,16.63,7.85,43.72,SUBJ_002,64.8,36.03,57.49,0.8337,97.6,922.52,0.0974,0.0,0.2616,2.4042,1.4336,0.1468,0.064
2026-07-22 18:31:50,22.02,524.4,38.46,24.2,9.34,32.13,25.23,0.75,46.81,SUBJ_002,64.9,24.09,58.21,0.7847,97.7,928.88,-0.0132,0.024,0.2488,6.6919,4.0075,0.1266,0.0965
2026-07-22 18:38:39,21.47,466.7,49.95,29.3,11.58,33.13,29.11,9.42,48.19,SUBJ_002,65.1,19.29,58.99,0.7425,97.6,934.45,-0.1609,0.0,0.1334,8.6549,5.1829,0.1644,0.1595
2026-07-22 18:44:48,19.71,435.2,48.37,10.7,8.07,22.92,16.95,0.69,49.59,SUBJ_002,65.0,36.52,58.23,0.7276,97.6,892.93,-0.0267,0.0,0.0704,2.5717,1.5334,0.1592,0.2295
2026-07-22 18:53:13,21.32,451.9,59.08,26.7,13.54,31.52,28.82,1.8,52.25,SUBJ_002,65.2,19.62,58.93,0.7148,97.5,902.95,-0.1752,0.0,0.1038,8.5282,5.1051,0.1945,0.3625
2026-07-22 18:58:36,20.5,664.7,53.22,19.2,8.22,19.88,20.83,0.0,52.6,SUBJ_002,65.1,28.51,56.63,0.7212,97.6,889.34,0.2048,0.0,0.5294,4.5214,2.7022,0.1752,0.38
2026-07-22 19:05:44,20.08,366.3,56.63,4.8,10.48,20.32,22.19,2.04,52.21,SUBJ_002,65.1,29.8,59.09,0.6959,97.5,921.55,-0.1876,0.0,-0.0674,5.2083,3.1136,0.1864,0.3605
2026-07-22 19:12:52,20.35,490.6,35.24,13.0,5.07,19.03,11.27,2.56,53.09,SUBJ_002,64.9,43.09,57.57,0.7699,97.6,906.8,0.1133,0.0,0.1812,0.0705,0.0352,0.116,0.4045
2026-07-22 19:17:26,20.01,394.1,56.7,18.9,10.62,28.61,18.74,1.6,54.5,SUBJ_002,65.2,34.27,58.57,0.7859,97.6,916.55,-0.1036,0.0,-0.0118,3.4834,2.0787,0.1867,0.475
2026-07-22 19:25:28,20.53,482.5,67.76,12.6,13.94,28.97,28.76,4.37,55.81,SUBJ_002,65.3,19.14,58.54,0.7346,97.6,893.08,-0.1361,0.0,0.165,8.5155,5.0958,0.2231,0.5405
2026-07-22 19:28:14,19.02,421.0,44.41,19.9,6.48,19.45,17.81,8.19,54.82,SUBJ_002,65.0,35.57,58.48,0.7467,97.6,951.67,-0.0567,0.0,0.042,2.9938,1.7874,0.1462,0.491
2026-07-22 19:30:59,19.48,444.5,49.86,9.6,9.75,20.94,21.69,0.43,57.61,SUBJ_002,64.9,29.79,58.53,0.7622,97.6,921.45,-0.0827,0.0,0.089,4.9447,2.9569,0.1641,0.6305
2026-07-22 19:39:39,20.29,407.9,57.4,35.3,13.7,31.42,26.26,0.0,57.59,SUBJ_002,64.7,23.67,59.09,0.7381,97.6,948.19,-0.1937,0.0,0.0158,7.2448,4.3354,0.189,0.6295
2026-07-22 19:47:26,20.23,588.1,66.25,25.9,14.13,31.06,26.55,1.02,61.69,SUBJ_002,65.1,21.07,57.52,0.665,97.6,919.81,0.0274,0.0,0.3762,7.4075,4.4313,0.2181,0.8345
2026-07-22 19:56:09,19.72,399.2,58.01,23.0,11.92,32.29,21.5,4.59,63.06,SUBJ_002,64.7,30.34,58.75,0.7145,97.6,934.91,-0.1366,0.0,-0.0016,4.866,2.908,0.191,0.903
2026-07-22 20:05:56,18.71,528.0,94.5,14.9,14.13,33.37,28.74,1.54,65.0,SUBJ_002,64.9,17.99,57.73,0.6792,97.6,922.25,-0.079,0.0,0.256,8.559,5.1165,0.3111,1.0
2026-07-22 20:08:47,19.7,561.7,88.95,26.8,16.49,29.96,30.37,2.83,67.16,SUBJ_002,65.3,14.84,57.26,0.6257,97.6,934.91,-0.0601,0.216,0.3234,9.3629,5.5999,0.2928,1.108
2026-07-22 20:16:44,20.41,467.8,82.11,26.3,15.59,36.74,30.79,1.58,68.44,SUBJ_002,65.2,15.07,57.91,0.6157,97.6,916.54,-0.1835,0.344,0.1356,9.5592,5.7191,0.2703,1.172
2026-07-22 20:19:20,19.85,456.1,68.88,16.8,12.12,38.24,21.61,0.18,70.84,SUBJ_002,65.0,27.52,56.95,0.6593,97.6,936.41,-0.0671,0.584,0.1122,4.9428,2.9519,0.2268,1.292
2026-07-22 20:28:28,19.16,351.6,97.3,19.4,16.31,30.56,26.15,4.7,73.23,SUBJ_002,64.9,20.94,57.24,0.6621,97.5,955.38,-0.2625,0.823,-0.0968,7.2696,4.3423,0.3203,1.4115
2026-07-22 20:34:28,19.59,360.9,82.36,25.4,13.61,33.21,34.13,0.0,75.28,SUBJ_002,65.0,10.0,57.68,0.6529,97.5,912.84,-0.3648,1.028,-0.0782,11.2297,6.7214,0.2711,1.514
2026-07-22 20:38:48,18.26,405.6,116.31,13.1,23.51,36.64,38.16,1.26,74.74,SUBJ_002,65.8,10.0,57.21,0.6296,97.5,914.63,-0.3664,0.974,0.0112,13.3126,7.9643,0.3829,1.487
2026-07-22 20:41:10,19.78,551.2,77.52,25.7,16.73,40.24,34.12,1.16,76.97,SUBJ_002,66.2,10.0,55.89,0.6317,97.5,897.74,-0.1268,1.197,0.3024,11.215,6.7135,0.2552,1.5985
2026-07-22 20:48:34,19.37,542.1,94.0,35.7,19.74,46.05,34.76,2.85,79.81,SUBJ_002,66.8,10.0,55.18,0.6313,97.4,860.12,-0.1473,1.481,0.2842,11.568,6.922,0.3095,1.7405
2026-07-22 20:56:54,20.32,437.6,89.01,21.7,17.89,37.77,33.06,0.0,83.31,SUBJ_002,66.9,10.0,55.26,0.653,97.5,896.45,-0.2536,1.831,0.0752,10.708,6.407,0.293,1.9155
2026-07-22 21:01:40,18.65,451.8,98.28,23.8,17.08,32.67,34.17,1.8,84.57,SUBJ_002,67.2,10.0,54.83,0.6663,97.5,885.74,-0.2517,1.957,0.1036,11.2816,6.7493,0.3236,1.9785
2026-07-22 21:03:51,18.71,419.8,86.7,16.0,18.07,33.38,36.15,0.0,85.45,SUBJ_002,67.1,10.0,55.27,0.6909,97.5,880.44,-0.32,2.045,0.0396,12.2484,7.3317,0.2854,2.0225
2026-07-22 21:06:15,18.46,318.7,78.73,18.1,13.71,29.44,27.3,0.44,86.24,SUBJ_002,66.8,16.23,55.3,0.7404,97.5,903.94,-0.32,2.124,-0.1626,7.8075,4.6687,0.2592,2.062
2026-07-22 21:09:11,18.51,315.3,112.68,16.1,19.23,32.21,31.14,2.69,88.45,SUBJ_002,66.8,10.0,54.66,0.7504,97.5,927.08,-0.3791,2.345,-0.1694,9.7954,5.8547,0.371,2.1725
2026-07-22 21:12:46,18.8,322.9,91.34,13.6,19.89,29.21,37.43,1.89,87.69,SUBJ_002,67.3,10.0,55.64,0.7426,97.4,900.12,-0.4594,2.269,-0.1542,12.8977,7.7203,0.3007,2.1345
2026-07-22 21:16:06,18.37,300.0,96.84,20.6,15.85,37.09,25.98,1.39,87.11,SUBJ_002,66.8,17.55,54.87,0.7992,97.5,892.79,-0.3246,2.211,-0.2,7.1837,4.2908,0.3188,2.1055
2026-07-22 21:19:19,18.23,365.3,89.27,12.7,16.38,33.63,34.32,0.24,88.75,SUBJ_002,67.0,10.0,54.85,0.7879,97.5,893.44,-0.362,2.375,-0.0694,11.3385,6.7853,0.2939,2.1875
2026-07-22 21:26:38,17.78,300.5,97.37,15.6,18.7,27.25,26.73,5.18,90.0,SUBJ_002,67.5,15.62,54.34,0.8021,97.4,892.72,-0.3346,2.5,-0.199,7.5597,4.5164,0.3206,2.25
2026-07-22 21:33:57,18.49,391.5,98.04,14.0,16.27,35.12,31.54,13.93,89.74,SUBJ_002,67.6,10.0,54.06,0.8267,97.4,869.33,-0.2896,2.474,-0.017,9.9661,5.96,0.3228,2.237
2026-07-22 21:40:52,17.64,400.6,100.35,19.2,20.45,26.61,35.25,1.44,89.84,SUBJ_002,67.4,10.0,54.25,0.8376,97.5,905.93,-0.3311,2.484,0.0012,11.8257,7.0753,0.3304,2.242
2026-07-22 21:47:13,17.56,354.3,95.74,13.8,20.3,25.67,31.3,0.0,90.0,SUBJ_002,67.3,10.0,54.33,0.8454,97.4,869.18,-0.3326,2.5,-0.0914,9.8415,5.8857,0.3152,2.25
2026-07-22 21:50:44,18.52,314.4,99.32,16.5,13.55,32.55,29.56,0.0,90.0,SUBJ_002,67.2,11.5,54.44,0.8628,97.5,900.7,-0.3577,2.5,-0.1712,8.9786,5.3673,0.327,2.25
2026-07-22 21:59:18,18.42,348.5,100.59,10.5,18.51,25.92,29.33,5.49,88.87,SUBJ_002,67.1,11.75,54.35,0.8856,97.5,892.08,-0.3118,2.387,-0.103,8.8662,5.2996,0.3312,2.1935
2026-07-22 22:07:07,18.75,316.3,96.75,13.0,16.92,36.73,33.44,12.44,90.0,SUBJ_002,67.0,10.0,54.8,0.8906,97.5,887.77,-0.4107,2.5,-0.1674,10.9135,6.5287,0.3185,2.25
2026-07-22 22:15:43,18.45,328.2,102.27,16.6,19.87,39.27,28.39,5.86,87.78,SUBJ_002,66.5,13.57,54.62,0.9103,97.5,925.49,-0.3237,2.278,-0.1436,8.3995,5.0193,0.3367,2.139
2026-07-22 22:18:23,17.91,300.0,117.49,13.9,18.8,29.64,25.64,1.06,88.96,SUBJ_002,66.1,16.95,54.13,0.941,97.5,913.07,-0.3197,2.396,-0.2,7.055,4.2095,0.3868,2.198
2026-07-22 22:22:28,18.06,308.0,102.26,19.4,19.33,38.94,26.55,3.19,90.0,SUBJ_002,66.1,15.66,54.19,0.9428,97.5,896.21,-0.3227,2.5,-0.184,7.4795,4.4673,0.3367,2.25
2026-07-22 22:26:51,18.33,300.0,106.27,16.7,17.44,30.66,32.85,4.82,90.0,SUBJ_002,66.5,10.0,54.72,0.928,97.5,862.82,-0.4226,2.5,-0.2,10.6375,6.3613,0.3499,2.25
2026-07-22 22:33:47,17.86,390.3,97.58,8.3,18.35,24.03,30.62,3.8,90.0,SUBJ_002,66.8,10.0,53.95,0.9368,97.5,897.25,-0.2779,2.5,-0.0194,9.5052,5.6836,0.3212,2.25
2026-07-22 22:35:52,17.46,300.0,107.31,7.8,17.24,30.18,29.9,7.85,89.7,SUBJ_002,66.7,11.08,54.51,0.8976,97.5,901.78,-0.3805,2.47,-0.2,9.1646,5.4773,0.3533,2.235
2026-07-22 22:39:31,17.56,305.7,93.74,9.9,17.27,27.06,29.09,1.2,90.0,SUBJ_002,66.6,12.38,54.56,0.9092,97.4,877.68,-0.3618,2.5,-0.1886,8.7325,5.2207,0.3086,2.25
2026-07-22 22:45:27,17.76,314.8,111.19,21.7,19.16,25.2,33.05,0.89,90.0,SUBJ_002,66.6,10.0,54.54,0.8974,97.4,885.29,-0.407,2.5,-0.1704,10.7474,6.4262,0.3661,2.25
2026-07-22 22:54:52,17.24,300.0,118.08,13.4,22.25,37.89,26.65,0.0,89.76,SUBJ_002,66.2,15.29,54.05,0.9405,97.4,916.96,-0.3341,2.476,-0.2,7.5612,4.5131,0.3887,2.238
2026-07-22 23:04:27,18.43,343.0,109.59,30.6,20.67,43.92,36.62,1.59,90.0,SUBJ_002,66.3,10.0,54.65,0.9337,97.5,897.4,-0.4227,2.5,-0.114,12.5292,7.4956,0.3608,2.25
2026-07-22 23:07:35,17.92,300.0,105.89,8.6,19.29,35.32,32.6,0.51,88.75,SUBJ_002,66.7,10.0,54.96,0.9218,97.4,915.61,-0.4191,2.375,-0.2,10.5118,6.2859,0.3486,2.1875
2026-07-22 23:10:50,18.24,300.0,104.11,14.3,17.08,34.72,29.28,1.65,90.0,SUBJ_002,66.8,11.92,54.45,0.9323,97.5,908.03,-0.3717,2.5,-0.2,8.8482,5.2881,0.3427,2.25
2026-07-22 23:20:15,17.64,300.0,110.01,18.3,21.06,34.89,32.48,0.61,90.0,SUBJ_002,66.7,10.0,54.63,0.8916,97.4,897.33,-0.4174,2.5,-0.2,10.46,6.254,0.3622,2.25
2026-07-22 23:26:22,17.95,381.0,110.58,18.1,18.21,48.58,26.75,2.82,90.0,SUBJ_002,67.0,14.38,53.48,0.9182,97.4,867.05,-0.2343,2.5,-0.038,7.5962,4.5356,0.364,2.25
2026-07-22 23:35:36,17.34,300.0,114.09,6.7,20.79,32.39,32.44,1.01,88.48,SUBJ_002,67.3,10.0,54.86,0.8849,97.5,905.52,-0.4168,2.348,-0.2,10.4482,6.2461,0.3756,2.174
2026-07-22 23:43:23,18.74,310.2,96.39,23.6,13.16,31.1,34.54,1.99,90.0,SUBJ_002,67.3,10.0,54.95,0.8848,97.5,881.81,-0.434,2.5,-0.1796,11.4628,6.8584,0.3173,2.25
2026-07-22 23:53:13,18.61,321.9,112.78,15.7,21.01,39.95,39.19,0.01,90.0,SUBJ_002,67.5,10.0,54.98,0.8342,97.4,882.31,-0.4858,2.5,-0.1562,13.8206,8.2698,0.3713,2.25
2026-07-23 00:00:17,18.2,301.2,99.72,14.9,16.86,39.45,30.34,6.95,90.0,SUBJ_002,67.0,10.55,54.61,0.8561,97.5,896.36,-0.3853,2.5,-0.1976,9.3694,5.6017,0.3283,2.25
2026-07-23 00:07:29,18.76,333.1,120.33,17.0,17.51,42.62,37.43,1.59,90.0,SUBJ_002,67.3,10.0,54.62,0.8329,97.5,899.61,-0.4466,2.5,-0.1338,12.9557,7.7493,0.3961,2.25
2026-07-23 00:10:23,17.84,300.0,102.2,17.6,19.35,35.2,32.63,5.98,90.0,SUBJ_002,67.0,10.0,54.77,0.8523,97.5,893.15,-0.4195,2.5,-0.2,10.5194,6.2912,0.3365,2.25
2026-07-23 00:14:07,17.8,334.0,95.81,11.9,15.57,26.7,24.37,0.49,90.0,SUBJ_002,66.9,18.56,53.9,0.8726,97.5,911.36,-0.2591,2.5,-0.132,6.3766,3.8068,0.3154,2.25
2026-07-23 00:19:19,18.63,403.7,106.96,17.2,19.12,33.71,38.35,3.9,90.0,SUBJ_002,67.1,10.0,54.35,0.8155,97.5,899.2,-0.3715,2.5,0.0074,13.3889,8.012,0.3521,2.25
2026-07-23 00:28:20,17.55,460.3,117.41,12.8,17.65,39.03,32.48,3.25,90.0,SUBJ_002,67.3,10.0,53.22,0.7868,97.5,905.47,-0.217,2.5,0.1206,10.4748,6.2614,0.3865,2.25
2026-07-23 00:33:40,17.45,300.0,109.51,14.3,18.37,31.81,26.64,1.87,90.0,SUBJ_002,66.8,15.45,54.14,0.8191,97.5,896.25,-0.334,2.5,-0.2,7.539,4.5015,0.3605,2.25
2026-07-23 00:39:10,17.9,300.0,110.84,10.6,20.06,29.98,27.0,0.14,90.0,SUBJ_002,66.5,14.92,54.15,0.8466,97.4,892.92,-0.3391,2.5,-0.2,7.7217,4.6108,0.3649,2.25
2026-07-23 00:43:25,17.68,312.6,111.07,10.9,17.42,32.37,32.59,1.58,90.0,SUBJ_002,67.1,10.0,54.52,0.821,97.5,912.57,-0.4032,2.5,-0.1748,10.5171,6.2881,0.3657,2.25
2026-07-23 00:48:41,17.42,300.0,115.14,7.8,20.8,38.96,31.08,0.0,90.0,SUBJ_002,67.0,10.0,54.43,0.8559,97.5,915.94,-0.3974,2.5,-0.2,9.7703,5.8391,0.3791,2.25
2026-07-23 00:54:41,17.89,300.0,98.14,14.4,18.27,33.09,29.43,10.61,90.0,SUBJ_002,67.0,11.86,54.56,0.885,97.5,893.31,-0.3738,2.5,-0.2,8.9113,5.3271,0.3231,2.25
2026-07-23 01:01:17,18.74,344.3,114.02,14.8,18.27,38.92,35.96,0.76,90.0,SUBJ_002,66.9,10.0,54.51,0.8946,97.4,898.04,-0.4117,2.5,-0.1114,12.208,7.302,0.3754,2.25
2026-07-23 01:11:13,18.24,303.4,89.77,14.1,17.48,32.1,37.67,0.28,90.0,SUBJ_002,67.3,10.0,55.38,0.8743,97.4,904.67,-0.4872,2.5,-0.1932,13.0145,7.7908,0.2955,2.25
2026-07-23 01:20:04,17.99,321.3,110.99,7.6,14.65,35.3,23.29,6.9,89.71,SUBJ_002,66.8,19.91,53.71,0.8786,97.4,937.01,-0.2595,2.471,-0.1574,5.867,3.498,0.3654,2.2355
2026-07-23 01:27:55,18.93,331.1,102.4,21.5,21.74,42.11,37.72,0.08,90.0,SUBJ_002,67.0,10.0,54.95,0.8455,97.4,896.09,-0.4533,2.5,-0.1378,13.0648,7.8184,0.3371,2.25
2026-07-23 01:34:23,18.22,370.9,86.74,15.4,16.59,26.53,37.77,3.12,90.0,SUBJ_002,67.3,10.0,54.9,0.8127,97.5,899.66,-0.4042,2.5,-0.0582,13.0585,7.8177,0.2856,2.25
2026-07-23 01:41:10,17.36,300.0,102.38,7.9,16.23,29.08,26.95,0.41,90.0,SUBJ_002,66.9,15.19,54.28,0.8415,97.4,870.25,-0.3384,2.5,-0.2,7.6798,4.5874,0.3371,2.25
2026-07-23 01:50:16,19.74,392.6,114.67,25.4,21.15,38.22,41.92,0.2,90.0,SUBJ_002,67.4,10.0,54.62,0.7967,97.4,884.0,-0.4364,2.5,-0.0148,15.1893,9.0907,0.3775,2.25
2026-07-23 01:57:52,18.04,300.0,112.57,10.8,20.41,42.78,35.46,1.38,90.0,SUBJ_002,67.2,10.0,54.84,0.7834,97.5,905.24,-0.4599,2.5,-0.2,11.9551,7.1506,0.3706,2.25
2026-07-23 02:07:45,18.84,385.5,109.24,18.0,17.92,38.76,31.16,10.93,90.0,SUBJ_002,66.9,10.0,53.84,0.8097,97.5,905.35,-0.2916,2.5,-0.029,9.7985,5.8572,0.3596,2.25
2026-07-23 02:12:07,19.12,567.8,91.05,11.4,20.07,39.78,33.54,0.65,89.53,SUBJ_002,67.3,10.0,52.97,0.795,97.4,910.09,-0.0977,2.453,0.3356,10.9521,6.553,0.2998,2.2265
2026-07-23 02:19:05,19.08,353.2,98.42,19.6,17.55,40.71,27.2,0.24,89.43,SUBJ_002,67.0,14.54,54.05,0.8228,97.5,894.05,-0.2755,2.443,-0.0936,7.7968,4.6584,0.324,2.2215
2026-07-23 02:24:31,18.74,353.4,105.71,24.3,16.66,38.89,35.43,0.54,90.0,SUBJ_002,67.0,10.0,54.52,0.8107,97.4,890.13,-0.3927,2.5,-0.0932,11.9264,7.1347,0.348,2.25
2026-07-23 02:26:37,19.18,353.6,107.32,23.0,19.11,39.66,35.05,1.18,90.0,SUBJ_002,67.4,10.0,54.46,0.8204,97.4,869.34,-0.387,2.5,-0.0928,11.7396,7.0223,0.3533,2.25
2026-07-23 02:31:19,19.07,329.6,74.74,30.2,13.73,31.67,27.96,0.83,90.0,SUBJ_002,66.9,14.16,54.59,0.8533,97.4,868.89,-0.3158,2.5,-0.1408,8.1295,4.8627,0.2461,2.25
2026-07-23 02:39:37,18.38,300.0,88.2,15.5,16.35,34.87,26.52,5.03,90.0,SUBJ_002,67.0,16.14,54.48,0.896,97.4,919.5,-0.3323,2.5,-0.2,7.4364,4.4442,0.2904,2.25
2026-07-23 02:46:51,18.82,379.5,116.61,19.3,19.62,30.61,33.85,0.41,90.0,SUBJ_002,67.1,10.0,54.0,0.859,97.4,896.71,-0.3375,2.5,-0.041,11.1582,6.6716,0.3839,2.25
2026-07-23 02:48:56,18.75,334.2,92.66,10.7,14.56,27.69,30.97,2.56,90.0,SUBJ_002,67.0,10.0,54.51,0.8669,97.4,898.38,-0.353,2.5,-0.1316,9.6703,5.7837,0.3051,2.25
2026-07-23 02:56:52,18.55,451.0,86.44,10.9,14.98,28.35,24.83,9.64,89.83,SUBJ_002,67.0,16.93,53.18,0.8984,97.3,929.4,-0.1194,2.483,0.102,6.5879,3.9354,0.2846,2.2415
2026-07-23 02:59:18,18.22,311.0,104.48,10.9,17.1,26.32,30.76,0.0,86.69,SUBJ_002,66.9,10.74,55.15,0.8927,97.3,937.7,-0.3791,2.169,-0.178,9.589,5.7325,0.344,2.0845
2026-07-23 03:02:49,19.37,397.8,84.48,24.3,15.46,37.49,32.52,8.64,86.17,SUBJ_002,67.2,10.0,55.03,0.9292,97.4,891.42,-0.2957,2.117,-0.0044,10.429,6.2405,0.2781,2.0585
2026-07-23 03:06:40,18.48,360.7,101.24,12.1,20.49,39.17,34.36,6.87,87.28,SUBJ_002,67.3,10.0,54.99,0.9113,97.4,904.18,-0.3683,2.228,-0.0786,11.3825,6.8092,0.3333,2.114
2026-07-23 03:14:52,19.1,494.4,93.91,17.7,17.79,37.96,32.93,6.79,84.52,SUBJ_002,67.6,10.0,54.46,0.8807,97.4,935.66,-0.1808,1.952,0.1888,10.6528,6.3729,0.3092,1.976
2026-07-23 03:22:26,19.8,362.6,86.56,17.0,15.04,34.26,30.97,7.81,84.99,SUBJ_002,67.2,10.85,55.38,0.878,97.4,856.59,-0.3175,1.999,-0.0748,9.6581,5.7776,0.285,1.9995
2026-07-23 03:24:56,18.63,336.5,84.46,9.3,14.8,27.69,27.08,7.82,83.9,SUBJ_002,67.1,16.91,55.51,0.8518,97.5,928.29,-0.2946,1.89,-0.127,7.7089,4.6085,0.2781,1.945
2026-07-23 03:33:51,18.92,364.3,98.94,9.8,15.76,18.07,26.75,1.23,84.67,SUBJ_002,67.0,16.47,54.87,0.8368,97.5,875.9,-0.2552,1.967,-0.0714,7.5729,4.5239,0.3257,1.9835
2026-07-23 03:41:33,19.84,383.4,75.05,18.0,13.79,36.01,29.54,0.7,85.24,SUBJ_002,66.8,12.81,55.23,0.8084,97.5,886.32,-0.2711,2.024,-0.0332,8.9201,5.337,0.2471,2.012
2026-07-23 03:44:29,19.08,432.6,91.53,7.5,18.83,24.03,32.99,2.74,85.88,SUBJ_002,66.7,10.0,54.73,0.7727,97.5,915.81,-0.2589,2.088,0.0652,10.6781,6.3885,0.3013,2.044
2026-07-23 03:51:07,19.17,350.7,85.06,11.5,13.82,23.08,30.3,2.35,85.57,SUBJ_002,66.8,11.77,55.33,0.7856,97.5,913.06,-0.3229,2.057,-0.0986,9.3201,5.5751,0.28,2.0285
2026-07-23 04:00:54,20.16,407.2,79.09,23.4,11.31,29.99,24.9,15.96,85.07,SUBJ_002,66.6,18.93,54.61,0.8457,97.5,891.75,-0.1751,2.007,0.0144,6.6082,3.9491,0.2604,2.0035
2026-07-23 04:07:11,19.2,463.1,104.4,15.4,16.39,32.51,34.34,2.15,84.15,SUBJ_002,66.6,10.0,54.74,0.8268,97.5,892.4,-0.24,1.915,0.1262,11.3788,6.8064,0.3437,1.9575
2026-07-23 04:12:43,20.44,666.0,87.79,7.3,18.47,34.48,38.43,3.89,82.35,SUBJ_002,67.1,10.0,54.09,0.7597,97.5,881.35,-0.0448,1.735,0.532,13.3906,8.0168,0.289,1.8675
2026-07-23 04:15:59,20.15,458.4,87.25,15.0,13.43,33.09,24.37,3.58,82.55,SUBJ_002,66.7,19.67,54.53,0.7781,97.5,892.88,-0.1036,1.755,0.1168,6.3595,3.7983,0.2872,1.8775
2026-07-23 04:19:40,20.47,415.7,68.79,15.0,13.8,33.46,24.85,0.28,82.17,SUBJ_002,66.2,20.04,55.29,0.8084,97.5,931.2,-0.1638,1.717,0.0314,6.5626,3.9238,0.2265,1.8585
2026-07-23 04:25:17,20.05,654.4,71.25,21.3,15.53,30.04,33.69,7.67,80.57,SUBJ_002,66.7,10.0,54.41,0.7445,97.4,902.43,0.0084,1.557,0.5088,10.9875,6.5782,0.2346,1.7785
2026-07-23 04:33:28,19.38,360.6,46.58,6.9,8.33,20.91,15.38,6.14,80.04,SUBJ_002,66.0,34.96,55.71,0.8039,97.4,890.66,-0.0975,1.504,-0.0788,1.7832,1.0606,0.1533,1.752
2026-07-23 04:41:36,19.46,382.2,61.71,5.0,14.93,29.78,29.8,3.25,79.62,SUBJ_002,65.9,14.5,56.61,0.8059,97.4,904.72,-0.2763,1.462,-0.0356,9.0234,5.4017,0.2032,1.731
2026-07-23 04:48:33,20.34,411.2,87.24,5.4,15.69,30.17,28.96,0.61,78.7,SUBJ_002,65.6,14.99,56.07,0.7914,97.4,890.74,-0.2281,1.37,0.0224,8.6545,5.1752,0.2872,1.685
2026-07-23 04:53:39,19.44,403.2,61.35,8.0,12.83,16.65,20.87,0.0,78.05,SUBJ_002,65.4,27.13,56.0,0.8271,97.4,892.8,-0.1226,1.305,0.0064,4.5577,2.7224,0.202,1.6525
2026-07-23 04:57:26,20.59,422.5,59.49,21.0,12.1,29.81,25.06,1.47,77.01,SUBJ_002,65.5,21.47,56.44,0.8246,97.5,899.88,-0.1583,1.201,0.045,6.649,3.9775,0.1959,1.6005
2026-07-23 05:00:51,20.26,493.0,52.09,16.7,9.16,22.64,20.26,1.29,75.63,SUBJ_002,65.4,27.95,55.86,0.8238,97.5,919.32,-0.0017,1.063,0.186,4.2342,2.5301,0.1715,1.5315
2026-07-23 05:06:07,20.47,535.0,77.67,20.0,11.83,29.92,25.31,8.1,74.47,SUBJ_002,65.3,20.21,55.76,0.8034,97.5,927.34,-0.0213,0.947,0.27,6.8103,4.0707,0.2557,1.4735
2026-07-23 05:13:12,20.66,614.8,68.79,11.3,12.59,31.64,26.69,1.74,74.38,SUBJ_002,65.5,17.68,55.4,0.8008,97.5,924.39,0.0588,0.938,0.4296,7.4826,4.4758,0.2265,1.469
2026-07-23 05:17:28,20.16,471.1,74.07,8.4,14.72,33.2,23.45,1.43,73.56,SUBJ_002,66.0,23.85,56.36,0.8174,97.4,917.63,-0.0746,0.856,0.1422,5.8731,3.5091,0.2439,1.428
2026-07-23 05:22:23,20.98,451.6,41.72,20.1,7.13,28.85,18.34,3.16,73.12,SUBJ_002,65.7,32.08,56.7,0.8258,97.5,908.86,-0.026,0.812,0.1032,3.2534,1.9437,0.1373,1.406
2026-07-23 05:30:51,21.41,467.6,54.94,28.2,7.86,35.02,26.57,7.83,71.36,SUBJ_002,65.9,20.71,57.41,0.7686,97.5,894.51,-0.1235,0.636,0.1352,7.3949,4.4259,0.1809,1.318
2026-07-23 05:38:08,20.59,579.0,64.76,21.3,13.02,31.63,26.16,3.37,70.08,SUBJ_002,66.1,20.2,56.57,0.7551,97.5,903.45,0.0216,0.508,0.358,7.2095,4.3128,0.2132,1.254
2026-07-23 05:41:57,21.58,512.3,56.03,17.0,13.09,40.04,24.68,0.55,71.05,SUBJ_002,66.2,22.91,56.93,0.7226,97.5,910.2,-0.0406,0.605,0.2246,6.4521,3.86,0.1845,1.3025
2026-07-23 05:45:05,20.73,482.4,59.26,9.5,10.67,21.36,23.44,0.39,71.18,SUBJ_002,66.2,24.83,56.99,0.723,97.5,953.71,-0.0603,0.618,0.1648,5.8385,3.4913,0.1951,1.309
2026-07-23 05:54:01,21.8,547.8,71.61,18.8,15.37,38.56,29.65,0.0,68.42,SUBJ_002,66.0,16.04,57.34,0.6936,97.5,887.11,-0.0672,0.342,0.2956,8.9682,5.3666,0.2358,1.171
2026-07-23 05:59:11,20.96,627.6,47.75,4.5,9.35,21.94,24.36,2.18,68.3,SUBJ_002,65.8,23.13,56.66,0.7043,97.5,903.09,0.1081,0.33,0.4552,6.2755,3.7557,0.1572,1.165
2026-07-23 06:05:51,21.3,479.1,23.81,18.0,11.26,33.1,21.79,1.54,66.32,SUBJ_002,65.8,29.5,58.43,0.7262,97.5,931.29,-0.0409,0.132,0.1582,4.9426,2.9608,0.0784,1.066
2026-07-23 06:11:20,21.04,455.6,38.71,13.6,4.98,25.55,18.87,1.02,66.13,SUBJ_002,65.6,33.49,58.16,0.7667,97.6,920.4,-0.0286,0.113,0.1112,3.5124,2.0997,0.1274,1.0565
2026-07-23 06:20:21,21.96,500.6,52.61,16.2,10.49,28.28,25.04,5.0,66.35,SUBJ_002,65.3,24.04,58.05,0.7801,97.6,950.9,-0.0604,0.135,0.2012,6.6252,3.9646,0.1732,1.0675
2026-07-23 06:24:02,20.84,530.4,32.86,11.9,7.2,29.37,18.74,1.95,66.54,SUBJ_002,64.9,32.88,57.56,0.7809,97.6,947.46,0.0668,0.154,0.2608,3.4357,2.0549,0.1082,1.077
2026-07-23 06:32:18,21.96,572.6,40.95,19.0,6.78,25.21,21.16,4.0,63.11,SUBJ_002,64.7,29.34,57.6,0.7801,97.6,956.92,0.085,0.0,0.3452,4.6619,2.7889,0.1348,0.9055
2026-07-23 06:39:12,20.8,529.7,61.78,7.6,10.54,31.63,17.32,0.94,61.74,SUBJ_002,64.9,34.61,57.28,0.7721,97.6,924.42,0.0862,0.0,0.2594,2.7836,1.6578,0.2034,0.837
2026-07-23 06:44:52,22.15,697.3,49.05,17.1,11.31,21.5,22.36,0.22,60.56,SUBJ_002,65.3,24.37,55.3,0.7429,97.6,924.31,0.3753,0.18,0.5946,5.2781,3.157,0.1615,0.823
2026-07-23 06:49:53,20.85,550.9,35.2,6.1,8.57,19.32,16.23,8.19,59.72,SUBJ_002,64.6,36.56,57.45,0.7762,97.6,928.02,0.1282,0.0,0.3018,2.1854,1.3042,0.1159,0.736
2026-07-23 06:52:06,21.43,481.6,49.12,6.0,9.14,24.53,22.23,0.29,58.61,SUBJ_002,64.7,28.66,58.29,0.7881,97.6,949.88,-0.044,0.0,0.1632,5.2132,3.1181,0.1617,0.6805
2026-07-23 06:54:14,21.71,537.1,50.19,7.1,13.57,32.78,21.98,1.36,56.26,SUBJ_002,64.6,28.38,57.81,0.7573,97.6,925.86,0.0289,0.0,0.2742,5.0904,3.0442,0.1652,0.563
2026-07-23 06:57:20,21.49,603.1,60.1,10.5,12.89,20.07,23.73,6.1,55.71,SUBJ_002,64.8,24.99,57.26,0.7197,97.6,933.49,0.0864,0.0,0.4062,5.9852,3.5791,0.1979,0.5355
2026-07-23 07:06:45,21.87,701.5,58.74,5.3,14.64,27.44,22.04,0.0,53.67,SUBJ_002,65.3,26.29,56.35,0.7108,97.6,927.3,0.2336,0.0,0.603,5.1375,3.0707,0.1934,0.4335
2026-07-23 07:13:12,22.29,546.9,40.57,16.1,6.47,25.19,23.41,6.29,53.21,SUBJ_002,65.3,23.15,55.56,0.7383,97.6,912.29,0.3137,0.348,0.2938,5.7861,3.4636,0.1336,0.4975
2026-07-23 07:15:39,21.63,581.8,57.72,7.9,12.59,27.71,24.97,2.71,53.03,SUBJ_002,65.5,23.57,57.58,0.7144,97.6,900.02,0.0421,0.0,0.3636,6.6004,3.9487,0.19,0.4015
2026-07-23 07:22:30,22.18,620.7,44.81,8.9,9.89,15.1,17.47,4.45,49.23,SUBJ_002,65.6,31.76,55.31,0.7315,97.6,921.23,0.3796,0.216,0.4414,2.8246,1.6858,0.1475,0.2655
2026-07-23 07:30:05,22.16,558.7,69.03,9.2,10.9,20.39,21.51,2.21,45.3,SUBJ_002,65.8,26.49,55.93,0.7378,97.6,910.46,0.2242,0.192,0.3174,4.8931,2.922,0.2273,0.063
2026-07-23 07:34:21,22.53,789.7,59.95,19.4,9.17,31.8,23.64,1.02,45.08,SUBJ_002,66.3,16.92,51.27,0.7267,97.6,920.71,0.8563,0.636,0.7794,5.9399,3.552,0.1974,0.163
2026-07-23 07:39:09,23.55,637.4,67.66,23.7,10.79,33.59,32.73,10.86,45.14,SUBJ_002,67.2,10.0,44.52,0.7089,97.6,889.16,1.5665,1.86,0.4748,10.5003,6.2867,0.2227,0.472
2026-07-23 07:44:55,23.17,795.1,54.49,20.3,6.62,32.84,23.19,2.46,42.52,SUBJ_002,67.4,10.13,45.86,0.7353,97.6,870.65,1.516,1.404,0.7902,5.704,3.4115,0.1794,0.475
2026-07-23 07:52:46,23.39,644.5,59.2,12.0,12.79,28.16,28.52,4.16,40.3,SUBJ_002,68.0,10.0,45.59,0.73,97.7,896.35,1.4738,1.668,0.489,8.3784,5.0152,0.1949,0.652
2026-07-23 07:55:36,22.2,675.6,59.17,18.7,10.14,27.37,20.65,2.78,40.11,SUBJ_002,67.8,26.17,54.74,0.7473,97.6,883.9,0.423,0.24,0.5512,4.4433,2.6542,0.1948,0.3045
2026-07-23 08:02:57,22.09,637.4,55.21,13.8,13.33,20.79,18.65,0.38,41.29,SUBJ_002,67.5,30.74,55.87,0.7694,97.6,886.52,0.2927,0.108,0.4748,3.4354,2.0502,0.1818,0.2125
2026-07-23 08:10:01,22.5,683.7,71.77,13.7,12.9,28.28,26.31,0.18,38.94,SUBJ_002,67.5,14.42,52.41,0.7399,97.6,903.4,0.6554,0.6,0.5674,7.2985,4.3648,0.2363,0.453
2026-07-23 08:15:52,22.67,643.3,65.09,5.9,16.17,28.68,22.8,3.6,40.49,SUBJ_002,67.4,17.9,51.11,0.7843,97.6,920.07,0.8267,0.804,0.4866,5.5302,3.3051,0.2143,0.4265
2026-07-23 08:20:56,22.97,706.7,63.42,17.6,13.81,34.91,28.49,2.9,41.82,SUBJ_002,67.9,10.0,48.57,0.7248,97.6,873.62,1.1278,1.164,0.6134,8.3718,5.0104,0.2088,0.45
2026-07-23 08:30:10,23.74,698.7,81.59,18.1,14.65,38.45,29.24,0.26,37.61,SUBJ_002,68.4,10.0,41.89,0.7264,97.6,883.13,1.8848,2.088,0.5974,8.7832,5.2536,0.2686,0.8915
2026-07-23 08:32:59,23.36,734.4,54.91,17.4,5.15,28.56,17.54,0.0,35.35,SUBJ_002,68.1,16.38,44.25,0.7759,97.7,886.94,1.7127,1.632,0.6688,2.8798,1.7169,0.1808,0.8905
2026-07-23 08:36:23,22.48,706.1,68.11,9.0,10.9,27.23,22.76,0.25,34.37,SUBJ_002,68.4,19.4,52.16,0.7807,97.7,861.72,0.7139,0.576,0.6122,5.5162,3.2961,0.2242,0.6755
2026-07-23 08:41:49,23.83,796.4,63.39,19.3,11.9,29.88,29.52,2.85,32.96,SUBJ_002,68.8,10.0,40.67,0.784,97.6,853.29,2.0939,2.196,0.7928,8.8868,5.3194,0.2087,1.151
2026-07-23 08:51:24,22.66,771.2,77.65,7.3,12.65,29.8,24.32,1.79,29.51,SUBJ_002,68.9,14.18,50.09,0.7659,97.6,865.13,0.9548,0.792,0.7424,6.3153,3.7736,0.2556,0.9725
2026-07-23 08:58:58,23.96,903.2,69.75,21.7,11.19,30.24,27.41,0.26,27.52,SUBJ_002,69.8,10.0,38.42,0.7764,97.6,862.13,2.3888,2.352,1.0064,7.8445,4.6928,0.2296,1.462
2026-07-23 09:02:10,23.14,811.0,68.33,4.2,11.97,24.86,25.39,3.32,25.78,SUBJ_002,69.6,10.0,45.95,0.7425,97.7,867.78,1.4741,1.368,0.822,6.8317,4.0853,0.225,1.303
2026-07-23 09:04:50,24.43,961.1,77.3,12.9,15.06,32.0,30.27,5.34,25.08,SUBJ_002,70.4,10.0,34.1,0.7399,97.6,845.37,2.8951,2.916,1.1222,9.2896,5.5583,0.2545,1.725
2026-07-23 09:10:16,23.72,1008.1,55.94,19.8,10.29,31.71,29.51,0.6,25.06,SUBJ_002,70.9,10.0,40.01,0.7396,97.6,843.98,2.2475,2.064,1.2162,8.8669,5.3089,0.1842,1.513
2026-07-23 09:14:09,23.01,988.9,82.41,10.6,14.99,23.51,29.92,1.75,22.08,SUBJ_002,70.6,10.0,45.77,0.7203,97.6,863.58,1.5005,1.212,1.1778,9.1248,5.4584,0.2713,1.449
2026-07-23 09:22:41,23.51,824.5,107.76,11.1,20.8,36.3,34.27,0.36,23.72,SUBJ_002,71.0,10.0,42.82,0.6826,97.5,847.87,1.738,1.812,0.849,11.3505,6.7888,0.3548,1.517
2026-07-23 09:31:33,23.25,943.3,76.25,19.6,16.11,29.51,30.89,0.19,24.87,SUBJ_002,70.9,10.0,44.3,0.6764,97.5,857.57,1.6721,1.5,1.0866,9.5975,5.7432,0.251,1.3815
2026-07-23 09:38:55,23.71,763.2,81.18,8.6,15.38,33.48,28.35,1.18,25.18,SUBJ_002,70.8,10.0,41.55,0.6698,97.5,857.93,1.9479,2.052,0.7264,8.3374,4.9862,0.2673,1.504
2026-07-23 09:43:52,23.81,838.2,93.84,19.2,19.39,36.31,41.59,9.13,25.96,SUBJ_002,71.3,10.0,41.03,0.6346,97.5,831.8,1.9536,2.172,0.8764,14.9827,8.9708,0.3089,1.495
2026-07-23 09:50:34,23.7,737.6,92.66,3.3,18.84,30.47,26.78,0.5,25.31,SUBJ_002,71.3,10.0,41.52,0.668,97.5,831.18,1.9282,2.04,0.6752,7.5753,4.5267,0.3051,1.4945
2026-07-23 09:58:08,24.1,879.3,85.62,18.0,14.29,37.24,24.25,6.11,21.88,SUBJ_002,71.0,10.0,36.9,0.7064,97.5,839.13,2.5455,2.52,0.9586,6.2962,3.7606,0.2819,1.786
2026-07-23 10:04:56,23.87,768.3,77.55,12.0,14.54,28.64,27.42,2.59,20.4,SUBJ_002,70.6,10.0,40.14,0.7432,97.5,860.26,2.1291,2.244,0.7366,7.8651,4.7035,0.2553,1.791
2026-07-23 10:13:57,23.4,792.7,103.88,12.0,16.74,23.69,29.36,0.28,20.9,SUBJ_002,70.5,10.0,43.65,0.7416,97.5,848.59,1.6572,1.68,0.7854,8.8878,5.3119,0.342,1.625
2026-07-23 10:21:22,24.71,851.1,81.91,12.0,14.56,38.76,27.63,2.32,20.0,SUBJ_002,71.0,10.0,32.31,0.78,97.4,850.67,3.0781,3.252,0.9022,7.9788,4.7709,0.2697,2.063
2026-07-23 10:30:47,23.71,762.4,79.09,4.9,14.12,24.2,23.37,0.58,20.0,SUBJ_002,71.0,10.0,41.17,0.7913,97.4,837.4,2.018,2.052,0.7248,5.8432,3.4901,0.2604,1.763
2026-07-23 10:40:17,23.76,825.0,97.92,11.4,15.83,30.02,26.84,1.39,20.0,SUBJ_002,70.9,10.0,40.23,0.7703,97.4,868.62,2.0972,2.112,0.85,7.6158,4.5499,0.3224,1.778
