timestamp,T,CO2,VOC,NO2,PMS1,PMS10,PMS2_5,C2H5OH,H
2026-07-06 20:25:08,20.68,292.6,87.01,7.1,12.49,34.76,12.38,12.13,44.97
2026-07-06 20:30:23,19.8,173.6,87.26,38.0,7.5,17.27,13.26,0.81,48.23
2026-07-06 20:38:08,19.49,282.6,68.98,15.5,10.97,22.62,8.01,12.31,41.34
2026-07-06 20:45:22,19.52,226.7,87.67,13.5,11.25,31.9,21.85,0.49,44.22
2026-07-06 20:57:44,19.85,213.3,90.14,26.1,14.46,27.26,13.16,7.17,45.4
2026-07-06 21:09:30,19.17,163.7,96.66,16.7,10.51,24.77,24.45,0.62,43.63
2026-07-06 21:23:26,20.25,214.1,97.1,12.2,14.08,30.46,12.42,7.47,43.55
2026-07-06 21:29:18,20.05,195.4,103.46,22.9,8.63,25.04,19.47,9.15,44.99
2026-07-06 21:38:31,19.97,189.8,87.82,12.7,11.99,27.36,17.47,13.65,43.29
2026-07-06 21:43:49,19.27,217.1,106.91,18.3,11.76,19.91,11.57,1.49,42.53
2026-07-06 21:51:00,20.03,126.6,93.44,10.9,7.29,25.85,12.66,6.37,40.48
2026-07-06 22:01:03,19.48,150.1,98.34,7.1,15.68,27.04,20.59,7.23,43.79
2026-07-06 22:06:19,18.54,219.3,104.55,5.3,14.67,20.17,14.86,4.81,43.34
2026-07-06 22:13:18,18.72,151.2,104.8,5.2,9.56,24.75,11.85,18.97,44.35
2026-07-06 22:24:48,20.17,186.7,96.49,36.8,5.17,26.76,16.12,0.81,45.39
2026-07-06 22:35:15,19.78,185.7,98.69,18.9,7.86,28.65,3.83,1.28,41.99
2026-07-06 22:42:28,18.78,120.5,95.32,31.6,5.12,29.06,17.17,4.02,44.6
2026-07-06 22:53:21,19.15,186.9,117.82,20.2,10.83,18.69,16.12,3.76,43.56
2026-07-06 23:06:27,19.42,172.1,122.47,21.6,5.38,26.88,15.45,12.99,46.24
2026-07-06 23:11:31,18.69,233.0,113.35,16.0,13.87,23.41,15.09,2.54,40.98
2026-07-06 23:24:34,19.3,171.3,110.4,18.6,15.68,28.57,12.83,7.04,47.88
2026-07-06 23:36:33,20.17,155.6,98.04,39.1,13.03,26.77,16.93,7.33,42.48
2026-07-06 23:44:57,19.49,152.1,110.22,14.6,9.27,30.8,14.78,2.2,46.0
2026-07-06 23:51:30,18.81,141.3,96.66,8.0,6.06,18.93,14.62,0.84,43.2
2026-07-07 00:06:05,18.83,118.8,109.41,8.7,7.39,29.29,15.11,2.23,43.87
2026-07-07 00:14:27,19.27,173.0,119.97,24.4,9.42,25.63,13.93,4.56,44.71
2026-07-07 00:20:22,18.79,187.3,107.2,8.0,12.87,33.83,9.95,19.12,42.93
2026-07-07 00:26:20,18.89,149.5,113.34,15.5,8.92,25.08,11.17,3.31,44.87
2026-07-07 00:39:49,19.38,174.1,109.43,25.8,14.2,25.8,16.79,1.82,45.79
2026-07-07 00:50:51,18.93,126.2,96.2,16.5,7.2,32.92,21.87,0.73,39.96
2026-07-07 01:03:55,18.59,234.7,110.39,38.8,12.48,29.07,14.35,5.94,41.61
2026-07-07 01:16:13,19.2,174.5,116.43,33.6,8.85,26.53,10.07,3.94,43.28
2026-07-07 01:26:35,18.95,142.2,116.47,29.8,9.03,21.16,16.25,5.9,45.91
2026-07-07 01:41:19,18.48,153.2,110.62,27.2,10.22,32.32,13.47,0.38,41.13
2026-07-07 01:50:06,19.91,185.1,93.57,37.2,12.08,22.76,10.32,7.82,41.98
2026-07-07 02:00:37,20.22,150.5,98.68,8.0,10.52,17.73,11.46,0.23,47.08
2026-07-07 02:13:55,20.24,194.7,86.68,38.8,12.96,24.34,15.25,1.5,42.57
2026-07-07 02:25:06,19.54,172.1,92.05,20.6,6.0,30.44,11.0,2.12,43.92
2026-07-07 02:38:43,19.92,217.0,74.23,9.1,13.86,27.57,14.19,1.87,44.06
2026-07-07 02:49:29,19.87,188.4,95.63,20.3,9.14,20.86,12.74,0.61,49.02
2026-07-07 03:01:32,20.31,195.8,89.59,39.4,8.39,25.12,17.48,0.87,41.08
2026-07-07 03:07:00,19.48,239.0,101.24,11.5,7.97,20.89,20.43,1.1,46.39
2026-07-07 03:14:16,19.6,224.7,87.85,31.3,8.05,25.65,13.66,0.54,46.92
2026-07-07 03:22:10,19.86,232.1,97.99,14.2,12.39,20.35,11.54,4.72,44.12
2026-07-07 03:27:58,19.75,237.0,94.97,33.5,6.57,23.85,11.77,4.77,47.21
2026-07-07 03:35:18,20.36,277.0,91.24,11.4,8.75,19.39,13.1,2.42,46.99
2026-07-07 03:41:18,20.57,302.4,79.19,40.0,5.95,19.54,13.43,0.76,45.72
2026-07-07 03:49:05,20.88,296.9,85.58,5.3,13.61,31.95,19.62,3.42,46.22
2026-07-07 04:00:26,20.29,251.5,86.2,7.9,7.06,33.3,16.3,1.73,46.61
2026-07-07 04:09:05,21.22,304.6,87.57,31.0,10.38,18.72,16.49,7.46,47.85
2026-07-07 04:17:47,20.91,270.0,77.35,30.2,9.21,10.5,11.52,0.54,49.0
2026-07-07 04:24:53,20.05,268.6,110.87,20.7,6.79,32.5,3.14,7.47,49.95
2026-07-07 04:32:33,20.95,364.6,64.57,29.9,8.54,22.98,13.21,0.75,48.12
2026-07-07 04:46:55,21.38,349.8,72.43,14.8,7.43,23.93,14.06,1.56,46.51
2026-07-07 04:58:24,22.11,267.9,64.11,38.7,8.79,27.49,6.26,24.46,49.1
2026-07-07 05:09:30,21.14,362.2,57.59,29.9,12.4,17.54,12.93,4.31,46.6
2026-07-07 05:16:12,21.37,385.0,47.92,35.8,11.26,30.02,17.66,1.63,50.62
2026-07-07 05:28:30,21.4,392.0,55.61,5.1,10.74,16.97,14.47,5.46,46.97
2026-07-07 05:35:08,21.56,382.3,49.69,20.0,9.55,25.94,18.07,8.81,47.97
2026-07-07 05:43:55,22.34,350.6,49.79,17.0,9.61,23.56,20.68,3.08,51.61
2026-07-07 05:58:49,22.68,439.6,50.18,38.5,10.04,27.25,20.84,0.71,49.26
2026-07-07 06:10:13,21.89,432.4,49.33,27.9,9.99,29.82,16.98,2.52,49.58
2026-07-07 06:20:47,22.0,464.6,56.68,29.6,14.36,30.69,15.03,0.71,50.97
2026-07-07 06:32:38,23.16,479.6,59.25,33.6,13.13,24.61,16.03,2.41,51.4
2026-07-07 06:46:04,22.57,434.0,53.96,9.8,15.71,26.23,8.38,0.71,52.31
2026-07-07 06:58:49,22.74,456.2,64.77,27.8,5.53,27.94,13.41,2.65,50.68
2026-07-07 07:06:07,22.47,413.3,70.98,31.3,10.72,20.84,12.9,16.52,51.27
2026-07-07 07:11:26,23.17,471.0,72.43,24.4,6.68,20.98,16.11,9.42,48.82
2026-07-07 07:19:35,22.78,459.8,58.41,31.2,9.6,24.53,16.29,11.41,54.27
2026-07-07 07:27:16,22.95,515.7,79.89,25.8,1.86,22.56,24.29,0.71,51.84
2026-07-07 07:34:23,23.61,465.9,63.87,31.7,13.4,33.23,13.06,0.08,53.81
2026-07-07 07:48:48,23.52,519.2,78.11,32.6,5.78,24.71,10.86,6.05,52.71
2026-07-07 08:02:34,24.06,540.2,74.44,15.8,8.39,21.64,14.81,8.25,51.11
2026-07-07 08:10:43,23.5,491.1,68.07,28.8,14.25,28.13,14.03,0.3,49.38
2026-07-07 08:22:16,24.2,555.9,71.72,15.8,11.19,24.57,8.44,0.64,52.67
2026-07-07 08:31:14,23.09,585.2,107.93,23.3,10.99,17.18,16.04,7.6,54.58
2026-07-07 08:45:22,23.86,620.4,89.89,33.2,9.27,24.75,16.44,6.23,53.25
2026-07-07 08:54:58,23.97,538.0,93.93,22.5,7.38,23.05,14.94,4.27,55.06
2026-07-07 09:02:37,24.08,549.9,89.8,35.2,9.95,25.19,19.52,2.41,57.0
2026-07-07 09:10:05,25.15,600.7,84.33,37.0,9.82,19.8,13.19,6.37,56.29
2026-07-07 09:20:41,24.27,595.8,87.73,36.6,12.54,28.88,21.52,19.93,55.32
2026-07-07 09:28:19,24.31,565.3,99.05,34.6,8.22,30.61,17.67,4.15,54.8
2026-07-07 09:39:10,24.22,635.5,85.96,22.3,10.9,25.47,12.39,11.54,55.0
2026-07-07 09:53:08,24.18,634.9,101.43,13.2,6.73,32.86,22.04,0.01,51.68
2026-07-07 10:02:08,24.08,560.2,101.55,23.5,8.61,25.43,19.64,0.31,58.38
2026-07-07 10:09:20,24.64,668.8,115.54,36.4,5.38,24.04,7.46,0.44,59.2
2026-07-07 10:24:18,24.96,628.3,106.49,24.9,8.93,13.16,19.1,1.35,55.36
2026-07-07 10:34:24,25.23,637.9,91.08,30.7,9.01,28.62,17.4,7.57,56.19
2026-07-07 10:40:18,24.57,616.7,112.12,19.2,12.89,12.4,12.69,1.16,55.08
2026-07-07 10:45:47,25.21,640.1,110.82,29.0,12.14,18.15,22.36,1.99,56.63
2026-07-07 10:51:53,25.18,641.5,99.9,28.7,12.84,24.02,27.21,0.16,53.92
2026-07-07 11:03:09,25.22,632.3,100.57,21.2,10.55,22.41,22.51,20.25,56.1
2026-07-07 11:16:04,25.58,676.5,99.1,27.6,13.04,21.64,13.47,8.38,56.61
2026-07-07 11:25:18,24.99,663.8,103.08,9.5,14.67,19.72,14.42,3.09,56.45
2026-07-07 11:30:56,25.3,672.0,113.85,6.0,7.29,23.75,12.75,1.21,56.57
2026-07-07 11:39:45,25.36,644.9,107.97,26.7,10.07,29.18,10.69,0.31,57.3
2026-07-07 11:54:42,24.95,655.9,116.47,23.4,15.92,18.87,9.73,7.92,59.48
2026-07-07 12:05:00,24.94,616.1,119.69,22.0,13.02,21.92,13.08,1.92,56.81
2026-07-07 12:19:42,25.2,701.8,110.41,39.7,8.97,16.61,13.74,39.19,56.89
2026-07-07 12:33:19,24.93,624.5,102.82,33.6,10.88,24.16,17.81,9.37,55.91
2026-07-07 12:38:26,25.1,609.9,119.45,11.2,5.09,17.43,11.02,5.98,56.33
2026-07-07 12:50:38,24.87,612.0,85.46,24.7,8.21,23.75,23.24,3.39,55.55
2026-07-07 13:02:27,24.68,663.7,113.96,12.7,11.17,24.82,14.98,12.5,56.1
2026-07-07 13:12:49,25.11,614.4,85.14,34.5,9.72,25.94,7.36,7.44,53.39
2026-07-07 13:20:30,25.38,576.6,115.76,38.0,9.29,23.17,16.13,1.8,56.4
2026-07-07 13:31:54,24.99,671.7,99.72,38.6,8.9,22.51,21.03,13.21,54.93
2026-07-07 13:38:01,24.81,597.6,99.33,15.7,9.01,24.02,13.07,6.53,60.08
2026-07-07 13:47:22,24.29,539.4,123.81,38.8,13.99,26.37,24.21,1.25,52.87
2026-07-07 13:56:54,23.55,581.7,112.97,13.3,13.84,28.01,14.73,10.83,57.91
2026-07-07 14:11:26,24.94,561.7,84.46,20.6,9.78,28.77,17.81,0.57,55.68
2026-07-07 14:25:12,24.91,593.8,95.51,36.0,2.14,20.13,15.17,3.95,56.68
2026-07-07 14:32:50,24.7,617.7,86.34,29.1,10.61,26.67,16.89,1.92,53.35
2026-07-07 14:42:50,24.47,579.0,100.29,30.6,12.55,14.78,12.51,0.49,52.27
2026-07-07 14:49:38,23.84,570.2,94.68,38.0,13.21,34.04,16.02,1.15,55.21
2026-07-07 15:03:45,24.38,610.6,89.04,14.3,5.22,24.28,17.89,0.25,50.74
2026-07-07 15:17:27,23.54,572.8,96.94,20.0,8.78,32.08,12.84,0.13,53.13
2026-07-07 15:25:26,24.08,572.1,104.33,15.8,12.85,20.37,17.78,5.41,55.86
2026-07-07 15:36:50,24.1,565.9,104.37,17.9,7.79,26.31,12.2,1.56,53.84
2026-07-07 15:47:55,24.42,550.5,80.8,17.0,8.9,12.16,12.26,4.45,49.67
2026-07-07 15:54:27,23.25,538.4,71.88,23.7,12.28,20.79,18.35,0.41,51.6
2026-07-07 16:07:04,24.07,486.4,56.92,33.0,9.91,21.94,10.0,0.64,52.9
2026-07-07 16:17:28,23.0,584.2,73.44,33.3,12.21,28.74,19.27,29.52,52.45
2026-07-07 16:30:15,22.49,451.1,71.87,37.0,16.59,29.52,16.62,2.53,51.56
2026-07-07 16:40:33,23.38,423.2,75.81,32.5,7.39,20.75,11.38,0.8,53.05
2026-07-07 16:45:34,22.25,450.6,90.43,24.7,7.47,28.31,16.95,3.84,50.78
2026-07-07 16:53:48,23.29,443.5,75.02,26.3,12.34,25.94,18.39,5.92,53.88
2026-07-07 16:59:00,23.81,478.3,62.17,31.1,11.93,34.37,10.93,0.1,52.28
2026-07-07 17:13:17,22.22,442.3,73.64,29.4,14.93,30.83,22.19,2.93,55.27
2026-07-07 17:27:05,22.61,413.3,46.13,11.6,12.16,27.24,22.24,6.75,51.1
2026-07-07 17:40:24,21.26,436.5,44.37,10.6,8.66,30.51,20.14,10.57,53.46
2026-07-07 17:48:28,22.48,416.1,62.62,13.7,5.04,14.23,17.42,6.1,49.75
2026-07-07 17:54:03,23.0,363.7,51.11,9.3,12.84,25.92,12.92,10.22,49.46
2026-07-07 18:07:50,21.51,378.2,62.8,31.2,15.45,23.46,11.96,2.44,51.17
2026-07-07 18:22:18,22.27,434.7,51.44,27.7,8.96,21.44,14.32,7.58,49.64
2026-07-07 18:28:09,21.64,366.8,69.58,26.0,7.71,28.81,15.16,8.18,47.48
2026-07-07 18:38:01,22.73,340.7,51.7,18.2,8.67,28.1,9.12,8.7,49.63
2026-07-07 18:43:42,21.25,363.6,46.49,34.5,9.68,19.92,19.1,4.7,48.59
2026-07-07 18:56:19,21.5,424.4,76.17,27.4,11.5,22.03,12.96,1.77,44.45
2026-07-07 19:08:58,21.62,371.2,82.16,33.1,6.8,19.05,11.54,5.71,47.72
2026-07-07 19:15:15,20.32,346.1,69.16,19.6,9.39,25.87,13.64,1.05,45.56
2026-07-07 19:25:00,20.86,292.0,54.63,36.7,8.86,22.2,10.8,9.34,50.03
2026-07-07 19:35:30,19.93,309.0,78.28,9.5,9.7,34.08,15.21,5.69,46.32
2026-07-07 19:43:09,20.59,306.9,65.92,15.7,13.91,26.06,11.51,1.51,46.33
2026-07-07 19:56:53,21.48,224.5,82.78,25.4,11.08,24.34,18.62,10.11,45.58
2026-07-07 20:06:07,20.12,291.7,99.85,9.8,11.96,26.58,18.91,4.21,48.71
2026-07-07 20:13:14,20.05,249.1,97.4,32.3,5.78,25.55,17.52,0.02,49.25
2026-07-07 20:23:37,20.12,310.0,93.38,22.1,14.45,25.18,13.29,4.77,45.14
2026-07-07 20:35:55,19.74,278.6,85.43,6.3,10.91,29.59,18.51,8.96,46.4
2026-07-07 20:42:56,20.33,286.1,83.67,29.3,8.38,23.53,16.74,2.42,45.08
2026-07-07 20:51:03,19.8,248.4,83.2,15.2,9.44,18.33,10.61,26.99,49.49
2026-07-07 21:06:00,19.23,279.8,89.43,38.2,11.5,29.43,13.0,1.3,45.5
2026-07-07 21:17:30,19.46,214.2,82.17,10.9,7.09,30.39,22.96,1.48,46.41
2026-07-07 21:26:53,19.5,210.1,111.68,27.9,9.85,32.59,15.76,2.7,43.47
2026-07-07 21:37:03,20.0,188.1,99.62,29.3,8.27,21.91,11.89,1.57,42.63
2026-07-07 21:43:16,19.31,191.6,101.88,30.2,8.77,26.82,16.33,0.56,45.46
2026-07-07 21:50:31,19.79,194.6,112.73,12.1,9.28,20.99,19.54,1.16,45.51
2026-07-07 21:58:54,19.82,182.2,116.62,36.7,10.08,28.79,9.88,0.81,46.85
2026-07-07 22:09:47,19.67,185.3,98.54,14.0,11.06,39.86,13.73,0.53,46.83
2026-07-07 22:17:05,19.36,191.4,99.51,15.9,15.22,24.84,13.22,7.1,48.34
2026-07-07 22:24:17,19.54,171.2,99.58,17.5,6.13,27.66,16.28,8.44,43.91
2026-07-07 22:30:00,19.44,206.0,113.18,18.5,9.44,30.3,9.21,5.23,44.74
2026-07-07 22:41:18,18.94,170.7,103.19,38.0,11.68,29.37,8.94,5.67,42.41
2026-07-07 22:48:36,19.35,198.4,105.54,29.0,10.56,32.11,5.85,0.7,45.15
2026-07-07 23:02:39,18.98,159.8,109.71,14.2,8.16,32.18,12.01,4.3,41.12
2026-07-07 23:16:15,17.79,131.5,104.51,23.3,7.61,24.32,13.3,5.42,44.13
2026-07-07 23:21:57,19.5,150.3,100.31,34.4,1.69,19.68,20.41,0.85,45.05
2026-07-07 23:29:20,19.6,114.5,112.14,22.2,9.13,25.76,25.58,0.26,44.54
2026-07-07 23:41:01,19.72,142.8,113.97,21.1,11.04,19.83,17.7,0.63,42.31
2026-07-07 23:48:10,18.28,161.0,118.16,24.5,11.86,27.18,15.0,4.63,42.76
2026-07-07 23:54:29,18.71,139.7,109.62,28.5,12.71,23.54,17.68,3.03,44.48
2026-07-08 00:08:51,18.36,144.8,95.54,30.1,10.74,31.36,19.43,1.25,41.96
2026-07-08 00:19:33,19.8,185.1,107.95,23.3,9.73,23.54,16.13,6.31,44.96
2026-07-08 00:29:17,18.98,147.9,104.58,37.6,8.76,20.68,17.76,7.6,43.85
2026-07-08 00:42:08,18.82,105.1,120.7,34.3,5.62,20.45,9.42,15.64,45.0
2026-07-08 00:55:12,19.48,193.3,105.18,37.7,9.82,28.04,11.1,3.55,45.27
2026-07-08 01:02:06,18.96,125.9,100.15,9.5,6.91,29.4,18.51,2.43,42.63
2026-07-08 01:08:04,20.23,161.9,108.0,38.7,7.61,30.4,14.19,0.72,41.61
2026-07-08 01:17:23,19.57,173.2,98.22,29.6,13.03,18.94,20.2,1.12,43.22
2026-07-08 01:26:37,18.91,159.2,97.41,39.3,13.7,17.6,6.84,3.5,43.81
2026-07-08 01:36:17,18.84,201.7,110.99,21.8,5.98,21.82,9.23,9.21,46.16
2026-07-08 01:48:35,19.11,242.8,107.82,5.9,6.59,29.55,19.72,1.12,44.66
2026-07-08 02:00:19,19.11,187.0,109.36,34.4,9.09,21.11,15.02,8.41,44.29
2026-07-08 02:15:09,20.31,236.7,98.57,31.0,4.01,21.59,13.89,7.67,45.51
2026-07-08 02:21:08,19.16,168.9,79.37,18.6,17.88,21.33,13.06,0.07,47.44
2026-07-08 02:30:10,19.61,251.4,101.5,34.0,4.05,31.63,11.7,5.22,45.32
2026-07-08 02:38:34,19.06,173.5,85.83,38.8,9.49,28.01,13.94,0.95,44.2
2026-07-08 02:52:11,19.32,221.9,82.39,9.6,11.66,21.69,13.45,2.01,45.32
2026-07-08 02:59:40,19.59,244.6,99.87,6.8,13.78,22.15,12.56,4.25,43.76
2026-07-08 03:06:34,19.39,275.7,88.39,11.4,11.93,30.39,16.97,2.69,45.02
2026-07-08 03:16:03,19.98,246.3,96.18,16.6,8.65,27.69,15.08,28.47,43.6
2026-07-08 03:25:16,20.75,174.1,102.4,20.6,10.25,30.69,11.88,4.85,49.17
2026-07-08 03:33:03,20.01,227.6,105.98,38.1,7.18,29.1,13.2,8.63,50.72
2026-07-08 03:40:33,19.64,300.6,81.59,36.4,10.3,27.12,19.49,14.8,49.04
2026-07-08 03:54:47,21.52,271.1,81.06,7.3,7.52,17.44,17.78,0.55,45.29
2026-07-08 04:04:13,19.79,272.7,96.17,27.6,9.23,32.7,12.55,0.83,45.35
2026-07-08 04:17:50,20.81,304.3,77.81,32.8,6.33,22.67,15.43,2.46,48.93
2026-07-08 04:28:20,20.46,282.9,88.32,23.7,10.48,20.62,10.69,7.05,44.99
2026-07-08 04:33:50,20.49,372.9,82.34,8.7,10.58,20.88,20.83,2.88,49.54
2026-07-08 04:48:50,20.49,352.8,56.36,9.8,10.6,18.08,19.52,3.95,49.23
2026-07-08 05:02:12,21.18,310.6,45.14,32.8,9.62,20.21,19.83,4.05,47.7
2026-07-08 05:16:53,21.46,356.3,51.26,38.1,7.88,22.2,21.26,11.69,47.71
2026-07-08 05:31:09,22.05,347.8,48.06,10.6,11.04,34.33,15.87,8.04,50.43
2026-07-08 05:44:38,22.38,336.4,83.48,21.1,6.02,21.06,13.98,0.35,52.2
2026-07-08 05:51:18,22.35,363.8,53.08,9.5,9.23,23.1,8.72,1.91,46.84
2026-07-08 06:01:09,21.35,413.7,45.72,24.8,13.73,22.13,17.62,2.8,51.53
2026-07-08 06:08:17,22.12,417.1,68.24,20.3,10.86,22.73,14.12,3.11,46.13
2026-07-08 06:17:18,21.95,437.7,48.55,26.2,9.4,30.39,8.37,0.75,48.93
2026-07-08 06:22:53,22.19,432.0,53.14,7.6,13.54,25.69,20.18,2.6,51.09
2026-07-08 06:31:41,21.49,397.4,46.22,40.0,8.8,16.49,16.21,2.28,51.38
2026-07-08 06:46:32,23.45,445.2,53.71,21.3,6.99,24.67,9.1,9.42,51.16
2026-07-08 06:54:11,22.94,417.2,70.07,20.6,13.11,30.25,23.8,5.39,54.6
2026-07-08 07:07:01,22.7,441.0,68.27,12.7,8.92,25.14,14.19,1.16,52.16
2026-07-08 07:16:34,23.37,462.6,58.72,6.6,10.63,29.39,14.57,6.08,48.22
2026-07-08 07:25:48,22.96,498.9,65.01,24.1,12.01,31.46,11.14,9.02,54.35
2026-07-08 07:40:23,22.78,498.4,85.42,17.4,8.01,28.89,11.59,3.29,50.66
2026-07-08 07:55:20,23.08,527.0,83.47,7.7,8.72,22.3,16.46,6.32,54.64
2026-07-08 08:05:53,23.82,539.2,87.11,21.9,5.56,21.59,15.37,0.88,53.33
2026-07-08 08:18:04,23.61,573.7,87.48,10.6,9.42,23.97,13.78,1.49,53.1
2026-07-08 08:24:37,24.3,609.5,74.82,5.7,7.74,23.6,9.22,1.67,55.4
2026-07-08 08:32:35,24.13,608.0,86.03,11.0,11.97,19.07,17.05,1.0,50.13
2026-07-08 08:47:17,23.79,540.0,88.47,20.9,7.29,21.96,13.44,2.43,55.04
2026-07-08 08:58:04,24.31,590.8,82.91,19.7,10.8,26.82,9.54,0.2,54.62
2026-07-08 09:08:29,24.32,540.8,102.37,9.6,12.32,17.54,10.46,11.36,54.84
2026-07-08 09:20:58,23.58,555.3,94.63,6.5,7.87,24.33,17.28,2.4,51.25
2026-07-08 09:26:32,23.65,561.6,98.08,8.4,5.38,28.8,18.4,1.32,55.73
2026-07-08 09:37:23,24.12,616.8,91.53,11.6,8.66,16.46,13.23,0.04,54.4
2026-07-08 09:47:25,24.08,562.9,96.36,10.4,12.61,22.78,12.51,9.65,53.33
2026-07-08 10:00:56,24.82,600.6,116.88,31.4,5.51,29.54,11.18,4.05,55.41
2026-07-08 10:07:31,24.63,637.1,94.12,30.8,13.89,29.5,10.36,6.89,52.36
2026-07-08 10:22:07,24.99,629.4,110.51,19.0,8.0,30.37,12.95,0.88,52.5
2026-07-08 10:27:55,24.81,619.8,109.84,37.4,10.91,23.33,15.57,1.25,56.0
2026-07-08 10:34:47,24.86,558.6,125.0,26.5,5.31,23.96,7.1,8.58,52.81
2026-07-08 10:45:44,24.5,602.4,111.19,33.1,14.19,24.71,16.02,4.58,54.24
2026-07-08 10:57:29,24.85,634.9,110.12,13.4,11.76,25.01,21.96,2.18,55.71
2026-07-08 11:04:50,24.39,657.3,91.98,7.4,9.45,28.45,16.76,8.85,57.41
2026-07-08 11:11:02,24.7,658.0,106.79,26.2,12.36,35.83,12.23,2.61,55.16
2026-07-08 11:24:56,25.12,644.3,102.61,33.1,16.99,34.84,12.8,8.39,53.18
2026-07-08 11:32:24,24.63,675.9,106.83,31.9,10.36,12.27,10.7,4.42,56.52
2026-07-08 11:43:21,25.24,641.9,122.75,39.8,11.75,23.4,12.41,1.9,58.3
2026-07-08 11:54:32,24.83,696.5,111.13,13.7,13.74,29.13,15.69,13.4,55.28
2026-07-08 12:03:44,24.54,644.1,116.23,38.1,8.54,20.52,6.99,3.46,57.01
2026-07-08 12:14:34,25.77,653.8,105.01,12.1,10.01,31.94,16.06,12.64,56.78
2026-07-08 12:24:48,24.65,599.1,96.84,24.0,6.66,30.54,16.2,4.85,50.16
2026-07-08 12:39:08,25.03,684.8,96.98,22.2,16.65,23.91,14.46,4.3,57.31
2026-07-08 12:46:11,25.78,653.1,96.44,22.6,10.51,19.02,18.77,0.96,58.94
2026-07-08 12:58:21,24.79,587.9,111.88,5.4,10.97,31.4,12.49,1.5,58.26
2026-07-08 13:05:44,24.53,623.8,94.04,17.8,10.74,21.56,15.02,6.03,53.03
2026-07-08 13:14:41,25.55,624.1,113.09,9.6,8.08,23.35,17.57,1.34,56.62
2026-07-08 13:26:24,24.35,635.4,121.22,10.2,16.02,26.07,12.66,3.46,59.47
2026-07-08 13:34:24,24.72,572.5,103.32,32.5,8.81,31.11,11.33,5.86,54.67
2026-07-08 13:42:34,25.56,636.9,90.21,20.7,10.62,22.6,18.26,4.11,56.82
2026-07-08 13:55:05,24.47,625.5,103.24,35.4,11.94,24.24,9.86,0.96,53.93
2026-07-08 14:00:49,24.69,580.3,96.6,30.8,6.93,28.77,12.5,1.69,54.44
2026-07-08 14:10:24,24.32,629.4,116.38,16.8,7.35,20.22,15.9,0.88,54.43
2026-07-08 14:25:23,24.48,619.5,96.36,27.6,12.29,24.28,19.3,9.93,53.1
2026-07-08 14:40:20,24.8,614.1,93.74,11.4,14.79,26.17,10.01,6.03,50.55
2026-07-08 14:46:04,24.51,588.5,97.83,35.8,10.66,23.9,14.72,2.53,54.57
2026-07-08 14:53:12,23.98,573.4,99.49,27.9,11.94,22.16,15.05,4.92,56.01
2026-07-08 15:00:51,24.77,611.8,106.95,35.1,10.79,22.41,19.05,18.44,52.7
2026-07-08 15:15:11,23.88,483.7,98.54,29.4,11.79,31.05,11.14,4.15,51.87
2026-07-08 15:29:00,23.13,540.6,83.35,23.9,12.58,26.82,10.93,2.28,53.57
2026-07-08 15:42:47,24.12,591.1,84.0,34.7,8.12,29.68,24.02,14.68,53.63
2026-07-08 15:51:29,23.53,528.7,74.47,13.1,11.06,29.83,15.18,2.65,51.34
2026-07-08 15:58:04,23.34,547.2,94.43,18.6,8.31,27.7,12.39,7.23,53.74
2026-07-08 16:11:24,24.14,480.7,74.2,31.0,7.75,26.86,11.15,9.6,53.43
2026-07-08 16:23:26,23.61,471.4,64.13,14.5,8.61,22.75,16.27,3.83,52.54
2026-07-08 16:34:33,23.19,500.8,70.08,30.4,14.72,25.31,17.27,3.4,51.26
2026-07-08 16:49:26,23.28,505.5,34.77,21.2,10.69,20.67,20.46,0.29,47.73
2026-07-08 17:00:58,22.81,450.7,59.11,34.5,10.37,28.85,8.15,0.65,51.73
2026-07-08 17:06:03,22.32,460.3,53.29,30.8,13.26,26.16,15.64,20.12,48.99
2026-07-08 17:19:13,21.79,450.4,57.32,27.0,12.45,36.36,17.47,3.68,51.01
2026-07-08 17:27:13,23.14,454.3,78.44,35.2,10.3,27.4,12.62,0.92,49.55
2026-07-08 17:38:51,22.25,437.9,56.08,6.5,9.61,26.19,10.56,4.53,49.98
2026-07-08 17:53:14,22.25,414.5,55.49,26.7,19.27,17.83,14.01,5.17,49.69
2026-07-08 17:59:34,21.75,350.4,55.38,39.4,11.55,27.02,8.47,8.19,48.81
2026-07-08 18:05:44,22.06,384.2,42.57,9.7,12.78,21.57,11.91,5.97,50.51
2026-07-08 18:11:48,21.97,406.4,43.53,14.6,13.98,30.42,7.26,4.04,50.77
2026-07-08 18:22:20,21.83,370.4,63.25,17.8,14.28,25.03,13.14,0.09,50.31
2026-07-08 18:30:03,22.15,328.0,58.96,28.0,14.78,20.2,14.04,3.71,46.68
2026-07-08 18:41:06,21.48,337.2,54.92,27.4,12.81,28.89,21.94,0.7,50.48
2026-07-08 18:53:17,21.55,330.6,59.21,25.0,10.13,28.78,9.98,3.73,48.16
2026-07-08 19:00:19,20.86,310.5,75.69,7.5,11.86,23.55,6.61,0.42,48.67
2026-07-08 19:11:39,21.14,316.8,46.24,19.6,7.48,19.66,19.6,8.68,48.11
2026-07-08 19:19:18,21.13,342.0,73.92,38.1,11.31,24.45,14.23,1.05,45.54
2026-07-08 19:29:11,20.49,305.4,68.29,31.2,8.67,22.97,15.96,5.09,46.34
2026-07-08 19:43:14,21.13,264.2,58.23,10.8,11.29,29.59,13.77,32.29,48.39
2026-07-08 19:56:42,20.11,293.4,66.8,16.4,18.49,19.12,19.91,2.82,46.68
2026-07-08 20:02:37,19.8,259.0,77.77,31.8,12.05,23.29,19.23,2.53,46.43
2026-07-08 20:11:51,20.17,185.5,72.5,39.8,7.95,23.65,18.2,1.25,47.01
2026-07-08 20:19:37,20.21,283.2,70.44,14.7,6.39,22.89,17.07,0.19,46.06
2026-07-08 20:24:39,20.07,271.8,76.4,13.2,12.94,25.82,13.37,2.55,49.31
2026-07-08 20:37:22,19.7,239.4,70.46,11.1,12.1,18.2,7.25,4.52,44.19
2026-07-08 20:48:44,19.74,285.6,86.56,7.0,9.44,25.61,11.33,8.5,42.5
2026-07-08 20:56:22,20.42,248.0,86.45,27.8,9.64,24.55,15.67,1.82,43.9
2026-07-08 21:08:46,20.41,234.0,100.85,12.7,12.86,32.7,17.02,2.5,43.08
2026-07-08 21:19:17,19.94,195.6,95.58,15.1,8.74,26.64,19.52,0.25,46.71
2026-07-08 21:28:34,19.47,218.4,80.04,9.6,9.94,29.24,18.84,3.35,44.51
2026-07-08 21:33:40,19.33,171.2,87.21,13.6,14.68,28.77,10.96,0.47,49.26
2026-07-08 21:39:25,19.3,176.2,93.9,25.8,12.15,29.21,15.52,21.97,40.57
2026-07-08 21:53:15,18.43,180.2,103.02,6.6,10.83,21.96,10.27,9.58,47.3
2026-07-08 22:07:17,19.48,195.1,124.55,35.4,7.84,25.35,14.4,5.92,46.39
2026-07-08 22:17:44,19.65,204.2,105.02,23.8,11.05,30.83,14.75,6.55,46.89
2026-07-08 22:31:05,19.71,213.9,118.67,28.2,10.46,27.94,15.66,1.67,45.12
2026-07-08 22:41:55,18.5,215.5,111.25,5.3,8.17,27.56,18.52,9.99,42.0
2026-07-08 22:48:24,20.14,179.0,102.78,18.3,8.24,27.27,14.73,1.9,45.94
2026-07-08 22:54:40,18.67,183.6,118.39,21.0,10.56,24.53,15.08,2.03,46.7
2026-07-08 23:02:45,18.87,178.5,102.77,26.9,12.29,26.2,26.03,3.48,45.25
2026-07-08 23:16:44,18.41,210.0,94.38,33.5,13.75,26.17,14.57,11.37,45.24
2026-07-08 23:29:42,18.91,151.5,90.67,26.4,15.15,22.47,12.96,1.37,47.1
2026-07-08 23:43:19,20.1,183.3,105.03,24.0,10.44,27.63,8.06,9.92,43.09
2026-07-08 23:57:18,18.72,203.7,104.66,39.8,9.76,27.77,14.66,13.52,45.52
2026-07-09 00:04:24,18.78,91.6,101.4,9.1,7.46,34.37,14.02,10.61,40.63
2026-07-09 00:11:54,18.56,176.2,88.11,36.3,12.45,28.65,13.7,7.55,45.01
2026-07-09 00:17:55,19.21,163.9,96.12,14.3,8.02,23.52,15.68,2.23,47.05
2026-07-09 00:30:43,18.81,130.5,95.86,29.9,9.94,18.13,20.57,3.38,44.9
2026-07-09 00:44:34,19.3,214.4,112.32,5.5,9.61,30.12,14.43,7.09,38.15
2026-07-09 00:53:38,20.13,194.1,128.41,22.1,9.46,22.49,18.94,1.42,43.68
2026-07-09 01:04:50,19.2,166.6,97.93,16.0,6.22,19.69,10.94,10.43,42.88
2026-07-09 01:11:23,19.28,136.0,89.27,6.5,11.68,31.04,14.87,2.52,44.05
2026-07-09 01:25:41,18.57,134.2,104.49,6.7,9.23,29.87,12.48,3.09,47.94
2026-07-09 01:39:20,18.67,201.4,115.85,10.0,11.22,27.64,11.16,6.41,47.18
2026-07-09 01:54:05,19.93,231.9,96.85,9.7,7.19,27.83,17.31,6.23,47.14
2026-07-09 02:07:12,19.61,227.5,101.01,36.8,14.6,27.29,8.9,0.66,46.54
2026-07-09 02:21:01,19.91,180.2,108.24,18.4,10.92,19.21,18.71,2.4,44.49
2026-07-09 02:26:15,19.71,141.3,84.78,10.3,8.24,27.13,13.16,6.22,43.67
2026-07-09 02:38:37,19.89,218.6,85.5,26.9,11.18,26.79,16.63,1.46,48.04
2026-07-09 02:46:57,18.8,235.4,93.9,35.9,9.91,25.51,20.32,3.23,44.82
2026-07-09 03:01:15,20.0,212.9,87.83,24.2,7.2,20.64,15.58,0.8,45.21
2026-07-09 03:14:16,19.93,234.2,98.76,34.3,6.46,21.63,23.59,0.25,44.94
2026-07-09 03:27:55,20.3,232.0,75.02,29.2,5.63,20.06,16.94,4.33,48.26
2026-07-09 03:41:01,20.49,257.7,81.28,18.3,12.74,29.81,16.74,4.0,46.29
2026-07-09 03:48:41,20.63,261.1,75.15,23.4,5.43,23.81,13.53,6.54,46.11
2026-07-09 04:01:34,19.49,216.7,64.58,37.7,10.47,29.1,14.72,4.69,46.03
2026-07-09 04:07:39,21.14,314.4,78.11,9.5,6.64,22.68,11.85,0.99,45.44
2026-07-09 04:21:22,20.14,269.6,75.68,5.8,9.98,23.23,13.58,9.42,49.76
2026-07-09 04:34:57,19.13,288.8,76.62,24.6,9.71,24.43,15.98,7.81,49.35
2026-07-09 04:42:11,20.79,353.2,69.53,29.0,10.3,20.64,20.39,4.79,49.22
2026-07-09 04:55:21,21.22,319.6,74.73,28.5,14.63,20.51,12.2,4.93,46.5
2026-07-09 05:04:57,21.76,318.6,55.59,19.5,14.52,24.56,7.41,1.78,48.28
2026-07-09 05:13:00,20.96,331.1,60.69,29.0,11.92,15.04,8.59,1.65,52.98
2026-07-09 05:25:57,22.95,380.2,45.66,25.0,5.88,19.83,18.44,10.0,49.12
2026-07-09 05:33:14,20.87,368.8,59.38,19.5,7.79,25.07,5.63,1.22,50.76
2026-07-09 05:38:28,21.63,390.9,59.53,37.0,4.92,23.95,15.31,3.3,48.13
2026-07-09 05:45:24,21.8,427.5,46.43,23.3,10.27,22.25,20.15,13.91,46.93
2026-07-09 05:53:41,21.79,378.3,50.07,30.0,6.72,24.55,14.95,13.47,48.78
2026-07-09 06:07:19,21.47,436.1,57.67,6.6,5.64,24.05,12.99,1.87,52.61
2026-07-09 06:21:59,22.62,405.4,58.33,16.2,12.26,22.67,15.72,0.81,50.5
2026-07-09 06:29:47,22.47,404.5,49.19,12.2,8.45,28.54,18.93,1.67,53.18
2026-07-09 06:41:12,22.54,454.2,53.79,20.5,8.22,28.86,18.29,5.63,51.59
2026-07-09 06:50:12,22.75,435.1,65.79,25.9,5.24,19.77,13.27,1.87,48.67
2026-07-09 07:05:00,23.16,424.0,60.9,39.1,6.74,25.2,10.52,0.71,53.41
2026-07-09 07:15:22,21.93,444.7,71.47,29.0,9.17,19.58,15.33,9.87,53.34
2026-07-09 07:29:46,22.32,446.4,60.64,28.3,12.92,27.5,6.97,3.02,54.5
2026-07-09 07:35:55,23.32,476.8,83.1,11.0,10.46,18.23,16.3,8.51,53.09
2026-07-09 07:50:37,23.51,485.3,67.23,23.6,5.71,20.81,17.41,4.85,47.61
2026-07-09 07:57:24,23.07,496.9,85.4,33.5,5.58,20.26,8.53,3.93,54.32
2026-07-09 08:12:02,23.7,574.8,103.08,25.1,13.26,18.33,15.45,3.11,49.77
2026-07-09 08:19:41,23.39,570.3,106.54,7.4,14.27,30.79,15.52,3.41,51.49
2026-07-09 08:25:46,23.66,530.9,94.02,36.6,4.28,24.94,14.94,0.79,55.0
2026-07-09 08:35:07,24.37,519.9,95.93,11.8,8.91,21.03,7.0,1.82,51.87
2026-07-09 08:47:24,24.5,548.6,99.08,8.1,9.7,39.64,15.6,2.59,55.16
2026-07-09 08:55:32,24.37,540.2,100.73,6.9,8.39,16.12,9.96,10.04,57.22
2026-07-09 09:06:36,24.25,620.6,86.63,18.4,11.62,20.38,18.4,5.43,53.08
2026-07-09 09:16:43,24.31,530.1,110.36,34.4,15.87,39.25,13.97,0.37,53.59
2026-07-09 09:25:34,25.14,591.9,86.12,39.7,10.27,31.18,17.91,2.69,51.29
2026-07-09 09:36:20,24.67,569.1,92.12,11.3,6.2,24.63,11.44,1.03,55.43
2026-07-09 09:43:53,23.96,574.3,103.8,22.6,8.19,19.68,17.67,2.29,57.53
2026-07-09 09:55:58,24.48,601.1,96.59,21.9,9.39,22.42,13.66,20.57,49.44
2026-07-09 10:00:59,24.7,574.8,120.48,8.1,12.97,16.9,16.13,16.15,57.7
2026-07-09 10:15:14,25.02,623.0,95.55,6.8,7.11,32.22,10.3,3.17,55.85
2026-07-09 10:25:37,24.69,588.5,122.26,15.1,8.68,36.04,16.99,6.92,55.12
2026-07-09 10:37:49,24.17,655.9,110.37,10.9,18.66,29.86,17.02,1.69,53.0
2026-07-09 10:50:14,25.38,646.5,112.02,9.6,8.05,23.09,22.75,0.07,56.67
2026-07-09 11:01:56,25.1,617.7,104.9,20.6,10.83,21.36,13.6,8.03,53.61
2026-07-09 11:10:35,25.23,613.4,113.41,37.7,10.85,28.32,18.86,25.25,56.05
2026-07-09 11:16:17,24.58,595.8,114.13,12.4,9.73,20.42,10.79,0.62,53.27
2026-07-09 11:27:56,25.22,663.8,104.13,31.3,14.71,20.21,14.21,6.11,54.83
2026-07-09 11:36:14,25.03,641.9,108.55,37.5,5.71,27.38,20.89,0.21,55.25
2026-07-09 11:44:22,25.61,618.3,120.09,37.1,9.13,27.84,12.19,1.55,58.36
2026-07-09 11:57:51,25.42,599.9,120.88,31.2,9.61,18.37,16.23,5.86,57.71
2026-07-09 12:10:03,25.27,674.0,101.14,5.4,4.99,26.91,16.08,2.95,56.31
2026-07-09 12:18:03,25.39,641.6,111.87,8.2,14.06,22.25,20.02,5.08,51.77
2026-07-09 12:26:08,24.91,623.8,112.89,28.0,8.76,30.22,11.96,17.08,58.41
2026-07-09 12:35:13,24.5,636.5,120.52,37.8,5.63,16.34,14.3,11.69,58.01
2026-07-09 12:44:15,25.0,609.3,110.96,32.2,11.0,21.67,17.42,0.31,57.4
2026-07-09 12:52:12,24.82,601.4,112.71,37.5,8.55,23.0,12.77,7.32,55.9
2026-07-09 12:58:29,25.05,674.6,121.61,8.6,7.52,30.84,17.3,1.44,51.79
2026-07-09 13:07:41,25.23,655.3,118.96,37.7,8.79,21.62,12.32,4.27,51.62
2026-07-09 13:22:05,23.63,617.9,95.52,34.5,10.19,26.69,8.11,3.88,60.58
2026-07-09 13:33:52,24.78,634.8,94.69,24.9,12.6,23.13,13.32,5.0,53.67
2026-07-09 13:47:53,24.89,611.0,78.71,7.8,8.35,16.74,16.71,5.22,55.61
2026-07-09 13:59:03,24.73,593.8,106.42,29.4,13.37,20.73,13.93,5.01,55.86
2026-07-09 14:07:03,24.53,587.7,106.6,25.8,14.48,23.2,15.1,3.89,54.23
2026-07-09 14:17:32,25.06,614.9,90.17,39.9,10.99,25.39,15.28,0.63,54.38
2026-07-09 14:22:32,24.7,553.7,84.3,35.6,11.17,28.9,19.24,12.94,55.96
2026-07-09 14:30:24,24.44,571.2,88.31,37.1,14.47,27.21,16.68,0.26,55.66
2026-07-09 14:39:42,23.99,634.4,90.24,25.7,10.5,25.98,13.27,3.44,55.04
2026-07-09 14:50:30,23.88,587.6,84.31,33.4,14.49,24.16,10.09,4.29,59.3
2026-07-09 15:02:03,24.72,611.6,96.6,25.8,5.09,23.7,16.74,0.76,51.55
2026-07-09 15:11:42,24.41,530.9,86.8,37.4,11.33,25.58,18.16,7.52,51.78
2026-07-09 15:21:07,24.49,556.9,94.65,8.1,10.08,18.96,8.19,2.69,55.05
2026-07-09 15:28:16,23.04,540.5,80.59,27.4,6.94,24.26,20.08,0.19,52.65
2026-07-09 15:37:59,24.0,572.2,98.42,32.4,8.71,24.72,15.31,1.34,55.32
2026-07-09 15:52:00,24.0,550.6,87.16,31.6,7.95,24.13,15.75,1.62,50.27
2026-07-09 16:04:58,23.76,566.6,68.68,21.6,2.75,28.33,20.33,0.22,51.9
2026-07-09 16:11:40,23.05,485.1,81.07,33.2,10.05,23.51,14.45,0.97,48.2
2026-07-09 16:17:30,23.43,470.6,91.9,30.2,14.24,21.29,13.05,1.11,51.82
2026-07-09 16:27:40,22.79,499.6,64.95,8.4,9.53,14.93,13.0,3.18,53.36
2026-07-09 16:38:59,22.0,490.2,85.07,20.9,15.43,22.94,16.41,6.36,48.42
2026-07-09 16:47:21,21.93,479.8,73.77,29.2,11.51,25.99,17.64,0.94,50.1
2026-07-09 17:00:32,22.2,514.2,51.49,27.3,6.79,22.67,13.43,17.56,52.07
2026-07-09 17:13:02,22.44,470.5,53.15,39.8,5.21,19.82,13.82,6.66,54.4
2026-07-09 17:24:46,22.48,464.3,40.87,25.7,6.97,28.87,19.21,0.03,51.51
2026-07-09 17:32:01,22.35,378.8,60.45,6.2,6.64,23.89,17.21,3.01,47.19
2026-07-09 17:39:00,22.31,460.3,71.66,38.2,10.38,27.81,17.48,5.22,52.47
2026-07-09 17:44:15,22.52,400.9,68.86,35.0,9.99,23.89,8.4,10.37,51.38
2026-07-09 17:51:42,21.39,439.1,44.69,27.2,12.44,26.22,13.82,11.19,49.98
2026-07-09 18:01:27,22.1,377.7,53.82,38.1,4.85,22.66,15.39,10.64,49.17
2026-07-09 18:14:57,21.8,375.3,67.77,36.1,8.49,28.66,17.45,4.83,48.81
2026-07-09 18:20:40,21.97,368.7,53.88,29.8,12.38,38.53,15.14,3.26,50.46
2026-07-09 18:29:49,22.23,355.0,64.21,31.1,9.48,25.72,18.69,1.56,48.56
2026-07-09 18:41:07,21.1,382.7,64.24,22.0,8.49,24.57,13.5,3.81,46.02
2026-07-09 18:48:04,21.19,390.4,69.91,33.3,3.12,26.72,14.46,11.12,47.96
2026-07-09 19:00:01,21.28,357.7,60.59,38.5,11.86,27.55,13.47,10.4,46.23
2026-07-09 19:09:58,20.41,323.4,60.71,24.0,17.64,28.12,17.72,2.93,47.2
2026-07-09 19:17:24,20.68,377.0,77.59,13.1,14.08,22.67,11.88,5.19,48.99
2026-07-09 19:28:58,20.57,345.8,66.18,20.6,4.56,24.11,17.01,7.79,48.49
2026-07-09 19:34:01,21.15,225.0,76.55,31.9,12.68,26.37,12.68,12.89,47.94
2026-07-09 19:46:32,20.56,269.0,95.62,29.3,9.04,23.55,13.0,1.36,49.01
2026-07-09 19:59:14,20.62,297.2,85.32,11.5,9.26,24.49,13.5,2.33,48.7
2026-07-09 20:05:18,20.16,271.1,73.96,19.2,16.4,22.2,15.01,3.06,46.81
2026-07-09 20:14:33,20.39,261.6,55.94,16.6,9.06,19.55,12.62,19.74,51.34
2026-07-09 20:21:19,20.02,253.9,64.64,20.5,7.4,21.97,8.98,11.52,48.16
2026-07-09 20:35:53,20.61,238.9,97.02,34.4,8.75,25.73,20.39,4.38,47.22
2026-07-09 20:46:04,20.22,310.2,89.38,23.8,10.63,17.97,17.01,0.46,44.71
2026-07-09 20:51:34,19.94,220.2,103.14,38.0,12.38,22.43,19.69,2.31,49.07
2026-07-09 20:59:04,19.6,248.6,75.86,35.6,16.65,31.88,18.38,2.94,49.38
2026-07-09 21:12:33,19.73,208.6,112.16,39.0,4.33,29.9,18.4,0.45,47.59
2026-07-09 21:22:07,19.83,247.7,116.07,7.3,3.48,33.14,13.33,0.46,41.63
2026-07-09 21:35:08,20.18,173.6,104.91,29.9,10.05,22.29,16.54,4.04,46.97
2026-07-09 21:46:48,20.4,214.6,104.35,24.6,7.8,23.86,15.21,0.01,44.6
2026-07-09 22:01:41,20.64,208.8,92.33,27.9,12.44,21.76,8.9,1.4,44.95
2026-07-09 22:12:38,19.62,202.6,107.17,31.1,9.96,19.36,12.48,10.14,43.08
2026-07-09 22:27:08,18.83,174.3,100.39,22.9,4.84,20.6,15.72,1.93,45.08
2026-07-09 22:41:03,19.37,162.9,110.61,19.7,12.05,28.99,13.03,1.71,39.74
2026-07-09 22:52:11,18.91,119.5,105.89,11.4,14.16,29.68,7.19,8.77,43.16
2026-07-09 23:04:22,18.92,143.8,102.19,8.4,5.79,16.84,11.41,0.06,42.26
2026-07-09 23:14:25,19.01,137.6,109.66,36.9,11.39,26.74,15.47,11.37,45.39
2026-07-09 23:27:43,18.32,125.5,97.21,24.3,9.41,25.1,13.03,3.09,47.34
2026-07-09 23:38:12,19.44,191.5,104.43,15.9,6.41,32.0,19.15,7.21,42.3
2026-07-09 23:52:10,18.57,199.7,128.02,12.8,10.99,26.72,13.26,1.28,44.75
2026-07-10 00:04:37,19.19,200.5,117.25,32.4,14.57,29.05,15.05,0.57,43.41
2026-07-10 00:14:21,19.17,125.7,114.58,13.9,10.55,31.79,17.4,7.02,44.92
2026-07-10 00:21:57,17.91,178.9,130.42,11.5,9.22,26.75,20.41,14.86,40.09
2026-07-10 00:29:25,18.85,176.4,93.37,13.5,9.98,22.93,14.22,4.32,45.44
2026-07-10 00:40:48,19.08,172.4,116.68,36.6,2.13,21.88,17.26,3.51,44.9
2026-07-10 00:53:27,18.95,138.7,99.29,38.5,8.28,26.97,18.4,2.39,44.48
2026-07-10 01:03:40,19.46,234.8,126.56,9.3,11.25,26.73,15.48,4.07,41.11
2026-07-10 01:14:56,19.59,179.2,113.0,26.0,11.63,19.81,25.12,2.93,42.75
2026-07-10 01:22:41,19.05,187.1,101.1,7.4,11.85,20.22,13.92,33.32,43.25
2026-07-10 01:28:27,18.98,178.2,92.07,8.0,11.67,28.14,18.17,4.46,48.09
2026-07-10 01:36:19,19.94,191.6,104.31,39.1,7.87,30.71,17.04,9.1,44.46
2026-07-10 01:44:02,19.24,160.3,100.92,14.6,6.14,26.76,9.43,2.56,41.92
2026-07-10 01:52:14,19.45,159.6,109.48,14.8,10.16,22.62,14.98,4.95,47.05
2026-07-10 02:02:38,19.57,203.5,105.25,28.7,10.37,29.84,14.31,5.68,46.43
2026-07-10 02:09:01,20.03,206.9,103.01,31.3,10.59,16.18,16.75,3.37,47.74
2026-07-10 02:16:20,19.48,228.5,107.74,38.3,7.09,30.2,15.84,12.32,43.73
2026-07-10 02:28:16,19.89,184.6,105.7,6.2,4.42,21.54,12.95,3.38,48.17
2026-07-10 02:40:20,20.23,251.7,91.16,28.6,10.11,20.93,9.86,4.25,41.52
2026-07-10 02:45:58,19.89,189.7,94.69,22.3,14.09,23.74,8.36,1.93,49.9
2026-07-10 02:55:03,19.98,228.2,98.15,31.0,7.63,35.38,16.42,2.09,47.17
2026-07-10 03:05:28,20.19,216.6,98.76,28.1,10.06,32.23,7.66,0.34,43.44
2026-07-10 03:14:38,19.86,266.6,98.57,21.1,10.33,29.23,11.08,11.58,45.7
2026-07-10 03:21:42,20.85,172.1,73.05,18.2,6.98,29.15,15.66,5.62,45.31
2026-07-10 03:30:54,19.87,284.3,87.38,26.5,7.28,21.5,18.24,3.44,48.37
2026-07-10 03:44:57,19.6,285.8,73.11,15.1,19.58,29.91,12.66,6.79,47.47
2026-07-10 03:55:47,21.25,307.1,88.63,7.4,11.52,26.79,10.69,1.18,47.71
2026-07-10 04:07:45,19.88,269.1,95.51,20.2,8.06,24.17,10.42,3.02,48.77
2026-07-10 04:21:19,20.77,280.7,90.6,35.2,10.55,21.94,13.71,16.37,47.38
2026-07-10 04:33:58,20.33,345.2,67.49,26.5,10.38,19.71,9.86,3.69,46.64
2026-07-10 04:42:46,20.81,332.7,78.93,15.5,13.7,20.98,16.38,8.87,49.24
2026-07-10 04:47:50,21.19,277.2,78.53,27.6,9.84,31.77,13.37,1.07,48.67
2026-07-10 04:56:21,21.2,390.0,54.05,20.3,10.86,24.17,14.12,0.87,49.36
2026-07-10 05:08:53,21.62,360.5,49.66,11.2,14.64,14.7,14.2,9.82,48.69
2026-07-10 05:22:25,22.09,380.9,74.33,19.2,5.22,20.21,19.43,0.47,52.02
2026-07-10 05:36:57,21.41,384.2,60.04,30.7,13.33,22.52,19.66,13.41,45.07
2026-07-10 05:46:09,21.81,447.7,54.05,33.2,11.53,21.83,19.66,2.47,49.62
2026-07-10 05:58:37,21.61,383.1,53.12,11.1,13.17,23.99,14.86,3.37,52.62
2026-07-10 06:09:05,21.26,461.2,48.1,28.9,12.88,35.01,13.12,13.82,48.17
2026-07-10 06:20:07,22.86,423.6,53.37,38.8,5.47,19.08,10.02,5.87,46.47
2026-07-10 06:27:19,22.44,406.7,48.92,38.5,9.16,19.05,20.55,0.65,53.35
2026-07-10 06:34:31,21.71,385.2,73.01,18.8,12.28,24.47,21.28,1.34,52.89
2026-07-10 06:43:52,22.82,505.9,73.39,35.8,7.86,25.54,10.94,0.17,53.61
2026-07-10 06:49:10,21.94,482.4,58.61,19.5,12.58,18.32,20.3,8.7,48.68
2026-07-10 06:57:31,22.55,425.3,56.66,33.5,13.27,24.58,10.62,0.14,54.19
2026-07-10 07:09:19,23.12,434.9,54.88,9.8,6.58,29.11,14.35,0.86,52.54
2026-07-10 07:18:21,21.69,472.0,78.26,34.6,5.55,21.52,8.47,1.92,48.77
2026-07-10 07:25:00,23.2,483.9,86.96,33.9,10.61,21.83,12.82,10.45,52.82
2026-07-10 07:34:41,24.17,474.5,77.81,37.3,17.2,20.77,10.52,11.87,53.7
2026-07-10 07:40:57,23.21,495.9,69.56,19.0,7.9,26.68,18.25,14.71,53.55
2026-07-10 07:52:11,24.0,544.8,57.53,20.9,12.67,23.84,13.22,6.25,54.27
2026-07-10 07:57:27,24.39,522.2,71.24,22.3,14.04,32.19,4.43,1.66,49.09
2026-07-10 08:06:23,23.34,497.4,76.64,15.2,10.92,24.49,20.53,11.89,51.06
2026-07-10 08:17:02,24.24,530.9,84.14,9.7,7.95,31.88,12.56,6.16,50.46
2026-07-10 08:22:18,23.71,516.4,87.72,16.7,10.59,26.04,23.7,28.63,58.34
2026-07-10 08:33:44,23.37,507.9,77.53,6.6,9.9,31.95,13.7,2.32,55.61
2026-07-10 08:40:05,24.56,546.6,81.77,22.6,8.87,34.29,11.52,0.71,52.85
2026-07-10 08:49:42,24.58,570.8,94.22,6.5,14.22,32.29,18.37,13.03,51.17
2026-07-10 08:55:13,23.86,626.1,78.64,14.2,6.69,20.93,22.8,1.9,57.54
2026-07-10 09:04:00,24.13,606.8,109.09,28.0,10.3,23.42,16.72,0.18,55.48
2026-07-10 09:11:07,24.17,624.5,64.31,37.5,13.81,29.54,15.95,6.17,52.12
2026-07-10 09:19:23,24.34,617.3,79.24,9.3,15.03,30.58,16.02,3.55,55.68
2026-07-10 09:32:00,24.25,654.2,86.55,39.0,7.96,18.58,14.15,2.69,57.82
2026-07-10 09:40:47,24.85,568.8,80.42,5.9,8.1,18.14,10.79,15.1,56.56
2026-07-10 09:53:19,24.7,589.3,117.48,28.1,12.76,13.05,17.84,4.51,60.39
2026-07-10 10:06:38,24.68,570.0,82.32,16.4,9.43,16.91,20.01,1.19,54.59
2026-07-10 10:14:09,25.37,627.8,102.2,7.5,10.91,29.68,13.83,2.54,57.63
2026-07-10 10:19:58,25.88,625.7,101.03,34.8,12.71,32.43,13.54,5.31,58.69
2026-07-10 10:25:10,25.17,643.6,88.41,15.9,12.24,23.95,13.05,5.48,56.67
2026-07-10 10:35:33,24.27,561.4,107.28,21.7,7.1,22.98,15.3,4.76,51.94
2026-07-10 10:50:33,24.38,641.6,116.07,21.2,10.69,26.23,21.01,0.84,52.9
2026-07-10 10:59:03,24.92,607.0,106.61,20.3,12.85,21.86,16.24,11.66,56.63
2026-07-10 11:10:33,25.26,603.7,107.7,7.7,10.9,27.29,15.53,2.77,58.3
2026-07-10 11:23:22,25.37,616.0,106.03,13.9,13.09,27.91,19.44,0.99,57.85
2026-07-10 11:34:53,25.19,665.8,127.34,15.4,13.07,20.3,12.7,5.55,54.84
2026-07-10 11:47:26,24.72,699.0,105.7,11.6,11.97,32.61,8.57,0.56,53.53
2026-07-10 12:01:56,24.95,639.3,114.56,21.7,11.23,21.4,7.47,16.88,54.15
2026-07-10 12:08:55,24.65,580.3,91.66,17.6,7.88,18.21,12.32,0.67,57.04
2026-07-10 12:14:07,25.24,640.8,136.3,35.1,10.79,26.83,20.6,5.25,53.41
2026-07-10 12:20:39,25.26,643.9,103.47,15.5,6.69,26.29,17.39,0.83,56.14
2026-07-10 12:26:55,24.6,564.5,90.11,25.5,11.06,26.95,19.95,8.97,56.2
2026-07-10 12:38:36,24.98,604.3,97.63,39.3,12.85,18.35,10.81,1.72,54.48
2026-07-10 12:49:15,24.36,637.3,97.07,28.8,7.77,27.35,10.77,6.26,53.8
2026-07-10 12:56:25,24.82,628.5,111.53,36.3,7.05,27.82,5.55,2.13,55.98
2026-07-10 13:08:25,24.84,623.7,105.83,17.0,11.9,25.4,17.8,11.99,54.3
2026-07-10 13:21:05,25.39,649.3,94.06,9.6,8.73,32.59,22.33,5.59,54.68
2026-07-10 13:27:46,24.7,569.7,111.66,26.8,4.49,23.32,21.52,5.5,56.49
2026-07-10 13:38:50,24.97,607.5,101.75,19.6,12.55,24.83,15.31,0.09,56.06
2026-07-10 13:51:19,25.0,593.2,113.29,36.3,14.73,26.78,15.29,2.82,54.56
2026-07-10 13:57:28,24.45,613.2,109.97,16.9,9.43,26.22,17.27,0.82,54.14
2026-07-10 14:10:39,24.31,568.8,93.02,37.4,5.89,19.89,16.68,9.21,55.79
2026-07-10 14:25:18,24.57,553.3,87.21,38.2,10.39,23.69,19.45,10.23,56.57
2026-07-10 14:31:23,24.62,580.5,94.62,22.7,13.13,24.75,13.18,5.21,54.19
2026-07-10 14:36:38,24.57,605.2,87.87,19.6,10.27,21.28,16.33,3.52,52.96
2026-07-10 14:44:46,24.68,595.9,95.57,28.3,7.16,29.85,20.46,2.74,55.02
2026-07-10 14:56:32,25.05,546.3,98.47,21.1,13.2,17.88,14.36,0.79,54.69
2026-07-10 15:11:07,24.92,564.8,94.29,16.0,9.56,27.98,14.73,0.32,54.2
2026-07-10 15:20:05,23.19,513.5,71.82,7.0,6.79,19.18,12.41,1.75,51.81
2026-07-10 15:32:14,23.19,570.6,78.07,31.0,9.16,25.53,14.73,1.64,49.18
2026-07-10 15:38:00,23.55,529.3,74.5,12.2,4.92,22.57,11.43,10.93,50.96
2026-07-10 15:49:54,23.72,499.9,85.21,6.3,12.4,20.93,20.54,6.74,57.61
2026-07-10 16:01:10,24.59,516.3,84.09,24.3,5.0,23.88,15.51,7.96,53.38
2026-07-10 16:07:11,23.11,501.4,80.83,39.5,5.22,26.35,15.9,2.33,51.53
2026-07-10 16:19:55,22.94,544.0,79.88,9.4,8.54,32.8,4.08,8.18,54.22
2026-07-10 16:33:25,23.76,486.3,83.31,23.7,7.4,21.17,12.9,1.67,52.91
2026-07-10 16:44:25,22.2,455.9,55.55,23.2,10.04,29.46,8.53,2.24,50.11
2026-07-10 16:50:38,23.55,499.5,70.0,7.2,8.91,29.35,12.07,2.95,50.14
2026-07-10 17:05:28,23.16,426.2,57.89,18.8,9.7,30.86,11.18,13.37,52.42
2026-07-10 17:18:18,21.2,449.0,63.43,9.4,8.5,24.36,12.96,6.1,51.75
2026-07-10 17:26:46,22.25,443.4,69.88,31.1,12.7,23.35,20.18,2.63,50.08
2026-07-10 17:36:03,22.79,452.0,61.86,18.0,10.43,29.24,14.81,3.33,50.91
2026-07-10 17:44:45,21.94,408.7,52.5,36.3,11.6,22.76,16.95,0.65,48.32
2026-07-10 17:54:49,21.49,455.6,40.23,24.8,11.94,32.06,10.91,3.22,49.65
2026-07-10 18:03:14,21.29,399.5,38.96,21.1,6.88,26.69,17.37,8.04,48.6
2026-07-10 18:16:44,21.53,356.8,55.27,23.9,12.99,35.14,12.81,6.66,47.14
2026-07-10 18:29:57,20.83,359.3,45.01,32.9,8.98,18.81,18.65,1.07,51.04
2026-07-10 18:36:00,21.05,335.8,71.67,11.6,11.27,14.46,16.29,0.64,50.22
2026-07-10 18:50:37,21.23,400.4,65.08,13.6,8.27,14.95,8.19,4.67,49.95
2026-07-10 19:01:58,21.09,342.1,67.19,20.3,9.5,16.47,19.04,1.91,48.38
2026-07-10 19:15:15,21.28,337.6,72.83,10.0,9.95,27.17,13.57,0.93,49.99
2026-07-10 19:27:20,20.55,293.5,75.66,18.6,10.18,22.8,18.73,1.96,45.12
2026-07-10 19:36:41,21.44,317.0,79.04,31.3,7.0,22.0,15.06,0.61,45.59
2026-07-10 19:49:01,21.15,302.6,67.87,19.3,11.9,26.06,23.3,1.57,50.17
2026-07-10 20:03:41,20.3,278.2,93.39,32.5,8.97,29.81,19.91,1.14,48.36
2026-07-10 20:11:23,20.85,264.4,99.84,23.8,9.52,15.23,19.06,3.01,48.99
2026-07-10 20:24:28,20.24,270.8,78.01,39.0,16.99,25.04,9.63,9.15,46.77
2026-07-10 20:34:50,19.79,269.7,78.41,22.9,7.06,32.86,16.85,4.14,45.64
2026-07-10 20:44:41,20.51,254.3,93.19,24.5,9.41,30.23,7.27,1.92,42.85
2026-07-10 20:54:02,19.75,209.8,90.11,20.8,15.0,25.37,26.42,2.09,43.25
2026-07-10 21:06:20,19.99,271.7,95.05,27.6,13.41,25.07,19.87,2.67,43.91
2026-07-10 21:14:02,20.37,191.6,95.91,32.6,6.28,23.81,13.71,0.16,46.98
2026-07-10 21:27:33,18.99,198.4,88.88,33.4,11.32,20.84,18.02,5.97,48.36
2026-07-10 21:40:51,20.1,205.2,109.14,12.8,8.73,29.03,15.4,12.72,44.54
2026-07-10 21:46:43,19.67,180.6,94.47,30.1,10.35,30.81,12.88,11.74,46.23
2026-07-10 22:00:32,19.31,172.4,108.13,18.9,15.25,29.44,11.21,3.41,42.02
2026-07-10 22:07:58,19.12,147.0,96.78,24.8,11.44,26.05,17.85,4.22,45.33
2026-07-10 22:17:37,19.38,220.0,105.36,28.7,8.08,32.67,14.69,3.81,44.55
2026-07-10 22:28:43,19.88,111.3,111.96,27.4,10.92,24.43,18.95,26.6,43.68
2026-07-10 22:37:31,19.08,220.4,96.84,31.6,10.59,27.66,13.1,1.63,42.48
2026-07-10 22:42:48,19.43,193.5,106.77,7.9,9.39,24.51,14.13,2.76,38.83
2026-07-10 22:56:18,19.45,179.6,112.09,26.9,12.22,29.69,17.61,8.25,41.89
2026-07-10 23:03:08,18.71,155.9,114.71,8.8,10.2,29.55,18.4,7.9,44.79
2026-07-10 23:10:15,19.88,147.7,96.16,26.9,6.52,23.14,14.2,0.31,45.84
2026-07-10 23:23:14,19.13,169.5,106.22,9.5,12.83,22.37,13.22,0.34,46.74
2026-07-10 23:31:38,18.74,127.4,106.79,8.4,12.82,25.04,12.09,4.58,43.89
2026-07-10 23:45:26,18.94,120.7,121.74,35.8,8.0,21.9,21.46,3.03,42.68
2026-07-10 23:57:27,18.85,177.3,120.74,7.4,12.43,25.8,12.46,4.26,43.0
2026-07-11 00:05:12,18.71,117.7,117.63,20.6,10.23,33.92,18.21,2.86,44.64
2026-07-11 00:10:19,19.81,147.6,102.14,32.1,15.79,27.58,17.75,2.1,43.83
2026-07-11 00:24:47,19.06,122.6,101.89,7.0,4.31,24.58,17.64,1.09,42.41
2026-07-11 00:30:39,19.36,224.5,111.5,28.4,7.32,20.18,4.34,4.58,42.77
2026-07-11 00:42:51,19.62,204.4,105.81,19.7,11.73,29.69,15.29,1.24,43.53
2026-07-11 00:52:44,19.43,166.6,110.19,13.4,14.16,23.81,5.17,2.01,44.07
2026-07-11 01:05:19,18.78,206.1,135.36,17.7,10.66,25.55,17.48,1.08,45.34
2026-07-11 01:17:13,18.44,147.2,109.01,11.9,10.2,29.77,22.4,6.34,42.98
2026-07-11 01:28:41,19.76,180.2,107.51,34.5,10.52,24.45,13.28,7.74,42.68
2026-07-11 01:38:35,20.17,226.8,102.08,33.3,12.09,18.68,6.93,18.88,48.67
2026-07-11 01:51:31,19.33,195.6,100.55,10.1,14.75,20.92,16.4,2.34,46.51
2026-07-11 01:57:27,18.27,142.4,102.46,26.6,10.92,27.31,19.6,7.79,44.45
2026-07-11 02:04:40,19.57,211.5,81.95,34.8,16.13,22.94,15.42,3.18,45.65
2026-07-11 02:16:35,19.42,191.6,83.08,27.6,9.73,19.13,14.73,3.12,44.18
2026-07-11 02:24:39,20.01,189.6,83.64,22.3,9.65,30.03,19.66,0.19,43.89
2026-07-11 02:35:27,19.72,232.7,103.35,15.7,7.72,29.98,11.65,13.71,43.54
2026-07-11 02:45:11,20.19,227.9,98.24,20.6,7.63,30.32,9.56,2.78,46.09
2026-07-11 02:55:30,19.33,232.9,96.27,18.4,7.53,26.56,17.64,5.18,45.14
2026-07-11 03:04:45,20.08,253.1,81.66,27.5,11.53,13.86,16.25,0.2,46.28
2026-07-11 03:17:13,20.14,262.2,85.11,33.5,12.24,23.38,12.07,6.11,53.26
2026-07-11 03:25:31,20.1,250.5,71.15,36.9,12.53,25.23,18.07,2.59,43.1
2026-07-11 03:37:33,19.7,281.8,78.72,22.9,7.19,25.2,12.73,2.53,46.98
2026-07-11 03:45:16,21.16,231.0,85.26,32.5,10.23,17.0,8.12,1.88,47.52
2026-07-11 03:52:46,20.74,320.4,79.59,20.7,8.05,20.48,13.61,4.31,50.14
2026-07-11 03:58:59,21.34,332.8,81.56,34.2,8.33,29.4,13.4,7.54,45.09
2026-07-11 04:05:54,20.13,278.3,96.22,37.3,10.77,32.02,23.12,2.0,45.25
2026-07-11 04:12:06,20.14,244.1,64.65,39.3,10.85,29.77,12.48,0.58,47.0
2026-07-11 04:22:28,20.26,286.6,78.37,8.7,9.18,23.79,14.67,5.84,46.23
2026-07-11 04:35:05,20.94,382.8,82.6,14.9,10.47,32.3,16.25,3.65,48.12
2026-07-11 04:41:56,21.45,371.3,65.32,8.9,10.93,19.45,13.96,0.36,51.82
2026-07-11 04:49:06,20.81,340.8,73.24,20.1,9.15,19.51,7.47,4.43,45.3
2026-07-11 04:58:56,20.44,335.2,65.84,10.0,10.36,29.65,16.58,8.24,44.06
2026-07-11 05:11:11,21.19,373.3,55.09,25.2,9.8,20.89,18.24,6.03,47.23
2026-07-11 05:25:57,21.44,339.0,45.31,11.1,6.44,25.06,23.58,6.61,44.84
2026-07-11 05:36:12,21.97,390.7,68.12,18.8,12.09,23.76,17.2,4.95,48.21
2026-07-11 05:44:02,21.5,447.8,49.05,12.6,5.45,9.4,15.51,4.02,50.38
2026-07-11 05:50:02,21.86,429.9,63.09,16.4,7.82,26.16,10.55,0.38,49.65
2026-07-11 05:56:58,21.66,348.9,38.9,35.0,13.37,24.41,15.36,0.61,51.44
2026-07-11 06:04:15,21.83,403.9,39.53,7.4,7.87,23.88,17.09,8.59,49.77
2026-07-11 06:11:03,22.31,396.1,57.45,15.3,10.16,20.14,14.14,0.4,50.54
2026-07-11 06:16:11,21.46,432.8,61.92,12.6,14.39,26.61,16.3,9.05,53.44
2026-07-11 06:26:32,22.61,387.4,52.33,18.7,3.75,24.41,16.23,0.02,51.16
2026-07-11 06:34:16,21.6,461.7,54.68,13.3,12.64,27.84,18.62,1.07,50.76
2026-07-11 06:49:01,22.46,432.4,75.92,34.1,6.39,26.49,17.1,2.69,52.66
2026-07-11 06:59:33,23.04,443.1,62.81,12.2,3.15,21.94,17.01,2.2,52.48
2026-07-11 07:11:31,23.15,500.2,64.28,21.1,12.72,33.41,17.96,5.25,51.32
2026-07-11 07:17:47,23.13,484.1,78.09,26.0,11.38,24.75,3.1,9.5,50.6
2026-07-11 07:31:28,23.76,559.6,50.35,29.4,5.03,19.14,5.36,5.92,50.92
2026-07-11 07:41:23,23.9,522.0,69.77,34.8,7.31,25.51,10.88,2.41,50.89
2026-07-11 07:55:06,23.21,498.6,53.4,13.1,5.32,17.07,9.31,1.85,52.63
2026-07-11 08:05:51,22.72,516.8,78.72,18.1,9.5,27.75,15.31,12.85,53.65
2026-07-11 08:15:32,22.68,491.5,82.73,14.7,7.33,19.76,9.69,3.68,56.2
2026-07-11 08:24:57,23.66,539.5,87.39,34.6,8.91,28.25,6.55,5.47,52.46
2026-07-11 08:31:47,23.84,592.7,84.13,18.4,5.97,22.65,18.89,0.03,54.19
2026-07-11 08:37:18,23.76,566.9,101.23,10.0,10.37,27.1,8.7,13.43,51.72
2026-07-11 08:51:43,24.05,575.0,89.38,30.3,7.44,25.1,17.49,1.43,53.59
2026-07-11 09:01:29,24.66,554.7,86.62,32.3,17.05,31.46,13.05,2.91,54.98
2026-07-11 09:14:43,23.43,578.1,96.14,32.8,4.46,29.86,15.49,9.62,54.74
2026-07-11 09:23:43,23.2,571.6,93.22,30.4,9.85,30.58,11.28,4.66,55.2
2026-07-11 09:29:27,24.62,596.9,91.75,11.6,10.33,30.87,15.38,6.46,50.19
2026-07-11 09:40:45,24.52,670.7,89.42,18.1,5.71,25.47,11.51,0.2,53.83
2026-07-11 09:46:17,24.94,586.1,94.01,20.3,9.21,24.63,23.84,6.41,52.69
2026-07-11 09:52:47,24.51,586.1,86.58,27.8,14.38,21.37,15.05,8.39,55.62
2026-07-11 10:03:25,24.11,576.4,97.68,14.1,5.91,17.73,16.67,1.47,51.29
2026-07-11 10:11:27,23.93,615.9,102.02,32.0,5.88,16.21,10.75,11.56,56.93
2026-07-11 10:26:23,24.43,617.8,88.37,13.9,12.63,20.78,24.92,5.37,54.23
2026-07-11 10:32:34,25.07,570.4,116.41,30.5,13.62,28.77,15.61,0.77,53.75
2026-07-11 10:45:13,24.83,558.1,99.94,39.5,11.54,25.11,14.79,0.36,54.87
2026-07-11 10:56:17,24.31,603.2,94.26,11.0,6.7,30.53,15.81,14.83,56.97
2026-07-11 11:09:11,24.05,650.9,109.89,11.4,10.96,25.22,11.91,11.63,53.49
2026-07-11 11:16:27,25.33,592.7,94.71,10.8,9.22,29.69,14.39,4.41,57.69
2026-07-11 11:26:40,24.23,643.6,112.2,31.3,10.63,31.6,15.24,21.96,57.93
2026-07-11 11:36:10,25.33,679.4,110.29,39.5,10.5,13.43,11.42,2.81,56.27
2026-07-11 11:45:36,24.27,685.2,128.3,37.9,9.98,22.52,11.64,0.29,54.88
2026-07-11 11:59:12,25.35,666.8,116.5,29.4,9.03,14.66,18.49,10.16,58.08
2026-07-11 12:14:06,24.85,685.3,113.7,26.6,7.36,21.92,11.18,2.66,58.21
2026-07-11 12:22:09,26.34,691.9,104.9,5.6,9.41,26.18,16.26,2.94,54.31
2026-07-11 12:33:22,24.57,618.7,106.25,20.0,9.2,35.5,11.14,21.66,58.64
2026-07-11 12:44:28,24.1,633.1,100.6,11.8,12.26,29.74,7.9,3.51,54.17
2026-07-11 12:56:52,25.53,671.4,103.48,24.2,14.25,27.14,13.28,2.96,58.03
2026-07-11 13:11:20,25.35,629.8,114.03,31.4,9.3,23.17,9.18,0.87,56.98
2026-07-11 13:18:25,25.8,598.3,107.28,14.0,7.89,14.45,16.27,0.66,57.28
2026-07-11 13:25:32,25.26,621.7,101.62,29.2,14.82,16.65,15.56,5.16,52.9
2026-07-11 13:37:08,24.17,652.1,103.84,27.5,7.07,15.89,12.01,8.26,55.63
2026-07-11 13:43:42,24.95,627.2,106.3,30.9,14.58,21.82,17.86,9.6,56.68
2026-07-11 13:50:26,25.29,601.7,106.79,23.7,10.01,33.01,5.84,1.93,53.33
2026-07-11 13:56:11,25.19,620.4,90.88,26.1,10.52,29.94,10.68,0.78,54.72
2026-07-11 14:01:13,25.48,587.2,90.8,26.1,10.0,29.5,19.7,8.08,54.4
2026-07-11 14:10:43,23.88,569.4,129.0,9.3,14.7,24.84,7.56,3.42,55.57
2026-07-11 14:21:40,24.31,568.0,107.94,34.0,9.68,26.99,21.3,8.31,54.7
2026-07-11 14:29:34,24.23,603.5,93.06,22.1,3.27,34.07,10.81,23.59,51.51
2026-07-11 14:36:53,23.9,578.4,83.3,31.5,1.79,20.25,18.1,1.66,54.23
2026-07-11 14:48:58,23.92,596.9,86.73,9.6,10.06,18.41,17.64,6.18,50.8
2026-07-11 15:00:59,23.83,574.4,102.44,15.2,13.52,27.15,17.22,6.9,54.22
2026-07-11 15:10:32,23.96,556.2,77.59,28.7,11.69,24.8,19.02,9.22,53.41
2026-07-11 15:22:24,24.11,546.6,94.37,6.8,9.69,32.19,14.28,4.5,56.57
2026-07-11 15:36:38,23.63,534.6,86.76,13.4,5.43,25.54,20.58,2.35,52.71
2026-07-11 15:49:31,23.3,479.9,73.03,35.3,5.63,22.65,12.4,5.29,52.57
2026-07-11 16:00:46,23.69,550.2,85.75,28.4,9.35,24.93,10.32,1.6,51.85
2026-07-11 16:12:23,23.34,455.6,82.07,27.6,13.13,19.05,17.11,0.52,56.76
2026-07-11 16:26:43,23.62,501.1,67.79,33.5,13.79,25.79,7.88,3.35,51.56
2026-07-11 16:35:58,22.43,482.3,67.76,9.3,4.84,25.24,4.61,11.39,53.32
2026-07-11 16:46:25,23.56,492.4,80.55,33.0,11.13,26.83,15.64,4.13,53.05
2026-07-11 16:57:54,22.89,458.7,78.07,17.7,9.55,19.96,13.84,14.52,53.32
2026-07-11 17:11:59,22.64,485.2,58.72,32.4,8.24,20.43,9.54,3.7,49.84
2026-07-11 17:25:15,22.92,434.1,52.46,8.5,9.51,26.56,12.34,1.04,49.75
2026-07-11 17:30:57,23.29,470.6,54.24,12.6,9.0,27.03,13.87,1.47,50.24
2026-07-11 17:37:37,21.5,467.9,52.64,13.9,10.73,18.13,17.78,3.84,53.54
2026-07-11 17:45:42,22.54,462.0,53.47,11.7,6.95,30.27,17.34,2.72,47.93
2026-07-11 17:58:11,22.92,479.2,48.43,26.1,10.28,27.28,15.97,0.58,49.35
2026-07-11 18:08:52,21.84,373.5,44.77,16.7,9.12,34.97,15.09,2.37,50.07
2026-07-11 18:16:46,22.27,377.6,72.2,11.2,14.19,24.42,11.61,8.61,47.13
2026-07-11 18:23:00,21.74,357.6,36.95,24.3,5.01,18.34,19.62,2.47,53.65
2026-07-11 18:34:53,21.09,405.3,70.94,25.8,9.26,28.33,11.31,0.68,51.51
2026-07-11 18:46:53,21.44,360.9,66.27,18.3,9.91,23.36,13.33,6.15,43.45
2026-07-11 19:01:19,21.21,378.0,64.08,39.5,8.16,26.77,10.49,1.61,44.14
2026-07-11 19:11:19,21.61,367.3,55.85,15.7,14.57,15.55,12.12,0.47,49.13
2026-07-11 19:21:15,21.67,340.2,76.42,7.0,9.39,24.74,9.92,3.39,51.53
2026-07-11 19:27:04,19.98,279.3,77.71,30.6,6.42,25.77,23.37,5.98,47.72
2026-07-11 19:32:28,20.25,329.5,87.47,30.0,7.36,22.56,8.64,1.4,47.32
2026-07-11 19:41:47,19.5,325.1,57.14,23.5,6.83,20.67,20.85,10.68,46.78
2026-07-11 19:50:00,20.26,286.0,94.74,23.0,12.61,30.01,13.77,2.38,46.54
2026-07-11 19:57:30,20.71,302.2,75.42,23.9,10.15,22.51,13.99,1.2,48.66
2026-07-11 20:03:25,20.42,238.5,82.41,37.7,12.5,19.18,9.15,0.18,44.23
2026-07-11 20:18:02,20.46,236.0,84.68,26.5,8.67,29.12,23.4,1.03,46.74
2026-07-11 20:31:24,20.02,264.1,82.53,23.0,10.06,26.46,16.69,3.34,47.96
2026-07-11 20:42:09,20.66,248.6,98.89,15.5,8.29,26.38,15.72,2.89,45.21
2026-07-11 20:56:40,20.07,218.2,85.21,17.6,12.54,27.28,13.07,1.05,47.77
2026-07-11 21:11:39,19.9,219.9,72.92,10.6,11.08,30.42,13.4,2.73,44.2
2026-07-11 21:23:23,18.82,197.5,94.49,31.8,7.41,29.35,11.81,12.86,46.45
2026-07-11 21:31:04,19.2,220.0,100.8,5.7,11.98,29.88,15.32,5.67,43.76
2026-07-11 21:36:29,18.82,274.6,97.7,15.1,6.81,16.57,15.6,1.42,46.52
2026-07-11 21:49:02,19.97,198.3,117.52,35.2,12.26,24.86,16.14,6.13,43.75
2026-07-11 21:58:45,19.7,149.9,95.38,39.7,9.97,19.04,11.92,1.3,45.21
2026-07-11 22:10:15,19.44,256.0,101.83,19.9,9.03,23.54,18.88,1.83,45.32
2026-07-11 22:24:25,19.02,164.6,98.93,22.8,12.94,22.37,12.32,1.57,44.16
2026-07-11 22:31:14,19.68,154.9,109.85,6.7,10.95,25.42,14.91,3.19,43.07
2026-07-11 22:42:05,19.37,166.2,116.25,17.7,16.7,24.24,16.7,0.07,40.57
2026-07-11 22:53:26,18.81,146.1,121.8,17.6,10.66,18.97,10.99,1.18,46.35
2026-07-11 23:03:21,18.31,209.1,119.39,9.2,13.61,15.56,10.43,5.31,45.33
2026-07-11 23:09:16,19.8,176.5,106.74,24.1,7.34,31.71,17.68,6.38,44.06
2026-07-11 23:17:45,19.37,169.5,101.7,35.7,9.29,31.59,8.06,18.47,45.83
2026-07-11 23:26:05,18.7,149.2,87.81,7.4,3.94,30.64,14.16,4.57,44.06
2026-07-11 23:37:47,18.93,146.3,122.1,32.8,11.09,22.16,8.83,2.53,42.42
2026-07-11 23:51:21,18.08,177.9,108.88,31.3,6.11,30.78,12.41,1.02,44.93
2026-07-11 23:59:39,19.19,177.8,103.25,32.7,4.17,17.46,16.73,3.72,43.54
2026-07-12 00:11:35,19.34,150.4,97.69,11.0,12.12,26.04,17.2,10.75,44.28
2026-07-12 00:19:28,19.37,150.3,113.41,13.7,5.84,27.75,10.57,0.01,42.45
2026-07-12 00:33:55,19.59,154.0,112.43,29.7,5.43,22.56,10.39,1.96,45.56
2026-07-12 00:47:04,19.92,184.5,111.89,38.8,8.11,30.93,24.56,3.85,47.57
2026-07-12 00:57:34,18.98,170.1,103.5,31.1,6.78,29.92,18.88,4.0,42.12
2026-07-12 01:07:07,19.27,150.8,105.9,33.3,13.93,25.05,12.67,1.32,43.97
2026-07-12 01:15:15,18.69,183.6,104.26,11.4,12.37,34.14,16.74,6.54,46.47
2026-07-12 01:23:29,19.13,170.6,109.36,18.8,11.6,23.52,14.05,0.37,44.52
2026-07-12 01:38:11,20.36,195.2,103.75,23.4,9.21,16.01,11.9,0.1,43.36
2026-07-12 01:47:14,19.71,140.5,101.74,13.7,9.29,27.4,16.11,4.94,49.83
2026-07-12 01:57:23,19.49,204.3,101.1,30.8,7.52,31.66,16.35,4.14,46.95
2026-07-12 02:12:15,19.2,204.9,97.47,7.0,11.51,22.5,9.75,0.66,45.39
2026-07-12 02:23:50,19.36,194.8,110.15,34.3,14.16,33.58,19.17,0.8,45.45
2026-07-12 02:34:16,19.45,194.4,104.1,35.9,7.96,26.08,13.25,0.93,46.02
2026-07-12 02:43:24,19.88,245.3,92.88,26.5,15.0,32.67,22.45,4.64,43.4
2026-07-12 02:50:16,20.06,256.2,82.01,10.3,7.35,22.9,12.06,8.51,45.03
2026-07-12 02:58:53,20.05,267.0,85.4,37.7,11.76,17.69,15.23,13.52,45.78
2026-07-12 03:11:27,20.42,273.9,86.09,30.2,12.7,26.26,10.55,0.35,41.49
2026-07-12 03:22:42,19.5,245.0,92.45,39.8,11.23,29.49,13.23,5.91,48.09
2026-07-12 03:35:18,19.46,285.5,76.47,27.9,14.67,25.13,19.16,3.44,44.04
2026-07-12 03:42:20,20.17,276.9,75.11,25.3,6.53,28.1,12.69,6.07,43.49
2026-07-12 03:52:50,20.41,275.1,83.65,24.5,9.98,35.87,12.63,0.31,44.55
2026-07-12 04:07:07,21.37,323.5,64.67,15.3,13.63,32.71,23.7,1.39,46.38
2026-07-12 04:16:29,20.76,285.8,92.88,29.6,15.84,24.17,15.64,16.75,45.22
2026-07-12 04:28:28,21.39,300.1,70.1,34.3,10.51,24.1,13.93,0.4,48.26
2026-07-12 04:34:41,20.07,288.9,75.73,31.0,11.54,24.91,8.81,1.78,46.26
2026-07-12 04:49:25,21.32,335.9,53.17,15.0,13.45,33.57,21.54,3.5,48.84
2026-07-12 05:00:30,22.17,341.8,56.82,24.4,4.46,30.37,7.13,3.48,47.92
2026-07-12 05:07:54,20.8,389.6,86.17,23.3,11.54,24.64,16.32,1.24,51.32
2026-07-12 05:14:29,21.74,397.6,44.08,33.6,7.9,20.75,15.68,5.13,49.36
2026-07-12 05:25:00,21.28,377.7,45.51,11.8,10.94,26.27,8.83,0.14,46.75
2026-07-12 05:35:31,21.55,410.6,68.9,31.5,11.61,22.7,19.72,5.09,50.9
2026-07-12 05:41:27,21.83,418.4,53.08,24.7,10.23,23.52,11.21,0.04,53.91
2026-07-12 05:56:22,21.69,415.0,45.77,31.3,11.18,22.95,4.33,6.06,51.57
2026-07-12 06:10:30,22.42,409.7,48.01,33.3,12.34,30.39,11.08,9.55,52.06
2026-07-12 06:20:07,22.19,437.6,34.98,8.3,11.43,22.96,6.85,8.24,48.59
2026-07-12 06:26:17,21.63,468.1,78.62,23.1,9.42,17.81,18.31,7.69,49.9
2026-07-12 06:39:37,22.26,464.7,66.72,36.2,7.49,25.75,11.08,1.17,50.41
2026-07-12 06:49:36,22.51,475.2,74.23,22.4,10.56,22.39,18.46,17.36,49.44
2026-07-12 07:01:46,22.83,450.6,72.99,37.7,11.45,27.14,17.75,2.26,52.64
2026-07-12 07:11:51,23.08,476.4,60.64,21.6,9.77,35.22,13.71,0.66,50.94
2026-07-12 07:19:35,22.88,477.5,76.68,35.0,7.65,27.28,13.95,2.28,54.79
2026-07-12 07:32:56,22.15,461.9,84.24,22.7,9.51,35.17,12.71,5.16,49.81
2026-07-12 07:47:44,23.33,485.6,77.55,34.9,9.66,24.26,17.27,2.55,54.48
2026-07-12 07:55:10,23.66,502.5,79.9,21.3,5.97,16.62,13.35,6.58,53.07
2026-07-12 08:05:41,24.54,490.9,81.89,16.5,8.01,18.11,27.25,3.33,52.44
2026-07-12 08:14:31,23.11,531.0,85.87,10.5,5.79,26.34,14.57,4.59,53.77
2026-07-12 08:28:44,22.95,592.6,79.27,21.6,12.43,34.49,17.68,15.25,52.97
2026-07-12 08:38:49,23.55,544.4,85.02,7.4,7.91,27.36,13.09,3.72,49.88
2026-07-12 08:52:37,23.86,543.3,93.06,36.6,8.84,20.43,20.6,0.9,52.87
2026-07-12 09:06:15,24.6,528.8,95.87,10.6,9.08,20.58,13.61,0.05,52.49
2026-07-12 09:14:01,24.39,540.2,108.05,26.6,12.09,18.45,25.49,13.98,54.35
2026-07-12 09:26:55,23.53,580.9,102.18,21.1,13.6,32.99,23.01,2.61,58.16
2026-07-12 09:36:04,24.38,593.8,80.54,9.4,11.73,12.46,18.31,0.51,55.94
2026-07-12 09:50:24,25.89,569.4,106.65,10.8,8.01,28.22,25.21,4.3,53.49
2026-07-12 10:00:29,25.51,612.8,123.16,22.6,10.65,30.23,10.42,5.23,53.22
2026-07-12 10:13:41,24.82,591.8,113.59,23.3,10.14,22.56,16.9,0.97,57.25
2026-07-12 10:21:31,24.21,596.9,90.28,29.1,13.92,21.23,16.25,4.84,58.96
2026-07-12 10:29:30,24.32,675.6,104.8,8.6,7.55,19.41,11.02,6.97,56.77
2026-07-12 10:40:22,25.02,619.5,93.99,6.1,11.36,23.7,19.05,1.26,53.76
2026-07-12 10:55:22,25.02,641.7,118.21,9.4,16.51,22.76,8.67,6.08,57.69
2026-07-12 11:05:16,24.91,629.4,103.26,14.9,11.51,27.85,12.85,9.12,56.41
2026-07-12 11:11:45,24.43,638.0,130.07,19.5,11.72,25.28,9.81,8.57,58.48
2026-07-12 11:22:08,24.59,620.8,139.57,13.5,7.61,28.23,14.57,5.17,57.62
2026-07-12 11:30:35,24.18,624.0,107.02,27.3,11.83,24.56,18.98,2.88,54.58
2026-07-12 11:41:06,25.72,670.8,95.67,32.4,9.89,28.88,10.31,1.51,51.37
2026-07-12 11:51:32,24.6,643.6,114.19,20.3,7.22,20.14,21.18,12.67,56.54
2026-07-12 12:01:05,25.43,654.0,109.74,20.9,8.41,21.81,12.23,1.37,57.35
2026-07-12 12:09:18,24.75,617.9,108.3,32.3,11.16,16.64,13.27,13.66,54.65
2026-07-12 12:16:12,24.5,608.7,105.75,21.1,9.33,23.04,13.92,1.66,56.68
2026-07-12 12:28:10,24.84,609.8,109.9,34.3,7.3,28.68,16.55,16.0,56.06
2026-07-12 12:38:53,25.64,657.8,103.03,36.8,11.84,26.13,12.65,0.05,57.04
2026-07-12 12:46:13,25.52,629.2,107.23,39.2,13.45,24.77,11.21,0.86,54.23
2026-07-12 12:58:59,24.84,563.9,108.95,5.8,10.69,22.13,14.83,10.08,56.86
2026-07-12 13:04:25,25.11,620.8,113.9,30.5,12.2,23.54,5.17,2.14,56.34
2026-07-12 13:16:52,24.44,619.0,106.38,22.9,6.49,22.35,16.54,0.95,54.06
2026-07-12 13:28:55,23.82,616.7,115.43,25.4,10.27,20.7,17.71,3.35,50.79
2026-07-12 13:42:02,25.1,595.5,103.82,26.8,4.48,20.86,12.36,4.19,53.43
2026-07-12 13:50:53,25.16,629.6,105.6,6.2,6.02,24.53,12.98,5.18,58.93
2026-07-12 14:02:31,25.04,600.7,107.88,16.3,10.35,26.2,11.36,0.38,54.11
2026-07-12 14:15:44,24.09,602.4,94.87,16.2,12.67,25.31,8.04,11.45,55.76
2026-07-12 14:30:32,23.92,579.2,87.78,8.6,7.81,23.8,20.39,10.74,55.26
2026-07-12 14:40:30,24.15,608.4,89.43,31.5,8.91,29.0,17.35,3.45,58.0
2026-07-12 14:45:52,24.78,578.5,99.47,16.4,11.29,20.14,18.52,1.68,52.07
2026-07-12 14:55:53,23.39,639.3,91.68,15.0,11.66,20.74,22.1,0.2,51.61
2026-07-12 15:06:47,23.95,556.2,106.19,30.3,13.04,23.71,21.62,2.56,52.5
2026-07-12 15:20:29,23.78,531.4,82.08,29.4,4.41,27.74,16.99,2.34,53.65
2026-07-12 15:34:14,23.69,537.8,87.07,8.7,10.13,21.63,20.47,2.86,54.2
2026-07-12 15:43:38,23.97,558.6,78.24,36.6,16.98,24.24,17.1,7.68,52.23
2026-07-12 15:53:53,24.51,572.9,89.54,26.4,11.22,26.52,12.07,0.93,54.6
2026-07-12 16:03:28,23.89,559.1,93.5,31.4,15.94,16.58,11.28,0.65,54.06
2026-07-12 16:15:41,22.68,499.4,62.06,16.3,3.03,24.57,12.16,1.53,52.42
2026-07-12 16:24:47,23.42,440.8,67.1,28.1,9.81,21.62,24.43,0.31,54.96
2026-07-12 16:36:20,23.42,487.7,74.19,8.7,8.24,26.72,20.17,3.75,54.28
2026-07-12 16:42:52,22.34,467.6,80.21,10.4,3.36,24.69,15.74,18.46,53.87
2026-07-12 16:52:34,23.28,443.6,68.75,14.7,8.1,27.2,17.94,10.19,51.08
2026-07-12 17:07:16,22.46,490.3,52.15,13.4,11.52,23.01,20.8,3.01,51.9
2026-07-12 17:15:39,22.47,515.1,70.88,10.3,11.61,19.05,14.93,0.27,51.04
2026-07-12 17:27:34,22.66,405.5,45.56,19.8,9.17,29.88,10.92,3.4,49.49
2026-07-12 17:39:04,21.58,440.3,40.17,12.7,3.97,26.27,15.35,1.55,51.39
2026-07-12 17:52:35,22.2,414.5,65.86,30.1,8.92,26.45,14.17,1.56,46.12
2026-07-12 18:06:07,22.16,444.3,46.83,25.9,12.02,24.78,13.23,3.5,49.15
2026-07-12 18:19:42,21.21,357.9,75.44,13.4,9.55,26.74,18.29,0.76,53.47
2026-07-12 18:28:30,22.2,373.5,54.16,14.2,11.62,31.67,17.8,9.59,44.88
2026-07-12 18:36:40,20.79,332.4,53.61,13.7,14.29,30.86,3.88,9.02,46.56
2026-07-12 18:48:52,21.08,347.2,65.16,15.7,11.06,24.52,10.63,6.64,50.29
2026-07-12 19:01:27,21.19,308.4,66.59,5.5,7.16,31.29,20.36,9.72,46.24
2026-07-12 19:15:11,21.59,299.6,80.84,30.5,12.97,38.75,16.44,9.7,47.48
2026-07-12 19:20:32,20.74,295.5,70.62,30.9,12.79,24.21,14.91,15.48,46.64
2026-07-12 19:26:13,20.07,252.5,82.79,36.5,6.85,13.03,18.16,3.74,47.51
2026-07-12 19:37:32,21.52,324.2,68.2,19.6,12.58,24.84,19.69,2.1,48.15
2026-07-12 19:51:45,20.2,267.5,52.72,32.7,12.2,21.84,25.26,3.46,46.32
2026-07-12 20:06:43,19.92,320.5,102.47,26.8,8.69,21.35,13.29,0.08,50.35
2026-07-12 20:19:11,20.68,269.4,81.44,15.7,9.45,18.35,17.49,0.0,46.56
2026-07-12 20:28:31,20.66,243.2,105.47,28.3,10.21,22.12,17.73,27.5,47.21
2026-07-12 20:34:31,20.35,288.2,93.49,21.6,11.02,19.42,20.79,5.07,41.65
2026-07-12 20:45:51,20.63,260.8,94.06,15.6,8.56,30.98,13.48,4.32,44.45
2026-07-12 20:59:34,19.75,212.8,100.61,15.5,12.87,30.55,17.65,4.95,43.91
2026-07-12 21:09:01,19.66,246.6,86.53,9.9,7.57,26.55,20.8,3.16,44.34
2026-07-12 21:20:57,19.23,229.9,93.96,24.6,10.38,30.04,13.9,7.05,44.13
2026-07-12 21:34:59,19.31,208.7,110.2,9.5,6.27,23.27,13.19,2.49,48.41
2026-07-12 21:40:27,19.5,205.3,106.35,21.1,4.28,26.58,15.45,8.86,44.03
2026-07-12 21:53:24,19.08,216.3,105.78,21.9,9.48,26.55,14.64,6.72,41.91
2026-07-12 22:01:20,19.72,198.3,112.23,22.3,13.88,26.24,20.92,9.56,44.25
2026-07-12 22:10:05,19.75,190.5,103.14,22.0,9.44,22.72,20.44,0.65,44.68
2026-07-12 22:16:33,19.58,195.9,85.27,20.5,10.93,27.39,15.7,2.59,48.29
2026-07-12 22:26:51,19.15,200.5,94.48,33.8,7.51,16.01,11.85,5.06,43.07
2026-07-12 22:37:31,19.56,226.4,102.75,31.0,8.47,19.56,13.68,1.71,41.88
2026-07-12 22:50:26,18.04,126.6,107.88,18.7,9.54,22.75,11.35,0.14,45.33
2026-07-12 22:57:08,18.49,179.3,116.22,27.6,10.18,30.45,11.54,0.22,48.51
2026-07-12 23:02:56,18.39,120.5,111.3,14.7,12.8,24.46,17.92,2.14,42.33
2026-07-12 23:16:38,18.92,135.7,122.38,17.3,11.68,24.12,11.43,6.28,44.48
2026-07-12 23:27:50,18.64,164.5,100.91,18.8,13.73,21.38,11.77,5.38,45.64
2026-07-12 23:35:15,18.0,129.8,111.58,9.5,6.38,19.41,23.91,2.14,42.53
2026-07-12 23:49:22,18.66,216.6,115.38,10.6,11.17,26.35,19.17,7.13,43.09
2026-07-12 23:55:48,19.9,153.7,109.19,36.5,7.81,29.85,22.5,7.05,43.36
2026-07-13 00:05:25,19.09,148.8,106.8,34.6,14.57,28.75,8.99,12.86,41.62
2026-07-13 00:12:57,18.67,202.2,88.36,25.1,16.26,26.18,17.9,2.88,43.71
2026-07-13 00:20:30,19.34,189.8,125.38,33.3,11.41,31.18,10.91,1.14,41.87
2026-07-13 00:25:36,19.41,102.4,103.14,24.1,12.37,27.88,16.12,6.55,46.47
2026-07-13 00:38:39,18.66,106.6,109.63,25.0,7.24,25.77,11.24,0.74,42.35
2026-07-13 00:52:40,19.56,179.1,105.73,7.7,10.81,25.85,11.7,0.63,44.48
2026-07-13 01:04:26,19.79,158.9,113.9,37.9,12.02,23.21,14.57,10.26,43.51
2026-07-13 01:11:01,19.34,169.1,89.71,37.6,7.32,19.95,15.0,0.29,43.97
2026-07-13 01:20:26,18.95,108.6,110.43,14.2,12.68,25.85,14.75,7.24,46.16
2026-07-13 01:28:53,19.62,206.5,103.33,28.2,3.22,27.64,12.97,0.38,48.54
2026-07-13 01:39:46,18.93,167.2,88.19,6.2,17.29,23.55,10.51,0.42,42.96
2026-07-13 01:51:09,18.2,164.5,102.72,6.2,10.87,17.76,14.72,2.82,43.41
2026-07-13 02:00:24,20.32,198.3,101.59,6.9,10.81,15.97,7.25,5.73,43.96
2026-07-13 02:07:54,19.4,158.0,117.15,29.3,11.64,20.23,16.8,0.74,40.95
2026-07-13 02:21:21,19.96,232.6,97.95,11.8,9.04,25.67,15.6,1.29,47.75
2026-07-13 02:28:21,19.59,145.5,101.39,39.7,6.26,32.94,15.6,8.37,46.13
2026-07-13 02:37:11,19.8,217.9,99.17,17.2,8.74,21.9,13.56,3.26,47.99
2026-07-13 02:47:01,19.91,229.3,94.75,22.3,13.76,24.56,11.26,12.33,46.11
2026-07-13 02:54:24,20.6,274.6,87.26,15.2,7.91,19.97,14.32,3.5,48.72
2026-07-13 03:05:07,20.94,255.5,87.64,14.8,5.98,25.78,17.08,18.64,46.25
2026-07-13 03:15:52,20.84,248.8,98.92,33.6,15.2,35.75,13.15,3.02,43.3
2026-07-13 03:30:47,20.62,277.1,94.42,18.4,10.51,25.98,13.51,1.64,44.54
2026-07-13 03:38:44,19.89,279.9,77.36,6.6,10.53,28.07,13.81,1.82,46.79
2026-07-13 03:53:31,19.97,266.5,95.09,36.3,10.67,34.65,10.93,8.31,44.01
2026-07-13 04:05:06,20.1,254.1,94.67,20.2,5.64,28.55,14.87,0.58,46.43
2026-07-13 04:12:51,20.03,322.0,68.59,37.8,4.66,18.65,16.19,4.2,46.09
2026-07-13 04:23:30,20.73,265.0,85.87,37.4,10.35,25.64,18.01,0.45,42.86
2026-07-13 04:35:22,20.91,350.5,66.51,26.5,12.56,20.26,19.48,7.63,48.84
2026-07-13 04:47:49,20.42,352.5,77.92,16.2,9.83,28.13,10.81,3.14,48.62
2026-07-13 04:53:18,21.69,323.5,71.21,7.1,8.26,28.73,13.79,4.71,47.99
2026-07-13 05:04:22,21.44,363.8,79.93,14.7,11.06,23.09,13.46,4.81,47.72
2026-07-13 05:14:20,21.64,356.7,76.71,35.1,11.09,23.72,14.44,6.32,51.74
2026-07-13 05:28:22,21.88,365.3,66.05,28.7,11.75,21.36,13.93,2.15,46.51
2026-07-13 05:36:14,22.17,390.1,48.93,16.4,9.85,18.58,20.38,2.69,46.81
2026-07-13 05:49:13,21.06,405.1,59.84,32.6,8.44,29.41,12.39,18.15,47.87
2026-07-13 06:00:18,21.79,387.7,72.18,36.9,11.92,31.76,15.88,8.25,46.52
2026-07-13 06:08:49,22.05,368.8,51.42,17.0,11.24,34.2,21.3,2.4,50.86
2026-07-13 06:20:11,22.46,420.8,75.94,12.9,13.28,18.47,14.89,3.97,47.69
2026-07-13 06:31:24,22.8,453.5,48.07,6.8,6.4,26.05,12.05,9.04,51.38
2026-07-13 06:43:10,22.46,466.4,61.93,17.7,15.12,17.01,16.82,0.61,51.3
2026-07-13 06:55:23,23.52,477.8,57.78,17.3,3.35,24.61,11.89,2.98,49.19
2026-07-13 07:06:58,22.29,487.2,69.44,23.8,8.62,25.85,10.96,4.39,52.71
2026-07-13 07:20:21,23.32,476.1,78.97,7.9,2.46,31.81,9.97,7.41,50.75
2026-07-13 07:31:38,23.99,456.7,78.25,14.2,10.15,14.14,11.9,6.79,52.69
2026-07-13 07:45:40,23.42,464.4,82.93,39.6,14.06,32.42,22.56,2.19,50.53
2026-07-13 07:57:08,22.94,539.3,78.13,36.4,8.53,30.37,11.81,4.79,53.54
2026-07-13 08:05:13,23.55,522.5,71.79,20.7,7.24,27.96,16.68,3.24,51.69
2026-07-13 08:14:38,23.87,546.8,85.35,37.8,3.35,34.19,19.27,4.5,51.33
2026-07-13 08:25:26,24.3,518.5,92.86,22.8,3.86,18.67,17.76,2.09,54.51
2026-07-13 08:37:45,22.92,526.8,71.06,19.9,7.22,23.07,18.14,0.98,56.08
2026-07-13 08:43:39,24.68,548.0,59.21,12.4,6.1,24.22,13.63,1.68,53.31
2026-07-13 08:51:36,24.33,579.2,71.43,15.1,12.34,38.03,9.07,7.0,56.71
2026-07-13 09:04:05,23.82,585.6,98.43,34.4,10.02,23.82,23.3,3.88,51.4
2026-07-13 09:10:50,24.23,573.6,95.37,12.1,9.4,31.08,13.14,6.59,50.68
2026-07-13 09:17:09,24.15,577.8,100.08,29.7,11.82,20.51,12.15,9.99,55.19
2026-07-13 09:27:33,25.17,586.4,104.07,7.8,11.87,27.17,8.79,1.98,53.11
2026-07-13 09:42:16,24.45,573.3,90.67,32.2,9.3,20.81,18.8,13.47,53.97
2026-07-13 09:52:34,24.66,578.3,108.88,35.7,6.3,31.92,16.26,0.04,56.36
2026-07-13 10:06:43,25.0,653.0,97.5,14.3,13.19,32.47,14.66,1.11,53.65
2026-07-13 10:20:01,25.59,565.7,114.75,5.1,6.1,30.82,17.1,1.17,56.35
2026-07-13 10:27:35,25.22,618.1,114.88,25.4,7.76,20.62,13.61,1.78,54.46
2026-07-13 10:40:50,24.87,650.3,88.61,18.7,10.5,21.43,18.58,0.51,58.78
2026-07-13 10:50:39,25.53,629.7,99.0,38.9,7.98,31.56,18.34,1.92,57.21
2026-07-13 11:03:43,25.49,663.0,103.33,21.9,5.04,26.95,10.64,2.66,55.97
2026-07-13 11:16:11,25.36,572.7,107.91,32.4,14.79,28.2,14.75,2.48,57.63
2026-07-13 11:24:34,24.49,647.8,116.0,30.5,8.76,20.06,21.24,1.84,53.73
2026-07-13 11:30:43,25.32,648.2,115.37,26.9,13.92,22.78,12.38,0.1,58.34
2026-07-13 11:45:21,24.84,586.3,123.05,36.9,12.52,25.67,9.95,5.32,54.1
2026-07-13 11:51:45,24.94,645.4,115.49,23.7,11.38,22.22,17.78,2.01,51.83
2026-07-13 12:06:25,25.17,687.6,112.5,5.7,9.7,27.16,14.32,2.54,54.83
2026-07-13 12:20:01,25.02,632.2,116.63,32.0,10.04,28.99,19.99,5.33,58.43
2026-07-13 12:32:16,25.53,673.8,108.89,7.6,11.25,23.52,8.32,2.68,59.69
2026-07-13 12:47:04,25.02,621.4,105.23,30.8,10.52,21.83,12.27,1.96,54.81
2026-07-13 13:01:44,24.79,631.0,106.87,14.2,12.0,21.86,11.25,1.72,60.14
2026-07-13 13:14:47,25.57,595.6,102.6,36.8,7.8,24.22,19.66,2.5,55.94
2026-07-13 13:23:26,24.37,651.5,111.64,39.1,11.34,22.1,16.75,2.31,52.96
2026-07-13 13:36:21,24.46,592.2,120.64,39.2,11.51,26.72,18.07,1.44,53.74
2026-07-13 13:41:29,25.15,649.3,88.46,24.8,10.8,25.94,21.79,1.45,54.74
2026-07-13 13:51:51,25.08,627.8,110.24,24.8,9.74,25.29,12.55,7.92,52.19
2026-07-13 14:01:24,24.18,600.0,96.74,29.8,7.84,15.15,14.28,24.64,56.0
2026-07-13 14:13:08,24.62,591.6,90.96,31.5,12.61,32.07,17.16,17.86,56.87
2026-07-13 14:24:51,24.94,601.8,107.16,22.1,14.75,24.96,9.97,2.55,54.23
2026-07-13 14:35:42,24.85,568.6,118.51,28.7,5.9,24.03,10.99,0.76,56.77
2026-07-13 14:48:55,23.89,575.4,82.65,23.2,6.88,24.96,19.46,13.76,57.32
2026-07-13 15:03:19,23.74,577.2,87.55,23.4,10.2,24.38,13.03,0.35,54.76
2026-07-13 15:09:24,24.46,559.2,96.6,23.8,14.27,24.13,16.24,3.16,55.1
2026-07-13 15:16:45,24.35,537.4,86.76,27.0,12.16,23.25,18.46,4.39,50.3
2026-07-13 15:22:00,23.67,592.1,81.87,23.9,11.31,23.92,13.65,0.83,53.62
2026-07-13 15:35:50,23.37,540.8,90.11,32.9,5.64,20.56,11.68,4.48,56.56
2026-07-13 15:46:27,23.5,586.1,93.38,21.6,6.78,29.3,21.09,22.59,56.34
2026-07-13 16:00:36,23.99,530.9,84.78,35.6,7.16,34.53,19.53,2.9,53.77
2026-07-13 16:07:49,23.19,490.6,73.4,24.6,10.0,21.46,17.75,3.22,51.92
2026-07-13 16:13:27,23.91,447.0,73.03,34.5,16.95,21.66,18.16,9.16,49.97
2026-07-13 16:26:41,22.66,482.8,77.61,24.5,5.57,20.75,16.46,0.13,50.9
2026-07-13 16:40:47,23.44,458.8,56.37,12.5,0.2,18.56,18.65,0.99,51.32
2026-07-13 16:48:48,22.93,469.8,57.12,5.2,11.3,24.18,16.65,2.3,51.75
2026-07-13 16:57:53,23.94,459.0,64.66,14.6,9.11,25.2,13.97,4.91,50.19
2026-07-13 17:04:17,23.64,448.0,79.47,39.9,4.79,21.09,11.57,3.21,53.81
2026-07-13 17:18:45,21.96,446.7,58.32,6.0,11.36,23.22,14.3,0.71,47.06
2026-07-13 17:26:47,21.6,463.6,72.24,7.2,11.47,30.13,17.88,20.49,51.83
2026-07-13 17:36:43,22.96,481.9,58.26,34.7,8.09,32.18,19.41,14.44,49.14
2026-07-13 17:42:41,21.05,411.5,39.06,28.4,13.27,33.57,17.96,3.48,50.36
2026-07-13 17:56:34,21.84,381.6,53.84,12.0,8.15,24.89,14.85,0.02,46.29
2026-07-13 18:02:55,21.9,425.5,43.48,29.4,13.26,19.9,13.2,0.62,52.67
2026-07-13 18:12:27,22.28,403.2,65.44,38.8,10.55,16.23,15.79,0.42,51.58
2026-07-13 18:24:10,21.63,352.6,63.75,36.6,6.33,28.04,21.26,0.71,52.33
2026-07-13 18:36:35,21.79,369.7,64.33,16.0,10.29,28.19,16.86,1.75,48.23
2026-07-13 18:51:03,21.21,324.8,50.12,17.2,10.25,21.57,11.6,4.99,48.94
2026-07-13 19:00:15,21.1,352.9,57.02,23.8,11.14,32.55,10.82,7.95,51.44
2026-07-13 19:12:40,21.28,370.7,49.73,32.8,9.87,32.25,18.72,1.49,47.65
2026-07-13 19:19:13,21.01,351.8,79.99,11.5,12.55,30.12,12.29,4.44,49.37
2026-07-13 19:28:22,21.64,319.9,58.62,5.3,5.6,21.03,16.71,5.22,51.33
2026-07-13 19:34:21,21.45,292.6,84.45,11.5,15.41,26.24,9.96,2.85,48.32
2026-07-13 19:44:15,19.92,328.4,76.15,16.8,12.9,23.17,11.96,17.66,49.81
2026-07-13 19:53:19,19.99,315.4,71.46,19.7,11.12,12.73,14.22,3.59,47.44
2026-07-13 20:07:50,21.34,244.4,104.93,11.9,8.44,33.22,13.85,0.7,44.31
2026-07-13 20:13:10,21.45,293.8,81.3,31.8,11.06,19.75,15.08,0.8,46.78
2026-07-13 20:21:52,20.58,244.4,91.05,12.1,11.07,28.16,16.61,5.77,47.63
2026-07-13 20:31:18,19.76,225.8,88.04,21.5,8.2,17.86,20.07,8.9,44.78
2026-07-13 20:45:49,19.79,192.8,93.88,31.7,10.89,30.76,20.13,11.41,47.42
2026-07-13 20:59:22,19.16,204.3,96.81,7.5,5.09,25.6,12.58,4.69,45.04
2026-07-13 21:05:22,19.89,198.0,83.38,26.4,14.72,25.12,6.13,5.19,46.5
2026-07-13 21:17:13,19.97,225.9,105.83,16.9,8.21,20.66,14.14,8.61,47.39
2026-07-13 21:27:40,20.88,228.0,91.85,28.9,10.85,27.82,11.14,0.43,44.93
2026-07-13 21:42:26,19.31,237.4,85.73,5.4,8.35,30.93,11.71,3.33,46.52
2026-07-13 21:51:02,19.95,189.4,101.88,14.1,7.47,20.47,10.94,8.11,43.09
2026-07-13 22:00:00,19.55,165.4,103.46,23.7,6.52,31.59,19.89,2.42,44.51
2026-07-13 22:06:54,19.23,173.8,90.59,25.7,15.98,27.96,21.93,6.5,44.12
2026-07-13 22:13:08,19.37,182.7,108.57,22.1,5.78,32.77,13.81,2.06,43.24
2026-07-13 22:26:36,18.98,233.1,98.97,17.5,9.5,29.4,15.39,5.05,42.95
2026-07-13 22:36:09,18.93,223.8,109.75,13.7,11.16,26.12,14.18,2.82,41.6
2026-07-13 22:47:47,18.94,251.3,104.18,33.9,7.92,29.13,9.41,3.71,43.53
2026-07-13 22:59:12,19.16,156.7,111.93,39.2,5.98,17.13,6.74,0.41,48.0
2026-07-13 23:10:10,19.82,143.7,106.7,38.3,10.3,24.69,20.81,10.72,45.25
2026-07-13 23:15:23,18.6,179.2,113.2,14.1,8.82,30.67,16.82,8.02,42.93
2026-07-13 23:28:15,18.63,186.5,110.14,31.1,6.79,25.71,11.83,5.57,40.59
2026-07-13 23:35:41,18.35,151.0,102.46,19.3,13.08,25.61,17.16,4.57,45.18
2026-07-13 23:41:57,19.44,156.9,110.14,16.4,10.56,28.79,16.28,6.22,45.26
2026-07-13 23:52:36,18.41,142.4,103.27,18.6,10.43,24.66,13.01,2.94,45.56
2026-07-13 23:58:17,18.2,171.7,113.78,28.6,14.5,24.95,16.02,9.56,46.77
2026-07-14 00:10:56,18.86,134.6,106.48,12.3,12.87,24.54,14.1,5.61,45.69
2026-07-14 00:18:00,19.7,168.5,114.47,20.1,12.42,26.09,14.98,18.13,41.84
2026-07-14 00:25:10,18.82,167.9,132.08,9.6,5.43,18.93,17.3,24.22,44.84
2026-07-14 00:38:52,18.76,155.2,118.55,30.7,14.38,20.83,17.39,6.96,41.73
2026-07-14 00:47:09,19.4,153.0,117.35,8.7,15.71,16.59,15.26,3.84,42.38
2026-07-14 00:53:37,18.31,203.6,97.24,33.9,10.11,14.22,17.84,0.98,43.57
2026-07-14 01:07:37,19.73,153.3,117.1,11.0,12.46,22.3,8.81,2.64,39.82
2026-07-14 01:12:39,18.69,140.2,116.03,40.0,13.19,18.42,11.2,14.55,43.6
2026-07-14 01:26:14,19.55,146.0,101.06,8.2,6.61,31.0,19.34,4.02,42.47
2026-07-14 01:32:41,19.88,134.8,110.3,35.6,12.44,30.33,23.39,12.72,43.74
2026-07-14 01:38:59,19.64,197.7,100.4,21.1,10.13,31.8,22.13,18.02,44.31
2026-07-14 01:46:29,19.07,185.2,96.57,37.2,8.36,28.01,18.75,16.41,45.14
2026-07-14 01:53:14,19.36,161.9,84.85,39.8,10.74,23.55,12.31,6.29,45.49
2026-07-14 02:04:51,20.06,230.1,93.98,5.8,7.04,17.01,15.77,1.73,41.87
2026-07-14 02:10:06,20.02,200.9,91.17,30.1,5.67,24.47,13.15,0.79,45.39
2026-07-14 02:15:15,19.43,256.3,100.0,10.9,8.54,21.11,16.9,12.21,45.4
2026-07-14 02:28:09,19.27,243.6,106.13,7.6,12.81,21.56,15.1,1.75,46.76
2026-07-14 02:35:32,18.83,230.8,92.75,25.8,6.31,25.2,12.74,1.7,45.67
2026-07-14 02:43:46,20.2,202.0,101.76,38.1,12.32,30.94,10.75,1.75,45.79
2026-07-14 02:50:31,19.76,176.9,99.27,18.4,11.99,24.22,14.28,1.19,44.71
2026-07-14 02:56:02,20.47,224.5,109.11,31.1,13.06,24.88,13.2,2.11,44.86
2026-07-14 03:08:27,20.5,285.1,87.11,35.3,12.67,21.97,15.23,3.72,47.84
2026-07-14 03:18:43,21.0,316.5,91.13,17.0,9.22,28.32,13.77,7.79,49.52
2026-07-14 03:31:10,19.91,231.9,64.95,36.7,11.67,30.18,8.47,7.64,44.94
2026-07-14 03:40:56,20.22,275.4,98.54,18.9,12.18,27.6,19.63,3.83,47.6
2026-07-14 03:53:43,20.37,212.9,84.91,24.8,9.81,25.05,18.08,6.72,45.77
2026-07-14 04:03:51,19.86,284.1,94.61,21.0,13.98,26.71,13.34,1.05,46.79
2026-07-14 04:09:56,20.69,278.7,87.91,7.1,7.91,25.93,20.26,4.35,44.79
2026-07-14 04:19:58,20.86,302.8,67.0,27.2,10.49,27.35,17.3,3.91,48.1
2026-07-14 04:34:26,21.03,345.9,60.02,35.1,8.33,32.97,20.38,7.51,49.03
2026-07-14 04:39:52,21.81,292.0,63.5,5.0,10.12,18.22,12.51,3.54,47.98
2026-07-14 04:52:42,19.9,323.3,61.38,13.7,15.74,23.98,20.07,1.85,43.13
2026-07-14 05:06:22,21.81,376.7,60.14,16.2,13.34,24.1,15.76,2.83,49.23
2026-07-14 05:16:35,21.04,418.6,48.09,23.9,11.49,28.57,21.34,7.2,49.4
2026-07-14 05:26:10,22.13,348.8,69.99,8.6,8.73,31.52,12.91,0.85,48.61
2026-07-14 05:40:48,21.83,326.7,63.46,10.5,6.71,38.57,11.97,5.3,50.32
2026-07-14 05:46:24,20.97,376.9,76.73,21.5,11.58,21.66,17.21,2.18,51.06
2026-07-14 05:56:12,21.93,363.0,42.13,19.6,11.36,25.39,10.94,17.32,47.7
2026-07-14 06:05:13,22.79,455.8,48.64,5.7,9.42,21.72,14.31,2.34,48.5
2026-07-14 06:17:04,21.84,465.5,48.58,12.0,13.42,26.29,19.62,9.7,51.61
2026-07-14 06:26:59,22.57,411.5,66.96,30.2,2.15,27.51,20.63,5.82,51.52
2026-07-14 06:41:04,23.02,423.9,58.1,18.1,14.03,30.74,18.4,1.62,47.97
2026-07-14 06:46:49,23.43,460.2,65.41,31.2,7.66,32.71,13.03,0.82,51.79
2026-07-14 06:52:37,22.57,473.1,69.88,25.0,11.18,25.31,11.9,3.79,51.24
2026-07-14 07:03:42,22.92,466.7,62.57,32.5,9.37,20.79,20.25,2.95,48.17
2026-07-14 07:09:21,23.13,458.5,56.9,16.7,10.66,21.57,9.39,1.47,51.77
2026-07-14 07:17:06,22.88,501.7,76.78,18.9,9.06,25.13,6.3,3.59,51.19
2026-07-14 07:28:26,23.66,493.2,84.08,32.9,10.71,26.45,10.49,4.28,50.08
2026-07-14 07:38:55,22.64,425.1,64.09,32.3,4.74,23.23,15.98,12.79,51.78
2026-07-14 07:47:10,22.14,447.8,77.21,20.1,4.88,24.08,19.32,10.62,52.5
2026-07-14 08:02:07,22.8,560.7,86.85,16.9,5.46,23.67,16.82,0.11,51.12
2026-07-14 08:12:26,23.58,529.2,83.6,12.9,9.48,21.53,16.37,1.26,52.46
2026-07-14 08:21:58,23.34,495.7,88.51,31.9,7.49,22.89,20.87,0.83,50.72
2026-07-14 08:33:01,23.91,528.4,88.11,26.1,10.63,29.87,9.24,3.88,55.42
2026-07-14 08:39:01,23.79,544.8,95.0,12.3,8.97,29.97,13.76,1.22,58.49
2026-07-14 08:51:02,23.87,575.8,99.39,34.2,8.08,21.17,18.06,6.81,53.95
2026-07-14 09:04:33,23.67,544.0,96.47,12.2,5.97,31.26,17.07,12.23,55.0
2026-07-14 09:16:04,24.22,566.0,95.49,22.1,8.48,18.42,10.92,1.91,56.63
2026-07-14 09:28:45,25.72,597.8,88.29,13.9,12.53,28.57,22.21,2.56,54.89
2026-07-14 09:40:58,24.75,574.7,117.09,20.2,8.09,27.44,12.24,40.67,57.39
2026-07-14 09:48:07,24.88,575.2,107.53,38.3,9.33,32.13,14.02,1.43,56.02
2026-07-14 09:57:38,24.34,600.1,110.17,31.7,13.84,33.35,17.7,10.06,54.13
2026-07-14 10:04:55,24.22,594.8,105.46,11.0,17.16,19.95,14.63,1.0,51.61
2026-07-14 10:13:18,24.85,604.4,109.72,15.7,13.0,17.27,8.8,1.54,53.85
2026-07-14 10:22:50,25.52,587.6,122.86,6.2,14.61,17.03,18.73,4.56,56.02
2026-07-14 10:32:00,24.49,619.7,126.87,8.2,10.6,27.44,14.86,3.23,59.48
2026-07-14 10:37:57,24.7,608.7,104.88,26.1,8.31,21.73,6.52,0.69,56.43
2026-07-14 10:47:13,24.58,604.1,94.98,21.7,6.88,24.92,7.18,1.09,55.9
2026-07-14 10:58:52,25.15,651.3,105.28,7.9,12.53,27.85,16.43,1.28,55.17
2026-07-14 11:07:37,25.21,674.0,95.59,28.4,17.13,18.49,14.34,10.75,55.91
2026-07-14 11:14:08,24.67,596.2,115.72,25.3,10.73,24.47,18.28,0.25,54.78
2026-07-14 11:28:22,25.07,655.7,111.06,32.8,10.62,27.32,18.0,4.24,54.11
2026-07-14 11:34:02,25.03,600.3,96.28,25.2,8.01,26.03,11.36,0.63,54.23
2026-07-14 11:47:21,24.84,690.1,117.96,36.2,8.75,24.7,22.25,3.34,53.18
2026-07-14 11:53:17,24.78,626.4,102.0,23.2,12.64,26.84,8.52,0.67,51.96
2026-07-14 11:59:15,25.08,672.8,119.69,15.3,12.44,28.0,12.55,2.86,56.83
2026-07-14 12:11:38,24.98,663.6,101.14,18.9,20.11,18.48,17.6,1.25,59.59
2026-07-14 12:24:45,25.79,643.8,101.44,10.3,13.23,28.89,11.24,8.05,55.03
2026-07-14 12:35:19,25.24,672.1,105.29,18.1,11.46,26.77,11.31,9.27,53.86
2026-07-14 12:46:11,24.94,618.0,121.62,35.0,8.54,22.75,24.95,14.87,54.64
2026-07-14 12:56:48,25.94,695.4,104.51,21.4,14.64,33.9,18.04,4.06,55.83
2026-07-14 13:05:06,24.45,693.3,88.43,7.1,5.05,22.64,16.19,8.64,56.09
2026-07-14 13:11:19,23.95,649.9,104.88,32.5,8.18,21.04,17.64,0.37,59.27
2026-07-14 13:19:51,25.21,620.4,110.48,30.9,9.04,27.7,14.21,2.93,54.06
2026-07-14 13:31:31,24.02,636.3,105.67,15.9,13.37,29.23,9.22,1.77,56.06
2026-07-14 13:44:01,25.28,650.6,100.26,39.3,10.32,28.87,13.05,1.59,57.35
2026-07-14 13:57:42,24.58,620.8,99.26,21.3,4.72,19.8,12.44,7.1,51.92
2026-07-14 14:09:54,24.57,616.8,114.34,26.0,9.94,18.45,21.14,5.47,57.74
2026-07-14 14:24:35,23.33,556.5,105.28,35.3,9.09,32.88,14.51,3.54,56.36
2026-07-14 14:35:36,23.51,614.8,100.93,8.5,9.87,26.28,12.2,3.42,52.19
2026-07-14 14:44:07,23.86,622.6,105.87,29.8,4.69,21.45,11.56,12.97,56.23
2026-07-14 14:54:53,23.67,601.5,78.54,38.4,7.13,22.78,14.09,7.22,52.44
2026-07-14 15:02:01,24.68,594.1,86.11,18.8,9.9,20.38,16.86,4.26,50.41
2026-07-14 15:13:35,22.82,549.7,95.39,32.2,6.11,24.45,14.2,4.18,58.77
2026-07-14 15:20:50,24.11,609.2,101.66,33.1,9.23,15.35,14.84,2.11,57.55
2026-07-14 15:26:54,24.24,545.7,84.4,21.0,10.31,28.9,14.82,7.89,54.6
2026-07-14 15:40:22,24.55,512.4,81.83,19.0,6.8,32.49,19.42,2.03,50.18
2026-07-14 15:49:02,23.01,497.0,86.16,34.0,8.15,31.43,18.8,5.1,52.34
2026-07-14 16:01:40,24.03,530.6,88.82,14.3,9.26,20.52,17.93,7.03,48.98
2026-07-14 16:12:24,23.79,502.3,87.34,36.8,12.55,23.03,10.12,7.07,50.77
2026-07-14 16:25:29,23.09,490.0,67.89,8.2,4.99,19.09,12.42,6.29,53.3
2026-07-14 16:38:56,22.56,477.9,75.13,38.5,9.33,29.12,7.32,1.74,51.35
2026-07-14 16:53:40,22.78,501.6,67.25,6.4,5.75,22.8,14.3,8.96,54.04
2026-07-14 17:06:51,23.07,453.7,66.19,12.6,14.28,28.73,15.23,0.1,48.5
2026-07-14 17:18:00,21.93,411.1,67.41,24.9,5.04,30.08,10.09,10.97,49.73
2026-07-14 17:29:25,23.23,425.9,50.49,33.1,1.81,24.59,18.83,11.52,52.43
2026-07-14 17:34:41,22.17,380.1,76.49,9.7,15.6,13.72,15.1,0.69,53.17
2026-07-14 17:48:58,23.03,406.3,41.79,16.0,9.84,27.4,9.9,6.37,49.73
2026-07-14 18:02:16,21.27,315.9,40.86,21.3,9.11,24.26,11.56,2.87,48.36
2026-07-14 18:09:57,22.18,385.2,40.46,7.0,8.59,19.21,21.58,0.8,49.46
2026-07-14 18:16:45,21.62,375.7,41.45,38.2,9.34,17.17,8.77,14.3,49.76
2026-07-14 18:28:46,21.98,368.9,45.44,28.6,11.11,21.85,19.54,10.44,50.32
2026-07-14 18:36:52,21.44,318.5,55.66,16.0,14.11,25.29,14.11,0.64,47.23
2026-07-14 18:45:16,22.1,347.3,45.8,30.6,9.1,25.05,20.43,7.11,49.37
2026-07-14 18:50:19,21.64,327.3,53.56,9.2,16.14,31.42,6.28,2.45,46.51
2026-07-14 19:04:01,20.53,359.3,72.45,8.4,12.1,20.19,19.95,10.56,47.07
2026-07-14 19:14:41,21.05,306.3,73.2,39.5,8.17,21.62,15.06,0.1,45.66
2026-07-14 19:23:42,19.82,262.4,80.26,10.9,11.05,30.98,13.89,0.02,47.52
2026-07-14 19:30:07,20.93,340.1,65.73,35.1,11.86,24.11,13.16,1.23,46.83
2026-07-14 19:41:27,20.15,347.9,87.14,25.1,7.88,31.08,11.05,10.59,47.94
2026-07-14 19:46:45,20.92,296.0,74.52,6.4,2.65,22.05,21.76,1.87,46.0
2026-07-14 19:59:13,20.39,307.8,84.89,36.5,13.29,18.2,15.08,29.65,51.15
2026-07-14 20:06:22,19.86,308.7,75.88,18.6,8.59,25.8,11.58,2.28,46.26
2026-07-14 20:15:34,20.39,321.9,87.18,17.5,12.83,34.76,10.49,8.33,49.31
2026-07-14 20:23:58,19.83,267.0,81.19,23.2,8.64,21.24,9.84,3.8,46.05
2026-07-14 20:32:40,19.66,275.5,89.61,20.7,12.51,28.85,24.1,2.78,45.54
2026-07-14 20:44:53,20.11,256.5,90.06,24.6,8.02,22.28,21.86,7.37,45.9
2026-07-14 20:57:39,19.71,197.7,115.26,15.7,11.88,15.84,10.51,3.91,43.74
2026-07-14 21:08:20,19.17,215.4,93.22,15.6,12.93,36.94,22.07,10.35,46.82
2026-07-14 21:14:11,19.71,183.8,99.13,29.5,12.6,26.93,14.03,14.98,47.97
2026-07-14 21:19:42,19.22,235.0,98.78,12.2,9.66,24.32,17.4,5.85,44.78
2026-07-14 21:26:17,19.7,210.8,98.06,34.1,15.49,39.68,13.85,8.76,42.66
2026-07-14 21:37:28,20.25,221.2,100.23,13.6,6.96,15.99,10.4,9.97,46.34
2026-07-14 21:49:12,19.24,183.7,112.28,14.5,6.62,23.1,11.14,2.67,44.2
2026-07-14 21:56:55,20.49,208.4,90.86,26.0,7.89,21.42,13.55,5.44,42.8
2026-07-14 22:08:32,19.47,230.2,119.13,22.1,14.29,26.81,18.25,14.37,44.58
2026-07-14 22:18:24,20.05,210.8,99.9,23.8,9.16,31.34,16.57,8.65,45.22
2026-07-14 22:27:49,20.16,130.6,94.08,9.4,8.81,30.62,14.87,0.58,44.99
2026-07-14 22:35:33,20.14,196.7,121.46,33.2,10.21,31.9,12.95,4.54,44.83
2026-07-14 22:48:06,20.27,189.6,107.74,12.4,8.07,22.32,19.72,14.84,41.63
2026-07-14 22:54:14,20.15,194.4,103.15,12.0,8.16,21.08,16.9,0.33,45.61
2026-07-14 23:03:32,19.22,185.4,102.28,35.5,7.3,28.4,16.27,3.76,43.14
2026-07-14 23:11:22,18.97,175.5,107.87,29.0,6.87,28.31,13.21,13.5,43.31
2026-07-14 23:23:09,18.85,175.3,115.02,18.3,11.33,16.54,12.18,7.32,45.12
2026-07-14 23:33:01,19.26,134.9,100.29,7.6,6.08,16.15,20.31,1.66,42.94
2026-07-14 23:44:41,18.6,138.7,109.67,26.4,5.45,16.63,24.83,3.03,45.02
2026-07-14 23:50:09,18.86,132.6,107.8,10.1,8.79,22.65,29.71,10.68,42.48
2026-07-14 23:59:06,18.93,164.6,111.9,21.1,8.43,23.47,10.16,1.29,40.87
2026-07-15 00:10:05,19.55,117.1,128.98,19.7,5.76,29.02,11.28,2.26,44.69
2026-07-15 00:15:10,18.77,187.4,108.74,12.6,7.99,26.19,17.45,10.34,42.51
2026-07-15 00:23:11,18.43,191.9,102.31,31.7,6.39,28.92,15.5,0.58,45.11
2026-07-15 00:30:18,18.78,141.3,118.08,26.8,5.51,28.32,15.88,4.01,45.14
2026-07-15 00:36:40,19.45,144.2,108.57,20.5,8.98,20.36,13.41,6.85,42.69
2026-07-15 00:44:13,18.79,157.6,94.66,11.9,13.03,20.23,17.38,10.13,47.27
2026-07-15 00:52:30,19.92,138.0,129.73,26.4,9.44,14.83,11.85,0.45,41.01
2026-07-15 00:57:35,20.09,170.6,126.66,16.0,11.91,27.75,13.44,0.82,45.07
2026-07-15 01:10:03,20.07,128.3,123.84,25.4,11.61,20.0,14.05,0.54,42.69
2026-07-15 01:16:48,18.17,148.6,112.71,23.6,12.54,22.84,13.41,4.02,38.71
2026-07-15 01:25:36,19.48,152.4,85.81,39.2,9.13,22.59,8.68,0.73,45.55
2026-07-15 01:37:39,18.91,201.1,105.67,29.1,10.53,29.79,6.58,4.4,46.29
2026-07-15 01:47:39,20.28,257.0,99.09,24.8,16.7,15.23,16.14,0.72,44.15
2026-07-15 02:00:59,19.25,220.7,120.53,32.7,17.62,18.77,6.09,1.93,43.63
2026-07-15 02:14:03,18.32,235.2,106.81,33.0,16.29,26.05,12.88,9.53,45.6
2026-07-15 02:19:46,19.68,225.5,77.23,22.1,9.15,26.36,14.27,1.36,44.31
2026-07-15 02:33:23,20.16,203.7,98.29,31.2,10.2,19.48,19.43,0.7,46.51
2026-07-15 02:38:48,20.38,209.1,96.11,18.3,9.41,29.04,12.79,0.18,43.91
2026-07-15 02:43:59,19.05,190.5,110.94,34.9,10.65,20.0,9.76,6.35,49.46
2026-07-15 02:58:12,19.31,217.6,90.48,37.2,16.6,31.38,18.01,1.92,44.74
2026-07-15 03:11:49,19.97,258.9,73.53,8.7,12.59,27.18,19.08,7.55,48.93
2026-07-15 03:22:35,20.14,244.2,106.24,35.5,10.46,22.84,13.43,4.92,47.72
2026-07-15 03:33:19,19.8,293.3,73.36,8.7,13.37,30.41,17.07,0.42,49.56
2026-07-15 03:45:25,21.36,306.9,101.04,13.2,10.13,26.93,15.5,1.93,44.43
2026-07-15 03:54:35,20.33,303.6,109.46,26.2,10.97,28.79,11.42,0.32,43.29
2026-07-15 04:00:44,20.52,283.1,82.98,10.0,11.78,12.04,12.2,6.02,46.77
2026-07-15 04:05:57,20.37,294.7,86.99,39.7,12.23,31.05,10.46,3.53,45.63
2026-07-15 04:14:12,20.55,323.8,84.13,23.6,5.63,17.61,6.32,1.45,47.34
2026-07-15 04:27:13,20.63,330.7,77.22,30.7,5.96,18.69,20.96,6.3,49.27
2026-07-15 04:38:23,21.77,319.7,82.34,37.1,12.1,20.13,19.62,5.67,49.33
2026-07-15 04:51:43,21.27,346.4,58.54,31.0,6.5,25.72,15.29,35.05,46.49
2026-07-15 05:05:54,21.53,380.1,73.26,21.3,10.74,13.99,17.16,9.37,50.77
2026-07-15 05:11:47,21.27,375.6,56.23,10.0,10.01,19.78,17.17,1.9,48.89
2026-07-15 05:25:14,22.25,360.8,57.77,32.7,10.3,23.38,12.91,4.49,49.45
2026-07-15 05:32:40,21.84,357.5,60.91,16.8,12.97,25.68,11.71,3.99,53.97
2026-07-15 05:43:33,21.86,416.5,52.7,38.2,6.85,32.08,23.9,0.31,50.28
2026-07-15 05:53:48,21.86,377.5,62.03,15.1,10.67,36.93,16.37,0.07,47.86
2026-07-15 06:02:45,21.92,418.6,40.16,20.0,6.67,26.9,16.46,1.66,49.48
2026-07-15 06:10:51,21.24,429.4,45.38,39.0,13.01,27.1,12.62,1.97,50.94
2026-07-15 06:19:15,22.35,480.4,46.45,39.0,16.16,26.46,10.05,4.3,49.86
2026-07-15 06:27:35,22.64,446.7,63.37,27.1,12.13,24.35,12.54,8.56,49.89
2026-07-15 06:34:16,21.88,437.9,70.74,8.3,10.44,25.01,9.41,0.42,48.17
2026-07-15 06:44:22,22.61,504.3,45.49,14.3,5.06,27.71,15.82,0.77,49.59
2026-07-15 06:50:31,22.75,443.4,63.29,16.5,14.25,27.6,10.91,0.79,51.05
2026-07-15 07:00:36,23.21,502.8,64.27,23.8,11.94,18.56,20.21,0.64,50.84
2026-07-15 07:14:40,22.87,427.5,75.11,14.9,15.05,26.33,10.94,8.53,53.46
2026-07-15 07:23:10,23.09,489.2,73.04,27.8,10.09,22.98,6.44,0.8,53.08
2026-07-15 07:35:26,22.76,469.5,60.15,8.8,7.19,24.41,18.18,6.13,51.27
2026-07-15 07:48:37,23.45,560.8,95.31,9.3,12.56,20.32,12.64,6.37,54.0
2026-07-15 08:01:46,22.84,507.8,74.14,16.4,7.61,25.68,14.09,1.66,50.65
2026-07-15 08:09:08,23.34,535.6,79.75,30.1,10.74,26.34,17.09,3.7,53.68
2026-07-15 08:15:36,24.01,525.3,84.12,16.8,1.97,17.89,18.48,3.39,50.99
2026-07-15 08:22:34,23.57,520.4,77.03,10.4,12.43,16.77,13.12,12.12,53.8
2026-07-15 08:33:36,23.83,570.7,79.3,6.8,6.98,26.97,12.61,0.22,54.0
2026-07-15 08:46:12,24.34,593.9,106.31,22.5,7.77,32.53,14.62,7.25,53.63
2026-07-15 08:57:45,23.35,569.6,87.75,6.4,6.42,22.11,13.54,4.37,57.29
2026-07-15 09:04:32,24.19,547.6,88.46,36.5,11.07,27.97,6.34,6.82,53.31
2026-07-15 09:17:15,24.15,619.3,89.57,12.1,9.88,21.48,12.74,1.98,54.48
2026-07-15 09:27:12,24.61,586.9,99.48,26.1,7.91,20.12,12.88,0.21,55.43
2026-07-15 09:39:44,24.73,549.4,103.7,25.0,8.58,24.84,7.43,5.61,57.69
2026-07-15 09:52:20,23.94,597.1,103.45,26.9,4.31,20.76,14.93,1.85,57.48
2026-07-15 10:01:50,24.67,626.9,96.17,30.2,13.05,23.96,10.65,2.48,55.32
2026-07-15 10:16:04,23.57,575.6,105.6,32.8,6.48,14.78,16.68,0.0,55.84
2026-07-15 10:26:43,24.91,622.0,113.01,5.0,10.17,17.4,17.19,16.25,57.07
2026-07-15 10:38:04,25.08,576.2,85.1,31.0,8.3,27.9,13.09,0.18,54.24
2026-07-15 10:49:19,25.06,639.9,84.79,39.4,11.86,27.18,13.96,5.06,59.11
2026-07-15 11:02:57,24.64,683.2,92.25,11.1,13.66,30.22,6.98,5.94,56.97
2026-07-15 11:14:14,24.92,641.5,105.46,29.2,9.58,26.08,18.93,2.37,57.95
2026-07-15 11:20:44,25.08,618.2,110.41,5.5,13.51,20.61,22.91,6.19,54.88
2026-07-15 11:26:25,24.9,617.6,107.72,38.7,14.45,27.9,20.66,8.31,56.53
2026-07-15 11:35:51,24.98,584.0,102.01,24.6,8.45,16.52,13.59,1.69,52.75
2026-07-15 11:43:52,25.4,654.5,115.23,18.1,6.6,31.56,11.28,3.89,54.76
2026-07-15 11:51:37,25.64,606.8,117.22,18.0,15.1,24.12,18.59,11.01,58.39
2026-07-15 11:57:11,24.77,612.6,114.12,13.9,9.69,32.38,21.92,5.18,53.63
2026-07-15 12:07:15,25.19,613.2,90.95,17.0,17.44,18.0,17.24,5.01,57.44
2026-07-15 12:15:21,24.96,581.0,85.26,32.7,6.31,27.27,11.42,8.67,60.46
2026-07-15 12:24:53,23.94,603.7,106.37,25.1,9.89,31.32,21.14,5.76,54.8
2026-07-15 12:30:27,25.11,604.1,100.8,18.1,15.08,30.61,13.12,8.56,56.31
2026-07-15 12:43:46,25.4,593.9,118.07,8.7,7.9,20.75,19.3,1.04,52.23
2026-07-15 12:49:32,25.82,634.7,103.86,10.1,9.96,36.0,19.29,1.38,52.76
2026-07-15 13:03:10,25.41,617.9,106.57,33.5,10.75,25.18,16.86,7.48,56.66
2026-07-15 13:16:43,25.18,636.9,116.71,17.5,9.05,18.66,18.54,1.78,54.63
2026-07-15 13:27:52,25.01,586.8,111.52,21.7,9.34,24.03,13.99,1.93,55.6
2026-07-15 13:37:57,25.5,627.9,111.03,23.9,7.74,31.23,18.53,4.84,52.31
2026-07-15 13:47:34,25.75,607.3,103.72,6.4,3.5,25.86,10.05,0.43,55.75
2026-07-15 13:58:07,24.48,561.9,111.95,31.2,8.45,25.78,26.49,0.17,53.95
2026-07-15 14:11:02,25.33,614.7,94.93,19.4,11.57,25.17,19.53,13.71,52.4
2026-07-15 14:25:00,23.86,605.7,83.34,18.6,11.06,31.49,12.35,0.25,52.18
2026-07-15 14:34:29,23.95,523.2,98.16,15.3,11.29,28.53,14.06,0.84,55.54
2026-07-15 14:47:35,24.41,562.0,93.7,32.2,10.03,28.79,6.86,7.4,55.7
2026-07-15 14:59:06,24.22,546.1,105.41,34.6,10.43,30.37,12.32,0.54,50.06
2026-07-15 15:07:19,24.58,602.2,103.26,20.3,8.73,19.82,19.61,0.1,51.07
2026-07-15 15:17:05,23.84,547.2,85.61,21.6,9.31,31.28,13.7,1.52,54.26
2026-07-15 15:23:35,24.34,542.9,69.7,36.7,13.91,26.8,13.57,0.88,51.12
2026-07-15 15:29:12,23.52,451.7,97.91,18.1,9.91,26.85,15.64,2.67,52.43
2026-07-15 15:35:14,23.44,533.9,88.69,29.6,11.28,26.75,15.1,7.76,55.8
2026-07-15 15:49:14,24.1,526.4,81.78,35.8,14.4,33.54,19.6,1.05,50.48
2026-07-15 15:57:40,22.97,528.1,88.73,27.2,11.73,16.28,13.14,0.79,54.74
2026-07-15 16:09:49,23.82,519.0,75.06,23.0,13.86,24.49,15.12,9.16,56.14
2026-07-15 16:19:51,23.05,518.7,75.32,20.1,11.05,30.99,9.94,0.14,50.37
2026-07-15 16:26:35,22.18,464.0,82.58,35.3,9.99,22.39,9.69,10.98,50.06
2026-07-15 16:34:03,22.59,448.0,79.43,15.1,13.39,25.77,10.79,0.16,52.97
2026-07-15 16:43:26,23.07,492.2,66.25,27.4,7.95,28.65,7.93,12.45,52.78
2026-07-15 16:52:50,22.67,505.2,63.55,38.2,12.28,20.07,14.72,10.25,50.59
2026-07-15 17:03:03,22.02,495.3,58.46,28.1,6.98,22.48,18.9,2.1,52.73
2026-07-15 17:09:39,21.96,448.4,63.16,14.5,12.37,23.55,19.66,1.88,54.94
2026-07-15 17:18:22,21.94,418.3,57.2,15.7,11.66,19.63,12.34,2.76,51.92
2026-07-15 17:26:12,21.98,392.3,63.1,31.9,8.96,22.87,20.86,2.24,49.19
2026-07-15 17:35:17,22.21,437.9,43.93,11.1,9.03,14.91,13.25,7.8,49.61
2026-07-15 17:43:40,22.38,401.1,47.41,13.6,7.19,21.05,15.31,4.2,49.35
2026-07-15 17:54:39,22.01,388.3,46.86,38.8,13.33,11.75,17.59,13.6,50.18
2026-07-15 18:07:33,22.4,378.2,65.05,14.7,9.77,21.96,13.9,0.26,44.73
2026-07-15 18:19:01,22.37,351.9,48.56,18.5,11.39,27.16,10.37,0.28,52.25
2026-07-15 18:24:41,21.92,355.1,48.73,32.4,9.29,31.8,12.26,1.15,51.38
2026-07-15 18:30:37,21.2,395.9,58.39,26.9,9.46,30.22,15.68,4.23,51.97
2026-07-15 18:42:24,21.39,394.1,64.03,24.4,8.55,23.57,17.57,8.19,49.52
2026-07-15 18:50:15,21.05,292.5,46.4,8.2,9.5,11.15,14.43,0.5,50.99
2026-07-15 19:02:29,21.4,318.4,60.21,11.1,10.45,25.44,16.87,1.36,47.45
2026-07-15 19:14:03,21.66,299.8,63.24,12.5,11.0,26.22,13.99,6.72,45.99
2026-07-15 19:28:07,20.36,337.6,63.37,14.5,12.56,29.28,11.85,7.79,46.01
2026-07-15 19:41:51,20.65,256.1,75.68,34.3,7.73,22.0,13.44,6.0,44.84
2026-07-15 19:50:11,19.98,325.9,80.02,19.2,12.51,25.03,18.32,1.31,45.41
2026-07-15 20:01:00,20.16,348.5,83.78,13.5,8.94,19.81,16.23,2.12,45.09
2026-07-15 20:07:25,20.0,297.4,78.03,8.1,3.52,24.89,17.88,2.28,49.12
2026-07-15 20:15:55,20.32,295.5,100.43,27.6,5.56,19.68,21.31,2.27,42.08
2026-07-15 20:30:36,20.19,240.9,90.33,29.3,9.33,26.93,15.5,13.44,44.75
2026-07-15 20:42:35,20.17,259.4,82.69,37.1,10.34,29.28,12.12,0.48,45.92
2026-07-15 20:51:30,20.65,251.2,96.03,38.0,2.73,27.83,19.5,14.24,47.09
2026-07-15 21:02:27,19.64,235.8,86.63,29.9,11.27,25.95,16.03,0.66,44.58
2026-07-15 21:16:50,18.91,230.7,94.32,37.6,8.3,25.02,15.53,9.67,45.72
2026-07-15 21:24:56,19.07,248.7,98.17,7.0,10.62,26.18,16.19,9.89,46.22
2026-07-15 21:33:42,19.93,173.9,96.7,11.1,12.22,27.91,16.92,5.11,45.21
2026-07-15 21:46:37,19.31,199.1,100.27,21.1,11.36,17.83,11.05,2.59,46.53
2026-07-15 21:59:45,18.15,180.6,110.59,26.2,9.02,23.36,8.48,6.96,42.79
2026-07-15 22:11:27,19.26,151.3,103.11,33.2,11.09,31.52,12.73,4.64,45.91
2026-07-15 22:24:44,18.85,196.0,98.72,12.0,11.86,30.32,15.43,5.09,46.93
2026-07-15 22:37:07,19.99,188.1,90.01,27.7,9.28,28.55,17.86,2.89,44.54
2026-07-15 22:48:59,18.59,174.5,86.87,21.2,11.35,23.6,15.66,14.76,47.91
2026-07-15 22:59:14,18.42,165.7,111.06,21.3,6.7,29.76,10.06,2.19,45.31
2026-07-15 23:10:42,18.5,163.0,127.02,21.8,7.56,23.03,17.1,12.75,47.28
2026-07-15 23:19:56,20.39,192.6,121.55,14.4,12.08,25.54,14.12,2.58,44.04
2026-07-15 23:28:33,19.2,130.6,103.51,6.8,8.3,22.45,14.78,2.88,40.67
2026-07-15 23:37:11,19.08,212.0,113.61,30.5,8.98,24.24,24.11,2.37,43.11
2026-07-15 23:43:59,18.72,133.3,108.48,10.0,7.67,26.9,14.1,2.42,43.56
2026-07-15 23:51:07,19.09,135.9,133.37,11.8,7.17,22.81,16.05,3.96,42.99
2026-07-16 00:05:36,18.96,226.8,113.69,35.1,10.0,24.44,19.57,0.34,38.47
2026-07-16 00:15:28,19.29,191.7,104.56,7.8,3.78,27.69,6.72,9.51,40.28
2026-07-16 00:22:44,19.39,154.7,90.15,33.5,7.74,21.41,20.17,3.74,42.15
2026-07-16 00:29:06,18.2,123.5,101.42,33.2,10.4,21.31,16.69,1.59,42.09
2026-07-16 00:34:52,19.43,153.3,139.7,6.8,8.43,17.46,11.08,1.49,45.21
2026-07-16 00:48:19,18.5,177.0,102.86,38.5,8.31,25.64,19.07,2.25,45.58
2026-07-16 00:54:20,19.06,135.4,106.33,10.7,11.08,13.6,16.08,0.34,42.52
2026-07-16 01:07:02,20.09,119.5,114.68,10.4,9.26,25.21,16.85,1.34,43.87
2026-07-16 01:20:23,19.6,150.4,119.25,19.2,8.96,27.4,12.33,4.72,44.96
2026-07-16 01:34:14,19.5,166.3,113.63,7.9,14.65,29.4,19.98,3.39,44.63
2026-07-16 01:39:36,20.38,225.6,109.65,39.7,5.95,28.13,15.03,0.72,46.45
2026-07-16 01:47:58,19.27,163.6,86.36,17.5,9.22,24.37,17.8,0.2,43.53
2026-07-16 02:00:38,18.11,147.7,87.99,11.7,6.33,27.4,18.49,25.17,46.9
2026-07-16 02:06:57,19.86,167.9,93.05,34.1,9.76,26.79,12.56,5.16,43.92
2026-07-16 02:15:43,19.44,187.6,87.9,6.1,7.16,29.43,10.26,5.94,45.71
2026-07-16 02:22:20,19.12,179.6,98.38,29.7,5.58,30.28,16.08,1.85,50.87
2026-07-16 02:35:39,19.49,232.6,100.24,7.8,11.4,22.87,13.95,0.57,44.24
2026-07-16 02:48:22,19.86,267.7,102.23,29.1,5.8,21.2,13.12,5.17,45.95
2026-07-16 03:01:27,20.48,217.6,72.18,12.3,6.3,23.71,15.18,0.85,46.04
2026-07-16 03:08:06,20.13,293.9,94.76,13.8,11.37,30.41,12.81,6.17,44.22
2026-07-16 03:17:29,19.92,257.7,77.05,19.8,16.93,20.6,23.17,4.18,46.01
2026-07-16 03:26:35,20.07,266.0,63.05,19.6,1.08,26.23,19.96,1.37,49.6
2026-07-16 03:38:21,19.26,214.9,98.18,19.6,7.36,25.92,9.4,6.21,47.12
2026-07-16 03:45:44,19.87,301.1,83.53,33.9,7.93,24.98,12.09,6.67,49.21
2026-07-16 03:55:10,19.83,274.3,105.58,26.4,3.9,20.93,12.23,14.96,47.57
2026-07-16 04:03:01,20.01,275.4,66.97,23.9,10.03,23.49,12.97,4.93,48.84
2026-07-16 04:15:30,20.82,261.0,93.13,37.0,5.22,22.19,13.17,1.89,45.51
2026-07-16 04:25:00,20.5,289.8,87.98,6.4,10.84,35.74,14.92,3.78,49.15
2026-07-16 04:35:20,22.11,331.6,62.2,20.1,10.95,33.7,13.15,1.6,48.82
2026-07-16 04:43:26,20.43,290.2,75.68,38.3,11.19,18.13,13.13,0.26,50.56
2026-07-16 04:56:31,21.52,332.4,62.18,9.1,7.9,26.43,26.99,4.11,47.16
2026-07-16 05:06:12,21.85,358.0,78.47,7.8,5.62,15.35,17.09,6.92,48.74
2026-07-16 05:19:33,21.43,401.1,55.79,36.7,7.26,25.85,17.29,0.51,50.5
2026-07-16 05:28:14,21.4,330.1,55.04,7.4,16.06,23.9,15.2,1.37,49.03
2026-07-16 05:42:42,21.92,328.7,79.05,9.0,7.34,22.57,15.61,7.26,49.94
2026-07-16 05:57:33,21.41,428.9,61.09,14.7,14.58,29.41,12.61,1.05,51.5
2026-07-16 06:07:10,22.85,391.0,63.63,38.9,7.78,26.61,2.62,0.89,48.85
2026-07-16 06:14:59,22.69,407.3,47.56,39.7,10.13,20.35,12.87,7.07,52.04
2026-07-16 06:23:48,22.78,445.8,58.63,11.7,8.08,19.4,9.76,6.89,56.35
2026-07-16 06:34:05,23.09,441.9,73.34,37.0,4.85,25.3,10.64,1.11,52.75
2026-07-16 06:48:45,23.15,458.5,71.84,39.6,10.07,31.62,12.67,2.69,54.01
2026-07-16 07:01:55,21.66,471.3,62.56,34.5,6.81,21.4,16.61,3.41,52.3
2026-07-16 07:14:55,23.76,475.0,61.48,6.1,13.54,27.23,12.0,1.87,52.63
2026-07-16 07:21:18,22.66,489.4,68.16,15.5,11.59,24.39,14.8,0.83,54.03
2026-07-16 07:28:48,22.85,516.0,83.46,7.6,11.66,23.49,18.15,0.11,54.02
2026-07-16 07:40:13,23.22,487.0,55.75,37.6,5.32,19.12,13.84,1.53,53.22
2026-07-16 07:53:58,22.89,567.9,81.24,33.0,11.89,25.47,18.2,9.21,50.47
2026-07-16 08:04:30,23.35,558.3,66.77,24.2,5.94,21.42,13.52,1.77,55.52
2026-07-16 08:10:32,24.27,498.3,103.92,19.7,11.7,22.83,12.35,0.27,57.65
2026-07-16 08:23:59,24.26,528.1,82.55,21.7,7.21,25.91,11.97,4.47,53.1
2026-07-16 08:37:30,23.07,531.8,93.25,27.7,10.9,15.89,11.63,4.98,55.19
2026-07-16 08:45:21,24.02,553.5,83.68,38.5,12.35,20.49,15.41,3.7,53.94
2026-07-16 08:57:59,23.96,620.3,92.93,24.2,8.09,28.21,16.0,5.5,55.05
2026-07-16 09:05:43,24.74,556.3,101.79,25.7,12.09,22.81,15.05,0.67,58.27
2026-07-16 09:19:46,23.66,604.0,68.2,19.2,10.12,26.38,17.85,0.69,55.73
2026-07-16 09:26:14,25.0,620.4,107.16,9.6,20.3,29.43,14.79,5.76,51.46
2026-07-16 09:35:37,24.65,609.2,111.04,27.8,9.01,23.08,7.63,0.07,55.9
2026-07-16 09:50:05,24.74,632.1,113.25,32.5,11.81,21.74,10.02,5.7,56.62
2026-07-16 09:57:18,24.26,613.3,97.06,17.4,8.47,31.76,9.24,5.43,50.28
2026-07-16 10:06:49,24.71,589.8,105.65,20.2,12.84,32.32,18.34,3.71,52.4
2026-07-16 10:15:18,24.76,629.2,101.92,11.2,12.38,25.68,10.5,7.19,57.4
2026-07-16 10:20:34,24.94,610.5,111.11,12.0,13.76,17.78,18.09,3.27,55.08
2026-07-16 10:26:06,24.5,626.2,107.81,18.5,5.76,31.31,14.57,5.13,56.47
2026-07-16 10:36:08,25.11,608.2,111.58,8.5,12.34,20.4,13.5,0.33,57.49
2026-07-16 10:43:29,25.06,622.8,112.78,13.6,8.64,36.17,12.57,9.68,51.61
2026-07-16 10:58:26,24.38,668.4,101.19,39.2,17.57,25.27,12.14,4.04,58.49
2026-07-16 11:07:11,24.9,632.9,110.07,15.7,11.35,25.34,11.97,8.16,53.43
2026-07-16 11:12:28,24.57,597.9,86.41,24.8,8.17,28.83,9.04,1.96,52.9
2026-07-16 11:26:46,25.26,615.4,110.03,22.3,6.31,19.17,17.17,5.85,59.33
2026-07-16 11:40:10,25.63,646.1,129.7,12.2,1.51,33.69,20.43,18.63,57.31
2026-07-16 11:51:40,24.75,645.7,109.43,8.4,7.9,24.55,23.94,2.63,58.86
2026-07-16 12:04:34,24.96,688.8,96.49,8.3,13.66,21.82,17.53,4.56,56.84
2026-07-16 12:10:57,24.97,569.0,110.57,14.7,13.41,29.19,20.84,6.52,58.07
2026-07-16 12:18:49,24.73,692.7,108.95,36.1,12.87,28.48,15.68,0.0,58.58
2026-07-16 12:32:07,24.58,571.5,109.68,10.8,6.18,24.02,3.79,4.24,55.29
2026-07-16 12:44:05,24.66,645.2,102.33,6.6,12.41,33.46,16.08,0.32,57.47
2026-07-16 12:50:28,24.27,647.3,124.35,30.3,10.95,19.38,20.0,7.16,56.94
2026-07-16 13:02:31,24.43,609.7,90.3,10.6,8.67,27.13,17.42,9.25,56.05
2026-07-16 13:12:00,24.67,634.3,109.2,19.5,10.98,17.89,17.48,0.91,54.99
2026-07-16 13:17:03,24.06,654.1,98.44,36.5,3.57,18.04,11.93,3.02,54.75
2026-07-16 13:22:51,25.13,589.3,102.49,20.7,8.23,29.47,21.72,2.94,54.52
2026-07-16 13:30:25,25.4,669.7,97.43,34.2,10.83,28.95,15.63,0.48,53.33
2026-07-16 13:43:46,23.92,590.0,106.37,30.8,10.71,15.35,13.35,4.11,53.12
2026-07-16 13:54:15,25.08,598.0,84.82,6.8,12.62,34.23,15.9,0.26,53.86
2026-07-16 14:06:31,24.95,575.4,112.28,7.9,11.68,22.81,14.72,1.51,51.54
2026-07-16 14:16:48,24.2,632.5,102.91,34.3,13.39,31.8,14.45,0.8,54.15
2026-07-16 14:22:55,23.95,606.5,96.12,31.6,9.09,17.67,16.47,24.64,54.61
2026-07-16 14:30:47,24.49,597.4,97.77,28.3,15.4,26.38,18.47,7.08,55.09
2026-07-16 14:38:48,24.55,548.0,101.94,38.4,10.97,32.13,19.05,3.87,52.2
2026-07-16 14:44:17,24.9,580.7,81.66,30.2,12.59,24.68,11.66,3.51,51.39
2026-07-16 14:53:29,24.08,599.0,100.48,10.2,13.17,21.93,10.66,1.69,50.98
2026-07-16 15:06:25,23.95,597.9,106.43,15.1,9.36,23.98,14.17,2.85,54.52
2026-07-16 15:15:59,24.64,564.9,97.34,13.6,10.04,22.42,18.02,2.24,51.51
2026-07-16 15:22:06,23.85,520.7,95.38,13.3,11.41,28.19,15.49,5.41,55.56
2026-07-16 15:36:09,23.14,582.6,87.39,6.5,7.16,23.44,9.54,0.27,54.06
2026-07-16 15:47:07,24.14,555.3,72.85,26.6,10.13,24.1,10.96,13.95,51.29
2026-07-16 15:52:17,23.87,518.4,89.05,6.6,10.93,28.58,17.77,9.01,54.99
2026-07-16 16:02:26,23.93,515.2,79.36,26.9,9.68,34.85,19.29,3.45,57.33
2026-07-16 16:09:51,23.94,496.6,65.69,23.5,13.53,28.63,16.24,0.84,55.62
2026-07-16 16:16:17,23.62,486.8,70.61,11.0,5.98,21.77,14.5,0.86,50.6
2026-07-16 16:25:35,23.23,527.9,72.19,30.4,7.19,21.59,14.51,1.85,52.56
2026-07-16 16:36:44,22.87,525.0,58.24,15.2,12.96,24.45,10.93,7.09,54.79
2026-07-16 16:44:08,23.07,471.6,63.61,28.7,11.24,20.94,20.12,1.74,56.21
2026-07-16 16:53:18,22.59,481.6,67.9,18.2,7.94,27.14,13.68,8.43,54.26
2026-07-16 17:04:57,21.61,455.9,66.75,17.9,5.19,19.47,13.37,0.98,53.24
2026-07-16 17:10:48,22.6,485.0,61.06,34.1,14.24,27.88,20.93,0.3,52.01
2026-07-16 17:25:33,22.68,418.8,65.05,31.8,8.97,19.24,20.93,1.49,49.66
2026-07-16 17:31:13,23.1,413.5,61.92,9.9,11.07,26.33,11.04,6.39,49.32
2026-07-16 17:41:29,22.39,383.3,49.75,25.8,8.76,22.74,13.05,1.22,49.04
2026-07-16 17:51:33,22.37,418.9,72.8,34.9,8.75,12.67,19.79,3.51,48.88
2026-07-16 18:06:26,21.94,367.0,43.02,22.5,12.14,19.71,17.79,9.98,50.07
2026-07-16 18:16:59,21.74,405.4,71.18,39.9,11.4,25.44,15.35,0.68,48.62
2026-07-16 18:25:53,20.74,334.8,56.88,21.5,12.92,23.86,12.01,1.67,50.35
2026-07-16 18:35:35,21.51,358.6,48.89,5.1,8.49,22.61,10.22,0.72,51.7
2026-07-16 18:46:57,21.81,361.4,66.59,23.4,10.66,25.56,11.74,3.87,49.11
2026-07-16 19:01:45,21.71,280.2,68.49,25.5,10.13,19.89,18.07,14.2,51.24
2026-07-16 19:09:17,20.64,306.7,77.6,16.7,11.46,23.08,15.86,13.57,46.89
2026-07-16 19:14:27,20.12,313.9,80.69,19.3,9.9,15.6,10.26,2.06,45.56
2026-07-16 19:27:20,20.39,312.5,55.98,6.6,12.1,24.14,13.13,0.69,47.85
2026-07-16 19:35:47,20.7,322.3,75.88,39.7,7.99,24.57,8.58,0.46,50.22
2026-07-16 19:48:07,20.72,285.9,83.5,16.2,12.72,24.93,13.17,0.96,48.11
2026-07-16 19:59:24,21.56,246.8,94.29,22.8,11.59,30.95,7.28,2.76,47.38
2026-07-16 20:12:07,19.37,244.9,61.87,34.1,4.05,21.77,24.95,0.62,45.89
2026-07-16 20:24:28,20.84,282.6,57.34,32.3,8.79,28.08,20.75,6.67,43.12
2026-07-16 20:32:47,19.65,246.8,90.35,26.5,14.2,26.65,16.31,2.31,46.17
2026-07-16 20:38:14,20.0,263.0,77.47,39.8,9.04,24.11,13.72,13.66,48.72
2026-07-16 20:48:42,19.87,207.3,89.55,19.1,15.44,19.67,11.99,14.29,43.53
2026-07-16 21:01:50,20.2,251.2,73.76,28.0,12.08,18.73,15.39,5.63,42.43
2026-07-16 21:08:35,19.87,165.7,104.16,10.1,11.95,26.38,9.85,5.06,44.59
2026-07-16 21:21:22,19.58,192.5,92.8,32.0,12.96,20.78,17.07,15.32,41.58
2026-07-16 21:31:01,19.8,199.8,107.4,12.8,5.39,26.65,8.2,2.81,40.54
2026-07-16 21:42:58,19.03,241.6,104.16,5.8,8.37,23.97,12.19,2.7,43.35
2026-07-16 21:54:17,20.0,168.3,104.37,24.7,11.86,28.6,14.9,4.67,43.53
2026-07-16 22:07:24,20.01,225.0,94.92,36.4,5.65,24.07,14.3,8.54,44.57
2026-07-16 22:13:02,19.31,188.0,97.84,28.2,12.54,35.71,14.0,4.18,44.19
2026-07-16 22:25:48,19.3,198.0,88.43,19.2,10.31,18.75,18.56,0.49,46.85
2026-07-16 22:35:22,18.58,164.1,98.01,37.3,13.5,26.34,20.03,8.27,47.48
2026-07-16 22:43:18,19.71,211.2,95.15,33.3,8.94,29.17,16.8,9.27,43.87
2026-07-16 22:48:45,19.23,141.9,114.96,32.1,13.21,27.34,12.42,11.46,46.6
2026-07-16 22:55:44,18.37,195.3,121.94,5.0,8.22,19.78,7.95,2.47,41.67
2026-07-16 23:01:10,19.35,167.8,117.84,12.1,9.62,27.86,16.28,4.73,45.86
2026-07-16 23:15:30,18.22,236.0,112.69,18.1,14.07,27.49,19.94,0.38,45.48
2026-07-16 23:25:39,19.02,152.8,104.08,27.0,11.03,27.2,19.98,2.93,43.13
2026-07-16 23:40:32,19.16,158.3,102.77,14.8,13.49,25.62,11.96,0.89,44.6
2026-07-16 23:50:58,18.88,128.3,116.43,35.2,12.35,21.81,10.26,2.11,43.18
2026-07-16 23:58:30,18.93,193.5,98.46,33.9,16.01,19.72,20.13,13.48,43.71
2026-07-17 00:11:02,19.8,181.5,133.18,28.6,11.0,23.93,25.57,1.11,43.18
2026-07-17 00:17:57,19.07,207.3,126.97,17.5,11.83,23.58,18.5,3.15,42.99
2026-07-17 00:26:31,19.52,146.7,118.93,36.8,19.6,24.12,13.54,0.89,43.01
2026-07-17 00:39:19,19.28,114.1,117.93,39.3,8.61,30.11,4.51,2.36,42.52
2026-07-17 00:52:59,19.28,196.6,118.2,15.7,7.63,18.28,11.46,0.92,43.6
2026-07-17 01:01:18,19.03,184.9,101.6,6.5,11.31,20.16,14.71,3.01,44.86
2026-07-17 01:07:33,18.74,118.6,97.53,37.5,12.21,31.8,11.31,3.46,39.83
2026-07-17 01:16:14,19.07,223.7,115.35,27.4,14.59,17.66,8.64,0.54,42.34
2026-07-17 01:30:07,19.44,212.3,111.49,24.1,9.7,24.44,10.37,6.57,43.31
2026-07-17 01:42:33,19.07,133.2,112.54,35.6,4.05,22.5,16.44,5.72,43.57
2026-07-17 01:56:30,19.33,196.7,104.68,38.6,14.95,33.68,16.01,4.44,44.35
2026-07-17 02:05:22,18.92,154.0,72.06,20.9,9.06,20.17,17.72,2.6,44.31
2026-07-17 02:20:06,19.6,186.8,101.66,5.1,7.24,22.97,14.58,9.18,46.28
2026-07-17 02:30:04,20.26,201.3,102.8,39.7,8.09,18.38,18.6,22.49,45.41
2026-07-17 02:40:02,20.4,198.5,91.24,7.6,10.96,18.17,7.34,0.38,43.79
2026-07-17 02:54:17,19.63,199.4,100.13,25.8,13.89,26.64,15.45,2.81,44.08
2026-07-17 03:04:29,19.6,217.6,89.95,10.5,9.84,26.08,14.3,2.01,48.5
2026-07-17 03:17:29,20.19,237.7,74.55,24.0,14.0,23.94,13.29,1.73,43.86
2026-07-17 03:29:46,20.87,298.3,78.19,22.9,14.17,20.04,10.8,1.67,43.93
2026-07-17 03:35:33,20.41,205.3,90.25,37.0,8.91,19.92,13.44,11.28,47.44
2026-07-17 03:46:34,19.94,284.8,88.82,28.0,14.84,31.82,15.91,1.61,47.66
2026-07-17 03:59:48,19.23,318.0,85.69,39.1,6.3,25.2,13.29,4.89,47.73
2026-07-17 04:10:15,21.13,271.1,76.57,34.2,8.3,22.2,19.74,3.41,47.22
2026-07-17 04:18:28,19.82,252.2,72.8,5.0,7.18,19.06,16.01,5.95,45.57
2026-07-17 04:24:16,21.33,272.7,85.72,18.7,6.28,24.37,11.44,3.05,50.46
2026-07-17 04:35:52,21.09,344.7,90.41,11.2,9.87,15.22,14.71,3.71,49.09
2026-07-17 04:43:56,20.53,328.2,81.68,26.4,14.33,26.48,17.77,15.15,46.69
2026-07-17 04:54:58,20.4,362.1,52.55,34.1,11.24,36.7,6.75,4.25,47.06
2026-07-17 05:04:14,21.68,360.4,63.49,37.1,14.55,28.28,21.24,6.41,49.69
2026-07-17 05:16:07,21.3,382.2,58.09,38.9,13.42,35.66,16.09,2.1,51.89
2026-07-17 05:24:38,20.94,333.8,75.28,37.9,13.57,31.18,18.9,2.3,51.91
2026-07-17 05:30:04,21.72,294.2,54.86,38.2,9.5,24.68,13.02,5.7,51.31
2026-07-17 05:43:46,21.94,363.2,59.28,9.2,13.96,22.29,10.72,4.3,50.43
2026-07-17 05:52:17,21.79,357.3,53.45,6.6,5.36,23.95,12.24,0.19,49.01
2026-07-17 06:07:16,22.27,389.8,48.69,20.9,12.49,22.93,18.16,0.57,49.93
2026-07-17 06:15:01,21.72,457.5,41.82,21.7,12.07,19.98,15.31,9.54,52.49
2026-07-17 06:29:49,23.59,451.9,55.66,29.4,15.78,23.51,13.49,15.02,50.9
2026-07-17 06:44:18,22.44,425.7,70.22,26.6,11.45,24.18,11.2,0.31,49.91
2026-07-17 06:50:03,22.62,436.1,55.1,9.5,10.33,28.43,10.95,9.71,50.61
2026-07-17 07:01:25,23.03,480.7,72.57,33.3,11.16,20.08,18.31,7.41,52.21
2026-07-17 07:10:03,22.02,470.0,57.77,15.5,11.01,27.88,19.05,2.06,50.09
2026-07-17 07:23:04,23.76,466.8,60.34,16.9,3.41,18.19,16.01,6.24,50.45
2026-07-17 07:34:52,22.96,483.4,91.29,36.9,15.47,33.96,13.52,2.79,51.86
2026-07-17 07:49:23,23.61,546.7,60.81,6.5,10.92,20.42,15.74,1.32,55.61
2026-07-17 07:55:49,23.7,511.3,93.73,33.9,5.67,28.07,7.33,0.36,54.71
2026-07-17 08:06:53,23.58,545.2,82.77,27.2,8.21,23.92,17.75,9.52,54.14
2026-07-17 08:19:42,23.22,532.2,56.28,22.2,4.94,15.25,15.02,23.26,53.8
2026-07-17 08:25:03,24.31,520.9,77.28,38.2,8.94,22.77,18.82,3.62,53.62
2026-07-17 08:30:43,23.8,528.0,81.87,38.6,11.51,16.07,13.83,0.95,50.11
2026-07-17 08:43:31,23.71,555.1,82.69,7.2,10.51,27.64,15.26,1.82,53.72
2026-07-17 08:52:10,24.45,579.7,95.25,13.6,10.07,24.77,17.36,6.32,53.66
2026-07-17 09:01:00,24.16,587.7,102.34,23.2,12.83,27.87,16.97,3.27,50.09
2026-07-17 09:11:40,23.86,622.5,85.24,21.9,13.2,17.78,20.5,14.25,53.17
2026-07-17 09:22:43,24.93,533.5,95.11,28.4,3.84,28.08,8.9,2.49,53.56
2026-07-17 09:34:31,24.11,587.1,93.52,21.4,10.56,32.03,17.36,1.11,55.57
2026-07-17 09:49:00,23.74,641.0,93.9,38.8,16.6,21.93,13.87,4.3,56.14
2026-07-17 09:57:43,23.95,589.4,100.4,38.4,3.81,24.03,7.87,5.35,52.7
2026-07-17 10:10:21,24.3,616.2,115.82,13.3,12.19,31.3,14.12,4.31,53.89
2026-07-17 10:21:06,24.99,605.5,96.43,19.6,9.11,17.82,15.39,6.68,56.49
2026-07-17 10:31:23,24.54,631.0,97.81,38.0,7.9,23.32,14.82,7.46,59.2
2026-07-17 10:40:22,24.2,594.5,110.99,33.9,12.96,28.44,11.7,1.03,55.99
2026-07-17 10:51:52,25.03,650.4,109.87,36.5,6.4,26.2,13.05,3.37,55.74
2026-07-17 10:59:22,25.25,615.2,96.67,37.0,8.16,25.12,17.27,8.37,55.8
2026-07-17 11:05:30,24.69,641.2,98.59,32.7,12.46,20.22,18.84,1.54,59.5
2026-07-17 11:17:51,24.3,622.1,128.26,23.2,7.69,18.52,14.81,2.15,56.7
2026-07-17 11:27:50,25.76,629.4,100.11,23.0,11.71,31.53,13.88,9.1,56.37
2026-07-17 11:36:43,24.99,534.7,110.45,14.7,8.0,21.36,23.57,5.18,57.52
2026-07-17 11:47:20,24.09,626.7,107.75,7.3,10.91,22.43,16.6,11.44,59.12
2026-07-17 11:54:57,25.07,635.2,117.74,32.3,13.17,24.16,9.72,2.14,57.68
2026-07-17 12:02:33,25.06,596.7,112.01,30.7,11.45,31.44,15.13,2.69,56.19
2026-07-17 12:12:01,24.66,643.5,106.24,38.9,9.27,25.96,16.0,0.82,56.78
2026-07-17 12:26:59,25.26,672.2,119.91,29.5,6.74,26.38,14.29,4.65,55.4
2026-07-17 12:34:50,24.96,624.4,117.05,9.5,11.98,26.07,16.84,6.39,52.91
2026-07-17 12:49:00,25.2,598.5,89.26,31.6,11.82,23.63,10.37,0.19,53.61
2026-07-17 12:58:54,24.43,618.4,101.62,28.1,13.17,15.17,17.27,8.34,55.96
2026-07-17 13:05:08,24.65,632.6,99.5,8.5,8.86,33.63,12.71,0.76,53.2
2026-07-17 13:18:40,24.79,629.6,92.12,10.3,2.68,24.4,17.04,9.16,53.05
2026-07-17 13:28:11,24.36,569.9,125.09,30.3,10.59,23.44,14.71,8.18,52.65
2026-07-17 13:42:10,24.87,660.0,99.84,29.3,9.11,24.07,15.02,0.51,56.4
2026-07-17 13:51:37,24.61,607.4,113.47,17.6,8.67,29.24,11.82,1.19,59.56
2026-07-17 13:57:30,25.79,621.5,115.6,5.9,6.63,36.51,14.43,2.74,54.47
2026-07-17 14:09:19,24.76,607.2,112.35,7.1,9.13,23.96,12.99,2.82,50.02
2026-07-17 14:22:46,24.51,590.5,99.56,14.8,11.55,18.68,8.04,2.1,54.61
2026-07-17 14:30:58,25.38,611.8,84.19,27.5,10.83,32.75,14.33,0.67,56.24
2026-07-17 14:39:27,23.49,540.8,86.42,37.0,11.97,21.94,12.05,11.18,54.35
2026-07-17 14:45:06,24.43,538.2,100.4,39.9,7.81,28.79,16.41,3.27,55.84
2026-07-17 14:55:31,24.91,608.8,93.27,8.9,13.2,16.94,12.68,7.98,53.77
2026-07-17 15:09:26,24.02,628.0,94.4,32.7,8.7,24.24,9.54,0.47,56.09
2026-07-17 15:22:56,24.23,583.4,76.57,33.4,9.0,22.38,11.18,0.8,56.95
2026-07-17 15:35:04,23.93,588.1,82.96,21.2,10.3,26.39,12.12,3.1,53.99
2026-07-17 15:49:20,23.65,542.0,101.76,17.6,11.79,21.06,14.38,1.79,53.64
2026-07-17 16:00:43,23.21,518.1,77.85,24.8,11.54,30.6,11.31,2.77,52.67
2026-07-17 16:13:39,23.0,517.9,81.99,5.2,10.28,27.35,20.66,10.29,53.32
2026-07-17 16:23:44,23.72,528.2,54.49,20.4,9.91,30.36,9.16,0.41,54.77
2026-07-17 16:29:57,22.64,474.2,80.73,21.6,5.93,38.69,17.24,2.58,50.78
2026-07-17 16:36:57,23.27,466.7,83.18,31.4,10.27,23.45,9.97,0.66,50.59
2026-07-17 16:43:21,22.99,485.1,62.33,24.0,6.71,26.75,14.46,6.27,52.16
2026-07-17 16:56:15,21.84,450.0,60.72,5.1,10.05,42.3,21.42,0.22,53.06
2026-07-17 17:01:31,22.31,438.4,68.26,34.1,7.64,30.01,6.71,2.51,46.77
2026-07-17 17:12:03,21.69,422.0,51.4,12.0,6.15,20.91,16.53,4.07,49.44
2026-07-17 17:20:45,22.38,471.4,57.04,12.6,10.93,24.64,16.24,3.27,50.89
2026-07-17 17:33:47,22.72,440.3,64.89,11.4,9.36,11.98,12.4,4.37,48.35
2026-07-17 17:44:18,23.61,364.7,52.56,29.9,10.17,27.55,13.73,2.82,53.35
2026-07-17 17:55:25,22.01,438.4,53.16,23.0,11.59,19.35,15.82,0.28,50.89
2026-07-17 18:01:17,22.39,436.2,68.03,27.0,10.93,34.56,20.2,13.78,53.34
2026-07-17 18:09:22,21.57,394.8,67.48,31.3,6.37,22.08,20.22,2.98,47.46
2026-07-17 18:24:22,21.83,386.6,81.61,30.6,8.85,18.18,13.69,16.7,51.51
2026-07-17 18:36:33,21.27,385.8,41.48,39.0,15.72,20.37,14.27,7.09,50.09
2026-07-17 18:46:49,20.42,370.8,54.55,37.4,12.83,20.14,13.14,3.53,48.52
2026-07-17 18:59:30,21.27,364.5,81.43,14.1,13.26,26.64,13.25,9.24,48.62
2026-07-17 19:12:44,21.34,301.3,80.12,8.2,12.06,23.75,13.66,0.86,50.47
2026-07-17 19:18:28,20.52,275.1,60.5,26.0,4.24,30.0,18.77,2.49,50.61
2026-07-17 19:33:12,21.51,289.7,82.22,6.8,6.38,29.51,16.0,6.25,47.44
2026-07-17 19:44:37,21.57,302.6,66.14,17.4,16.19,27.93,13.44,1.67,46.4
2026-07-17 19:54:07,21.17,257.0,70.22,18.2,9.03,34.05,20.76,4.35,48.99
2026-07-17 20:05:55,19.88,263.5,76.22,27.4,15.13,17.44,14.03,4.71,45.33
2026-07-17 20:14:22,20.06,282.7,81.84,5.9,14.11,20.86,16.01,0.33,49.25
2026-07-17 20:28:09,20.24,268.9,89.43,39.3,6.88,31.66,16.87,3.91,44.57
2026-07-17 20:40:57,20.49,270.8,72.78,12.8,7.63,18.98,13.94,3.48,43.04
2026-07-17 20:52:21,19.28,251.4,96.8,21.8,15.01,24.51,10.07,2.77,46.79
2026-07-17 20:59:10,19.76,223.4,90.1,34.0,11.98,17.8,11.52,6.45,43.67
2026-07-17 21:13:50,20.42,176.3,84.0,40.0,13.32,19.33,17.16,6.36,46.39
2026-07-17 21:23:09,20.04,197.3,99.43,13.9,9.89,22.91,14.38,2.02,45.56
2026-07-17 21:37:16,19.47,238.3,117.47,14.7,9.46,27.65,16.28,1.91,45.77
2026-07-17 21:42:49,19.85,206.1,98.86,24.9,10.7,23.52,15.83,7.04,40.67
2026-07-17 21:49:04,19.59,197.3,83.26,9.4,9.8,31.21,15.11,3.96,42.13
2026-07-17 21:55:35,20.21,181.7,108.72,24.3,7.51,26.67,15.93,1.58,38.36
2026-07-17 22:02:14,19.21,204.4,83.61,26.8,13.68,21.58,19.75,4.79,43.96
2026-07-17 22:10:28,18.46,174.2,103.4,18.9,18.16,21.04,12.08,13.32,43.41
2026-07-17 22:22:33,19.56,191.8,101.88,16.9,9.82,29.33,13.96,4.76,43.72
2026-07-17 22:31:01,19.09,133.3,119.76,21.7,11.65,20.03,19.73,2.4,43.81
2026-07-17 22:45:25,18.72,183.7,108.55,28.9,15.25,28.58,8.32,8.24,43.51
2026-07-17 22:59:22,19.22,193.6,94.57,9.4,12.51,21.14,14.71,2.33,46.38
2026-07-17 23:12:50,19.26,203.6,112.77,27.8,9.49,27.56,9.82,0.99,43.63
2026-07-17 23:20:20,18.91,191.7,94.93,32.5,14.25,24.62,9.91,2.85,43.45
2026-07-17 23:31:41,19.03,167.6,101.96,5.5,10.65,20.83,11.62,7.06,44.93
2026-07-17 23:42:12,18.44,214.3,94.07,15.8,7.73,23.52,17.56,7.6,44.18
2026-07-17 23:48:27,18.89,200.6,124.37,17.9,11.85,15.26,16.63,1.02,40.17
2026-07-17 23:56:29,18.32,182.8,119.46,16.7,11.01,22.2,13.19,0.28,42.98
2026-07-18 00:06:49,18.3,170.4,115.41,11.1,7.89,37.36,16.26,10.66,41.98
2026-07-18 00:16:50,18.81,128.7,96.03,26.5,12.96,23.2,16.19,0.97,43.78
2026-07-18 00:23:31,18.79,105.3,128.94,22.6,13.57,23.34,11.06,0.31,43.82
2026-07-18 00:37:56,19.13,79.7,120.51,23.1,10.32,18.74,18.83,23.92,46.91
2026-07-18 00:44:29,19.79,183.2,120.8,38.0,5.06,28.02,22.17,2.95,44.42
2026-07-18 00:56:04,19.6,166.0,107.72,33.4,11.79,32.19,17.98,12.6,46.49
2026-07-18 01:08:17,19.33,177.2,124.12,21.8,10.38,29.56,11.65,6.98,43.22
2026-07-18 01:19:20,19.78,185.5,120.49,17.9,9.3,24.44,19.78,1.85,46.18
2026-07-18 01:32:45,19.69,179.3,93.4,35.8,6.76,31.37,16.18,5.63,44.28
2026-07-18 01:43:23,18.91,194.9,94.27,16.8,13.23,27.02,17.1,10.6,48.27
2026-07-18 01:56:39,20.15,216.9,115.5,20.7,10.51,18.15,14.07,5.73,39.27
2026-07-18 02:01:56,18.74,154.7,111.08,32.1,11.64,25.33,12.03,1.74,42.74
2026-07-18 02:07:23,18.81,188.4,101.19,35.4,7.24,23.34,15.75,3.22,45.58
2026-07-18 02:18:48,19.36,159.5,117.42,26.2,12.17,22.14,16.96,0.21,43.7
2026-07-18 02:29:34,20.24,249.2,100.6,32.7,10.61,32.9,12.76,4.89,45.2
2026-07-18 02:41:04,19.84,274.5,96.93,35.0,9.69,30.75,9.66,6.74,42.26
2026-07-18 02:53:45,19.74,198.1,100.58,15.0,14.77,19.6,13.61,1.47,46.65
2026-07-18 03:02:55,20.98,194.4,91.28,33.9,13.16,26.53,19.8,2.24,48.28
2026-07-18 03:14:18,20.29,250.5,105.05,24.3,14.55,25.74,15.25,5.54,42.44
2026-07-18 03:24:17,20.15,289.3,94.41,22.6,12.64,19.6,8.09,6.65,47.08
2026-07-18 03:35:33,19.62,222.5,91.47,23.0,13.52,33.63,14.48,24.96,45.79
2026-07-18 03:43:27,20.05,301.2,91.44,14.6,12.54,22.42,15.68,2.36,47.47
2026-07-18 03:58:01,20.53,272.8,67.07,31.2,8.32,27.59,14.03,8.91,51.26
2026-07-18 04:07:51,20.18,254.1,82.22,24.9,11.88,35.87,21.59,21.11,45.89
2026-07-18 04:20:53,20.24,255.6,86.93,38.0,2.15,19.18,10.22,0.25,47.21
2026-07-18 04:32:44,19.87,278.0,74.99,33.6,11.33,28.6,15.27,10.99,50.8
2026-07-18 04:40:43,21.05,293.8,77.53,9.0,13.02,21.81,10.95,4.08,45.75
2026-07-18 04:46:27,21.23,291.3,67.9,7.9,10.3,23.64,18.71,7.97,47.02
2026-07-18 04:52:03,22.21,333.4,80.18,37.5,7.47,19.21,19.11,0.24,49.46
2026-07-18 05:01:26,20.72,342.3,65.41,27.5,4.09,26.46,18.24,10.06,45.27
2026-07-18 05:11:17,20.86,351.1,60.15,11.9,10.08,24.09,17.08,1.01,46.98
2026-07-18 05:18:19,20.82,396.5,84.08,25.6,7.42,23.18,15.6,0.1,48.11
2026-07-18 05:29:23,21.1,411.5,55.53,19.8,10.41,25.44,9.64,1.78,45.63
2026-07-18 05:37:31,21.89,382.7,73.04,12.9,2.03,23.18,22.12,3.9,51.63
2026-07-18 05:49:42,22.26,423.9,46.61,32.0,6.42,26.16,21.86,7.14,50.04
2026-07-18 06:02:02,21.46,418.2,49.01,23.7,11.59,18.64,12.71,0.87,47.31
2026-07-18 06:15:39,21.65,378.9,51.75,24.5,5.77,24.11,18.61,5.73,52.05
2026-07-18 06:30:24,21.84,390.8,60.07,33.1,10.33,20.72,16.64,9.29,46.92
2026-07-18 06:36:43,22.02,477.4,61.35,9.4,11.5,24.07,19.99,2.22,48.63
2026-07-18 06:45:25,23.0,412.4,45.03,11.5,7.36,38.74,16.02,4.03,55.96
2026-07-18 06:56:02,22.77,481.0,58.75,9.9,12.99,27.46,13.22,15.77,52.94
2026-07-18 07:04:13,22.29,474.3,62.47,9.8,5.7,23.03,20.2,7.66,54.11
2026-07-18 07:13:53,23.37,494.5,57.88,14.8,6.88,20.78,18.98,0.97,51.09
2026-07-18 07:21:34,23.8,538.7,64.04,20.7,13.45,28.87,7.34,12.23,51.79
2026-07-18 07:29:02,23.94,489.2,78.01,33.8,8.57,28.42,7.44,1.92,52.6
2026-07-18 07:35:01,23.26,481.3,77.27,34.6,8.63,18.67,20.58,6.19,55.65
2026-07-18 07:42:55,23.38,531.2,79.75,37.4,12.48,21.94,19.22,1.19,51.91
2026-07-18 07:51:45,24.03,555.6,71.79,10.7,10.35,20.85,13.69,6.38,52.84
2026-07-18 08:02:54,23.47,552.6,86.88,38.1,10.78,22.1,12.62,1.37,50.1
2026-07-18 08:10:23,23.95,552.6,64.32,37.3,14.48,26.34,11.29,3.28,54.96
2026-07-18 08:24:03,23.93,498.2,79.35,38.2,13.29,28.55,20.42,9.28,53.09
2026-07-18 08:30:38,24.01,536.6,88.24,11.5,8.84,34.0,19.01,6.81,54.17
2026-07-18 08:38:55,24.82,555.4,84.98,24.9,10.24,26.23,18.83,1.88,54.73
2026-07-18 08:49:41,25.27,568.3,89.72,39.6,14.66,30.07,17.45,7.69,52.39
2026-07-18 08:57:49,23.92,552.8,109.45,9.9,6.93,22.69,10.65,10.02,52.75
2026-07-18 09:10:27,23.99,585.3,93.12,31.8,17.51,18.05,18.36,16.01,55.07
2026-07-18 09:20:26,23.72,605.3,104.75,33.2,10.47,23.07,20.24,0.37,52.73
2026-07-18 09:30:35,24.37,599.5,89.94,26.4,13.09,25.56,17.5,3.16,53.22
2026-07-18 09:40:34,25.73,606.8,83.36,20.3,3.88,23.45,15.41,0.82,58.96
2026-07-18 09:48:39,24.01,595.6,98.51,6.4,13.73,22.04,16.13,3.97,61.74
2026-07-18 09:53:53,24.44,657.8,86.39,22.6,2.48,21.17,13.81,12.7,56.41
2026-07-18 10:08:20,24.86,571.5,108.97,9.8,7.52,29.31,16.06,2.95,53.79
2026-07-18 10:18:23,24.85,643.6,107.08,26.7,8.29,28.81,12.83,1.01,56.23
2026-07-18 10:33:03,25.09,587.0,97.02,31.8,9.31,29.56,17.91,6.02,55.21
2026-07-18 10:40:13,24.08,574.6,94.04,8.5,11.19,26.15,16.72,0.5,50.95
2026-07-18 10:48:44,24.95,627.7,103.1,38.0,12.21,24.31,13.79,6.07,55.92
2026-07-18 10:54:15,24.97,624.2,98.11,13.2,12.87,14.43,14.47,0.97,54.96
2026-07-18 11:04:12,25.12,632.9,115.3,16.0,12.42,26.76,10.03,10.28,56.91
2026-07-18 11:18:01,25.06,588.3,118.04,37.2,11.28,26.15,16.41,1.01,59.01
2026-07-18 11:29:34,25.91,583.7,100.87,14.1,6.23,20.37,10.87,0.16,54.93
2026-07-18 11:39:16,26.21,588.0,110.57,29.6,11.87,20.37,6.22,6.16,54.53
2026-07-18 11:49:38,24.59,624.4,117.06,31.3,10.38,25.64,15.22,2.49,58.68
2026-07-18 12:03:06,24.82,690.7,106.75,5.4,8.55,18.88,18.7,13.88,56.03
2026-07-18 12:12:25,25.38,617.7,94.44,31.6,9.81,30.75,16.97,4.93,60.2
2026-07-18 12:26:14,24.31,665.6,109.07,26.5,15.92,17.04,10.72,1.4,58.58
2026-07-18 12:38:31,24.5,664.4,114.91,7.5,12.26,36.99,18.75,4.21,53.38
2026-07-18 12:51:09,24.59,608.7,114.86,37.0,10.47,23.45,8.92,3.25,54.93
2026-07-18 12:59:49,25.64,644.7,108.62,14.3,13.42,21.63,9.25,15.67,54.44
2026-07-18 13:08:49,24.32,619.9,120.18,38.7,8.49,27.53,19.65,2.37,55.78
2026-07-18 13:19:31,24.99,611.6,103.17,27.2,11.86,25.92,13.63,1.19,54.53
2026-07-18 13:26:28,25.05,638.7,102.04,8.7,8.14,24.26,17.38,14.69,56.06
2026-07-18 13:37:00,24.65,602.5,106.8,35.0,7.51,32.4,17.77,0.16,59.58
2026-07-18 13:42:44,24.97,576.9,111.25,17.5,15.1,25.3,6.44,3.57,54.29
2026-07-18 13:52:47,24.66,629.1,106.5,18.7,9.26,25.51,17.13,13.12,54.7
2026-07-18 14:05:25,25.3,670.8,95.34,21.0,10.27,8.38,4.37,3.0,53.16
2026-07-18 14:13:13,25.13,554.2,111.61,25.8,12.11,22.32,16.12,0.24,56.44
2026-07-18 14:28:06,24.29,562.1,79.73,32.9,11.24,23.17,11.68,0.4,56.56
2026-07-18 14:39:55,23.76,592.4,109.43,5.0,10.62,22.95,15.59,2.11,56.27
2026-07-18 14:46:06,24.92,561.7,92.96,20.1,11.32,24.4,16.8,0.94,51.41
2026-07-18 15:00:51,23.46,622.4,95.13,36.8,6.44,23.7,9.0,4.17,51.09
2026-07-18 15:09:47,24.38,542.2,90.59,18.0,8.82,24.36,12.06,6.92,53.16
2026-07-18 15:22:44,23.7,521.2,86.9,24.5,8.72,26.54,15.35,24.41,53.03
2026-07-18 15:31:08,24.13,492.1,82.36,26.1,10.8,31.15,8.22,3.55,57.0
2026-07-18 15:45:31,22.73,501.7,86.0,38.7,7.72,24.38,16.23,0.5,52.12
2026-07-18 15:58:04,23.5,522.3,74.5,6.9,6.07,22.82,9.54,9.12,52.41
2026-07-18 16:05:04,23.54,559.3,83.12,14.7,11.89,20.97,15.26,1.19,55.14
2026-07-18 16:15:09,23.94,491.9,75.79,19.8,12.71,23.64,12.88,0.05,51.86
2026-07-18 16:25:09,23.7,526.7,76.87,12.3,10.07,36.17,17.95,5.95,52.62
2026-07-18 16:30:36,23.41,484.6,61.47,34.8,14.27,32.32,15.25,0.21,55.48
2026-07-18 16:36:58,23.12,470.4,79.03,6.6,11.5,24.93,17.65,5.73,52.98
2026-07-18 16:45:18,22.55,483.0,62.31,34.0,7.29,26.25,16.47,3.85,51.41
2026-07-18 16:55:03,22.97,475.7,72.67,25.9,10.26,16.05,19.19,5.79,51.57
2026-07-18 17:04:37,22.16,428.5,74.0,35.1,12.7,32.0,13.02,7.69,51.26
2026-07-18 17:15:40,22.5,504.3,60.76,7.3,4.44,22.74,16.55,4.19,51.6
2026-07-18 17:25:50,22.14,462.0,66.96,22.5,7.43,29.74,9.8,9.21,53.73
2026-07-18 17:34:07,22.8,408.9,57.21,18.4,3.69,21.47,6.22,0.44,48.68
2026-07-18 17:45:14,22.16,399.2,60.42,15.0,10.19,21.18,12.6,2.82,48.6
2026-07-18 17:51:52,22.87,403.6,47.24,12.9,8.81,24.43,15.26,5.21,48.66
2026-07-18 18:06:46,22.31,406.3,55.99,9.7,11.11,23.31,14.36,1.22,50.92
2026-07-18 18:19:10,21.52,388.8,59.33,27.9,7.58,23.68,12.03,0.82,47.83
2026-07-18 18:27:09,20.77,322.8,38.25,23.7,1.22,25.64,20.28,6.73,48.44
2026-07-18 18:35:31,21.8,356.3,59.66,33.7,12.59,30.84,17.75,5.74,48.97
2026-07-18 18:48:48,21.71,338.3,68.75,9.7,18.83,21.78,25.22,1.03,46.99
2026-07-18 18:59:08,21.12,346.6,58.28,14.1,9.58,27.71,22.02,8.28,48.52
2026-07-18 19:11:13,21.29,356.3,51.54,23.5,7.59,27.7,14.25,3.15,46.29
2026-07-18 19:19:13,20.83,252.8,62.99,16.6,9.08,18.63,16.53,11.26,48.44
2026-07-18 19:32:22,20.45,315.2,52.12,27.3,12.68,23.45,15.24,3.2,49.58
2026-07-18 19:41:03,21.03,274.2,87.8,22.6,8.31,26.76,14.66,1.17,47.29
2026-07-18 19:52:47,20.79,271.4,86.18,23.7,13.28,21.45,23.38,12.45,45.06
2026-07-18 20:07:35,20.35,285.8,72.36,25.9,14.25,19.74,23.5,4.29,43.76
2026-07-18 20:18:26,20.88,288.5,101.81,13.4,1.92,29.08,17.5,6.32,48.05
2026-07-18 20:31:24,20.56,251.2,69.3,15.0,14.62,37.39,14.86,5.26,45.02
2026-07-18 20:43:39,19.85,300.3,74.85,33.6,9.18,29.14,12.7,0.29,49.05
2026-07-18 20:55:32,19.6,225.4,92.4,38.6,7.87,24.6,14.31,3.82,45.45
2026-07-18 21:00:48,19.64,282.1,85.6,37.2,10.95,26.97,11.58,0.48,47.61
2026-07-18 21:10:32,20.16,213.0,99.5,38.9,12.37,23.05,23.37,2.84,48.54
2026-07-18 21:25:13,19.16,209.3,116.04,27.8,9.59,23.58,9.26,0.89,45.37
2026-07-18 21:38:02,19.01,160.4,110.96,32.9,10.58,31.56,9.77,1.26,43.05
2026-07-18 21:50:48,19.66,170.8,95.88,16.3,11.27,30.2,21.73,5.19,47.78
2026-07-18 22:01:35,20.21,206.3,96.44,33.5,4.75,26.64,14.41,13.13,42.84
2026-07-18 22:13:48,19.86,180.7,101.02,5.9,13.41,33.04,15.91,1.85,45.58
2026-07-18 22:24:38,18.95,220.8,109.57,5.9,9.49,20.86,24.94,5.89,47.72
2026-07-18 22:31:20,20.01,180.9,93.3,27.0,18.13,33.23,17.23,1.1,43.72
2026-07-18 22:42:37,18.84,154.4,116.35,11.2,14.27,23.77,9.67,1.03,43.76
2026-07-18 22:53:49,18.15,176.0,98.48,30.2,12.73,24.02,19.6,1.2,42.43
2026-07-18 23:07:14,19.11,184.6,97.46,20.5,6.03,23.98,12.53,3.69,44.08
2026-07-18 23:13:43,19.05,142.8,117.31,29.3,14.46,19.19,15.57,1.29,42.72
2026-07-18 23:25:31,18.5,178.6,120.39,8.2,9.41,38.02,18.31,0.23,45.12
2026-07-18 23:30:50,19.66,165.6,104.56,22.7,13.2,33.22,13.66,3.38,44.67
2026-07-18 23:45:19,19.13,171.9,94.74,39.3,4.16,27.22,25.11,5.66,43.16
2026-07-18 23:51:25,18.77,210.4,120.52,28.3,11.75,20.52,14.18,9.81,42.5
2026-07-18 23:56:36,19.11,126.4,102.45,9.6,14.48,28.31,25.25,1.22,43.58
2026-07-19 00:04:44,18.73,224.4,103.36,22.8,6.67,18.72,11.43,2.12,50.61
2026-07-19 00:11:15,19.99,156.7,95.38,28.3,8.08,21.08,7.71,0.98,45.98
2026-07-19 00:23:10,18.88,121.4,122.65,26.6,12.06,24.85,10.22,1.39,40.46
2026-07-19 00:32:16,19.73,130.4,91.67,7.3,10.71,21.31,11.06,1.58,43.12
2026-07-19 00:45:01,18.53,182.1,113.33,22.0,7.64,34.04,21.54,5.3,43.05
2026-07-19 00:59:13,19.06,172.3,104.25,18.5,8.22,23.6,15.8,7.68,43.46
2026-07-19 01:12:57,18.84,187.8,97.08,17.8,14.48,28.13,15.31,1.92,43.71
2026-07-19 01:25:18,18.39,153.8,119.46,17.9,8.3,17.82,17.79,0.37,40.31
2026-07-19 01:30:56,18.78,160.9,114.28,5.6,11.2,24.11,14.03,1.19,41.82
2026-07-19 01:37:18,18.99,215.2,100.7,21.7,11.5,27.72,15.01,1.46,43.45
2026-07-19 01:44:23,19.42,226.0,105.23,27.8,13.99,29.59,17.9,14.13,45.52
2026-07-19 01:52:38,18.6,166.3,81.07,19.1,13.09,17.93,13.85,2.6,42.48
2026-07-19 02:04:15,19.18,198.1,107.3,22.2,8.78,25.21,9.5,0.71,42.81
2026-07-19 02:14:31,19.07,163.1,124.92,29.3,11.34,31.03,13.89,3.22,43.21
2026-07-19 02:22:39,19.43,242.5,79.1,37.9,7.44,15.15,13.9,0.61,43.49
2026-07-19 02:29:23,20.33,237.0,94.69,38.4,11.71,20.87,8.8,5.07,45.65
2026-07-19 02:43:30,19.96,232.8,96.89,7.4,12.83,17.78,11.12,24.94,45.62
2026-07-19 02:51:55,19.29,211.0,104.14,29.9,8.38,30.23,15.03,4.12,44.23
2026-07-19 03:00:28,20.14,214.0,83.21,19.0,6.39,22.05,22.37,0.47,43.83
2026-07-19 03:13:11,20.2,213.1,81.14,6.2,13.76,25.81,14.19,2.61,44.14
2026-07-19 03:25:24,20.74,241.6,88.07,30.9,13.82,23.99,7.36,2.91,42.81
2026-07-19 03:36:50,20.78,286.1,82.07,29.4,8.68,25.58,17.68,5.93,43.82
2026-07-19 03:48:46,19.92,281.3,91.05,10.7,11.64,29.38,15.91,21.89,48.36
2026-07-19 03:59:52,20.91,246.1,92.26,24.6,7.9,20.91,13.46,2.5,48.81
2026-07-19 04:06:47,20.33,262.3,81.99,16.6,9.52,35.73,20.86,1.84,45.6
2026-07-19 04:14:15,20.65,304.6,87.73,18.8,7.5,31.0,12.67,6.99,47.47
2026-07-19 04:24:50,21.56,317.5,68.14,20.8,10.91,35.2,17.24,3.73,46.47
2026-07-19 04:32:05,20.55,270.8,67.27,6.7,9.37,22.54,18.68,4.65,43.12
2026-07-19 04:46:49,21.22,368.3,67.95,23.7,10.47,18.97,16.99,1.43,46.86
2026-07-19 04:54:47,21.2,334.1,77.28,9.5,7.59,24.11,13.15,3.26,50.01
2026-07-19 05:02:40,21.37,369.2,57.87,11.7,6.41,18.6,11.89,4.4,50.14
2026-07-19 05:09:45,21.5,335.0,63.35,14.7,10.89,21.11,16.4,13.22,50.31
2026-07-19 05:21:48,22.04,308.3,52.6,10.0,9.78,20.33,16.29,6.62,49.73
2026-07-19 05:29:58,20.64,381.9,66.16,25.8,7.23,27.42,19.92,4.94,51.94
2026-07-19 05:38:27,20.62,347.1,52.13,33.2,13.64,21.8,17.92,2.24,48.89
2026-07-19 05:52:48,21.78,413.8,47.47,8.0,12.63,26.06,19.93,2.32,51.05
2026-07-19 06:05:45,21.79,428.1,68.48,10.5,9.23,22.63,16.65,3.06,49.11
2026-07-19 06:13:29,22.38,441.6,52.32,13.1,9.52,18.73,16.6,3.51,49.08
2026-07-19 06:19:42,21.41,375.6,66.23,34.1,15.2,26.8,20.79,6.2,50.29
2026-07-19 06:31:28,22.92,408.9,54.9,38.6,14.93,30.17,20.93,0.47,49.6
2026-07-19 06:40:16,22.03,450.1,58.08,14.2,12.54,24.83,15.75,1.3,50.46
2026-07-19 06:55:04,22.97,402.3,69.91,33.5,9.42,21.87,12.94,2.48,52.83
2026-07-19 07:08:15,23.63,463.8,50.93,31.6,10.51,27.54,20.59,1.33,51.65
2026-07-19 07:22:48,23.23,496.2,45.88,12.5,15.39,27.6,12.99,1.24,52.05
2026-07-19 07:35:50,23.77,538.6,80.5,28.5,7.02,27.42,15.54,9.69,52.3
2026-07-19 07:43:45,23.66,530.9,63.22,16.0,6.81,26.37,14.19,1.63,52.14
2026-07-19 07:51:37,23.52,529.0,75.72,13.1,5.52,20.79,15.99,0.15,51.67
2026-07-19 08:03:46,23.39,589.2,81.49,23.9,9.11,13.31,17.5,8.04,54.37
2026-07-19 08:12:14,22.8,535.4,81.78,20.9,10.93,27.55,15.97,10.65,51.68
2026-07-19 08:21:39,24.59,558.3,80.76,14.1,3.42,29.14,12.01,7.48,57.05
2026-07-19 08:29:13,24.48,516.5,74.38,16.2,9.91,27.36,16.24,9.91,50.99
2026-07-19 08:39:00,24.06,549.1,80.42,23.8,12.89,27.54,13.89,5.66,52.58
2026-07-19 08:46:02,23.66,566.6,87.14,10.4,5.6,19.76,9.74,2.43,52.42
2026-07-19 08:56:25,24.11,542.3,91.33,30.9,13.57,30.45,13.5,4.93,50.9
2026-07-19 09:10:45,24.47,594.0,97.2,9.5,10.8,25.8,4.79,0.21,53.42
2026-07-19 09:22:42,23.85,504.6,79.14,31.0,8.23,35.59,17.75,18.65,58.14
2026-07-19 09:29:05,24.81,612.3,88.71,29.3,12.07,13.91,11.96,4.43,53.66
2026-07-19 09:40:14,24.18,581.0,90.88,30.7,13.2,26.92,13.84,0.54,56.87
2026-07-19 09:51:06,25.51,649.9,95.15,13.7,8.22,23.88,22.82,0.81,55.6
2026-07-19 09:58:32,24.82,619.0,95.15,14.1,5.88,28.56,12.29,15.86,57.93
2026-07-19 10:10:13,24.22,650.2,103.34,11.8,12.48,24.38,6.88,0.09,56.85
2026-07-19 10:20:32,24.11,617.0,91.22,16.6,9.79,24.87,15.81,0.91,57.2
2026-07-19 10:31:55,24.25,596.5,113.81,17.2,5.34,18.4,17.25,3.43,58.36
2026-07-19 10:37:26,24.04,578.8,94.77,12.3,12.56,31.39,13.26,1.9,55.75
2026-07-19 10:46:34,25.16,657.5,101.52,32.8,11.51,28.98,17.37,10.85,57.4
2026-07-19 10:58:45,24.77,641.5,109.78,27.9,8.5,14.72,10.96,0.82,55.61
2026-07-19 11:04:45,25.1,699.3,96.78,31.9,10.34,27.81,12.22,6.04,58.89
2026-07-19 11:17:28,24.51,654.3,93.41,10.4,11.1,17.14,19.07,6.41,53.34
2026-07-19 11:22:31,23.89,664.8,111.76,16.7,9.79,31.0,11.93,0.51,53.9
2026-07-19 11:33:01,25.05,652.0,100.06,6.4,5.81,24.12,19.9,9.52,55.63
2026-07-19 11:47:18,24.71,644.9,106.11,34.8,14.67,30.25,15.77,1.76,54.1
2026-07-19 11:56:22,24.46,586.9,106.99,35.4,6.38,19.03,13.66,23.8,55.92
2026-07-19 12:10:44,25.06,641.0,105.14,16.4,9.02,24.4,13.76,0.72,57.59
2026-07-19 12:24:31,24.99,637.6,111.4,37.5,8.2,30.06,12.62,5.08,52.22
2026-07-19 12:34:17,25.08,585.9,107.09,38.6,8.42,21.9,19.56,7.46,53.51
2026-07-19 12:41:17,25.34,657.9,114.81,11.3,11.83,18.91,10.95,2.86,56.39
2026-07-19 12:55:55,25.07,643.6,116.08,7.2,9.12,31.72,8.01,0.6,55.12
2026-07-19 13:04:08,24.76,560.4,118.92,35.2,8.06,26.45,13.7,9.93,52.24
2026-07-19 13:15:35,25.15,593.1,114.43,39.2,9.2,32.54,16.95,5.99,56.36
2026-07-19 13:29:40,25.26,646.4,124.64,19.8,12.15,32.57,15.8,0.92,55.76
2026-07-19 13:35:34,24.75,665.5,98.44,23.9,11.05,29.71,15.25,5.0,55.37
2026-07-19 13:46:18,24.54,631.5,104.14,13.2,13.68,22.07,5.94,4.03,56.46
2026-07-19 13:56:39,25.07,616.7,96.79,32.2,10.12,23.22,10.29,2.83,56.0
2026-07-19 14:08:53,24.91,558.3,118.94,11.2,7.6,15.14,12.12,10.69,50.86
2026-07-19 14:23:15,24.42,565.9,80.35,12.1,11.21,20.3,14.91,5.04,52.5
2026-07-19 14:37:23,25.28,534.2,110.69,31.9,7.4,27.44,18.95,1.42,49.74
2026-07-19 14:44:08,23.85,643.7,112.25,11.6,7.26,17.42,15.86,4.69,55.89
2026-07-19 14:57:57,24.66,593.7,66.43,17.2,9.59,28.16,21.03,6.52,56.4
2026-07-19 15:04:43,24.3,553.5,75.26,37.9,17.35,26.53,11.08,5.26,54.39
2026-07-19 15:18:55,23.33,575.6,79.91,5.2,12.88,30.0,12.05,0.53,53.01
2026-07-19 15:33:53,23.47,548.9,72.08,21.3,7.1,26.75,10.41,0.59,54.17
2026-07-19 15:42:51,24.21,530.1,92.66,23.9,6.57,22.78,20.61,0.98,50.64
2026-07-19 15:52:48,22.23,534.7,76.65,18.7,4.96,34.1,11.82,0.94,54.35
2026-07-19 16:07:10,23.87,485.0,85.74,12.1,11.48,20.02,11.41,11.09,53.77
2026-07-19 16:21:48,23.63,464.7,66.18,27.0,13.25,25.31,14.36,9.89,53.55
2026-07-19 16:36:03,23.47,489.3,54.69,19.4,10.79,10.62,7.67,0.32,49.58
2026-07-19 16:49:49,23.18,434.8,69.55,24.4,7.88,22.59,13.69,2.17,50.44
2026-07-19 16:54:55,22.37,441.8,63.76,22.8,10.66,27.93,8.19,9.39,53.4
2026-07-19 17:05:36,23.07,449.0,75.0,38.0,8.33,29.2,8.66,0.56,49.64
2026-07-19 17:11:40,22.0,486.3,55.06,16.1,9.5,25.79,12.67,5.11,52.69
2026-07-19 17:26:30,21.49,427.0,64.29,34.2,11.79,24.75,17.83,2.53,52.59
2026-07-19 17:34:21,22.17,466.6,74.53,11.3,12.15,21.27,14.34,3.67,50.69
2026-07-19 17:49:14,22.13,439.6,43.78,11.6,9.56,23.75,9.11,3.89,50.61
2026-07-19 17:59:40,22.07,441.2,31.59,31.0,10.93,28.63,17.28,20.75,50.12
2026-07-19 18:09:36,22.17,441.8,47.99,37.0,11.98,26.01,12.27,7.13,46.88
2026-07-19 18:24:00,21.14,397.9,65.46,27.6,7.04,38.06,16.14,2.21,48.69
2026-07-19 18:37:30,22.13,363.5,53.16,20.3,4.4,22.52,19.25,4.21,48.91
2026-07-19 18:47:11,20.82,350.6,61.86,9.1,9.41,19.91,15.72,5.15,49.73
2026-07-19 18:54:07,21.35,344.0,53.44,36.1,11.56,27.53,17.97,17.36,47.77
2026-07-19 19:00:14,21.68,367.6,76.61,28.3,10.93,31.14,13.56,13.23,49.26
2026-07-19 19:06:52,20.71,329.2,69.71,10.0,10.26,22.55,19.65,2.87,46.83
2026-07-19 19:16:27,20.59,325.5,63.94,37.9,10.85,27.89,19.97,2.02,48.66
2026-07-19 19:24:01,21.62,296.7,62.42,6.0,6.57,25.04,11.18,5.77,49.46
2026-07-19 19:30:53,20.54,344.1,65.8,8.4,8.42,26.63,12.4,1.28,51.47
2026-07-19 19:43:15,20.73,320.0,74.5,30.5,10.36,27.95,19.08,0.29,43.62
2026-07-19 19:56:10,20.52,253.6,65.92,37.6,3.91,32.23,17.63,3.2,49.62
2026-07-19 20:06:50,20.1,252.2,73.06,10.5,10.52,18.86,12.11,2.13,46.44
2026-07-19 20:19:25,19.97,303.8,78.43,25.5,9.39,22.43,20.69,2.13,46.18
2026-07-19 20:26:10,19.79,188.6,101.02,16.5,9.15,26.54,18.31,0.27,47.17
2026-07-19 20:39:44,20.17,239.0,86.78,20.7,11.24,23.01,19.23,7.23,44.95
2026-07-19 20:53:42,19.59,255.9,99.44,23.5,9.8,16.89,20.38,3.09,48.18
2026-07-19 21:06:58,19.56,245.8,97.99,12.0,6.33,22.36,23.35,1.14,44.49
2026-07-19 21:17:07,20.23,197.4,93.94,9.4,10.25,27.04,16.43,1.37,42.48
2026-07-19 21:22:59,19.0,161.9,106.77,6.3,9.61,18.89,15.79,0.96,46.01
2026-07-19 21:34:41,19.49,216.5,87.24,21.6,15.61,25.57,11.8,0.32,45.87
2026-07-19 21:41:32,19.76,232.4,96.25,28.1,12.51,32.23,12.12,3.29,45.89
2026-07-19 21:47:56,18.93,230.4,107.86,8.8,6.95,27.59,12.87,3.43,48.87
2026-07-19 21:56:10,19.38,162.0,97.12,33.3,11.23,23.44,14.22,1.86,45.36
2026-07-19 22:03:39,19.87,157.1,95.5,36.1,7.81,21.16,18.6,4.7,44.44
2026-07-19 22:11:16,18.55,162.5,101.53,23.6,8.64,19.61,13.48,4.31,43.23
2026-07-19 22:18:37,19.22,226.2,97.57,10.7,8.94,19.02,10.9,11.75,45.89
2026-07-19 22:31:09,19.42,199.9,101.56,32.2,16.97,22.55,21.38,11.56,42.9
2026-07-19 22:45:42,18.46,144.8,101.48,24.6,14.0,18.49,17.75,6.19,43.18
2026-07-19 22:53:43,18.78,199.8,122.96,34.5,8.34,27.64,15.71,2.91,41.45
2026-07-19 23:05:56,18.68,117.4,94.77,34.6,12.94,17.14,13.48,5.1,46.55
2026-07-19 23:11:03,19.53,147.4,110.12,16.5,10.25,21.31,13.36,16.83,47.39
2026-07-19 23:22:35,18.63,176.5,91.94,12.2,3.9,25.23,11.06,3.71,43.79
2026-07-19 23:34:31,19.72,185.6,105.18,22.6,8.43,25.12,7.22,0.61,45.35
2026-07-19 23:40:08,19.2,195.7,108.75,23.9,8.95,36.0,7.58,0.11,42.09
2026-07-19 23:46:19,19.21,118.3,122.76,25.1,5.7,30.37,8.76,2.95,42.31
2026-07-19 23:54:23,18.78,195.8,125.9,37.4,8.18,23.2,15.42,8.83,43.16
2026-07-20 00:03:27,18.77,192.8,110.09,21.3,4.97,24.95,8.15,5.53,45.01
2026-07-20 00:13:28,19.71,209.5,111.97,9.3,10.22,31.62,25.07,3.8,44.34
2026-07-20 00:27:25,19.89,92.4,104.5,16.0,14.05,30.8,19.43,0.22,46.34
2026-07-20 00:39:27,19.27,188.2,93.28,34.9,9.82,23.55,11.14,1.78,47.72
2026-07-20 00:47:34,18.99,145.1,117.05,29.4,11.17,26.35,10.44,2.38,40.5
2026-07-20 00:53:44,19.72,206.8,115.68,22.8,6.85,21.2,15.76,4.82,45.6
2026-07-20 01:07:54,18.93,129.8,81.29,39.2,7.74,27.89,11.44,2.28,46.36
2026-07-20 01:15:51,19.01,173.7,121.32,35.1,10.95,21.66,12.44,2.13,44.42
2026-07-20 01:27:00,19.38,167.4,103.23,28.8,12.9,27.59,15.57,3.55,44.57
2026-07-20 01:34:11,19.82,123.1,110.28,24.1,5.49,29.02,14.72,12.27,44.63
2026-07-20 01:40:32,19.11,217.5,98.86,7.4,11.6,23.56,11.04,0.18,50.52
2026-07-20 01:47:03,20.47,114.6,109.37,27.2,11.04,30.94,18.72,2.63,40.56
2026-07-20 01:59:32,19.26,272.9,104.78,28.4,9.81,22.42,14.37,19.59,45.9
2026-07-20 02:10:36,19.48,170.1,105.67,37.7,8.61,24.87,10.99,3.02,42.7
2026-07-20 02:19:45,18.89,195.7,84.4,37.4,7.09,19.18,12.61,0.23,43.52
2026-07-20 02:30:15,19.63,212.2,75.28,35.1,6.78,19.52,17.47,3.52,45.27
2026-07-20 02:39:57,19.73,191.3,87.81,14.4,7.84,19.59,24.22,0.59,44.38
2026-07-20 02:50:20,18.88,227.0,81.89,36.2,12.29,29.38,6.98,0.11,46.78
2026-07-20 03:01:58,20.78,220.1,120.33,32.6,7.83,25.45,7.36,8.6,46.32
2026-07-20 03:09:09,19.12,262.1,92.6,12.3,6.35,24.85,19.28,3.97,46.85
2026-07-20 03:16:38,19.25,259.9,96.25,13.2,9.49,18.01,18.81,2.98,46.49
2026-07-20 03:29:10,19.97,244.8,73.39,26.8,15.61,33.0,17.62,10.33,49.83
2026-07-20 03:42:54,20.62,260.4,87.7,14.3,11.15,25.71,15.98,1.52,45.92
2026-07-20 03:48:43,20.11,312.8,67.21,26.4,9.55,20.37,14.53,7.09,46.79
2026-07-20 03:58:11,20.63,282.3,74.83,34.4,5.73,24.11,20.11,0.87,44.55
2026-07-20 04:10:14,21.25,312.3,65.59,7.1,5.87,25.75,19.62,0.78,48.88
2026-07-20 04:16:01,20.69,257.2,63.31,30.7,10.86,16.85,16.05,20.36,49.11
2026-07-20 04:26:39,20.32,309.6,79.92,7.7,7.47,25.11,17.04,1.54,48.91
2026-07-20 04:32:16,21.43,282.6,74.82,8.8,13.05,25.77,13.85,1.07,46.18
2026-07-20 04:42:45,21.36,311.9,63.6,21.6,11.79,29.07,14.17,13.61,46.85
2026-07-20 04:52:48,21.2,336.4,53.13,13.3,7.08,29.05,12.43,0.73,47.05
2026-07-20 05:03:32,21.12,379.3,61.35,5.3,6.01,26.49,16.76,1.39,48.69
2026-07-20 05:10:02,20.9,394.5,65.23,21.1,9.85,23.38,13.85,6.98,50.84
2026-07-20 05:18:18,21.57,364.0,65.0,23.9,9.36,25.99,6.7,5.32,48.66
2026-07-20 05:28:31,21.26,367.1,76.75,16.1,10.87,32.6,11.76,6.8,51.09
2026-07-20 05:34:40,19.89,386.7,60.68,33.3,13.32,23.74,18.08,1.4,49.38
2026-07-20 05:41:44,23.06,407.7,62.64,15.3,5.49,27.45,6.6,1.01,51.29
2026-07-20 05:52:34,22.46,419.0,52.98,12.5,5.71,20.61,19.08,13.79,52.32
2026-07-20 05:58:28,21.89,358.5,44.21,32.9,15.25,21.89,15.4,4.8,50.28
2026-07-20 06:08:34,22.41,390.7,44.84,8.3,12.99,22.38,18.94,8.53,51.27
2026-07-20 06:21:40,22.25,415.4,60.76,38.2,9.71,27.2,11.66,3.88,50.97
2026-07-20 06:31:12,22.49,463.3,66.16,8.9,13.58,23.27,16.54,8.18,50.4
2026-07-20 06:41:20,22.04,435.0,61.06,26.2,7.54,19.96,14.08,3.26,47.37
2026-07-20 06:50:54,23.1,496.6,61.17,9.4,0,29.25,18.94,1.57,50.01
2026-07-20 06:56:28,22.62,459.8,64.46,28.0,6.78,38.56,13.38,0.58,53.08
2026-07-20 07:06:06,22.94,477.2,62.69,20.3,12.94,26.38,14.44,13.54,48.32
2026-07-20 07:19:10,23.15,409.9,74.37,30.6,13.92,27.3,16.91,1.97,52.33
2026-07-20 07:31:24,23.78,469.0,72.71,38.1,11.71,25.71,16.69,2.64,57.44
2026-07-20 07:40:21,23.22,520.5,75.05,7.3,9.59,29.13,20.71,3.38,53.59
2026-07-20 07:53:31,23.31,578.1,80.37,5.1,10.55,28.38,15.71,3.66,52.98
2026-07-20 08:05:59,23.56,549.4,78.87,13.4,7.03,25.38,15.25,3.63,49.99
2026-07-20 08:16:46,23.3,549.5,83.53,9.2,10.19,23.97,22.49,2.43,52.27
2026-07-20 08:22:13,23.76,497.2,87.18,22.3,8.52,32.53,12.34,4.36,50.11
2026-07-20 08:30:40,23.65,538.9,70.29,26.6,7.14,29.04,14.64,22.55,51.97
2026-07-20 08:36:18,25.03,529.3,96.18,21.8,7.19,24.81,17.99,0.26,57.02
2026-07-20 08:51:14,23.6,598.5,88.66,29.0,10.01,27.51,21.23,15.3,56.24
2026-07-20 09:05:35,24.36,580.0,99.81,28.2,8.23,20.49,13.69,1.5,50.96
2026-07-20 09:11:16,24.21,602.7,92.42,39.0,10.87,28.6,15.36,2.26,54.19
2026-07-20 09:25:37,24.17,607.0,94.69,16.3,10.39,31.41,13.1,1.44,51.96
2026-07-20 09:30:56,24.0,611.2,89.55,10.2,10.98,25.57,20.34,6.38,57.91
2026-07-20 09:40:01,24.75,552.9,94.9,22.7,9.68,31.39,12.22,3.6,52.11
2026-07-20 09:52:43,24.06,620.3,99.75,36.2,12.34,29.76,13.48,1.52,55.08
2026-07-20 10:05:22,24.51,624.9,105.73,27.3,16.56,26.52,18.23,15.08,56.41
2026-07-20 10:20:09,26.35,642.4,105.29,10.6,14.27,29.82,19.82,2.02,54.66
2026-07-20 10:31:37,24.05,608.3,118.56,32.5,8.4,29.55,14.41,0.09,53.42
2026-07-20 10:40:49,23.91,631.3,108.05,21.3,10.47,26.49,14.22,0.45,55.83
2026-07-20 10:55:44,24.32,616.7,105.23,30.3,10.19,24.91,12.51,20.56,58.03
2026-07-20 11:04:34,25.49,661.1,103.44,17.3,13.09,30.16,14.55,2.34,58.28
2026-07-20 11:18:16,24.42,636.4,109.06,33.5,7.86,33.58,9.41,7.01,54.68
2026-07-20 11:32:20,25.72,663.4,107.99,11.2,11.99,29.24,22.8,1.78,55.65
2026-07-20 11:41:05,25.04,633.1,103.31,5.2,8.13,16.75,15.03,4.92,56.89
2026-07-20 11:52:55,25.78,622.8,110.26,13.2,7.07,23.12,10.9,0.93,56.11
2026-07-20 12:04:32,25.78,621.5,109.97,21.1,8.44,29.79,13.83,21.66,52.13
2026-07-20 12:14:55,24.94,631.0,100.41,17.3,9.04,20.2,16.21,20.54,56.85
2026-07-20 12:26:28,25.65,627.1,76.95,34.8,13.74,15.8,17.81,1.57,54.35
2026-07-20 12:34:56,24.57,658.6,96.42,25.2,8.18,21.37,25.58,0.58,57.17
2026-07-20 12:41:43,24.36,633.9,100.62,10.1,10.26,25.92,22.96,8.35,55.3
2026-07-20 12:52:06,25.32,590.9,116.42,18.2,10.84,26.98,21.05,2.84,57.68
2026-07-20 13:02:23,24.88,680.4,102.0,25.1,12.21,31.22,24.34,5.39,55.51
2026-07-20 13:14:40,25.25,648.9,91.39,8.5,9.14,19.35,16.7,3.79,58.07
2026-07-20 13:21:53,24.78,625.6,102.73,12.9,8.09,21.1,8.67,3.47,58.01
2026-07-20 13:26:55,24.11,617.3,93.73,14.7,11.18,19.12,19.07,10.06,55.49
2026-07-20 13:32:09,25.72,627.6,118.02,11.4,1.37,30.44,21.96,1.86,54.63
2026-07-20 13:40:08,24.38,623.7,98.3,35.2,12.24,28.43,12.53,3.75,58.5
2026-07-20 13:51:52,25.86,614.3,98.5,30.5,10.03,28.43,12.16,21.89,55.52
2026-07-20 14:02:19,24.76,602.3,97.23,20.6,11.97,18.84,16.09,0.47,54.84
2026-07-20 14:12:38,24.32,671.2,105.92,21.6,16.51,26.77,16.27,5.85,54.99
2026-07-20 14:25:52,23.75,550.9,101.41,19.5,10.27,22.69,12.29,13.11,53.39
2026-07-20 14:33:21,24.43,517.5,91.52,31.3,6.2,30.65,16.5,0.52,52.4
2026-07-20 14:41:48,23.52,546.6,81.78,16.5,9.73,25.52,16.98,2.88,55.51
2026-07-20 14:49:34,24.32,614.0,93.83,37.3,9.38,17.99,12.86,9.07,54.28
2026-07-20 15:03:56,24.09,589.3,100.41,31.6,9.27,19.52,16.78,0.14,53.87
2026-07-20 15:16:11,23.88,543.9,68.95,10.4,4.56,30.9,11.28,10.56,48.88
2026-07-20 15:22:19,23.13,552.4,99.78,9.2,10.88,29.31,15.64,2.72,55.97
2026-07-20 15:35:24,24.47,493.2,103.35,24.1,10.24,21.34,9.37,2.28,51.15
2026-07-20 15:44:36,24.48,529.0,83.55,27.8,8.78,21.36,15.64,10.45,52.33
2026-07-20 15:57:16,23.82,518.7,85.15,6.3,7.33,31.79,14.77,7.21,49.39
2026-07-20 16:11:06,23.07,507.2,92.26,5.7,11.43,17.81,12.34,5.86,54.43
2026-07-20 16:16:15,23.34,563.6,84.48,31.2,8.54,26.99,13.46,1.94,52.29
2026-07-20 16:23:19,22.28,542.6,63.2,18.6,16.87,25.32,15.77,19.37,54.33
2026-07-20 16:29:19,23.85,480.7,75.44,10.5,3.7,29.52,9.93,5.93,49.4
2026-07-20 16:34:40,22.41,466.1,68.11,34.9,7.88,24.92,23.82,6.71,52.48
2026-07-20 16:45:38,22.23,444.8,72.7,13.0,7.59,27.88,18.06,0.37,50.04
2026-07-20 16:57:40,22.89,478.6,54.47,18.6,8.8,32.64,15.18,13.72,54.6
2026-07-20 17:03:09,22.97,442.5,60.56,16.4,9.59,29.4,7.54,1.62,49.93
2026-07-20 17:15:34,22.59,481.6,61.24,33.7,7.29,22.32,18.4,1.42,50.72
2026-07-20 17:24:35,22.04,479.9,63.56,24.1,9.25,29.84,17.02,3.39,51.32
2026-07-20 17:31:56,22.13,387.6,48.25,22.4,12.32,27.75,19.42,5.1,54.0
2026-07-20 17:39:06,22.35,367.3,48.52,18.4,10.51,30.01,20.78,2.86,50.09
2026-07-20 17:52:44,20.58,412.7,41.71,21.2,11.78,28.65,14.12,1.14,50.38
2026-07-20 17:58:18,22.29,372.4,38.84,31.4,14.15,8.87,16.57,6.98,46.87
2026-07-20 18:08:21,21.99,398.9,63.39,15.7,10.07,25.89,16.7,8.61,51.78
2026-07-20 18:16:14,22.11,353.4,49.2,11.3,12.97,31.12,16.58,2.02,49.84
2026-07-20 18:29:24,21.12,286.4,52.62,36.3,11.42,30.54,14.62,2.69,49.82
2026-07-20 18:41:42,21.47,361.6,55.09,12.2,7.61,23.15,15.2,9.0,49.42
2026-07-20 18:49:54,21.8,337.6,36.9,19.0,8.58,26.35,12.77,3.76,47.88
2026-07-20 19:00:53,21.06,281.7,57.55,28.5,8.09,28.84,15.59,12.54,46.47
2026-07-20 19:12:36,21.0,317.8,62.91,29.3,10.98,16.49,14.77,0.13,49.99
2026-07-20 19:20:48,20.04,309.1,72.08,25.2,6.63,24.39,4.98,1.98,49.23
2026-07-20 19:28:50,20.46,309.9,73.81,11.7,8.53,21.34,8.78,3.47,48.76
