timestamp,T,CO2,VOC,NO2,PMS1,PMS10,PMS2_5,C2H5OH,H
2026-07-06 20:24:30,21.42,234.2,94.21,5.2,7.52,29.08,17.48,5.62,43.52
2026-07-06 20:34:37,20.04,242.6,88.03,6.6,7.64,26.49,10.75,0.16,49.24
2026-07-06 20:45:20,18.99,260.5,97.9,21.0,12.0,26.29,10.06,1.74,49.29
2026-07-06 20:59:31,20.74,275.4,86.01,35.5,9.53,21.34,13.58,0.48,45.42
2026-07-06 21:06:42,19.57,304.2,92.99,12.9,10.33,18.51,14.86,0.87,43.79
2026-07-06 21:14:38,20.6,276.5,85.0,7.7,15.04,25.61,14.7,3.62,46.17
2026-07-06 21:28:15,20.15,201.9,93.91,8.4,13.91,29.4,15.17,4.85,47.25
2026-07-06 21:41:51,20.48,173.9,105.3,22.4,13.23,26.12,10.75,2.09,44.82
2026-07-06 21:49:07,19.37,181.9,90.36,12.6,15.82,28.44,7.45,2.56,42.59
2026-07-06 21:57:23,18.96,171.1,105.41,32.1,9.97,29.83,20.7,1.68,44.86
2026-07-06 22:02:45,20.02,194.2,102.31,18.6,14.89,26.83,14.43,9.14,45.15
2026-07-06 22:08:46,19.46,156.7,88.49,15.8,11.33,26.61,18.11,3.87,44.81
2026-07-06 22:19:04,19.09,238.0,82.29,34.7,9.03,21.92,19.0,6.4,43.36
2026-07-06 22:30:20,18.84,185.9,105.03,23.4,6.1,32.16,17.25,3.93,43.52
2026-07-06 22:37:21,19.16,203.1,101.24,19.2,9.46,20.86,8.86,3.07,43.48
2026-07-06 22:51:44,19.0,173.2,108.17,24.9,8.24,23.19,15.13,1.04,41.79
2026-07-06 22:58:19,18.55,207.0,89.31,5.7,8.48,23.4,12.46,4.2,46.99
2026-07-06 23:10:45,18.26,163.1,108.38,13.1,10.62,20.4,14.32,2.79,45.3
2026-07-06 23:22:21,19.02,120.5,114.61,35.3,8.37,28.0,7.87,10.65,44.6
2026-07-06 23:35:26,18.29,145.9,100.38,8.1,11.45,22.95,10.47,10.96,43.6
2026-07-06 23:50:03,19.03,193.5,101.72,39.7,8.72,24.75,20.75,2.91,44.06
2026-07-06 23:56:37,18.57,171.7,101.89,25.6,11.02,25.51,19.79,0.93,45.44
2026-07-07 00:02:24,19.62,158.6,109.8,29.2,10.09,26.19,10.67,2.25,40.42
2026-07-07 00:16:25,19.03,161.6,119.73,37.9,6.6,24.11,10.45,1.68,42.65
2026-07-07 00:26:05,19.34,166.7,133.99,33.9,9.1,25.7,16.21,2.73,41.48
2026-07-07 00:33:22,19.76,181.1,128.4,24.0,8.56,22.87,8.99,3.15,43.53
2026-07-07 00:41:16,19.16,181.5,99.25,6.5,12.63,26.22,10.63,5.17,42.73
2026-07-07 00:54:32,19.03,130.3,122.23,28.6,9.56,25.99,11.27,7.13,44.37
2026-07-07 01:00:57,19.44,151.7,104.82,17.4,9.59,19.75,12.73,5.14,44.29
2026-07-07 01:15:43,19.1,206.4,105.35,7.2,10.44,29.0,11.93,4.35,46.94
2026-07-07 01:26:53,19.14,216.1,114.65,37.6,2.81,33.38,12.24,0.96,41.67
2026-07-07 01:41:39,19.5,193.2,99.25,37.4,13.0,26.04,16.0,17.17,44.39
2026-07-07 01:49:27,18.27,229.6,95.18,29.9,12.01,30.66,19.32,0.57,45.44
2026-07-07 01:54:37,19.41,165.6,107.9,7.5,9.46,25.67,18.36,3.82,43.72
2026-07-07 02:06:33,19.53,239.4,76.85,24.8,14.67,29.11,15.87,4.83,42.2
2026-07-07 02:12:34,18.73,191.7,108.04,8.8,5.05,21.0,7.93,11.62,45.19
2026-07-07 02:23:55,19.47,183.8,108.19,12.9,8.44,25.76,17.79,2.6,44.36
2026-07-07 02:31:53,19.52,211.4,86.43,6.3,11.79,29.18,8.24,4.52,48.67
2026-07-07 02:39:00,19.7,202.0,98.82,18.8,10.94,22.49,13.17,4.75,47.43
2026-07-07 02:47:59,19.07,197.4,102.09,13.8,9.54,31.01,12.82,5.32,45.41
2026-07-07 02:58:00,19.5,227.2,98.57,19.7,6.67,32.43,13.26,13.25,47.02
2026-07-07 03:06:28,20.63,286.3,84.52,6.2,11.05,23.02,7.41,9.06,46.97
2026-07-07 03:12:08,19.48,217.3,85.94,25.8,9.48,28.4,12.12,1.37,45.77
2026-07-07 03:25:21,19.64,291.2,74.38,17.9,13.89,31.69,10.95,4.95,46.41
2026-07-07 03:30:32,19.42,226.4,82.85,18.5,10.36,39.82,14.05,2.58,45.76
2026-07-07 03:37:56,20.8,275.3,88.55,19.0,5.89,27.28,11.85,1.77,48.05
2026-07-07 03:47:16,20.03,295.2,79.01,36.0,11.77,23.08,13.29,9.89,47.11
2026-07-07 03:52:42,21.08,326.8,74.32,30.9,7.42,22.68,16.38,1.03,47.35
2026-07-07 03:58:55,20.68,249.5,84.96,26.3,10.82,28.93,12.98,2.61,47.13
2026-07-07 04:10:13,20.32,249.8,59.86,26.2,16.34,27.91,8.02,7.72,48.53
2026-07-07 04:18:42,21.02,274.7,81.3,27.9,14.73,23.7,18.34,4.14,43.29
2026-07-07 04:27:44,20.46,281.1,77.62,16.8,14.88,15.86,18.52,4.13,48.84
2026-07-07 04:42:31,21.93,317.6,67.87,31.4,15.31,30.4,18.87,9.65,47.36
2026-07-07 04:52:54,21.78,343.0,82.27,36.1,13.05,23.68,16.99,5.48,50.6
2026-07-07 05:06:51,21.67,370.4,61.34,28.3,11.61,22.46,16.23,10.1,49.64
2026-07-07 05:16:43,21.24,361.9,51.08,6.7,9.66,20.0,5.85,5.43,49.92
2026-07-07 05:26:15,20.59,383.1,66.63,15.4,8.93,23.01,18.9,0.11,48.63
2026-07-07 05:35:34,22.01,367.7,52.67,10.1,9.48,32.38,15.6,5.54,52.93
2026-07-07 05:43:20,21.8,416.7,56.09,30.1,9.95,30.61,18.32,1.34,49.41
2026-07-07 05:57:23,22.34,416.2,47.22,10.2,8.43,22.12,21.17,3.18,49.88
2026-07-07 06:08:22,22.45,406.5,63.63,21.7,7.96,21.75,14.45,6.77,48.06
2026-07-07 06:13:53,21.85,482.8,47.78,36.5,9.23,31.4,11.47,6.56,51.66
2026-07-07 06:27:28,22.54,435.2,57.58,8.7,9.95,23.71,17.06,4.32,50.49
2026-07-07 06:40:48,22.59,479.2,66.66,20.0,8.95,29.98,17.78,6.95,50.6
2026-07-07 06:49:32,22.44,456.5,75.45,9.2,9.68,28.0,13.91,5.02,50.41
2026-07-07 07:02:19,22.49,461.1,66.27,9.3,9.02,29.54,11.39,1.53,47.74
2026-07-07 07:10:14,23.11,490.2,69.94,31.3,9.2,26.57,17.41,4.48,54.29
2026-07-07 07:21:14,22.04,474.1,69.85,20.9,12.68,17.94,15.6,1.28,55.46
2026-07-07 07:33:38,22.58,496.2,73.47,13.5,13.76,29.6,14.74,0.04,51.82
2026-07-07 07:47:17,23.4,510.0,75.31,15.0,11.71,29.77,17.77,2.74,52.75
2026-07-07 07:58:32,23.17,488.2,80.01,30.1,13.03,22.33,17.92,2.71,53.83
2026-07-07 08:08:38,23.54,491.5,97.33,26.4,10.64,24.55,19.29,0.47,54.32
2026-07-07 08:22:25,24.31,545.3,76.8,37.5,6.43,19.21,16.12,4.75,54.68
2026-07-07 08:36:48,23.55,598.9,79.6,33.7,7.97,23.77,20.46,4.5,55.05
2026-07-07 08:48:34,23.88,532.6,100.35,35.4,13.01,28.3,16.19,1.52,50.09
2026-07-07 08:58:55,25.8,540.4,92.27,8.0,0.93,23.09,13.48,9.84,50.52
2026-07-07 09:05:31,24.07,598.1,110.52,13.8,18.27,26.51,12.13,2.62,56.41
2026-07-07 09:12:01,24.23,584.5,73.07,38.8,14.97,21.91,14.75,3.12,54.73
2026-07-07 09:17:44,24.62,617.2,93.86,10.2,12.14,39.64,16.62,2.19,54.31
2026-07-07 09:22:58,24.58,596.1,99.31,19.5,8.45,18.94,17.55,0.3,54.36
2026-07-07 09:37:46,24.56,636.3,101.8,18.7,5.25,20.63,21.62,0.83,55.85
2026-07-07 09:44:06,24.66,623.5,99.67,38.1,8.35,32.48,14.67,0.59,55.89
2026-07-07 09:58:39,23.97,585.9,102.47,12.9,14.03,18.16,11.71,2.32,52.89
2026-07-07 10:06:01,25.25,668.0,117.53,33.5,10.65,15.46,16.1,4.08,53.26
2026-07-07 10:12:14,24.55,662.6,113.86,9.6,11.15,19.21,10.42,8.84,53.17
2026-07-07 10:23:03,24.06,621.4,94.57,33.5,5.55,25.84,16.53,1.08,56.39
2026-07-07 10:31:56,24.67,591.2,96.32,28.7,9.23,22.7,16.31,0.52,54.64
2026-07-07 10:38:56,25.47,639.3,97.19,16.0,9.33,25.9,14.15,7.02,56.16
2026-07-07 10:50:53,25.12,602.7,98.91,9.8,10.38,22.01,16.03,6.07,56.04
2026-07-07 10:58:33,25.29,673.9,103.69,17.0,13.21,25.66,16.32,0.47,54.28
2026-07-07 11:12:52,25.55,627.6,108.49,6.7,5.66,14.81,15.76,12.51,51.74
2026-07-07 11:20:29,24.11,688.7,117.28,20.8,9.93,31.97,15.54,3.92,52.6
2026-07-07 11:33:19,24.76,572.5,107.15,30.3,10.44,24.39,21.03,11.22,58.22
2026-07-07 11:41:28,24.67,665.2,104.11,32.2,6.15,19.74,12.74,8.02,59.3
2026-07-07 11:46:39,24.0,598.3,113.88,15.5,10.47,34.02,12.32,3.57,53.78
2026-07-07 11:57:17,24.99,644.0,118.55,20.9,8.7,22.43,13.61,0.43,56.85
2026-07-07 12:05:11,25.08,650.1,124.32,26.5,4.67,23.21,19.31,4.86,55.65
2026-07-07 12:11:12,24.09,668.8,104.16,21.5,9.0,25.46,8.97,12.09,54.35
2026-07-07 12:23:58,25.81,631.5,117.33,37.5,10.14,35.96,21.8,9.28,54.76
2026-07-07 12:34:19,24.99,619.1,113.25,39.1,14.55,33.89,14.27,0.7,57.06
2026-07-07 12:44:48,25.54,643.5,103.75,22.5,11.22,23.93,15.66,11.82,54.84
2026-07-07 12:52:23,25.32,661.7,110.47,33.3,6.37,37.37,17.18,1.16,60.31
2026-07-07 13:03:39,25.42,604.7,104.56,35.4,12.76,30.28,13.04,2.38,53.53
2026-07-07 13:15:27,24.33,639.7,99.96,9.3,11.62,31.23,12.5,6.04,57.81
2026-07-07 13:27:05,25.31,690.4,106.16,24.4,9.51,19.99,16.75,2.51,57.95
2026-07-07 13:33:57,25.34,644.7,112.75,15.7,8.29,26.21,4.26,6.95,57.17
2026-07-07 13:39:36,25.76,647.9,112.22,30.1,11.74,26.87,12.78,1.02,53.93
2026-07-07 13:47:14,24.47,607.7,113.53,34.8,9.37,23.53,15.15,2.02,54.61
2026-07-07 13:53:49,24.08,632.7,102.91,26.9,8.56,21.16,20.21,4.81,51.91
2026-07-07 14:03:29,24.89,578.9,106.34,29.2,9.21,31.75,7.01,0.43,55.7
2026-07-07 14:13:13,24.15,613.1,98.2,35.8,7.51,22.82,14.93,2.92,54.59
2026-07-07 14:19:10,24.81,534.0,115.76,28.0,8.22,30.25,15.62,1.67,56.02
2026-07-07 14:32:28,24.84,632.7,102.89,19.6,12.42,31.72,15.14,1.51,55.55
2026-07-07 14:37:29,24.22,563.1,101.76,29.9,10.08,25.36,13.72,0.23,54.26
2026-07-07 14:44:07,24.03,561.4,102.6,18.6,8.06,19.02,12.25,2.53,52.94
2026-07-07 14:50:17,24.22,576.6,77.9,11.6,6.65,27.17,13.39,7.67,56.58
2026-07-07 14:56:19,24.14,587.9,91.64,21.1,8.61,30.73,15.28,0.42,51.33
2026-07-07 15:01:55,23.82,551.4,99.47,27.2,10.07,28.38,10.0,5.18,52.33
2026-07-07 15:12:01,24.86,565.1,77.5,36.3,13.33,26.16,15.61,9.6,52.39
2026-07-07 15:18:13,23.77,537.7,102.77,26.0,12.23,22.6,10.72,8.26,49.46
2026-07-07 15:29:03,23.54,568.7,90.88,11.3,13.05,23.81,19.27,15.02,54.13
2026-07-07 15:40:56,23.67,545.7,68.66,22.8,5.21,24.19,20.01,0.11,52.59
2026-07-07 15:49:33,24.03,511.4,77.23,21.2,7.24,22.24,16.03,0.74,55.55
2026-07-07 15:54:52,24.32,497.0,75.4,34.5,10.28,21.62,18.41,0.29,54.63
2026-07-07 16:00:01,23.15,473.6,80.96,21.5,12.82,30.33,14.98,0.92,53.23
2026-07-07 16:14:08,24.51,557.6,80.56,11.2,9.13,27.06,15.57,2.42,54.12
2026-07-07 16:26:29,23.33,464.6,93.22,37.1,11.47,24.94,10.02,0.55,51.83
2026-07-07 16:35:49,23.3,495.4,87.02,11.9,12.78,27.48,7.11,1.59,53.87
2026-07-07 16:48:25,23.15,460.5,60.24,16.0,14.84,26.08,11.78,2.83,51.48
2026-07-07 17:00:32,22.64,469.7,62.82,15.4,11.42,21.91,15.02,4.99,50.31
2026-07-07 17:08:44,22.25,500.9,65.58,5.2,14.29,21.21,12.23,2.6,50.53
2026-07-07 17:21:54,22.14,493.8,60.12,20.9,10.14,18.89,10.52,10.23,52.52
2026-07-07 17:34:14,22.65,452.9,69.2,16.8,8.35,21.99,15.14,9.28,51.37
2026-07-07 17:41:14,22.04,439.0,56.3,20.0,6.19,20.94,17.92,5.19,52.36
2026-07-07 17:48:59,22.71,389.6,47.1,19.8,9.66,29.02,23.71,5.59,47.65
2026-07-07 17:58:43,21.23,386.4,51.01,21.5,14.86,24.21,18.76,1.12,51.19
2026-07-07 18:13:15,21.77,444.5,58.67,35.0,12.18,24.9,9.56,5.17,44.6
2026-07-07 18:25:38,21.34,381.5,51.93,28.2,11.11,31.23,13.7,2.59,46.92
2026-07-07 18:40:04,21.83,365.9,69.52,8.8,6.82,24.75,20.38,0.8,48.37
2026-07-07 18:46:17,21.03,378.3,74.21,38.9,8.08,22.0,11.09,4.26,48.78
2026-07-07 19:01:07,20.88,319.7,49.12,8.7,15.3,30.47,20.89,1.29,48.71
2026-07-07 19:10:55,20.61,321.7,71.41,29.5,11.0,31.93,16.39,0.45,49.46
2026-07-07 19:20:20,21.7,300.7,70.3,35.2,8.77,21.95,14.35,0.09,46.86
2026-07-07 19:29:18,20.49,296.3,70.75,39.7,10.68,23.07,19.63,3.92,48.41
2026-07-07 19:36:07,21.31,277.1,66.62,25.6,11.48,20.37,17.26,14.67,47.09
2026-07-07 19:41:46,20.64,313.9,72.49,6.1,11.63,21.92,15.55,12.79,47.0
2026-07-07 19:47:04,20.88,242.1,74.7,21.1,6.73,26.04,25.83,2.61,47.11
2026-07-07 19:56:20,20.93,280.2,91.76,29.2,6.2,23.18,10.93,2.7,49.25
2026-07-07 20:06:29,20.5,321.2,62.16,6.6,3.95,24.17,11.91,11.22,45.62
2026-07-07 20:16:31,19.67,263.9,93.71,36.1,10.94,19.92,14.86,1.46,49.1
2026-07-07 20:23:30,19.85,263.1,83.01,19.3,11.39,23.78,8.21,10.88,46.35
2026-07-07 20:32:38,19.98,205.7,87.59,29.7,5.77,25.02,16.95,3.81,49.01
2026-07-07 20:39:31,20.34,289.2,102.72,16.2,11.65,20.33,16.05,1.53,47.8
2026-07-07 20:48:31,20.39,247.6,75.58,19.3,10.42,31.3,16.09,0.18,45.46
2026-07-07 20:54:16,20.41,205.5,103.36,34.8,8.95,24.91,13.46,6.94,48.53
2026-07-07 21:04:31,19.25,230.5,103.84,19.9,5.7,21.87,25.28,2.95,48.79
2026-07-07 21:12:38,20.03,202.9,86.9,33.3,7.96,25.45,19.53,1.41,48.07
2026-07-07 21:21:40,20.05,228.0,88.34,5.6,10.36,37.32,11.71,15.62,45.25
2026-07-07 21:28:13,18.91,251.7,97.79,6.2,12.28,23.52,21.88,9.67,46.53
2026-07-07 21:33:39,20.16,256.4,102.89,37.7,8.92,26.22,14.18,5.17,45.34
2026-07-07 21:45:04,19.76,159.1,105.05,15.1,13.42,30.64,17.06,4.05,46.72
2026-07-07 21:55:58,19.51,212.2,105.86,33.3,4.2,26.67,23.82,0.26,44.79
2026-07-07 22:08:10,19.29,235.5,101.29,28.2,10.91,24.46,18.61,4.22,43.21
2026-07-07 22:23:06,19.89,165.3,115.85,15.1,14.65,24.69,17.12,4.05,45.69
2026-07-07 22:32:44,19.11,162.9,122.38,25.4,9.05,35.2,9.83,1.53,42.78
2026-07-07 22:40:55,19.48,100.0,98.27,20.5,11.87,17.2,15.83,4.22,45.57
2026-07-07 22:48:53,19.44,186.9,110.66,26.5,6.8,29.3,13.63,8.97,40.85
2026-07-07 22:55:21,18.54,181.7,110.8,33.7,11.3,25.48,14.23,0.59,42.42
2026-07-07 23:00:37,18.86,202.0,109.06,11.9,7.01,22.47,21.8,3.2,42.95
2026-07-07 23:11:24,18.62,173.8,104.36,33.6,9.48,35.93,13.9,0.4,43.67
2026-07-07 23:23:02,17.94,161.3,119.4,9.9,13.84,18.87,12.63,3.42,45.18
2026-07-07 23:32:47,19.13,110.1,115.12,26.1,7.33,25.25,8.48,4.86,45.95
2026-07-07 23:40:00,19.2,191.7,120.68,15.7,8.64,12.54,13.54,0.95,41.37
2026-07-07 23:49:09,18.72,161.7,87.64,22.6,15.01,26.06,9.99,1.36,47.8
2026-07-08 00:03:14,18.92,126.5,119.93,11.4,8.39,20.06,14.19,4.33,44.68
2026-07-08 00:13:15,20.28,206.7,102.08,18.8,14.94,23.81,12.71,6.35,48.63
2026-07-08 00:22:47,19.77,113.9,99.01,38.1,11.29,22.49,19.27,11.03,44.06
2026-07-08 00:30:33,18.07,124.8,125.98,11.5,9.67,27.73,15.71,3.52,43.25
2026-07-08 00:40:13,19.02,178.1,116.86,31.4,8.33,27.88,13.3,3.75,44.6
2026-07-08 00:49:16,19.11,166.5,108.58,33.3,8.69,27.97,19.38,4.36,43.67
2026-07-08 01:00:12,18.82,185.3,96.78,26.7,9.72,32.23,19.31,0.58,48.47
2026-07-08 01:07:37,19.85,190.0,111.71,5.5,14.73,29.53,19.66,2.01,42.5
2026-07-08 01:12:56,17.92,172.6,87.97,19.7,7.32,21.75,11.78,0.58,46.78
2026-07-08 01:24:15,18.92,170.9,100.88,5.4,13.27,23.9,14.92,8.5,47.63
2026-07-08 01:30:49,18.9,167.8,117.3,10.4,9.18,15.36,17.46,0.64,41.19
2026-07-08 01:38:52,19.83,216.7,110.01,38.5,8.99,23.83,14.67,5.62,43.81
2026-07-08 01:44:08,18.75,119.5,85.55,18.5,10.02,25.28,16.56,1.26,47.65
2026-07-08 01:58:33,19.9,201.3,116.34,39.1,7.77,19.44,23.81,7.16,44.82
2026-07-08 02:04:55,19.91,190.7,83.72,13.1,10.5,26.11,12.0,0.81,46.1
2026-07-08 02:10:42,19.61,186.5,100.91,30.5,12.96,24.39,20.07,10.29,44.23
2026-07-08 02:24:44,20.84,168.2,100.97,24.7,9.68,25.21,13.97,2.61,46.05
2026-07-08 02:38:26,19.17,211.6,91.64,39.4,11.75,19.58,11.29,7.86,46.13
2026-07-08 02:51:42,20.35,211.1,93.72,34.8,5.57,26.1,19.07,4.98,44.79
2026-07-08 03:03:29,19.65,265.2,94.65,8.8,12.18,21.78,14.65,5.28,45.55
2026-07-08 03:09:03,20.3,251.1,85.51,10.5,6.76,27.73,14.18,0.05,43.41
2026-07-08 03:21:06,20.38,227.1,68.6,32.1,10.57,21.04,18.74,17.89,44.03
2026-07-08 03:30:37,19.48,224.2,79.77,30.7,6.91,28.62,11.91,2.21,44.24
2026-07-08 03:44:35,20.15,253.1,103.15,38.8,12.08,27.58,16.59,4.21,43.31
2026-07-08 03:51:56,19.95,266.9,63.64,35.2,3.74,26.51,20.93,1.26,48.61
2026-07-08 04:04:57,21.0,298.0,73.89,26.6,9.35,29.65,16.61,3.96,45.41
2026-07-08 04:18:55,21.18,341.3,70.1,9.3,8.4,17.89,13.43,6.11,42.21
2026-07-08 04:29:29,20.8,318.1,87.81,22.7,12.4,20.86,15.42,12.57,48.48
2026-07-08 04:38:12,21.5,314.7,62.96,25.7,5.29,23.72,17.1,5.45,50.11
2026-07-08 04:44:44,20.87,303.1,57.2,35.6,10.46,21.58,16.67,4.12,51.96
2026-07-08 04:52:46,21.81,360.5,61.58,8.9,15.39,29.68,21.49,1.65,46.2
2026-07-08 05:05:54,21.89,395.6,57.43,34.7,9.94,28.18,15.94,2.71,46.92
2026-07-08 05:16:37,21.31,356.4,57.54,33.5,9.98,21.44,19.87,17.21,49.88
2026-07-08 05:28:26,21.64,406.8,59.64,30.7,13.95,38.47,22.14,1.0,50.38
2026-07-08 05:33:33,20.82,396.2,44.76,9.8,11.22,23.58,16.68,3.87,49.91
2026-07-08 05:43:26,23.43,386.1,58.88,11.1,11.54,25.66,20.1,7.13,47.54
2026-07-08 05:49:01,22.49,387.3,83.86,20.5,11.67,19.83,12.19,5.71,47.59
2026-07-08 05:58:55,22.46,355.9,40.02,32.5,14.08,23.64,16.39,1.95,50.55
2026-07-08 06:12:20,21.84,429.2,57.57,21.6,5.51,18.76,24.16,5.87,52.36
2026-07-08 06:24:30,21.86,506.0,62.88,29.2,8.81,28.67,11.2,5.18,53.56
2026-07-08 06:33:07,22.77,438.4,64.18,31.1,10.55,25.15,18.95,10.86,48.83
2026-07-08 06:46:47,22.31,393.7,81.79,12.5,10.41,24.37,17.4,0.08,50.62
2026-07-08 06:51:58,22.17,432.5,54.67,23.7,9.92,22.75,12.45,2.9,53.3
2026-07-08 07:02:35,23.07,430.9,65.36,33.7,10.98,31.23,10.57,1.3,52.6
2026-07-08 07:16:06,23.64,498.3,67.04,39.1,7.2,21.52,15.41,4.46,52.23
2026-07-08 07:22:53,23.33,506.4,75.48,27.4,10.66,25.73,17.82,6.61,53.9
2026-07-08 07:28:26,23.43,472.5,60.64,26.5,8.3,23.79,17.08,3.05,53.59
2026-07-08 07:37:30,23.37,527.4,87.72,30.5,12.03,19.02,12.99,6.81,49.27
2026-07-08 07:50:12,23.69,512.0,68.1,16.0,7.27,29.52,19.16,1.98,53.17
2026-07-08 08:01:12,23.83,516.5,81.08,28.0,10.81,31.88,16.52,6.11,50.41
2026-07-08 08:09:02,24.8,522.9,93.67,35.9,2.35,25.29,20.78,11.34,53.28
2026-07-08 08:18:03,22.83,520.1,90.54,7.3,6.24,24.19,15.76,12.18,51.79
2026-07-08 08:28:03,23.13,525.7,93.24,38.5,12.31,32.91,12.08,4.17,53.47
2026-07-08 08:41:46,23.78,573.2,85.41,22.4,8.96,18.92,17.91,0.35,54.53
2026-07-08 08:48:17,24.31,600.4,96.35,12.4,5.35,23.11,12.13,6.53,52.6
2026-07-08 08:58:21,24.5,570.1,118.47,39.4,4.55,23.31,16.65,1.83,55.58
2026-07-08 09:05:24,23.72,600.1,99.03,13.5,10.2,32.18,16.46,0.08,54.56
2026-07-08 09:19:00,23.16,601.8,86.97,12.7,4.93,27.99,14.05,0.97,54.58
2026-07-08 09:31:34,24.1,654.6,102.61,37.5,7.98,23.76,15.08,8.37,55.46
2026-07-08 09:45:05,23.93,594.6,114.62,36.6,12.36,25.76,14.75,1.1,55.48
2026-07-08 09:52:51,24.38,606.3,115.44,31.9,7.53,18.42,12.53,4.95,54.29
2026-07-08 10:05:58,24.69,614.9,90.24,7.3,13.29,18.59,16.18,6.89,56.71
2026-07-08 10:11:59,23.96,661.0,105.52,18.5,9.08,25.17,3.91,8.36,57.38
2026-07-08 10:25:52,24.28,624.1,107.73,9.2,4.83,33.15,9.97,2.03,54.36
2026-07-08 10:39:46,25.06,641.1,92.27,13.1,11.9,24.5,18.02,6.73,54.09
2026-07-08 10:47:21,24.67,585.7,109.14,7.6,12.56,19.18,9.21,3.14,51.6
2026-07-08 10:55:39,25.12,581.6,100.25,39.6,4.81,25.66,16.76,1.49,57.41
2026-07-08 11:02:46,25.2,621.7,107.04,26.9,10.64,27.55,12.75,0.65,53.5
2026-07-08 11:09:49,25.23,666.4,110.4,12.1,12.75,20.73,13.69,2.88,53.63
2026-07-08 11:17:19,25.58,650.7,102.31,12.2,11.32,17.99,14.59,1.58,60.16
2026-07-08 11:27:19,24.5,672.0,82.06,32.3,10.17,27.0,14.82,3.39,60.62
2026-07-08 11:42:00,25.07,643.7,105.26,28.5,7.83,20.17,11.61,12.97,54.43
2026-07-08 11:49:50,25.16,694.7,97.06,32.2,5.62,20.77,19.68,3.0,58.56
2026-07-08 11:57:00,24.23,615.0,117.42,7.1,10.47,29.5,17.06,0.72,55.21
2026-07-08 12:06:40,25.51,657.3,116.36,22.8,9.89,32.45,18.45,4.23,55.93
2026-07-08 12:12:20,24.48,656.3,115.09,22.1,8.54,23.66,15.63,1.48,56.23
2026-07-08 12:25:49,26.11,647.8,116.87,34.6,10.76,29.09,12.9,11.44,58.09
2026-07-08 12:37:15,25.56,676.4,123.07,10.5,9.78,23.82,17.72,0.61,56.5
2026-07-08 12:43:45,26.38,632.0,95.8,40.0,9.32,29.49,16.45,29.01,57.82
2026-07-08 12:49:49,25.74,594.4,102.93,21.4,8.91,31.81,9.3,5.95,58.74
2026-07-08 12:56:14,23.92,655.2,109.41,30.4,10.14,19.73,8.27,0.51,56.47
2026-07-08 13:03:52,25.69,589.0,97.09,32.6,8.91,25.36,11.38,2.49,54.33
2026-07-08 13:14:05,24.55,637.7,106.32,36.4,7.55,30.07,15.2,1.76,53.64
2026-07-08 13:22:10,24.69,620.1,100.54,5.8,12.57,8.99,25.71,6.1,50.27
2026-07-08 13:32:27,25.0,619.1,110.47,37.4,10.38,24.81,15.9,6.28,57.86
2026-07-08 13:41:50,24.03,650.0,111.55,21.7,13.51,23.09,14.56,4.6,56.21
2026-07-08 13:48:44,25.78,554.4,80.15,39.5,8.13,31.82,18.34,13.36,52.97
2026-07-08 13:55:12,24.19,613.7,87.52,26.9,9.12,28.84,15.36,14.42,56.32
2026-07-08 14:07:51,24.43,641.1,97.56,7.6,8.39,22.22,14.34,5.74,54.71
2026-07-08 14:18:57,24.25,612.4,88.35,5.8,14.58,31.38,21.61,1.28,56.23
2026-07-08 14:31:45,24.14,609.0,100.19,15.0,5.71,15.93,20.35,0.66,54.31
2026-07-08 14:38:14,24.52,576.7,104.95,10.2,12.15,26.16,20.92,6.48,52.29
2026-07-08 14:50:34,24.4,577.0,98.48,26.1,16.24,22.08,15.18,0.74,52.58
2026-07-08 14:58:20,24.78,538.2,89.08,30.4,15.86,24.34,11.63,1.92,51.74
2026-07-08 15:12:41,25.37,541.4,87.85,15.8,13.47,26.11,17.36,1.04,54.72
2026-07-08 15:25:41,23.68,521.6,105.17,37.5,3.93,23.38,19.78,1.23,48.01
2026-07-08 15:36:49,23.36,597.2,92.6,10.7,7.36,30.7,12.36,9.06,52.62
2026-07-08 15:48:57,23.63,517.3,80.52,20.4,6.23,29.28,10.99,12.31,50.78
2026-07-08 15:59:34,22.99,491.4,94.76,34.4,11.12,30.51,17.87,0.09,53.6
2026-07-08 16:09:11,22.56,508.5,67.67,34.3,8.97,28.28,13.11,1.12,52.06
2026-07-08 16:19:57,22.69,478.8,72.11,19.5,7.92,20.88,9.88,6.5,51.21
2026-07-08 16:26:53,22.97,460.1,63.32,33.9,6.39,26.0,16.98,0.36,50.08
2026-07-08 16:41:24,24.08,485.2,87.17,17.0,7.42,21.27,17.88,0.44,49.39
2026-07-08 16:47:30,22.44,421.8,80.08,36.5,8.42,28.03,16.63,9.5,56.77
2026-07-08 16:54:46,22.69,469.0,65.75,21.7,10.01,30.57,16.73,6.51,52.17
2026-07-08 17:01:53,23.52,447.4,56.58,24.7,11.84,26.36,4.22,4.47,49.91
2026-07-08 17:10:34,22.84,479.8,55.17,31.7,8.08,26.82,7.03,5.46,51.58
2026-07-08 17:18:37,22.31,471.4,57.93,7.4,14.57,24.55,17.01,1.83,56.2
2026-07-08 17:26:11,22.54,467.7,61.41,29.2,9.59,23.86,11.95,8.1,51.34
2026-07-08 17:39:08,22.08,369.6,46.14,28.2,8.8,19.2,18.42,16.08,51.36
2026-07-08 17:47:38,22.4,396.5,48.34,8.7,8.99,26.38,17.49,0.31,52.98
2026-07-08 17:58:53,22.57,391.7,41.27,38.0,9.86,30.89,16.22,7.94,49.83
2026-07-08 18:07:55,22.62,392.9,38.95,9.4,15.31,26.4,20.76,6.01,47.18
2026-07-08 18:19:22,21.41,355.4,40.91,7.1,14.46,34.66,20.85,0.41,47.77
2026-07-08 18:33:01,21.4,421.3,54.11,7.8,12.78,20.28,21.08,21.3,51.13
2026-07-08 18:42:11,20.97,398.0,49.41,17.4,6.76,30.28,15.36,6.55,49.4
2026-07-08 18:49:49,20.67,367.9,59.35,27.2,10.9,25.63,13.71,8.02,51.99
2026-07-08 19:00:17,20.8,340.0,68.59,36.8,6.75,22.65,8.48,4.26,48.33
2026-07-08 19:07:30,21.8,300.8,64.85,12.5,9.96,29.35,19.52,13.57,47.39
2026-07-08 19:18:20,20.42,323.7,50.22,19.7,10.73,23.15,16.33,3.64,53.36
2026-07-08 19:30:42,20.94,328.6,92.26,19.3,7.75,24.97,13.61,10.61,50.37
2026-07-08 19:37:41,20.54,312.6,76.22,35.5,7.44,26.59,7.03,8.48,47.29
2026-07-08 19:43:43,20.58,259.3,69.45,11.2,9.67,26.24,14.67,1.2,50.02
2026-07-08 19:52:53,20.64,315.6,63.05,12.0,14.09,21.56,18.97,2.55,45.97
2026-07-08 19:58:50,20.74,275.5,84.94,36.1,11.42,28.03,15.22,2.48,45.94
2026-07-08 20:07:14,20.23,271.1,79.2,28.4,2.2,29.44,17.33,4.36,51.21
2026-07-08 20:17:44,20.5,261.5,65.71,25.0,9.21,33.45,17.75,2.38,49.32
2026-07-08 20:32:01,20.76,255.0,81.05,6.4,9.53,20.1,13.48,15.04,45.86
2026-07-08 20:41:07,20.43,259.4,84.99,14.3,11.09,22.91,19.99,3.98,45.52
2026-07-08 20:52:21,19.97,221.6,101.82,39.7,11.4,25.33,15.85,4.48,46.06
2026-07-08 20:58:14,20.12,222.3,93.62,21.3,9.94,24.51,16.29,3.97,45.46
2026-07-08 21:06:11,19.67,203.9,106.4,17.0,13.56,28.58,12.98,11.87,44.49
2026-07-08 21:20:16,18.86,194.0,86.36,39.3,10.45,26.03,19.5,11.93,48.15
2026-07-08 21:30:11,20.41,187.8,113.25,7.9,11.02,19.78,15.07,1.68,45.81
2026-07-08 21:45:05,19.61,279.7,97.34,13.9,11.26,27.48,17.24,1.34,43.65
2026-07-08 21:50:33,19.53,177.5,93.07,15.3,11.56,24.9,18.34,7.92,43.24
2026-07-08 22:00:43,19.84,187.9,108.2,30.2,11.03,25.12,12.39,8.0,43.34
2026-07-08 22:08:52,19.41,191.3,103.79,38.2,10.66,28.17,14.35,10.51,42.25
2026-07-08 22:22:16,19.4,226.4,119.39,34.4,1.28,15.11,11.81,2.76,46.1
2026-07-08 22:27:51,19.87,215.1,112.65,39.6,16.05,25.73,9.06,3.08,44.02
2026-07-08 22:40:42,18.56,245.2,87.88,35.3,10.38,22.28,12.42,2.44,43.2
2026-07-08 22:52:25,18.73,165.0,104.96,7.8,13.58,17.97,7.05,3.92,40.58
2026-07-08 23:05:55,18.64,195.3,105.93,28.3,7.43,26.6,16.79,2.43,43.87
2026-07-08 23:13:38,18.94,156.8,116.18,39.9,5.23,23.43,21.93,1.52,45.2
2026-07-08 23:27:17,19.39,204.8,117.92,7.5,8.68,21.06,11.56,0.93,47.3
2026-07-08 23:41:52,19.05,169.6,108.35,33.9,12.62,26.53,14.25,18.17,45.93
2026-07-08 23:52:13,19.82,171.6,97.97,11.2,11.08,22.8,17.09,4.32,43.34
2026-07-09 00:01:49,19.13,169.4,92.16,39.2,11.76,20.48,14.66,0.04,43.43
2026-07-09 00:07:31,17.98,169.7,112.74,23.3,5.81,16.73,15.03,11.02,41.69
2026-07-09 00:14:32,18.6,143.6,119.69,22.1,4.6,18.23,17.55,0.35,45.49
2026-07-09 00:29:21,19.69,153.4,101.51,12.7,12.84,25.33,18.81,1.35,41.24
2026-07-09 00:36:50,18.82,145.3,106.11,35.9,5.85,25.91,5.95,9.68,41.73
2026-07-09 00:48:22,18.88,166.0,116.24,32.1,11.16,25.39,12.4,1.82,43.71
2026-07-09 01:00:45,18.77,164.2,90.02,29.9,13.27,13.1,12.95,9.42,43.61
2026-07-09 01:14:08,19.16,183.5,98.37,23.0,5.06,26.84,7.35,5.07,44.29
2026-07-09 01:27:41,19.88,172.2,116.27,37.2,9.36,29.36,16.87,0.13,47.13
2026-07-09 01:36:41,18.96,182.4,111.94,25.1,11.79,25.04,14.2,2.39,44.17
2026-07-09 01:50:07,19.42,198.8,109.57,38.2,12.29,15.76,14.65,3.69,47.41
2026-07-09 02:02:04,19.96,214.2,74.4,25.7,10.88,23.56,14.64,5.63,41.88
2026-07-09 02:08:55,19.4,125.8,81.31,29.1,8.77,18.2,15.41,0.21,43.68
2026-07-09 02:17:47,19.26,211.1,110.89,28.8,11.81,32.09,18.78,0.34,45.55
2026-07-09 02:31:13,19.76,201.3,83.72,34.2,8.72,20.75,20.39,9.37,46.88
2026-07-09 02:43:35,19.48,206.9,90.69,28.7,6.4,26.85,15.79,2.18,44.52
2026-07-09 02:54:43,20.52,230.3,87.05,28.6,9.5,30.69,18.75,23.44,45.77
2026-07-09 03:09:01,19.39,185.4,81.53,19.5,9.76,23.05,19.02,13.02,45.44
2026-07-09 03:15:06,20.54,257.4,83.5,16.2,9.46,27.49,16.84,8.0,46.1
2026-07-09 03:28:53,20.45,287.2,79.14,29.7,5.16,25.26,13.17,0.94,44.89
2026-07-09 03:42:11,20.73,328.1,94.25,10.8,15.59,21.95,14.12,0.15,42.18
2026-07-09 03:51:21,20.76,322.8,95.14,27.3,6.45,27.52,17.25,1.29,46.25
2026-07-09 04:06:08,20.79,235.2,90.76,25.2,16.18,25.3,17.99,10.89,48.85
2026-07-09 04:17:48,19.79,315.3,78.3,14.8,6.89,29.53,17.19,1.79,47.74
2026-07-09 04:32:06,20.78,280.7,65.27,38.4,14.57,21.81,16.64,6.2,46.06
2026-07-09 04:39:28,20.82,316.3,78.92,13.1,6.18,22.6,16.65,4.98,48.65
2026-07-09 04:51:18,20.85,312.6,71.5,23.5,10.34,26.64,17.54,2.45,45.82
2026-07-09 04:57:13,20.69,345.5,86.99,23.8,9.71,12.0,16.83,2.87,46.74
2026-07-09 05:08:36,21.59,359.6,65.6,26.5,10.2,26.81,14.93,7.28,47.79
2026-07-09 05:14:41,20.54,385.7,47.56,10.8,8.08,22.93,11.97,0.83,52.18
2026-07-09 05:26:15,21.83,329.0,65.57,33.2,7.45,19.58,16.96,1.37,49.03
2026-07-09 05:37:38,21.82,414.4,54.48,26.2,9.89,11.53,14.34,4.9,49.84
2026-07-09 05:51:25,21.88,445.9,45.62,15.2,10.67,17.42,18.4,4.34,47.76
2026-07-09 05:58:23,20.81,407.7,51.07,21.1,13.11,23.81,12.03,2.69,49.42
2026-07-09 06:09:07,21.58,348.0,42.63,20.7,14.1,24.1,19.39,0.47,47.67
2026-07-09 06:18:12,21.93,418.4,72.59,39.6,9.48,23.84,14.5,3.02,50.13
2026-07-09 06:28:15,22.04,434.3,50.39,13.5,13.86,25.93,20.21,2.24,49.77
2026-07-09 06:35:02,22.87,489.8,42.77,14.8,12.71,25.96,10.15,3.59,51.81
2026-07-09 06:44:12,22.62,405.9,67.32,7.4,15.11,22.42,11.54,6.13,51.01
2026-07-09 06:54:09,22.7,492.3,69.93,35.4,10.59,29.24,16.62,0.25,52.65
2026-07-09 07:04:25,22.79,545.8,81.57,5.1,12.66,21.17,15.72,2.04,50.11
2026-07-09 07:14:11,23.12,477.2,64.68,32.3,9.61,37.56,10.44,4.02,55.02
2026-07-09 07:24:51,22.24,451.7,98.55,14.7,13.29,25.8,22.51,12.06,50.99
2026-07-09 07:31:04,23.67,464.4,75.03,26.4,7.4,27.36,15.38,1.89,53.3
2026-07-09 07:42:59,22.68,507.9,64.23,33.2,5.31,35.0,7.41,1.52,51.16
2026-07-09 07:53:30,23.47,578.2,71.6,28.8,12.35,22.22,17.46,5.18,50.6
2026-07-09 08:08:02,23.45,502.8,96.22,14.0,10.22,32.53,19.15,8.75,50.12
2026-07-09 08:16:55,24.1,483.3,85.94,16.0,15.26,22.24,12.93,5.23,50.81
2026-07-09 08:28:25,24.24,599.7,82.54,36.5,10.75,27.49,18.88,3.65,52.59
2026-07-09 08:41:29,24.15,543.9,99.67,5.9,5.19,34.49,11.72,9.55,55.7
2026-07-09 08:50:47,23.97,554.4,89.76,26.8,12.63,24.11,7.74,0.91,53.89
2026-07-09 09:04:14,24.33,573.2,99.58,31.7,10.07,24.78,13.29,1.15,54.74
2026-07-09 09:09:27,24.53,592.6,86.49,20.5,6.13,33.41,14.68,7.62,51.24
2026-07-09 09:16:12,24.32,644.7,97.21,22.8,14.01,25.96,11.17,4.4,55.64
2026-07-09 09:24:12,24.09,546.2,104.62,16.0,13.13,22.09,23.03,6.96,50.83
2026-07-09 09:35:56,24.08,537.7,110.11,7.8,8.2,27.52,10.38,9.81,52.87
2026-07-09 09:49:43,23.78,634.7,109.26,27.2,13.36,27.91,21.09,3.54,56.69
2026-07-09 10:00:16,24.11,608.1,98.36,17.6,15.5,21.61,10.89,11.48,56.29
2026-07-09 10:08:52,24.96,612.5,108.91,35.5,5.31,11.8,12.7,4.94,52.41
2026-07-09 10:14:21,24.12,608.5,99.68,28.3,7.82,28.41,17.75,8.16,56.28
2026-07-09 10:19:21,24.22,687.7,119.92,32.5,8.34,24.47,14.96,0.24,56.2
2026-07-09 10:29:22,25.33,629.0,113.0,5.5,8.66,28.2,15.58,1.1,50.5
2026-07-09 10:35:17,24.32,620.0,106.17,33.8,13.36,26.51,13.88,6.93,55.23
2026-07-09 10:43:53,24.89,641.0,112.55,37.3,7.69,28.83,13.92,0.75,57.5
2026-07-09 10:54:11,24.93,623.4,103.58,21.2,6.79,14.66,18.14,0.65,56.77
2026-07-09 11:03:25,24.82,608.2,103.81,22.0,13.43,29.24,6.76,1.42,56.89
2026-07-09 11:15:07,24.57,668.4,100.2,23.1,3.49,26.47,14.16,0.74,55.34
2026-07-09 11:21:08,24.78,619.3,116.93,32.9,14.32,17.94,16.45,3.09,55.73
2026-07-09 11:34:02,24.82,641.8,118.13,30.8,5.89,24.14,20.66,5.59,57.14
2026-07-09 11:48:12,25.21,607.5,101.98,38.4,7.65,27.06,17.8,2.7,59.8
2026-07-09 12:02:25,25.14,693.7,125.32,13.7,12.28,25.54,10.63,0.05,51.7
2026-07-09 12:09:06,24.91,655.4,115.23,33.4,12.14,28.05,9.59,6.2,52.26
2026-07-09 12:22:59,25.02,630.3,121.75,30.4,8.13,23.94,16.48,1.75,50.01
2026-07-09 12:34:46,25.07,670.3,105.97,13.8,12.35,27.62,13.78,5.85,57.23
2026-07-09 12:46:59,25.49,642.3,102.13,7.2,11.67,19.68,11.43,5.44,58.9
2026-07-09 12:55:32,24.47,599.0,104.26,24.9,1.52,28.5,22.31,1.11,50.11
2026-07-09 13:05:16,25.06,639.8,100.39,34.2,10.03,29.21,17.76,1.76,55.54
2026-07-09 13:16:32,24.74,646.2,117.65,25.9,1.86,23.51,13.66,1.86,57.1
2026-07-09 13:23:30,24.69,579.9,112.21,7.1,3.59,27.62,16.9,4.77,56.33
2026-07-09 13:36:24,24.86,578.9,105.18,18.3,9.65,18.47,20.47,10.57,54.95
2026-07-09 13:47:24,24.25,578.4,107.09,16.5,10.28,20.84,18.84,1.45,54.85
2026-07-09 13:52:50,24.5,610.3,108.23,33.2,9.29,29.44,10.47,2.05,53.99
2026-07-09 14:04:09,24.84,568.1,111.31,18.6,8.8,21.73,15.05,2.71,52.67
2026-07-09 14:09:42,24.84,573.4,91.49,25.0,12.83,25.82,15.06,8.29,54.53
2026-07-09 14:19:13,24.84,590.1,116.79,26.6,7.1,19.85,16.15,5.6,53.93
2026-07-09 14:27:02,24.4,634.4,113.43,5.6,11.11,20.72,17.22,3.71,52.09
2026-07-09 14:35:20,24.99,538.2,103.17,20.4,13.57,27.07,8.63,3.77,53.12
2026-07-09 14:46:40,24.31,562.5,96.99,19.9,14.08,26.45,17.58,5.1,57.29
2026-07-09 15:01:03,23.82,586.8,97.29,10.8,11.76,35.19,14.36,2.17,54.58
2026-07-09 15:13:45,24.4,566.1,98.99,30.4,11.19,26.27,14.94,3.86,49.59
2026-07-09 15:20:31,23.46,532.2,89.31,15.8,5.17,21.03,14.02,4.36,55.82
2026-07-09 15:27:40,23.67,480.7,89.19,24.3,7.74,31.4,13.96,0.52,55.56
2026-07-09 15:33:05,23.32,518.4,91.77,5.4,10.6,28.07,17.03,0.65,54.4
2026-07-09 15:47:16,23.66,510.9,71.92,32.9,11.17,23.88,9.42,3.78,53.49
2026-07-09 15:58:11,23.25,561.8,75.36,39.7,9.56,18.42,23.0,1.01,51.74
2026-07-09 16:09:11,22.81,471.8,71.79,20.0,9.73,28.19,11.82,5.55,50.77
2026-07-09 16:14:48,24.33,512.6,96.58,16.0,11.2,30.79,15.44,10.62,51.15
2026-07-09 16:28:22,23.47,534.8,70.65,9.6,6.73,23.51,14.98,10.58,50.99
2026-07-09 16:33:23,23.66,480.8,78.6,14.8,11.19,27.6,13.61,12.02,49.61
2026-07-09 16:46:22,23.83,505.0,79.52,11.1,10.92,28.64,16.3,3.14,51.02
2026-07-09 16:56:14,23.23,445.0,72.45,33.4,10.13,29.99,19.47,3.73,49.84
2026-07-09 17:09:16,22.21,428.2,65.2,18.6,11.42,25.99,20.94,8.95,52.7
2026-07-09 17:22:49,22.99,405.3,58.52,35.2,8.87,31.95,18.85,2.53,52.19
2026-07-09 17:27:56,21.69,448.1,66.62,38.0,5.78,26.51,13.74,6.9,50.34
2026-07-09 17:41:12,21.9,410.4,63.38,19.1,7.76,17.09,15.96,6.06,53.76
2026-07-09 17:49:45,22.0,458.0,40.93,33.4,8.34,16.94,15.84,2.78,48.69
2026-07-09 17:58:03,21.21,408.4,46.65,17.9,12.22,39.67,12.91,0.93,48.42
2026-07-09 18:09:12,22.41,414.3,67.87,18.1,15.8,19.59,18.74,6.96,47.91
2026-07-09 18:20:00,22.18,389.3,55.14,22.8,6.64,19.52,8.17,0.09,50.3
2026-07-09 18:32:40,22.52,381.8,42.61,8.5,7.01,32.25,17.01,1.62,51.47
2026-07-09 18:40:56,21.47,311.8,68.78,5.7,15.37,37.58,21.11,3.7,43.3
2026-07-09 18:50:39,21.41,341.8,57.47,18.2,10.77,19.51,17.7,4.6,52.19
2026-07-09 19:02:48,21.34,302.3,60.76,10.1,10.05,24.33,11.7,0.39,48.13
2026-07-09 19:09:57,20.78,283.4,87.98,27.7,11.65,28.56,23.76,0.97,50.7
2026-07-09 19:16:33,20.75,320.6,62.16,15.6,2.52,30.27,15.5,6.94,48.36
2026-07-09 19:28:02,21.24,317.3,78.61,39.0,12.08,27.01,17.76,3.43,43.0
2026-07-09 19:42:51,21.03,242.9,82.98,12.1,10.03,18.13,18.3,0.24,46.66
2026-07-09 19:50:35,21.02,265.3,69.02,33.5,5.37,29.99,20.88,3.83,49.46
2026-07-09 20:00:47,20.78,336.9,93.45,10.4,6.14,18.61,16.15,15.09,45.91
2026-07-09 20:07:10,19.67,257.0,83.92,29.9,8.53,25.96,12.76,0.02,45.48
2026-07-09 20:18:16,19.85,236.2,91.22,9.3,5.3,30.35,14.71,2.35,50.01
2026-07-09 20:29:52,19.88,223.6,86.01,7.1,7.57,15.64,7.72,3.06,47.69
2026-07-09 20:44:14,19.84,182.7,78.93,24.7,11.43,24.91,20.65,3.88,42.78
2026-07-09 20:58:55,19.16,225.4,95.55,8.8,16.11,30.68,15.42,1.3,46.77
2026-07-09 21:04:03,19.9,216.6,102.28,5.3,8.01,25.68,10.78,1.9,42.35
2026-07-09 21:16:38,19.26,275.8,92.72,11.3,6.55,24.91,16.9,3.25,43.97
2026-07-09 21:24:27,19.39,219.1,91.9,23.7,14.39,17.75,11.24,13.82,48.52
2026-07-09 21:30:37,20.39,221.1,102.24,31.5,8.08,23.44,11.14,13.34,49.12
2026-07-09 21:44:52,19.06,167.6,90.49,36.2,9.92,19.27,16.5,3.27,45.09
2026-07-09 21:57:15,19.26,195.4,91.58,32.8,11.73,29.6,17.6,3.4,45.97
2026-07-09 22:11:04,19.3,146.5,120.77,8.1,13.69,27.11,21.28,2.45,41.03
2026-07-09 22:25:12,18.8,190.5,102.13,31.9,15.33,25.18,16.84,2.28,43.18
2026-07-09 22:39:40,19.62,116.1,115.09,10.5,11.34,25.65,14.33,18.39,44.53
2026-07-09 22:52:08,18.25,225.1,91.29,35.2,6.49,27.4,16.3,8.74,41.08
2026-07-09 23:00:29,19.1,165.9,117.97,6.4,9.87,27.56,16.59,4.65,42.39
2026-07-09 23:06:07,19.05,141.6,108.83,22.2,8.74,33.03,20.47,1.4,45.23
2026-07-09 23:14:50,19.01,190.3,108.07,37.7,12.48,30.57,14.97,6.9,43.76
2026-07-09 23:27:56,18.87,136.3,114.54,16.8,15.47,23.88,13.76,6.75,43.48
2026-07-09 23:42:40,19.31,152.3,101.88,34.3,8.6,21.68,9.81,0.72,38.42
2026-07-09 23:52:04,18.56,168.6,115.29,25.2,10.34,34.06,23.12,1.48,43.73
2026-07-10 00:01:35,19.01,180.5,115.09,36.4,10.46,15.62,17.84,16.82,40.75
2026-07-10 00:08:28,19.07,160.8,96.26,16.9,7.22,28.36,13.44,4.21,42.8
2026-07-10 00:22:42,19.1,173.7,90.38,35.1,10.17,22.45,19.36,1.94,41.28
2026-07-10 00:34:07,19.79,180.2,127.95,31.1,11.34,26.53,14.26,13.4,42.61
2026-07-10 00:43:54,18.67,158.4,109.87,10.4,9.21,33.78,17.49,3.55,42.62
2026-07-10 00:54:38,18.77,182.1,114.16,32.6,10.18,31.56,18.82,7.64,47.18
2026-07-10 01:07:47,19.04,202.7,100.58,31.8,11.41,29.64,14.1,0.84,42.41
2026-07-10 01:15:30,18.61,214.9,113.37,39.8,12.27,23.41,7.95,15.56,44.61
2026-07-10 01:23:41,19.61,201.0,111.73,36.0,13.9,21.78,9.75,1.83,44.08
2026-07-10 01:30:48,19.33,206.1,111.3,27.6,12.03,24.36,14.11,29.55,43.8
2026-07-10 01:38:31,19.43,167.3,87.24,9.5,10.96,16.68,17.75,5.43,43.32
2026-07-10 01:44:27,19.58,157.1,92.02,19.4,14.55,30.92,14.48,5.3,43.41
2026-07-10 01:49:46,19.17,221.1,117.08,32.9,12.82,23.89,15.56,0.72,44.64
2026-07-10 01:56:55,19.21,179.6,93.42,13.5,12.16,28.86,13.78,2.46,40.29
2026-07-10 02:05:58,19.49,259.0,113.43,19.7,11.65,24.18,19.84,0.38,45.36
2026-07-10 02:19:24,19.75,210.5,103.52,36.9,10.79,24.34,18.38,9.97,46.65
2026-07-10 02:29:49,20.08,212.0,92.81,38.5,15.74,27.45,15.03,4.53,46.67
2026-07-10 02:43:49,18.98,179.5,101.29,27.7,10.55,19.88,15.53,0.31,46.53
2026-07-10 02:58:37,20.93,229.2,97.13,20.9,10.03,20.99,14.88,1.29,44.88
2026-07-10 03:09:50,20.17,210.7,113.53,18.3,12.35,17.22,15.53,0.67,46.67
2026-07-10 03:24:48,20.2,276.4,81.08,12.5,12.69,24.82,12.41,1.26,46.83
2026-07-10 03:36:41,19.97,263.8,85.19,36.8,7.31,28.33,20.21,2.79,46.34
2026-07-10 03:48:21,20.41,278.4,79.82,16.4,10.76,25.09,21.62,2.66,46.79
2026-07-10 04:01:00,21.01,324.9,90.89,10.0,10.35,28.71,20.69,0.68,46.43
2026-07-10 04:13:40,18.8,333.6,77.87,27.3,12.24,29.13,14.85,3.3,50.25
2026-07-10 04:21:13,20.64,278.5,69.47,34.6,11.71,30.27,11.73,8.68,46.17
2026-07-10 04:33:10,20.7,349.6,72.3,34.0,5.82,26.46,12.75,4.02,46.0
2026-07-10 04:38:50,21.41,313.6,72.82,35.8,9.75,23.87,18.0,0.21,49.49
2026-07-10 04:47:33,21.12,333.1,73.59,16.8,8.45,27.68,10.86,1.45,51.74
2026-07-10 04:58:49,20.72,387.1,73.4,18.1,13.49,25.49,19.28,2.72,48.08
2026-07-10 05:05:58,21.55,347.2,72.16,28.5,4.93,25.45,13.17,7.14,48.17
2026-07-10 05:18:15,21.35,343.5,60.73,12.1,7.48,18.97,11.73,8.64,49.76
2026-07-10 05:24:55,20.58,357.9,66.16,33.4,12.0,24.02,11.47,7.1,48.94
2026-07-10 05:34:54,21.85,388.7,65.85,21.3,11.78,22.56,29.82,4.25,52.16
2026-07-10 05:41:30,21.8,460.8,47.06,19.3,15.29,25.94,14.08,6.6,48.92
2026-07-10 05:49:00,22.0,355.7,47.46,15.7,11.59,27.17,16.98,0.58,52.95
2026-07-10 06:03:10,22.48,364.0,56.97,25.0,4.32,21.19,17.97,9.07,47.18
2026-07-10 06:16:48,22.25,403.6,47.98,9.7,12.05,19.11,17.67,6.9,48.17
2026-07-10 06:23:23,22.4,425.6,36.06,23.0,9.83,27.84,16.34,3.05,50.94
2026-07-10 06:36:12,21.97,471.4,53.28,20.2,8.94,20.86,24.77,3.34,50.07
2026-07-10 06:45:46,22.78,468.4,55.28,7.0,15.12,28.34,16.05,0.21,51.61
2026-07-10 06:51:49,23.58,457.3,66.48,17.4,11.79,30.58,18.2,9.05,52.61
2026-07-10 07:01:58,22.63,428.8,68.0,19.6,10.06,26.74,6.95,5.52,52.62
2026-07-10 07:11:44,22.65,485.4,55.71,25.1,9.91,28.13,17.82,1.68,52.13
2026-07-10 07:24:16,22.45,503.9,73.46,33.5,12.0,26.72,21.41,5.83,51.76
2026-07-10 07:33:03,23.24,526.5,65.83,21.0,12.48,29.98,23.09,9.78,54.28
2026-07-10 07:45:21,23.66,543.5,58.37,31.0,5.37,23.92,9.48,11.8,51.94
2026-07-10 07:52:06,21.66,522.6,65.06,7.2,10.2,36.77,13.45,1.02,54.78
2026-07-10 08:00:25,22.79,488.1,61.7,25.0,14.48,24.04,13.24,1.42,49.44
2026-07-10 08:08:48,23.71,514.2,87.4,31.6,5.97,33.69,16.91,3.07,52.65
2026-07-10 08:21:41,25.1,472.0,59.73,26.1,12.8,19.78,14.65,14.47,54.09
2026-07-10 08:28:42,23.24,503.5,100.59,35.7,12.26,25.62,10.22,3.37,54.44
2026-07-10 08:43:04,24.65,579.4,83.3,9.6,10.82,36.38,13.65,10.64,55.7
2026-07-10 08:57:31,23.94,609.0,112.27,9.5,7.28,23.64,15.7,3.75,56.38
2026-07-10 09:10:28,22.73,627.7,90.6,29.8,14.03,26.91,17.08,0.56,51.63
2026-07-10 09:21:33,25.08,535.5,99.92,23.5,11.37,33.16,18.37,8.68,56.28
2026-07-10 09:30:26,24.82,621.7,104.2,9.8,7.04,20.45,8.99,3.02,55.26
2026-07-10 09:36:35,23.91,618.1,92.94,32.0,15.94,18.85,14.49,2.58,54.3
2026-07-10 09:43:29,24.81,584.0,100.38,14.7,13.54,29.85,4.22,4.14,54.68
2026-07-10 09:56:53,24.35,631.2,102.38,17.9,14.62,23.08,6.14,17.5,55.26
2026-07-10 10:10:38,25.07,611.0,115.27,26.8,8.94,21.88,16.48,3.82,58.72
2026-07-10 10:20:31,25.0,600.9,113.07,22.2,11.61,22.44,24.47,7.62,53.49
2026-07-10 10:29:07,24.96,652.9,108.6,20.4,7.68,25.87,19.65,8.36,57.82
2026-07-10 10:35:21,25.06,653.7,109.95,25.7,11.98,30.63,17.41,2.39,57.94
2026-07-10 10:48:20,23.36,568.3,106.5,13.7,13.06,17.2,12.79,3.08,59.15
2026-07-10 10:58:37,25.45,623.4,96.13,28.6,7.18,24.63,16.31,4.19,56.34
2026-07-10 11:04:06,24.68,667.7,92.44,32.0,8.73,28.3,18.55,10.52,57.09
2026-07-10 11:15:28,25.32,613.2,106.86,32.0,5.19,26.88,13.43,1.87,56.34
2026-07-10 11:27:19,24.83,609.4,102.71,7.1,12.35,25.53,16.59,4.58,57.33
2026-07-10 11:36:53,25.64,638.3,97.78,16.3,11.32,23.0,8.46,0.56,54.8
2026-07-10 11:42:47,25.38,658.2,116.62,13.0,9.35,21.68,16.56,4.34,55.68
2026-07-10 11:48:38,25.36,651.8,117.57,21.8,9.46,27.08,11.36,3.61,55.1
2026-07-10 12:02:09,24.84,665.3,112.14,33.7,8.86,22.64,16.92,0.18,55.38
2026-07-10 12:11:50,24.63,636.0,114.95,12.0,17.16,26.29,9.07,0.94,54.37
2026-07-10 12:19:34,24.29,663.6,105.61,39.8,8.13,21.12,15.37,15.09,53.35
2026-07-10 12:28:00,24.63,636.0,114.6,19.3,7.51,25.79,12.73,0.95,53.92
2026-07-10 12:34:45,25.67,626.0,87.25,29.5,9.55,31.05,14.71,7.82,53.73
2026-07-10 12:41:13,25.46,602.1,100.78,15.3,7.22,27.36,14.36,0.44,58.63
2026-07-10 12:50:39,25.12,683.3,100.96,16.5,13.99,22.82,10.58,6.59,58.46
2026-07-10 12:58:06,25.03,616.6,105.48,27.0,10.09,24.01,4.2,22.72,55.93
2026-07-10 13:03:18,24.85,676.2,112.71,37.3,12.32,22.22,8.81,3.28,56.82
2026-07-10 13:10:50,24.2,611.2,116.7,25.6,12.46,26.88,16.8,3.46,56.39
2026-07-10 13:16:56,25.05,611.3,116.88,25.3,11.89,31.88,16.77,4.99,53.57
2026-07-10 13:31:38,24.61,621.9,113.29,6.4,9.44,19.54,17.24,3.41,58.95
2026-07-10 13:37:49,24.89,622.7,113.49,30.7,14.49,17.53,21.76,1.88,59.27
2026-07-10 13:44:10,24.9,638.2,108.36,39.4,9.64,30.33,13.66,5.69,53.4
2026-07-10 13:51:58,23.72,572.2,94.57,33.5,5.17,29.51,12.21,0.98,58.09
2026-07-10 13:57:56,25.23,612.4,105.98,27.3,10.79,31.5,19.7,7.49,56.59
2026-07-10 14:05:48,24.92,623.5,108.4,26.6,11.54,27.17,29.3,0.8,57.55
2026-07-10 14:14:50,24.77,606.9,102.81,6.4,12.38,24.03,13.72,4.77,58.55
2026-07-10 14:25:58,24.63,584.7,91.35,23.2,10.1,25.79,13.2,10.37,56.86
2026-07-10 14:38:12,24.5,590.0,103.29,37.7,9.51,26.16,20.0,0.58,50.77
2026-07-10 14:47:30,23.7,613.6,81.84,23.8,11.43,19.36,15.31,11.78,54.81
2026-07-10 14:53:24,22.67,553.4,78.6,14.0,12.53,25.95,18.36,2.77,52.05
2026-07-10 15:06:46,23.25,517.5,91.77,31.0,14.31,21.01,13.61,11.02,55.96
2026-07-10 15:11:55,23.74,556.4,88.93,24.1,12.89,28.15,24.12,8.39,56.06
2026-07-10 15:23:51,23.41,589.3,80.09,37.8,8.03,23.39,14.12,7.59,56.79
2026-07-10 15:33:07,22.42,559.9,79.69,5.2,6.46,18.42,23.27,1.42,54.11
2026-07-10 15:42:16,24.01,518.4,60.18,38.6,10.78,19.85,12.72,1.69,50.99
2026-07-10 15:48:07,23.95,497.9,78.06,36.5,17.15,23.19,13.79,0.11,54.6
2026-07-10 16:00:22,24.24,526.2,95.1,25.7,12.71,25.71,14.96,0.43,51.98
2026-07-10 16:08:16,23.46,531.3,77.58,14.6,8.08,22.87,13.8,15.18,55.87
2026-07-10 16:14:33,23.01,525.4,89.65,8.1,3.33,23.64,24.78,2.82,50.23
2026-07-10 16:24:43,23.23,540.4,58.1,19.2,13.07,27.14,15.9,9.31,53.7
2026-07-10 16:33:06,22.7,495.5,75.18,38.0,2.87,25.62,18.08,5.02,51.57
2026-07-10 16:46:08,22.77,508.2,45.58,27.1,12.02,32.65,13.46,4.21,51.28
2026-07-10 16:54:12,22.43,496.5,79.54,24.4,11.21,37.19,17.09,2.89,54.68
2026-07-10 17:06:56,23.3,496.3,53.67,30.8,3.9,26.09,19.3,3.94,48.27
2026-07-10 17:12:53,23.51,483.5,78.36,10.9,10.21,27.73,12.26,1.76,52.29
2026-07-10 17:26:39,23.3,432.0,48.96,7.7,6.16,25.0,17.14,1.43,51.1
2026-07-10 17:37:43,22.21,430.0,59.89,17.2,12.4,29.62,26.65,10.3,50.18
2026-07-10 17:44:16,21.69,390.0,73.93,33.1,12.01,25.66,19.06,2.71,49.92
2026-07-10 17:57:21,22.04,373.1,48.48,24.9,8.95,22.41,10.04,0.75,52.24
2026-07-10 18:06:00,21.32,391.0,59.05,5.2,11.45,27.11,14.52,2.04,49.86
2026-07-10 18:14:42,22.14,387.2,70.48,39.9,10.14,22.89,14.42,5.29,48.95
2026-07-10 18:20:43,22.13,341.8,51.2,5.7,11.5,21.1,14.62,2.27,48.27
2026-07-10 18:26:31,21.38,403.3,60.37,39.6,12.95,25.04,17.05,0.96,46.4
2026-07-10 18:39:41,21.58,385.7,60.12,30.8,9.97,25.88,13.92,8.03,51.55
2026-07-10 18:52:32,21.66,289.4,82.33,24.8,14.92,21.06,9.38,0.3,53.73
2026-07-10 19:02:55,21.07,345.7,64.56,21.2,14.13,30.4,11.7,5.36,43.96
2026-07-10 19:12:30,22.34,332.4,80.26,9.9,17.14,24.19,12.75,1.06,52.76
2026-07-10 19:23:26,20.63,311.3,66.51,34.1,4.75,28.8,23.14,4.37,46.95
2026-07-10 19:29:15,21.35,342.1,63.6,29.7,13.72,29.16,15.91,4.06,46.25
2026-07-10 19:36:17,20.93,300.7,76.47,9.0,9.38,27.0,12.57,4.16,46.92
2026-07-10 19:47:36,20.84,325.1,68.41,36.6,12.18,27.21,15.83,4.45,48.44
2026-07-10 19:58:59,21.03,264.6,80.73,19.0,10.89,30.24,5.14,1.07,45.06
2026-07-10 20:08:00,20.95,287.9,88.39,40.0,12.67,19.62,19.9,15.11,45.87
2026-07-10 20:18:02,20.91,277.1,95.82,19.1,13.45,17.33,9.4,2.13,46.72
2026-07-10 20:27:00,20.13,234.2,78.98,14.2,12.74,28.06,16.04,2.05,51.42
2026-07-10 20:38:51,19.6,248.2,65.82,6.2,7.78,24.75,13.76,17.16,44.36
2026-07-10 20:51:38,20.08,267.4,81.18,5.9,8.28,33.21,13.13,2.42,44.83
2026-07-10 20:58:29,19.19,271.3,105.91,10.4,4.35,20.47,20.66,3.74,49.02
2026-07-10 21:11:18,20.02,251.7,93.28,7.8,6.43,25.12,18.39,2.42,43.59
2026-07-10 21:24:48,20.15,267.8,116.65,39.1,10.78,17.17,18.22,4.06,46.66
2026-07-10 21:35:58,19.96,181.2,101.07,19.1,6.98,22.56,22.97,11.78,44.92
2026-07-10 21:42:59,19.7,232.9,104.94,9.1,10.46,23.08,12.92,5.43,44.26
2026-07-10 21:51:36,19.19,187.1,101.39,21.5,8.65,29.75,19.75,0.98,48.13
2026-07-10 22:01:01,18.09,203.6,107.24,21.6,12.86,17.09,17.29,7.72,42.57
2026-07-10 22:10:45,19.25,139.6,110.28,26.1,9.92,21.37,21.87,16.39,45.88
2026-07-10 22:24:37,19.69,139.9,89.29,16.2,10.33,20.8,18.54,2.49,44.42
2026-07-10 22:30:20,18.74,202.9,112.57,11.0,9.63,23.15,13.52,3.47,44.25
2026-07-10 22:44:47,19.67,162.6,123.59,38.9,15.29,20.74,20.32,9.7,41.92
2026-07-10 22:51:04,19.12,233.5,104.89,31.1,9.62,17.47,17.51,2.22,40.59
2026-07-10 23:02:04,19.09,125.6,112.86,7.8,11.16,25.39,14.64,2.04,49.18
2026-07-10 23:11:56,18.92,216.1,116.39,36.2,12.24,17.85,14.82,17.85,42.21
2026-07-10 23:17:25,18.54,234.4,111.58,7.8,4.82,20.97,16.5,0.27,44.08
2026-07-10 23:23:04,19.94,170.6,114.11,5.6,8.84,30.22,13.97,5.01,46.96
2026-07-10 23:32:48,19.41,104.0,118.86,20.3,8.87,29.79,14.2,3.43,41.7
2026-07-10 23:39:04,19.24,157.9,131.79,36.3,9.72,28.38,15.19,1.69,40.94
2026-07-10 23:50:03,19.18,128.8,114.72,16.9,11.68,24.58,23.41,16.08,44.03
2026-07-10 23:58:56,18.64,109.9,100.21,9.7,6.29,23.1,12.53,3.24,45.66
2026-07-11 00:05:56,19.35,151.7,120.16,26.4,7.77,28.99,18.56,8.08,42.49
2026-07-11 00:13:56,19.02,163.0,107.49,36.7,10.66,21.96,10.44,3.95,42.08
2026-07-11 00:28:10,18.35,101.7,116.17,21.9,8.84,23.35,16.39,1.52,40.88
2026-07-11 00:35:11,18.37,180.0,110.67,26.2,12.36,30.09,15.22,11.96,46.19
2026-07-11 00:47:29,19.27,143.2,113.85,18.0,4.54,24.61,12.43,1.28,42.42
2026-07-11 01:02:19,18.23,151.0,98.4,11.1,8.8,26.83,17.95,0.25,42.4
2026-07-11 01:07:36,18.89,214.6,96.42,26.2,7.6,26.55,16.23,5.66,44.64
2026-07-11 01:13:25,18.69,186.2,111.49,13.4,13.92,23.96,12.14,0.47,44.42
2026-07-11 01:23:52,19.54,181.6,87.28,39.0,9.63,24.92,12.77,0.31,47.03
2026-07-11 01:29:09,19.26,174.6,93.19,24.1,7.28,25.74,20.99,0.15,41.29
2026-07-11 01:43:42,19.26,164.0,89.05,31.4,4.29,20.8,15.86,0.54,47.39
2026-07-11 01:55:53,18.55,150.4,109.25,39.3,4.86,26.67,19.07,2.83,43.26
2026-07-11 02:09:43,19.98,206.6,91.5,27.2,11.45,24.8,19.43,1.94,48.97
2026-07-11 02:18:33,19.06,201.5,113.63,5.8,8.24,24.42,14.75,4.58,47.11
2026-07-11 02:25:55,19.96,222.2,94.39,24.4,11.76,28.81,13.65,1.87,48.91
2026-07-11 02:31:39,20.42,165.3,91.38,8.1,5.83,15.38,14.82,4.08,46.11
2026-07-11 02:40:00,19.58,260.7,101.89,21.5,4.72,25.15,17.47,3.75,43.73
2026-07-11 02:48:18,19.91,228.3,93.74,32.5,13.08,26.7,11.18,19.04,43.91
2026-07-11 02:54:35,19.75,240.7,86.45,17.8,6.37,30.3,15.86,1.84,48.52
2026-07-11 03:07:18,20.19,265.5,94.18,22.2,8.59,19.91,12.16,0.11,47.15
2026-07-11 03:13:58,20.38,238.2,87.2,17.6,12.17,22.92,15.51,1.11,49.27
2026-07-11 03:20:47,20.96,266.4,76.7,7.8,12.05,30.19,14.41,9.56,42.83
2026-07-11 03:31:32,19.69,285.1,80.62,22.8,13.09,23.01,19.14,0.16,48.77
2026-07-11 03:44:58,20.12,302.6,91.44,21.6,11.32,27.24,11.95,7.83,44.22
2026-07-11 03:54:11,20.94,293.4,73.84,38.9,6.29,27.25,19.19,0.33,44.23
2026-07-11 04:00:49,20.59,247.3,92.46,8.6,8.63,27.13,9.11,0.37,46.91
2026-07-11 04:11:48,20.71,279.0,63.33,32.2,11.42,27.37,7.24,0.55,47.2
2026-07-11 04:17:59,20.43,251.4,72.68,5.7,14.08,26.93,12.19,1.15,48.3
2026-07-11 04:26:18,21.19,326.2,83.17,6.7,9.81,34.28,7.2,6.93,44.5
2026-07-11 04:39:48,21.19,272.3,70.96,33.7,8.23,34.73,22.59,3.05,46.61
2026-07-11 04:49:05,21.14,294.6,54.89,12.3,4.91,22.82,12.03,5.32,48.06
2026-07-11 05:02:39,20.96,277.7,72.3,38.9,9.37,39.57,12.85,1.24,45.27
2026-07-11 05:07:43,22.3,302.8,64.97,34.9,12.76,27.32,19.2,4.24,49.99
2026-07-11 05:20:54,21.3,382.6,56.42,15.7,5.93,28.11,13.65,2.81,47.18
2026-07-11 05:26:47,21.79,349.5,50.27,10.4,11.13,26.02,18.69,0.96,51.9
2026-07-11 05:35:24,21.74,347.2,63.49,13.3,12.59,17.07,16.71,7.75,51.62
2026-07-11 05:45:01,21.97,390.1,36.47,8.3,15.56,22.65,17.82,1.53,51.29
2026-07-11 05:51:47,21.53,382.7,45.4,12.0,8.04,25.1,13.94,1.95,50.82
2026-07-11 06:02:01,22.07,440.2,58.66,28.0,11.15,22.04,20.35,4.05,51.31
2026-07-11 06:15:54,22.17,404.4,48.58,36.7,11.54,24.48,19.21,2.52,51.09
2026-07-11 06:26:48,22.48,422.9,67.2,8.5,11.13,25.59,13.06,5.55,51.11
2026-07-11 06:40:57,22.47,421.9,55.02,12.6,11.66,25.21,20.15,0.86,50.54
2026-07-11 06:47:36,23.11,479.9,71.39,30.9,6.96,24.24,18.5,2.3,52.1
2026-07-11 06:57:01,23.21,439.5,60.14,20.8,10.39,28.58,16.25,9.65,49.02
2026-07-11 07:09:30,23.11,487.3,73.06,5.7,9.88,26.0,10.3,6.87,53.3
2026-07-11 07:15:54,22.91,530.1,80.47,34.6,14.89,28.72,14.19,1.8,50.36
2026-07-11 07:28:17,23.15,470.1,81.41,25.6,12.32,13.96,11.82,3.46,52.25
2026-07-11 07:41:55,23.68,506.8,78.57,24.6,7.61,34.21,20.41,1.87,54.37
2026-07-11 07:54:18,22.96,535.2,74.47,28.6,8.4,30.3,18.04,6.28,51.99
2026-07-11 08:07:39,23.05,542.7,81.3,26.9,9.9,28.78,19.49,3.08,52.91
2026-07-11 08:20:45,24.06,572.9,68.5,26.6,12.94,20.12,14.45,3.66,57.76
2026-07-11 08:32:40,23.89,574.1,78.98,30.1,7.7,28.8,11.86,0.37,51.58
2026-07-11 08:47:17,23.13,524.4,102.08,21.0,13.01,27.4,19.93,0.87,53.95
2026-07-11 08:53:47,24.41,583.6,90.68,27.8,13.27,25.24,11.96,6.3,54.72
2026-07-11 09:05:13,23.47,527.4,85.58,18.8,7.87,27.85,20.89,3.8,53.95
2026-07-11 09:15:12,24.93,549.6,84.9,25.2,15.77,26.88,19.06,7.39,55.83
2026-07-11 09:29:18,24.72,612.6,102.67,31.7,8.28,25.65,17.86,9.98,53.68
2026-07-11 09:35:06,25.04,608.7,108.52,31.4,13.37,28.61,22.13,14.16,55.98
2026-07-11 09:42:34,24.65,623.0,81.32,31.6,2.81,19.24,16.56,4.65,58.58
2026-07-11 09:56:51,25.01,546.9,103.72,35.1,10.0,22.93,21.36,2.52,55.37
2026-07-11 10:03:23,24.93,584.1,96.51,39.6,5.27,27.51,14.94,12.75,56.38
2026-07-11 10:17:35,24.22,640.1,93.15,38.1,13.4,33.14,9.78,0.42,52.91
2026-07-11 10:26:25,24.09,638.4,115.61,18.6,11.03,15.67,13.15,2.08,54.66
2026-07-11 10:33:38,24.41,609.3,109.12,26.2,10.93,23.99,24.18,3.98,58.68
2026-07-11 10:44:52,24.89,608.5,109.31,12.6,8.52,28.06,13.49,4.45,57.97
2026-07-11 10:52:10,25.21,653.5,98.17,28.5,6.75,25.87,10.72,4.31,60.06
2026-07-11 10:57:57,24.3,581.4,109.55,28.5,13.84,36.72,14.0,1.27,56.15
2026-07-11 11:12:42,26.02,631.0,102.33,17.6,12.0,31.29,16.13,12.32,56.3
2026-07-11 11:21:00,25.63,659.1,120.39,35.2,9.95,23.35,12.61,3.36,54.91
2026-07-11 11:30:03,24.22,614.1,90.7,30.8,13.63,25.28,7.32,7.8,56.12
2026-07-11 11:35:35,26.06,665.3,97.74,27.2,10.07,22.45,9.51,6.11,55.35
2026-07-11 11:42:59,24.9,707.5,85.8,36.0,14.12,23.29,17.16,4.72,55.28
2026-07-11 11:53:22,25.12,653.9,110.52,16.3,8.57,26.87,15.42,3.06,58.02
2026-07-11 12:01:16,25.08,637.2,96.51,6.8,8.05,20.48,22.0,3.88,58.66
2026-07-11 12:11:10,24.04,624.9,114.57,28.0,3.6,34.16,18.76,22.44,55.72
2026-07-11 12:16:32,24.52,664.7,111.87,39.6,7.73,32.44,18.71,1.9,57.16
2026-07-11 12:29:57,24.56,636.6,96.06,25.6,6.91,14.76,17.72,1.24,55.63
2026-07-11 12:38:05,24.37,654.4,119.54,34.1,12.36,20.58,11.21,7.38,56.43
2026-07-11 12:48:22,24.88,629.5,120.41,30.7,9.94,24.48,14.81,2.84,54.31
2026-07-11 12:59:59,24.94,649.2,85.22,39.6,12.55,17.53,13.5,0.36,56.25
2026-07-11 13:12:22,25.68,614.1,110.06,14.6,14.03,21.21,17.41,5.53,52.62
2026-07-11 13:19:48,25.79,665.8,86.32,36.0,7.36,25.64,11.22,3.67,51.95
2026-07-11 13:28:20,24.21,622.8,109.63,33.7,8.47,24.61,18.74,1.8,51.93
2026-07-11 13:37:39,24.78,622.1,119.89,26.1,12.62,24.41,13.75,2.57,54.36
2026-07-11 13:46:05,24.47,632.3,103.36,22.2,16.64,19.96,6.45,5.18,52.25
2026-07-11 13:51:34,24.32,660.4,112.17,7.2,11.6,27.15,19.74,7.92,56.67
2026-07-11 14:06:07,25.07,609.4,95.51,36.3,14.34,29.86,16.92,0.33,55.95
2026-07-11 14:14:40,24.34,607.1,104.83,22.0,14.05,21.79,11.39,0.67,54.02
2026-07-11 14:23:45,24.88,585.8,100.18,30.8,13.53,24.08,15.94,6.48,55.8
2026-07-11 14:29:35,24.26,589.0,90.49,33.6,13.43,24.53,12.68,0.42,57.06
2026-07-11 14:43:58,24.16,530.6,104.94,31.0,14.98,25.42,19.54,6.54,54.72
2026-07-11 14:52:44,24.29,627.5,98.89,7.7,8.32,20.54,13.01,10.51,57.48
2026-07-11 15:03:17,24.07,563.5,100.08,33.3,6.2,29.07,9.8,5.74,54.86
2026-07-11 15:10:24,24.29,503.4,93.99,13.6,11.44,27.03,16.59,3.29,54.46
2026-07-11 15:18:05,23.84,533.1,77.35,14.1,9.28,21.68,12.59,0.09,51.58
2026-07-11 15:25:16,23.84,537.0,94.3,5.4,8.39,27.73,12.02,7.4,54.31
2026-07-11 15:36:59,24.18,562.5,84.48,28.0,10.37,25.31,14.36,8.99,53.94
2026-07-11 15:44:57,23.2,561.8,86.5,20.4,13.44,20.91,15.91,0.17,53.88
2026-07-11 15:51:46,24.06,539.3,61.71,11.5,8.43,25.26,9.29,2.45,52.23
2026-07-11 16:04:52,24.4,535.4,68.7,19.9,7.21,26.09,16.12,13.26,52.21
2026-07-11 16:19:26,22.86,473.0,85.06,36.2,7.72,24.53,12.1,8.08,50.76
2026-07-11 16:29:37,23.58,512.1,65.68,12.6,11.36,27.11,14.69,23.47,56.24
2026-07-11 16:42:55,22.86,512.2,71.83,21.3,10.87,32.08,11.9,3.03,52.16
2026-07-11 16:55:17,23.25,424.3,73.75,14.8,2.92,23.47,19.92,7.35,48.54
2026-07-11 17:01:56,22.48,426.4,63.12,19.3,7.66,20.23,13.74,13.52,52.6
2026-07-11 17:16:16,21.75,490.2,69.96,39.2,12.18,23.65,9.36,14.72,52.14
2026-07-11 17:24:52,22.09,470.4,30.96,5.5,8.68,29.59,20.08,1.64,52.28
2026-07-11 17:37:18,21.2,420.2,62.64,22.1,8.26,16.85,16.72,0.22,52.57
2026-07-11 17:49:16,21.7,386.5,54.59,18.6,11.6,24.44,18.77,6.66,50.47
2026-07-11 18:02:55,21.65,398.0,55.52,9.9,9.42,36.79,19.53,6.95,47.44
2026-07-11 18:10:57,21.42,348.6,47.53,7.6,12.78,24.92,21.66,1.24,44.07
2026-07-11 18:18:05,22.04,389.9,46.46,10.8,7.66,21.75,19.44,3.23,47.84
2026-07-11 18:29:58,21.16,332.9,45.76,34.6,16.81,16.1,16.64,9.06,52.62
2026-07-11 18:35:45,21.8,355.8,61.95,17.9,8.26,23.02,15.45,0.68,45.54
2026-07-11 18:43:29,20.61,347.7,73.53,16.5,7.89,23.2,23.24,1.63,50.03
2026-07-11 18:57:04,21.87,309.5,67.16,31.1,7.34,25.56,10.97,6.22,50.21
2026-07-11 19:10:13,22.19,345.6,58.92,30.4,14.59,28.05,11.13,3.29,46.51
2026-07-11 19:20:19,21.33,282.0,70.91,21.0,9.64,22.1,13.89,6.33,47.53
2026-07-11 19:31:05,21.68,288.6,93.64,23.9,11.13,19.01,19.66,3.37,46.68
2026-07-11 19:38:22,21.62,306.8,67.62,21.1,11.9,29.85,13.5,2.23,43.5
2026-07-11 19:51:46,20.82,269.7,69.52,38.2,3.96,26.07,16.52,4.28,49.86
2026-07-11 20:01:02,20.46,305.4,73.1,24.3,11.67,16.93,12.85,14.05,48.04
2026-07-11 20:10:49,19.68,283.3,87.7,35.9,7.63,29.64,4.4,0.72,48.01
2026-07-11 20:19:26,19.7,300.7,88.84,13.8,13.24,32.65,10.09,0.43,47.16
2026-07-11 20:27:10,19.33,267.0,70.36,35.9,10.07,24.0,12.57,3.81,46.49
2026-07-11 20:32:56,20.39,216.1,85.78,14.5,11.0,18.24,16.07,6.25,45.97
2026-07-11 20:45:04,19.09,183.6,95.01,20.2,16.07,22.95,19.0,3.37,46.53
2026-07-11 20:54:02,19.66,256.4,85.51,9.5,12.29,30.47,13.61,2.54,46.08
2026-07-11 21:00:18,20.04,235.4,102.63,37.6,12.08,25.78,18.23,3.49,46.6
2026-07-11 21:06:58,20.09,238.0,84.07,12.6,11.31,24.34,12.27,9.23,44.97
2026-07-11 21:19:06,19.44,203.0,102.35,22.2,8.36,26.78,11.35,6.07,47.08
2026-07-11 21:33:02,19.59,193.1,100.09,19.6,9.9,29.28,8.58,0.41,47.15
2026-07-11 21:39:55,19.3,211.1,89.05,37.8,9.82,17.45,13.82,1.42,44.8
2026-07-11 21:51:01,19.07,189.6,86.41,11.4,5.84,25.17,20.29,7.69,46.84
2026-07-11 21:58:15,19.32,195.4,92.2,27.7,4.66,28.88,20.96,2.03,42.7
2026-07-11 22:03:54,19.57,221.2,105.45,37.3,3.12,22.7,10.92,3.98,41.66
2026-07-11 22:16:55,19.03,141.7,100.62,7.9,9.16,24.31,12.99,1.3,45.75
2026-07-11 22:22:00,19.41,173.5,98.61,39.0,13.31,20.5,13.08,0.5,45.75
2026-07-11 22:27:25,18.89,189.8,85.69,19.6,8.67,29.62,13.56,1.25,43.26
2026-07-11 22:40:01,18.49,147.3,112.74,23.1,11.2,27.67,20.07,0.02,46.61
2026-07-11 22:49:44,19.35,179.6,113.01,36.6,11.7,18.06,15.72,8.37,43.96
2026-07-11 23:04:07,18.91,141.1,101.84,21.8,11.24,19.44,13.23,1.39,44.78
2026-07-11 23:16:25,19.5,196.1,79.04,32.7,6.07,20.14,16.37,9.23,41.58
2026-07-11 23:25:15,18.56,171.8,118.74,12.4,8.02,22.96,16.86,7.92,44.88
2026-07-11 23:31:16,18.18,160.2,117.88,19.0,10.6,20.99,10.48,17.01,41.82
2026-07-11 23:36:32,19.64,178.8,113.4,7.3,11.48,26.08,12.75,7.62,45.09
2026-07-11 23:43:21,19.31,122.4,99.36,14.9,5.67,22.3,12.76,7.1,39.87
2026-07-11 23:50:01,19.29,157.2,121.17,13.0,11.11,26.69,15.41,0.94,43.16
2026-07-12 00:00:18,19.62,182.1,113.64,25.7,10.93,18.06,14.66,6.89,46.61
2026-07-12 00:15:08,18.81,142.7,97.88,24.0,16.69,37.7,15.25,5.23,45.3
2026-07-12 00:24:41,20.09,93.5,112.06,9.2,6.68,22.73,9.08,7.82,44.52
2026-07-12 00:34:10,19.21,174.3,109.71,25.1,8.88,22.13,14.4,11.7,45.58
2026-07-12 00:48:54,18.54,99.4,115.93,31.4,7.81,15.9,16.34,0.77,45.65
2026-07-12 00:57:50,18.85,175.6,106.4,37.8,7.59,28.88,23.37,3.76,45.82
2026-07-12 01:09:47,17.75,150.4,109.96,32.1,9.23,28.68,15.41,6.8,43.08
2026-07-12 01:18:53,18.91,181.2,101.26,16.6,14.05,23.29,12.94,9.93,41.74
2026-07-12 01:32:49,19.53,211.4,110.99,25.7,12.85,22.08,16.76,19.09,42.64
2026-07-12 01:39:11,18.82,222.2,105.38,23.5,12.95,30.47,13.05,6.51,48.15
2026-07-12 01:45:01,19.43,200.5,101.49,38.7,6.44,25.79,13.44,4.15,44.51
2026-07-12 01:51:52,19.55,151.7,80.68,30.9,9.83,25.07,17.0,0.9,45.98
2026-07-12 02:02:05,18.93,231.3,99.75,29.4,12.3,27.68,11.4,5.12,45.89
2026-07-12 02:16:07,19.22,194.5,105.19,22.5,13.04,13.02,13.37,8.61,46.2
2026-07-12 02:22:34,19.64,229.8,102.66,7.2,11.87,27.0,12.28,3.34,39.41
2026-07-12 02:27:36,19.53,255.8,99.22,15.5,12.07,25.06,19.52,1.71,43.85
2026-07-12 02:39:09,18.73,173.7,73.1,24.5,8.34,39.39,10.59,7.92,43.99
2026-07-12 02:44:55,20.21,195.6,96.73,31.8,12.76,18.01,14.9,5.78,45.05
2026-07-12 02:58:57,20.27,200.2,102.1,26.7,11.95,22.78,10.15,0.2,45.07
2026-07-12 03:10:46,19.75,247.9,101.96,31.9,15.55,26.85,18.96,5.37,47.84
2026-07-12 03:24:34,20.22,219.4,66.44,13.6,10.07,25.76,8.78,7.48,47.14
2026-07-12 03:37:48,19.65,321.4,91.04,31.8,8.95,19.23,16.04,3.73,45.61
2026-07-12 03:47:25,21.1,262.0,84.43,28.4,9.36,20.69,20.64,5.44,47.38
2026-07-12 03:53:25,20.22,237.8,90.61,23.1,0,22.67,19.21,0.01,45.52
2026-07-12 04:02:07,20.26,306.6,71.73,32.1,11.81,25.78,20.62,6.38,45.64
2026-07-12 04:09:05,19.88,291.6,71.44,31.2,7.52,34.33,10.36,1.69,49.02
2026-07-12 04:19:33,20.85,320.8,80.0,16.4,9.8,33.08,14.43,4.58,45.68
2026-07-12 04:30:17,21.23,282.6,78.98,9.0,7.06,28.11,18.97,14.68,50.09
2026-07-12 04:44:25,21.64,309.3,64.99,32.5,8.34,30.78,19.95,1.59,45.81
2026-07-12 04:57:43,20.43,410.9,65.07,16.5,7.65,15.31,9.53,3.38,45.97
2026-07-12 05:10:25,20.32,369.3,68.33,34.1,10.96,21.05,12.97,0.97,50.51
2026-07-12 05:18:08,20.96,285.1,59.41,13.2,6.96,21.68,13.05,2.28,50.47
2026-07-12 05:27:15,21.33,354.8,64.2,18.2,15.22,23.85,15.51,0.52,49.36
2026-07-12 05:32:46,21.22,382.3,49.72,39.7,8.8,22.74,15.24,7.9,48.69
2026-07-12 05:46:56,21.56,432.1,40.84,27.4,10.45,25.88,19.17,5.2,48.6
2026-07-12 05:59:24,21.82,379.8,49.59,23.9,7.92,24.23,12.32,3.58,48.95
2026-07-12 06:09:29,21.94,471.5,47.03,19.7,13.65,22.59,12.36,3.11,51.19
2026-07-12 06:21:03,22.27,372.7,50.85,34.2,7.12,29.16,16.84,1.15,49.02
2026-07-12 06:31:51,22.78,431.8,52.48,36.6,5.45,25.4,20.51,2.93,53.77
2026-07-12 06:37:05,23.24,444.3,68.19,20.4,7.69,23.94,16.71,8.84,53.81
2026-07-12 06:44:23,22.75,451.9,54.49,30.6,2.21,24.06,14.67,1.05,52.86
2026-07-12 06:51:59,22.25,465.3,68.45,24.1,5.19,23.24,13.81,1.77,51.35
2026-07-12 07:02:57,22.72,466.4,73.46,36.8,13.42,15.72,12.78,3.38,48.6
2026-07-12 07:11:38,23.0,403.6,49.07,37.0,9.76,21.21,9.57,8.73,52.11
2026-07-12 07:23:41,22.27,502.0,72.31,30.6,12.94,31.95,16.66,15.34,53.09
2026-07-12 07:33:26,23.17,476.1,82.24,37.4,10.67,24.83,14.36,4.82,52.08
2026-07-12 07:47:59,23.68,524.0,66.73,32.9,15.92,24.96,9.59,0.6,52.14
2026-07-12 07:56:51,23.98,504.5,68.35,39.7,7.55,22.31,15.12,3.43,53.77
2026-07-12 08:05:36,24.17,536.9,83.67,21.6,10.71,19.91,18.96,1.55,52.58
2026-07-12 08:17:46,23.72,524.8,96.74,37.0,9.24,24.7,18.48,4.91,53.41
2026-07-12 08:23:03,23.89,526.6,78.69,16.0,8.6,27.74,11.32,0.43,54.28
2026-07-12 08:30:27,23.73,533.1,92.39,12.1,7.5,20.95,11.68,0.54,56.69
2026-07-12 08:39:25,23.36,549.4,93.06,29.0,15.38,38.51,14.54,24.7,48.86
2026-07-12 08:49:49,23.54,557.6,85.33,9.4,11.3,24.61,16.86,1.86,52.65
2026-07-12 09:01:34,24.16,586.0,96.95,32.7,6.47,24.25,13.82,2.53,54.97
2026-07-12 09:12:47,24.66,563.8,97.82,39.4,4.63,26.74,17.8,8.1,57.19
2026-07-12 09:24:21,24.45,585.2,112.36,17.0,7.19,28.99,12.33,17.91,59.41
2026-07-12 09:30:25,23.71,603.8,94.53,37.3,14.49,17.35,13.82,1.86,53.09
2026-07-12 09:42:24,24.03,668.2,111.57,5.4,7.16,26.57,12.27,4.66,55.53
2026-07-12 09:55:53,23.85,625.4,110.92,28.9,8.87,18.3,17.47,16.52,56.35
2026-07-12 10:04:16,24.9,632.1,114.18,39.6,4.97,28.94,11.6,2.25,53.59
2026-07-12 10:14:47,24.84,588.5,106.74,11.1,12.21,29.26,14.61,0.16,51.36
2026-07-12 10:28:44,24.42,603.8,127.3,31.0,11.58,24.75,15.82,0.86,58.25
2026-07-12 10:35:06,24.8,571.5,116.61,12.1,11.81,29.36,9.34,1.07,55.98
2026-07-12 10:47:42,24.56,569.4,116.85,18.8,8.93,28.81,15.42,5.65,56.7
2026-07-12 11:01:20,24.67,673.3,105.88,28.7,11.42,30.26,14.18,0.4,57.63
2026-07-12 11:12:57,25.15,617.0,96.73,5.8,4.62,21.42,16.45,0.0,56.96
2026-07-12 11:18:39,24.7,600.1,112.44,22.3,6.66,24.52,20.02,1.68,54.6
2026-07-12 11:28:16,23.78,640.4,111.71,7.8,9.83,24.57,17.71,0.06,50.14
2026-07-12 11:38:01,24.46,684.7,111.4,18.4,4.26,30.89,18.21,5.74,52.5
2026-07-12 11:46:24,24.1,630.9,114.96,33.4,11.24,28.83,17.17,10.96,56.87
2026-07-12 11:56:19,24.0,643.9,111.66,38.9,13.85,26.61,18.46,0.63,57.67
2026-07-12 12:04:30,24.91,670.5,94.0,7.2,7.71,27.11,21.33,4.46,57.14
2026-07-12 12:17:15,24.24,613.3,124.68,18.6,11.28,23.0,15.69,5.39,56.17
2026-07-12 12:27:20,24.72,653.8,117.37,21.6,14.52,24.31,18.56,1.52,56.47
2026-07-12 12:38:22,25.08,676.8,136.1,14.3,13.05,31.04,17.78,2.25,55.89
2026-07-12 12:49:19,24.63,600.2,98.23,36.2,11.45,32.63,14.45,0.22,54.92
2026-07-12 13:04:02,25.43,655.3,112.34,37.2,7.84,31.29,18.34,0.43,54.38
2026-07-12 13:11:23,25.25,637.4,111.58,23.8,6.98,21.72,19.44,0.74,53.93
2026-07-12 13:24:38,25.41,651.9,104.13,11.9,6.54,22.57,8.6,5.27,54.1
2026-07-12 13:35:14,24.25,647.4,112.48,9.3,5.37,24.09,16.35,2.87,54.64
2026-07-12 13:48:36,25.09,625.1,96.52,21.2,5.18,30.98,20.37,3.86,51.77
2026-07-12 14:03:03,23.83,646.0,90.68,34.5,10.76,18.58,21.44,1.56,55.92
2026-07-12 14:09:27,24.29,560.8,88.45,10.0,9.26,23.79,13.89,1.16,53.52
2026-07-12 14:17:14,24.52,580.1,100.87,19.9,9.74,29.34,17.3,1.34,53.68
2026-07-12 14:25:10,24.52,625.2,96.14,12.0,11.12,19.02,15.03,12.54,57.16
2026-07-12 14:31:15,24.9,543.5,120.78,15.6,10.03,27.93,17.1,0.84,53.17
2026-07-12 14:41:03,24.23,537.1,89.9,16.5,4.9,26.71,18.84,4.25,56.44
2026-07-12 14:47:22,24.32,563.6,95.1,16.8,15.14,26.29,11.5,3.54,54.08
2026-07-12 14:58:47,23.42,616.3,97.13,35.5,11.38,28.65,19.74,2.85,60.46
2026-07-12 15:08:49,24.18,575.0,72.83,31.2,5.52,31.5,16.25,8.72,52.67
2026-07-12 15:14:30,23.95,563.7,91.32,35.8,7.19,23.62,8.28,9.7,54.34
2026-07-12 15:26:46,24.16,553.5,90.93,13.7,7.82,22.12,17.77,2.1,52.92
2026-07-12 15:40:34,23.54,576.8,89.86,36.2,8.12,25.0,22.55,0.82,50.35
2026-07-12 15:48:16,23.13,593.9,83.76,11.3,10.6,26.68,14.18,0.18,51.96
2026-07-12 16:02:25,23.27,546.7,68.6,26.0,13.96,20.6,9.61,4.79,53.1
2026-07-12 16:09:41,23.49,455.2,74.01,10.8,4.8,16.79,18.93,0.68,52.37
2026-07-12 16:23:58,22.7,570.8,71.9,28.6,12.72,17.11,5.64,1.7,51.75
2026-07-12 16:33:36,23.59,439.4,95.28,14.1,6.79,13.56,21.46,2.41,52.05
2026-07-12 16:39:51,22.64,474.1,54.66,13.7,8.49,26.72,13.84,16.78,51.64
2026-07-12 16:49:21,22.99,484.4,73.62,34.7,6.54,26.49,21.73,8.82,50.17
2026-07-12 16:57:13,22.92,467.5,79.34,16.6,8.39,31.49,10.7,6.38,54.78
2026-07-12 17:03:40,22.86,478.5,57.77,27.9,10.9,26.21,15.55,1.17,51.67
2026-07-12 17:12:35,22.62,461.8,61.2,6.4,9.09,26.21,18.81,25.57,55.07
2026-07-12 17:21:14,22.4,452.2,50.18,30.3,8.55,20.28,16.69,3.14,53.42
2026-07-12 17:34:02,22.52,412.1,58.13,31.2,11.27,24.37,14.91,3.2,48.26
2026-07-12 17:47:06,22.78,451.0,56.58,23.3,11.13,27.28,7.82,1.53,49.56
2026-07-12 18:02:02,22.42,471.6,35.1,38.6,8.97,33.53,17.08,0.67,44.55
2026-07-12 18:12:06,21.35,415.8,62.47,7.6,6.41,32.05,13.03,7.8,50.4
2026-07-12 18:23:40,21.6,390.8,66.09,9.1,8.59,24.81,14.07,7.27,49.94
2026-07-12 18:32:13,21.4,420.3,47.04,20.9,8.8,22.87,15.86,12.11,50.51
2026-07-12 18:46:02,22.64,387.9,65.85,17.9,8.84,28.01,18.6,3.95,48.47
2026-07-12 18:51:24,21.66,307.4,55.76,29.4,12.13,25.95,15.64,12.73,49.52
2026-07-12 19:03:13,21.39,316.1,88.75,26.5,7.99,26.4,8.69,5.36,48.62
2026-07-12 19:16:44,21.31,356.8,63.24,9.6,5.08,28.62,18.88,4.86,49.27
2026-07-12 19:29:07,20.53,330.8,69.1,6.2,7.47,22.87,14.21,3.6,44.23
2026-07-12 19:42:05,20.96,327.6,58.14,14.2,16.49,25.57,13.39,0.21,46.97
2026-07-12 19:55:12,21.58,322.9,103.5,37.1,14.39,34.55,14.44,0.92,48.08
2026-07-12 20:08:04,20.39,229.3,85.61,16.7,7.84,22.03,7.05,5.87,45.7
2026-07-12 20:22:50,20.12,228.9,80.39,38.5,7.81,21.98,14.74,2.3,47.03
2026-07-12 20:35:28,19.5,232.3,77.15,13.7,13.95,28.78,12.76,0.0,44.27
2026-07-12 20:43:38,19.78,250.1,97.39,39.3,8.48,33.72,11.36,1.74,44.25
2026-07-12 20:53:18,20.79,229.1,80.52,10.7,6.3,14.73,16.76,36.38,45.77
2026-07-12 21:08:13,19.36,239.4,88.1,7.8,7.15,17.99,14.61,9.44,43.71
2026-07-12 21:13:21,19.93,193.6,84.84,7.3,11.2,25.1,10.83,2.54,43.5
2026-07-12 21:19:27,18.92,222.6,107.6,22.6,7.76,27.8,12.98,7.65,48.18
2026-07-12 21:30:59,19.72,224.1,94.45,10.6,12.41,19.0,12.45,12.56,43.65
2026-07-12 21:45:40,19.62,197.8,103.54,14.4,9.74,22.18,16.35,0.97,45.86
2026-07-12 21:59:59,19.21,230.2,95.93,16.2,8.11,22.96,8.44,3.84,45.4
2026-07-12 22:08:39,19.45,186.0,88.38,25.7,9.26,23.14,13.95,0.37,49.37
2026-07-12 22:22:47,18.62,246.5,112.76,20.3,7.29,26.22,20.02,3.09,43.76
2026-07-12 22:28:28,18.88,196.2,85.38,37.3,13.02,25.88,18.94,7.26,46.26
2026-07-12 22:40:49,19.14,166.4,115.55,28.9,10.64,20.12,14.06,5.42,43.55
2026-07-12 22:48:41,19.36,265.2,104.28,21.7,5.42,24.47,14.57,3.05,44.57
2026-07-12 23:00:03,19.74,111.2,122.02,20.5,12.97,23.06,12.91,8.39,43.5
2026-07-12 23:11:04,19.84,127.7,112.05,24.8,9.24,21.74,12.03,2.68,42.99
2026-07-12 23:16:07,18.55,148.6,89.2,26.4,10.44,24.95,18.59,1.14,43.97
2026-07-12 23:30:05,18.94,172.0,102.33,13.1,6.72,23.87,16.38,0.9,46.2
2026-07-12 23:42:26,18.51,179.6,117.16,14.1,8.95,24.72,15.68,16.48,40.51
2026-07-12 23:55:19,19.35,218.5,99.67,26.4,13.18,24.47,10.74,2.72,41.1
2026-07-13 00:04:07,19.46,178.9,96.95,22.0,15.95,22.37,15.04,0.66,45.69
2026-07-13 00:09:49,18.68,161.6,123.85,18.0,10.31,11.67,19.82,1.14,43.41
2026-07-13 00:21:05,18.81,129.5,107.46,26.1,5.09,24.52,15.37,2.53,42.09
2026-07-13 00:34:18,20.37,172.5,104.7,31.3,7.69,27.62,19.09,13.78,45.53
2026-07-13 00:46:26,18.79,159.8,112.69,11.1,11.39,31.46,17.45,3.03,43.72
2026-07-13 00:59:29,19.04,156.4,91.58,38.2,5.53,34.38,13.95,4.96,44.98
2026-07-13 01:13:53,19.98,157.5,98.64,24.6,5.47,25.88,17.12,6.03,45.55
2026-07-13 01:28:48,19.14,203.5,94.61,38.3,10.83,23.66,8.49,13.55,49.53
2026-07-13 01:43:18,20.17,224.7,106.12,6.3,11.23,22.03,14.03,5.73,44.18
2026-07-13 01:52:00,19.52,197.9,99.16,27.5,5.97,25.87,20.98,0.23,45.52
2026-07-13 02:02:56,19.74,183.1,103.97,8.6,10.11,30.56,18.53,2.87,43.52
2026-07-13 02:11:37,19.99,184.4,103.82,20.7,13.49,24.76,13.0,5.43,45.88
2026-07-13 02:25:10,19.83,204.5,96.67,29.7,7.13,25.91,15.77,3.19,49.06
2026-07-13 02:36:24,19.8,222.7,81.53,29.7,10.68,19.72,14.71,10.49,46.16
2026-07-13 02:43:32,20.02,186.8,92.78,8.5,10.49,24.72,19.97,8.1,44.77
2026-07-13 02:49:19,19.76,254.2,103.92,15.9,13.81,20.51,13.03,3.28,43.85
2026-07-13 02:58:27,20.75,221.4,95.69,27.0,9.86,16.63,10.69,0.12,47.66
2026-07-13 03:11:20,20.08,214.4,109.37,18.1,14.88,30.94,11.14,1.48,46.26
2026-07-13 03:21:16,20.1,251.3,81.46,27.5,16.72,21.24,13.85,11.26,47.1
2026-07-13 03:35:24,20.26,258.1,70.12,17.0,9.37,24.87,10.31,5.07,44.04
2026-07-13 03:47:54,20.58,264.5,77.47,7.1,12.84,28.05,15.97,0.81,52.12
2026-07-13 03:58:06,20.73,297.6,75.03,18.0,7.24,23.31,14.34,14.98,50.11
2026-07-13 04:05:25,20.53,310.6,86.43,29.0,15.35,22.93,21.02,3.81,50.27
2026-07-13 04:13:46,20.62,277.8,85.87,38.6,11.81,35.53,12.49,5.35,50.42
2026-07-13 04:27:09,20.11,267.3,71.43,31.3,6.52,28.71,15.63,3.34,53.07
2026-07-13 04:33:00,20.4,302.0,71.0,39.8,6.11,23.9,15.97,0.13,46.95
2026-07-13 04:45:09,21.48,341.0,59.64,6.6,3.42,24.29,22.97,1.42,47.62
2026-07-13 04:57:30,21.63,382.0,67.26,30.9,6.72,19.85,16.56,2.97,47.7
2026-07-13 05:03:52,21.2,352.6,65.95,15.4,11.54,16.89,11.77,10.12,44.9
2026-07-13 05:09:28,21.3,393.3,67.43,30.6,10.72,25.49,13.21,0.35,48.8
2026-07-13 05:18:25,21.98,377.4,58.65,18.6,11.66,25.2,13.77,1.12,49.25
2026-07-13 05:25:56,21.85,404.5,49.91,11.9,10.79,25.82,21.15,1.46,48.35
2026-07-13 05:31:17,21.72,350.9,76.64,38.7,7.56,21.1,14.6,0.88,48.63
2026-07-13 05:38:31,20.98,363.1,58.42,34.3,7.58,22.59,11.14,0.72,47.5
2026-07-13 05:49:02,22.51,385.9,61.31,21.5,4.53,25.44,20.08,1.17,49.62
2026-07-13 05:55:09,22.01,368.1,50.72,32.8,9.77,20.38,14.01,2.31,46.92
2026-07-13 06:04:39,22.05,392.9,49.46,31.2,5.14,36.07,21.01,2.36,51.62
2026-07-13 06:17:33,22.39,389.6,63.85,25.5,12.49,26.8,10.49,1.69,48.06
2026-07-13 06:25:25,23.0,426.7,55.11,24.6,2.82,20.15,10.33,2.05,52.54
2026-07-13 06:34:11,22.57,418.7,66.14,17.3,10.22,28.02,8.5,4.33,50.02
2026-07-13 06:45:21,23.02,432.4,65.27,24.2,13.21,24.44,7.49,0.44,49.22
2026-07-13 06:59:06,22.76,457.8,45.79,39.7,9.13,28.93,11.14,0.93,53.47
2026-07-13 07:11:03,23.51,476.0,60.8,29.2,9.23,21.05,16.12,4.17,48.49
2026-07-13 07:20:25,22.71,467.4,81.85,9.3,3.81,26.4,13.97,4.59,52.39
2026-07-13 07:34:28,23.64,470.5,78.04,18.2,7.31,18.28,17.23,10.86,54.31
2026-07-13 07:40:16,23.39,424.2,58.89,19.1,10.04,24.24,13.42,9.08,53.42
2026-07-13 07:53:25,23.47,534.2,79.67,25.2,7.41,31.28,14.69,2.42,50.43
2026-07-13 08:07:39,24.08,487.7,68.18,39.5,7.65,22.14,21.95,0.12,55.4
2026-07-13 08:17:19,23.85,541.3,78.79,29.9,12.51,27.64,15.07,7.98,51.65
2026-07-13 08:30:59,24.57,531.4,93.14,24.3,7.84,17.06,11.77,4.51,57.69
2026-07-13 08:36:52,24.28,544.9,83.93,38.5,5.69,24.89,11.83,2.0,52.95
2026-07-13 08:44:51,24.14,494.0,76.16,13.6,8.26,33.12,13.73,6.95,54.47
2026-07-13 08:54:11,23.6,512.1,90.51,11.1,13.84,18.93,18.25,15.8,56.02
2026-07-13 09:06:31,24.46,551.6,105.62,28.9,16.07,19.57,19.34,8.5,53.16
2026-07-13 09:18:03,24.78,585.0,98.32,26.9,10.07,22.67,9.78,1.15,55.65
2026-07-13 09:24:35,24.5,600.4,88.79,16.8,14.82,25.94,18.92,11.2,51.49
2026-07-13 09:32:04,24.7,574.3,91.12,15.7,6.35,20.5,14.37,3.38,56.81
2026-07-13 09:46:21,25.46,580.6,105.0,23.1,10.92,35.5,15.36,2.48,56.31
2026-07-13 09:54:48,25.17,574.5,93.62,38.0,8.37,28.58,17.03,2.55,52.88
2026-07-13 10:00:34,23.46,632.3,108.12,26.4,11.42,22.97,19.82,1.65,53.51
2026-07-13 10:11:12,24.76,608.9,129.23,12.8,8.82,26.25,7.07,4.75,54.48
2026-07-13 10:25:36,25.74,574.7,97.74,13.6,8.4,22.7,6.44,8.36,52.39
2026-07-13 10:36:57,25.01,588.9,91.36,28.7,11.17,25.21,15.15,3.11,53.56
2026-07-13 10:44:01,24.64,517.5,103.91,5.1,15.59,21.77,15.64,8.38,54.22
2026-07-13 10:56:12,25.56,668.8,94.83,15.8,10.35,19.76,18.54,0.17,53.15
2026-07-13 11:02:36,25.01,628.0,112.41,32.2,13.12,32.65,11.27,4.36,54.09
2026-07-13 11:12:16,25.88,606.3,96.11,29.1,12.32,24.87,16.95,9.24,57.19
2026-07-13 11:25:56,25.59,625.6,102.7,39.1,8.08,20.88,17.36,12.04,54.89
2026-07-13 11:38:56,25.86,644.3,98.64,17.4,9.68,19.0,8.43,0.26,55.42
2026-07-13 11:51:16,26.29,598.0,90.2,10.8,11.68,30.51,11.03,2.43,54.95
2026-07-13 12:03:52,25.6,643.7,106.3,32.0,13.48,21.59,12.43,7.11,54.58
2026-07-13 12:15:28,26.09,680.0,107.62,13.2,8.29,29.08,17.0,0.13,57.51
2026-07-13 12:21:11,23.84,651.4,116.52,12.4,6.21,24.98,10.66,1.14,57.16
2026-07-13 12:27:32,24.66,645.5,99.05,27.1,11.94,35.15,8.75,2.31,56.26
2026-07-13 12:37:28,24.41,663.5,110.46,32.2,5.15,29.3,18.52,2.14,51.08
2026-07-13 12:42:49,24.75,615.9,107.91,22.2,11.82,27.51,13.52,10.38,58.54
2026-07-13 12:49:22,25.65,619.7,106.1,32.7,9.98,28.45,11.94,0.47,54.26
2026-07-13 13:03:03,24.81,661.9,117.57,34.9,12.11,28.45,15.9,1.5,58.59
2026-07-13 13:13:39,25.1,649.6,104.54,34.3,15.07,28.52,15.9,7.3,52.67
2026-07-13 13:25:13,24.63,661.9,125.78,8.7,11.99,16.44,20.57,12.4,57.33
2026-07-13 13:31:15,24.63,616.0,91.91,19.2,14.86,12.8,18.58,4.21,54.81
2026-07-13 13:39:21,24.52,578.6,88.83,33.3,12.63,21.89,17.14,5.95,59.26
2026-07-13 13:49:53,23.99,583.2,105.2,31.5,10.18,20.86,15.11,10.81,58.06
2026-07-13 13:56:58,24.91,585.2,97.1,35.6,6.72,25.62,18.3,3.05,56.8
2026-07-13 14:11:00,23.94,574.0,110.93,31.9,4.05,32.16,13.22,3.21,55.27
2026-07-13 14:21:15,24.22,589.1,105.09,38.2,2.82,28.68,15.08,13.06,56.34
2026-07-13 14:34:59,24.9,605.3,102.4,15.3,13.76,23.28,19.83,4.61,52.99
2026-07-13 14:46:00,24.68,566.5,95.34,31.7,10.6,25.36,11.74,0.52,55.11
2026-07-13 14:56:24,24.22,511.1,100.15,23.7,9.89,20.16,19.12,1.48,55.79
2026-07-13 15:01:52,23.45,642.0,89.51,39.6,7.17,24.48,13.44,0.65,55.67
2026-07-13 15:11:31,24.27,540.2,109.69,27.8,12.53,23.59,10.68,0.71,55.21
2026-07-13 15:25:23,24.04,558.6,86.15,7.1,8.73,25.73,15.47,4.22,53.93
2026-07-13 15:39:29,23.46,546.6,99.11,37.2,9.59,33.89,15.91,0.71,55.88
2026-07-13 15:45:49,24.36,524.2,87.18,28.8,12.72,25.07,10.14,4.38,51.19
2026-07-13 15:59:09,24.48,518.6,83.15,5.2,5.06,16.92,16.93,7.42,55.62
2026-07-13 16:11:40,23.75,465.1,81.48,11.2,7.71,27.23,13.33,7.34,53.24
2026-07-13 16:17:50,23.14,477.8,69.12,30.0,11.32,30.34,12.09,11.91,48.84
2026-07-13 16:27:02,23.08,540.9,60.17,17.2,8.46,27.77,13.14,2.58,53.32
2026-07-13 16:37:21,23.72,434.2,65.57,13.7,10.51,26.32,11.18,0.42,50.98
2026-07-13 16:49:31,22.39,499.2,89.62,34.4,5.76,27.88,15.88,22.5,51.68
2026-07-13 17:00:30,22.91,483.8,57.93,30.4,6.94,33.11,12.06,5.3,52.27
2026-07-13 17:06:57,21.74,501.8,68.87,36.9,5.95,23.33,23.38,3.8,50.14
2026-07-13 17:17:35,22.62,426.9,50.73,23.3,17.75,24.83,8.83,0.15,53.31
2026-07-13 17:23:21,22.7,467.4,61.23,23.0,7.06,25.66,14.31,0.83,51.46
2026-07-13 17:30:05,21.7,430.4,60.99,31.9,6.71,24.79,14.75,6.19,49.01
2026-07-13 17:36:58,22.04,384.7,50.92,21.2,10.27,27.12,23.52,4.76,53.77
2026-07-13 17:45:15,22.67,390.6,70.11,7.5,9.18,23.57,12.48,5.45,49.75
2026-07-13 17:52:23,22.01,393.7,40.83,19.1,11.84,30.19,18.42,5.41,46.66
2026-07-13 17:57:57,22.4,395.6,52.59,38.1,14.03,29.55,10.56,2.04,50.74
2026-07-13 18:07:40,21.88,429.9,68.2,34.5,17.43,31.81,14.04,5.41,48.74
2026-07-13 18:19:19,21.64,374.8,40.61,18.8,13.62,17.75,17.89,3.11,52.52
2026-07-13 18:27:56,20.54,338.9,58.53,39.1,9.3,32.4,16.61,2.53,51.4
2026-07-13 18:41:07,21.71,358.7,50.28,31.8,13.6,27.74,13.99,6.41,49.62
2026-07-13 18:52:03,21.81,320.6,78.02,23.4,8.3,21.22,18.34,5.32,49.4
2026-07-13 19:00:59,21.1,342.8,56.29,24.4,8.36,28.16,16.11,6.05,46.01
2026-07-13 19:08:04,20.09,302.4,84.4,5.5,16.94,27.34,24.89,8.38,48.96
2026-07-13 19:20:31,20.33,371.6,73.03,30.3,5.41,25.33,13.72,5.87,46.52
2026-07-13 19:32:49,21.46,317.4,79.01,18.9,12.78,16.08,17.61,2.58,47.57
2026-07-13 19:45:18,21.45,333.5,58.66,29.0,5.86,23.22,19.82,7.94,46.48
2026-07-13 19:54:46,20.54,297.8,84.69,31.6,11.8,28.28,12.08,2.55,48.79
2026-07-13 20:01:49,19.76,296.6,63.56,37.1,7.12,20.95,6.83,8.88,48.89
2026-07-13 20:15:59,19.78,249.9,85.94,24.2,5.85,27.54,9.07,4.56,47.88
2026-07-13 20:21:55,20.48,296.6,84.25,29.3,12.82,28.83,9.78,4.74,45.09
2026-07-13 20:35:05,20.83,227.2,82.37,34.1,13.5,27.76,13.2,14.19,43.2
2026-07-13 20:45:47,20.03,233.4,96.19,35.5,11.25,23.07,19.22,0.4,46.61
2026-07-13 20:57:27,19.2,239.0,103.46,38.5,8.89,21.82,17.38,12.95,43.66
2026-07-13 21:04:25,20.33,223.7,107.33,29.3,9.5,26.07,10.2,36.4,43.94
2026-07-13 21:18:55,19.67,232.0,111.91,16.6,10.47,20.67,15.49,8.53,47.88
2026-07-13 21:25:41,20.05,204.5,104.46,19.8,11.69,22.28,15.9,18.46,48.4
2026-07-13 21:37:57,20.58,199.9,117.61,22.1,9.74,23.9,10.04,6.14,44.45
2026-07-13 21:51:40,19.52,202.5,95.81,17.7,13.27,34.07,24.09,1.69,45.12
2026-07-13 22:03:48,19.48,222.8,72.39,15.7,7.0,23.91,21.19,0.86,44.62
2026-07-13 22:15:18,18.47,171.1,116.42,36.3,13.85,25.39,21.75,5.15,40.5
2026-07-13 22:22:31,19.0,132.4,110.65,6.8,6.28,16.64,18.84,0.62,42.37
2026-07-13 22:35:03,19.61,166.4,90.95,24.8,7.14,15.85,17.9,1.8,47.42
2026-07-13 22:45:17,19.43,206.0,99.41,26.3,14.06,23.54,4.63,8.2,43.73
2026-07-13 23:00:17,19.11,176.5,132.06,38.8,7.72,24.19,14.47,7.63,46.69
2026-07-13 23:05:58,19.06,151.6,97.98,9.4,9.26,28.19,21.12,4.75,40.43
2026-07-13 23:16:03,18.49,179.3,110.54,25.8,9.52,21.38,14.95,1.4,46.72
2026-07-13 23:22:50,19.15,131.2,107.56,38.6,8.61,26.38,9.24,0.7,45.1
2026-07-13 23:35:06,19.81,135.3,117.29,33.1,15.85,28.03,14.38,3.19,44.28
2026-07-13 23:45:57,19.69,163.9,118.06,10.8,9.86,23.24,16.88,5.1,43.31
2026-07-13 23:59:41,19.28,137.5,107.97,32.3,9.98,22.51,14.37,0.42,49.43
2026-07-14 00:07:08,19.56,186.0,111.24,16.8,9.53,32.38,12.33,1.04,43.17
2026-07-14 00:13:33,18.41,166.2,104.74,26.8,10.42,27.73,16.8,1.25,42.04
2026-07-14 00:21:14,20.07,180.4,112.35,26.3,7.14,27.44,28.14,3.34,44.72
2026-07-14 00:34:59,18.42,189.3,104.64,37.7,12.41,22.31,14.8,1.95,45.17
2026-07-14 00:40:19,18.12,174.0,108.22,37.3,12.96,20.42,9.86,3.51,42.12
2026-07-14 00:53:31,19.09,211.4,118.74,12.2,6.8,25.48,7.28,0.94,43.24
2026-07-14 01:07:43,18.79,220.4,98.3,30.9,7.64,24.26,15.6,6.16,43.59
2026-07-14 01:21:14,18.41,147.0,96.18,38.6,13.92,25.94,17.44,1.94,44.04
2026-07-14 01:29:18,20.04,195.8,129.24,19.6,7.92,34.3,15.57,7.93,45.64
2026-07-14 01:37:10,20.17,109.8,107.49,11.0,11.73,27.44,15.85,3.53,42.37
2026-07-14 01:47:29,18.25,221.7,96.81,29.1,12.09,25.63,10.64,1.42,44.83
2026-07-14 01:57:52,19.29,248.3,109.41,13.1,14.09,22.97,25.03,2.54,47.34
2026-07-14 02:09:23,19.21,195.7,89.2,11.7,9.43,19.62,13.27,3.66,48.15
2026-07-14 02:19:55,19.2,226.3,82.54,33.2,12.42,29.44,11.3,8.63,44.4
2026-07-14 02:34:34,19.96,229.1,104.46,32.4,8.63,19.69,23.32,0.05,42.38
2026-07-14 02:47:39,20.4,213.4,114.03,32.1,7.48,40.59,12.23,1.1,46.18
2026-07-14 03:01:52,19.5,237.9,96.12,12.8,4.54,24.46,19.65,0.83,47.01
2026-07-14 03:08:35,19.83,235.1,86.67,32.8,6.7,24.43,11.25,0.2,47.53
2026-07-14 03:21:25,19.67,233.7,74.73,18.3,9.75,26.63,14.97,1.43,46.74
2026-07-14 03:30:19,19.77,261.1,79.24,26.6,12.96,25.56,15.84,0.6,47.33
2026-07-14 03:44:11,19.42,251.1,88.67,15.3,8.06,26.02,18.06,3.53,47.54
2026-07-14 03:50:23,20.04,294.5,66.31,34.7,12.44,32.71,13.16,0.79,46.33
2026-07-14 03:57:19,19.94,242.9,78.32,6.1,10.69,15.31,13.67,3.38,47.13
2026-07-14 04:11:24,20.73,339.2,78.64,20.0,13.15,24.84,10.59,11.18,44.83
2026-07-14 04:19:01,20.74,304.1,67.55,39.3,6.28,16.98,21.35,9.31,47.91
2026-07-14 04:29:05,20.94,269.5,88.74,23.4,12.75,26.66,20.04,2.91,46.45
2026-07-14 04:35:06,20.87,323.4,72.49,27.0,10.66,34.71,18.4,6.49,46.25
2026-07-14 04:47:22,21.17,321.3,78.7,12.9,10.31,24.61,14.65,5.59,50.09
2026-07-14 05:00:10,21.52,305.5,61.25,32.4,7.55,20.54,7.06,12.94,46.45
2026-07-14 05:10:23,21.38,281.9,67.31,35.3,11.13,26.32,13.59,1.26,51.17
2026-07-14 05:23:08,21.71,372.8,56.41,33.4,9.67,31.93,14.7,2.25,48.04
2026-07-14 05:30:53,21.11,338.0,61.07,33.3,8.79,24.86,24.9,6.39,51.0
2026-07-14 05:44:52,21.13,382.2,59.46,23.0,9.7,28.13,3.58,0.26,51.51
2026-07-14 05:52:00,21.61,433.0,49.24,14.7,9.16,27.29,17.2,12.33,53.23
2026-07-14 06:03:52,22.69,423.6,42.78,32.4,8.69,29.29,9.36,4.29,51.6
2026-07-14 06:18:50,22.33,431.4,47.43,34.7,14.8,37.65,17.57,5.16,48.85
2026-07-14 06:33:06,22.53,443.0,55.6,7.1,8.66,32.76,18.35,3.61,50.95
2026-07-14 06:45:32,22.49,436.5,55.17,9.8,8.72,28.1,13.03,0.76,55.22
2026-07-14 06:55:51,21.87,411.0,63.22,26.0,13.87,30.21,19.65,4.39,52.67
2026-07-14 07:02:52,22.22,458.8,63.19,32.5,15.69,20.78,17.21,2.78,53.06
2026-07-14 07:16:37,22.65,487.4,57.32,13.2,9.41,23.9,17.96,10.32,54.02
2026-07-14 07:22:14,23.08,515.5,72.24,9.5,9.83,19.48,16.57,4.99,52.79
2026-07-14 07:27:16,22.87,462.8,75.36,12.3,12.3,27.72,17.65,0.46,55.19
2026-07-14 07:36:25,22.62,489.0,67.96,12.3,16.84,36.64,18.19,13.62,50.66
2026-07-14 07:41:38,22.89,505.1,77.44,6.3,10.73,26.85,15.84,14.82,51.31
2026-07-14 07:56:08,23.97,506.2,93.14,18.9,11.67,30.23,11.85,8.05,50.64
2026-07-14 08:02:49,23.2,514.5,63.0,18.8,11.4,7.73,13.47,1.44,51.94
2026-07-14 08:08:23,24.18,540.1,60.57,31.7,11.65,31.45,17.69,3.55,49.5
2026-07-14 08:13:46,23.83,580.3,77.07,37.2,15.02,21.75,15.02,0.82,53.92
2026-07-14 08:23:27,24.08,512.8,81.2,14.9,10.55,24.84,18.45,4.97,54.38
2026-07-14 08:31:45,23.1,517.8,98.46,19.0,12.46,28.91,10.27,4.92,56.42
2026-07-14 08:44:39,23.85,498.6,107.9,19.1,9.2,22.0,14.95,6.16,54.45
2026-07-14 08:54:40,24.04,595.4,73.46,19.7,9.31,21.9,14.13,9.06,54.63
2026-07-14 09:02:14,24.94,575.6,68.98,20.8,13.15,22.44,10.66,1.73,55.05
2026-07-14 09:11:47,24.46,585.2,85.47,12.8,6.86,24.7,14.19,4.0,51.62
2026-07-14 09:19:17,24.49,575.8,92.46,9.0,10.1,20.53,17.62,7.98,53.54
2026-07-14 09:34:13,24.02,608.3,94.12,14.1,10.57,20.66,16.96,15.61,58.92
2026-07-14 09:41:43,24.57,617.2,103.54,26.6,9.72,30.03,18.58,10.99,52.65
2026-07-14 09:50:56,24.12,611.5,88.5,9.8,12.81,23.98,17.47,5.61,51.65
2026-07-14 10:04:34,25.46,623.1,92.81,20.7,11.82,26.04,23.8,2.52,54.28
2026-07-14 10:18:22,24.71,601.1,113.09,35.4,9.9,24.7,20.28,8.61,56.29
2026-07-14 10:31:05,24.99,633.0,125.2,22.4,12.26,20.89,6.9,3.73,55.41
2026-07-14 10:41:04,24.66,657.2,98.7,25.3,9.41,21.55,15.13,3.24,53.94
2026-07-14 10:52:54,25.02,630.8,119.3,20.3,10.99,21.75,15.72,2.0,55.46
2026-07-14 11:02:12,24.63,623.6,113.22,28.1,14.49,28.72,13.16,1.51,56.44
2026-07-14 11:11:24,25.05,611.1,101.84,8.5,7.86,22.6,12.65,13.59,57.69
2026-07-14 11:18:08,25.06,658.6,110.3,15.3,13.22,26.08,15.86,7.6,53.15
2026-07-14 11:23:23,25.37,607.5,106.24,28.9,12.06,26.62,15.86,5.44,56.03
2026-07-14 11:32:55,24.41,638.0,106.67,25.5,9.94,33.2,11.68,1.07,54.97
2026-07-14 11:46:51,24.39,658.5,111.02,20.7,14.37,25.69,17.97,3.86,53.0
2026-07-14 11:55:24,24.78,666.6,111.16,31.3,11.65,27.4,15.17,1.04,55.09
2026-07-14 12:08:13,24.58,636.8,114.02,6.9,12.8,24.51,17.16,1.01,54.79
2026-07-14 12:20:05,25.23,644.9,113.11,37.3,11.2,12.63,20.05,4.32,60.12
2026-07-14 12:31:25,24.8,631.3,92.43,37.1,3.86,22.78,9.04,1.0,56.4
2026-07-14 12:37:25,24.43,643.7,115.56,31.8,10.4,28.3,12.32,14.64,58.8
2026-07-14 12:45:12,25.5,611.8,120.84,39.5,7.88,28.21,15.76,0.52,55.71
2026-07-14 12:56:07,25.59,620.3,92.24,26.9,9.67,29.07,15.35,5.49,58.69
2026-07-14 13:01:37,24.78,669.7,108.63,17.2,11.98,23.01,12.49,5.57,57.36
2026-07-14 13:07:24,24.17,656.3,105.92,27.1,8.09,31.92,10.37,10.27,55.98
2026-07-14 13:17:30,24.61,649.7,102.37,19.8,8.15,21.52,21.4,17.62,55.46
2026-07-14 13:28:48,25.1,654.6,96.28,29.3,8.69,21.01,13.52,2.04,59.91
2026-07-14 13:41:32,24.95,622.2,95.34,7.7,4.58,25.18,10.66,0.25,56.66
2026-07-14 13:54:33,25.6,625.3,115.18,11.0,8.01,23.92,14.63,0.04,54.74
2026-07-14 14:00:57,24.51,624.6,105.93,28.3,5.6,31.27,24.66,0.1,52.7
2026-07-14 14:06:16,23.91,549.6,97.61,22.4,8.82,27.58,16.98,2.54,52.53
2026-07-14 14:17:17,24.66,623.0,96.13,35.5,7.99,30.75,11.5,13.97,52.95
2026-07-14 14:32:11,24.83,592.6,85.54,34.7,10.53,21.53,10.9,7.94,53.57
2026-07-14 14:44:37,24.8,589.4,101.9,21.8,8.68,26.51,11.47,0.74,53.36
2026-07-14 14:54:13,24.27,587.6,99.83,6.6,8.23,22.13,14.32,12.76,54.22
2026-07-14 15:03:37,24.56,567.3,101.93,22.9,7.96,31.97,8.81,1.34,52.11
2026-07-14 15:11:39,23.8,523.1,89.75,8.8,6.92,23.05,20.07,4.32,51.91
2026-07-14 15:18:11,24.3,535.2,87.16,33.1,6.47,22.14,15.69,16.84,57.57
2026-07-14 15:25:34,22.95,582.8,92.01,14.2,11.21,34.28,15.72,8.59,52.65
2026-07-14 15:37:10,24.42,535.6,102.61,21.8,12.12,31.62,14.91,5.91,49.49
2026-07-14 15:44:36,23.53,519.4,65.29,15.5,8.87,17.14,17.1,0.57,52.2
2026-07-14 15:57:53,22.99,546.0,58.78,29.9,10.49,25.34,15.08,5.09,51.15
2026-07-14 16:09:12,24.04,523.7,72.49,9.1,13.16,21.21,5.82,0.15,54.19
2026-07-14 16:15:54,23.57,525.3,50.41,26.5,10.37,38.91,17.95,1.61,53.04
2026-07-14 16:26:38,23.35,465.5,82.21,8.6,14.09,20.01,14.36,0.08,52.17
2026-07-14 16:40:42,22.6,454.2,66.94,28.8,3.35,24.64,10.65,2.44,52.99
2026-07-14 16:46:04,23.02,452.0,61.21,37.2,10.82,22.37,17.23,0.71,49.47
2026-07-14 16:54:31,22.66,463.3,75.73,25.9,9.9,26.87,20.33,9.8,54.84
2026-07-14 17:01:38,23.53,483.1,46.33,32.8,13.24,27.49,17.51,6.6,48.47
2026-07-14 17:07:13,22.86,436.7,60.62,9.7,7.96,28.0,22.78,3.4,51.28
2026-07-14 17:12:23,22.77,476.9,43.37,15.2,17.38,18.46,19.65,9.34,51.14
2026-07-14 17:20:49,22.0,488.4,61.75,11.9,7.59,31.48,15.56,2.26,52.12
2026-07-14 17:32:24,21.99,406.2,52.32,20.3,12.16,26.55,16.09,14.19,49.11
2026-07-14 17:39:44,22.94,413.7,65.47,6.8,10.22,27.95,15.56,2.31,48.29
2026-07-14 17:45:18,23.04,412.6,64.16,35.5,11.98,29.44,21.09,5.08,50.55
2026-07-14 17:52:11,22.0,436.4,45.01,20.7,8.01,16.4,13.71,1.69,51.61
2026-07-14 18:04:52,20.81,372.8,49.11,13.5,6.35,23.62,16.91,8.53,48.45
2026-07-14 18:18:51,22.28,392.0,58.48,30.8,3.58,26.01,15.56,1.98,52.81
2026-07-14 18:31:26,22.58,388.7,60.03,17.4,10.92,31.77,14.06,0.19,52.43
2026-07-14 18:43:02,20.87,360.4,60.58,24.3,17.02,30.97,12.28,1.41,50.56
2026-07-14 18:53:54,22.33,350.7,64.35,24.2,13.44,33.27,12.0,1.41,49.72
2026-07-14 19:00:15,21.37,303.8,76.54,16.3,8.76,22.08,16.59,4.95,50.54
2026-07-14 19:11:01,21.32,364.4,82.76,8.2,4.09,19.0,18.52,1.34,47.1
2026-07-14 19:16:04,20.83,290.3,62.86,18.5,5.74,32.24,15.31,0.15,48.17
2026-07-14 19:21:05,21.32,290.6,79.8,5.3,10.49,31.36,12.87,4.24,51.04
2026-07-14 19:33:56,20.59,298.7,69.83,37.8,10.54,30.72,21.13,3.86,45.42
2026-07-14 19:44:46,20.6,272.4,91.44,20.9,4.64,23.02,13.2,6.07,45.1
2026-07-14 19:58:12,20.11,266.2,71.84,39.8,7.39,31.96,19.61,1.51,48.86
2026-07-14 20:07:34,20.1,280.6,73.17,15.6,17.85,20.77,18.71,0.74,52.17
2026-07-14 20:19:08,20.59,285.8,95.48,38.6,4.79,27.12,13.96,2.31,49.32
2026-07-14 20:31:41,20.95,205.9,97.48,8.6,10.61,26.4,14.08,2.0,47.25
2026-07-14 20:46:36,19.69,196.2,82.83,38.0,7.47,29.66,22.56,9.03,44.69
2026-07-14 20:56:10,19.43,176.0,81.35,16.1,8.31,30.77,16.85,1.43,45.45
2026-07-14 21:06:46,20.36,252.8,86.08,8.2,4.74,29.38,13.42,13.01,45.45
2026-07-14 21:16:06,19.78,201.6,104.86,12.3,8.27,20.56,19.03,0.21,44.24
2026-07-14 21:30:03,19.06,221.6,110.95,18.3,7.75,13.95,22.73,0.99,48.94
2026-07-14 21:43:48,19.44,226.8,108.48,22.4,11.03,27.17,13.17,0.87,44.67
2026-07-14 21:54:29,19.31,172.2,115.95,27.4,8.73,21.64,13.02,0.22,45.15
2026-07-14 22:04:33,19.82,191.4,112.95,13.8,13.09,21.92,13.19,2.63,46.35
2026-07-14 22:16:32,19.83,159.0,105.63,31.5,13.25,33.49,9.1,1.45,48.03
2026-07-14 22:23:38,19.22,199.4,121.22,11.6,9.88,21.69,3.62,5.61,41.38
2026-07-14 22:30:13,18.89,157.7,102.2,39.2,7.87,18.22,16.63,7.55,46.9
2026-07-14 22:36:38,19.21,165.3,123.51,16.4,9.36,21.77,11.76,1.05,42.72
2026-07-14 22:42:08,18.2,143.6,110.73,34.9,5.08,29.11,12.96,6.3,45.64
2026-07-14 22:51:56,19.12,76.8,106.09,36.4,11.63,23.13,17.76,0.43,44.42
2026-07-14 23:04:37,19.25,239.6,103.58,9.1,9.26,26.65,9.66,3.09,45.21
2026-07-14 23:12:06,18.12,150.8,109.77,28.4,11.07,16.12,21.69,5.93,42.04
2026-07-14 23:22:50,19.16,148.3,100.35,33.8,3.87,18.66,18.74,0.95,44.38
2026-07-14 23:28:43,19.0,149.0,101.33,27.4,11.09,27.47,13.02,1.44,44.02
2026-07-14 23:42:17,19.26,126.6,103.1,31.3,8.37,32.22,10.67,2.93,44.29
2026-07-14 23:54:25,18.75,113.5,111.09,10.9,9.04,17.9,16.02,0.79,41.0
2026-07-15 00:06:05,19.27,208.2,111.53,18.4,11.33,9.86,16.28,6.99,44.07
2026-07-15 00:15:30,18.5,115.9,101.66,10.8,10.4,25.29,14.19,1.7,47.45
2026-07-15 00:30:13,19.34,174.7,91.53,33.4,7.71,22.45,9.21,1.74,44.55
2026-07-15 00:44:43,19.61,112.7,94.72,28.2,10.95,22.43,13.85,2.59,41.26
2026-07-15 00:53:14,17.46,163.8,112.69,30.5,12.64,25.94,11.54,5.61,43.22
2026-07-15 01:01:54,19.27,190.2,105.92,20.7,10.67,33.47,11.24,1.52,44.64
2026-07-15 01:11:33,18.92,143.2,110.26,9.9,8.73,31.47,11.9,0.68,41.94
2026-07-15 01:19:40,20.32,181.6,111.66,27.0,7.51,32.76,16.24,6.03,43.21
2026-07-15 01:31:20,19.58,83.2,104.76,10.3,12.58,31.06,13.39,4.57,45.32
2026-07-15 01:45:25,19.21,176.7,103.55,16.7,11.26,18.61,15.22,9.63,39.57
2026-07-15 01:51:21,19.15,242.5,124.6,7.4,8.75,26.87,18.04,9.86,42.71
2026-07-15 02:02:41,19.16,228.4,101.79,32.4,9.51,28.17,12.38,2.17,46.78
2026-07-15 02:09:35,18.97,194.9,84.59,15.1,8.96,22.58,14.56,9.53,44.62
2026-07-15 02:23:39,19.77,221.2,83.66,5.6,8.06,23.15,10.89,3.67,47.24
2026-07-15 02:31:09,19.39,227.2,110.67,34.6,6.72,11.55,17.36,1.13,44.49
2026-07-15 02:40:36,19.86,225.9,95.27,27.9,11.64,24.78,9.6,1.21,43.33
2026-07-15 02:52:19,20.19,276.3,95.14,28.4,10.8,27.12,16.13,16.65,48.26
2026-07-15 02:57:58,19.8,204.2,87.81,28.0,11.57,21.06,20.3,0.32,50.6
2026-07-15 03:10:14,19.71,243.7,90.88,15.2,14.95,20.59,18.19,6.72,46.51
2026-07-15 03:19:18,20.05,257.5,93.12,31.6,11.14,27.1,13.94,3.4,44.32
2026-07-15 03:28:40,20.3,224.9,83.82,17.9,8.89,30.46,14.53,8.91,44.68
2026-07-15 03:37:32,20.09,289.7,85.19,20.3,6.61,29.06,9.76,0.34,44.12
2026-07-15 03:50:58,20.81,239.7,85.47,39.9,15.91,17.45,14.39,3.76,47.24
2026-07-15 03:56:22,20.73,231.0,84.83,32.4,16.0,20.3,17.13,0.22,50.15
2026-07-15 04:10:13,20.16,325.2,89.33,13.8,12.09,33.94,10.1,4.38,49.19
2026-07-15 04:18:58,21.15,324.2,88.64,9.8,6.1,25.75,23.92,3.54,49.04
2026-07-15 04:25:52,20.73,337.4,57.95,19.4,13.04,16.12,24.82,2.48,50.27
2026-07-15 04:40:13,20.62,356.0,83.64,5.4,9.05,34.38,13.12,6.14,46.64
2026-07-15 04:54:55,20.48,356.2,62.77,33.5,10.8,24.46,20.16,5.9,43.21
2026-07-15 05:06:18,20.95,359.4,49.41,34.3,9.95,30.95,15.26,2.88,50.13
2026-07-15 05:16:19,21.68,359.6,52.2,16.2,8.43,23.07,15.47,5.21,47.2
2026-07-15 05:27:52,22.27,349.5,36.34,37.3,10.85,22.76,24.78,1.08,46.01
2026-07-15 05:42:40,22.18,349.5,38.05,7.5,12.97,26.68,7.76,5.12,51.4
2026-07-15 05:50:46,21.41,405.9,58.53,13.6,6.08,15.15,13.51,9.89,49.43
2026-07-15 05:58:17,22.36,441.5,45.81,30.5,11.61,21.74,20.74,1.76,49.0
2026-07-15 06:06:08,21.73,390.6,51.46,18.2,9.04,20.54,22.12,3.44,50.36
2026-07-15 06:18:53,22.09,407.5,61.91,24.0,14.16,27.98,6.44,1.43,49.38
2026-07-15 06:31:15,22.43,435.2,46.74,7.2,12.16,28.87,11.32,1.35,49.2
2026-07-15 06:38:55,22.96,424.6,67.09,37.7,7.11,24.53,21.36,9.73,53.47
2026-07-15 06:47:25,23.09,452.1,72.0,16.2,14.5,33.44,16.62,0.49,53.07
2026-07-15 06:53:51,22.04,430.6,67.43,29.9,13.18,30.01,20.79,1.35,50.59
2026-07-15 07:05:22,22.68,474.5,74.57,7.6,14.99,29.17,18.74,0.66,54.53
2026-07-15 07:18:07,22.92,454.6,58.89,13.7,11.67,27.52,11.82,0.64,51.89
2026-07-15 07:31:32,22.8,482.6,74.53,23.6,11.07,23.96,14.93,3.34,51.77
2026-07-15 07:43:59,23.48,481.1,66.07,10.2,9.31,23.53,10.57,15.19,57.02
2026-07-15 07:53:23,23.4,536.4,66.47,20.0,13.6,19.83,12.19,1.36,51.39
2026-07-15 08:04:39,22.72,562.6,91.23,6.4,6.94,23.89,16.15,2.67,53.19
2026-07-15 08:18:34,23.54,530.1,90.89,10.1,11.88,40.2,12.75,3.04,53.35
2026-07-15 08:33:27,24.03,535.3,98.25,25.7,2.4,24.07,12.49,3.97,53.02
2026-07-15 08:42:21,23.84,517.7,91.64,25.8,6.38,24.53,15.67,2.22,51.7
2026-07-15 08:49:38,23.54,589.9,85.27,7.4,10.17,28.93,16.32,3.73,57.21
2026-07-15 09:00:14,24.35,550.1,97.05,24.5,16.26,30.47,16.55,1.44,54.8
2026-07-15 09:10:11,23.85,576.7,92.57,8.4,12.91,23.54,13.99,0.7,53.8
2026-07-15 09:16:36,23.32,598.2,82.06,32.0,13.97,28.28,8.23,1.86,53.0
2026-07-15 09:29:38,23.69,519.4,98.02,5.0,10.09,27.18,19.71,1.28,55.99
2026-07-15 09:38:34,24.85,631.6,83.42,32.8,10.91,21.83,17.54,3.59,56.03
2026-07-15 09:52:22,24.4,598.9,85.85,28.4,7.67,28.1,17.11,2.59,56.76
2026-07-15 10:05:23,23.99,607.0,106.7,25.6,7.34,20.17,11.31,6.9,53.69
2026-07-15 10:20:17,25.82,600.8,109.38,38.7,11.1,18.18,20.07,13.46,55.54
2026-07-15 10:28:46,24.53,626.7,89.53,10.8,14.03,29.99,8.8,2.02,58.64
2026-07-15 10:36:47,24.43,625.7,93.62,23.4,14.57,35.93,15.37,2.29,54.66
2026-07-15 10:49:17,24.45,659.6,116.22,36.8,8.77,19.75,16.85,1.41,54.44
2026-07-15 10:56:55,24.46,616.7,105.2,21.4,9.32,14.45,15.17,0.59,51.39
2026-07-15 11:02:21,24.75,752.2,101.59,36.4,10.75,16.69,9.83,9.28,55.19
2026-07-15 11:08:52,26.14,652.4,108.59,15.6,8.81,28.02,6.63,14.35,54.39
2026-07-15 11:15:57,25.21,629.2,107.26,21.3,9.01,29.92,15.03,12.12,59.12
2026-07-15 11:29:43,24.64,647.1,112.1,39.1,18.19,29.19,13.43,1.82,56.83
2026-07-15 11:42:28,24.74,602.8,97.67,38.5,9.77,29.25,9.27,2.24,54.91
2026-07-15 11:56:21,25.27,613.4,100.14,12.4,14.67,25.1,13.78,0.03,52.4
2026-07-15 12:08:24,25.0,601.5,93.6,6.3,8.47,23.14,13.59,3.51,51.32
2026-07-15 12:20:31,25.49,654.9,114.77,28.1,10.54,21.41,20.48,15.72,55.37
2026-07-15 12:34:58,25.83,630.7,85.21,32.7,6.13,25.53,18.91,15.12,54.23
2026-07-15 12:44:59,25.12,621.7,103.17,34.0,11.76,21.69,19.62,7.71,56.54
2026-07-15 12:55:47,25.29,608.6,113.94,37.5,6.56,25.02,12.77,1.65,54.68
2026-07-15 13:07:08,24.88,629.2,120.97,11.1,9.51,27.32,5.59,0.54,56.54
2026-07-15 13:12:30,24.94,560.3,99.82,20.1,15.13,24.53,19.04,1.21,54.79
2026-07-15 13:27:25,25.08,659.0,101.36,29.6,7.32,25.56,14.07,2.39,55.01
2026-07-15 13:40:54,24.4,612.5,111.29,33.9,7.36,27.66,11.19,0.84,58.01
2026-07-15 13:54:16,24.14,558.6,101.61,32.4,9.3,17.8,11.22,2.12,57.37
2026-07-15 13:59:43,24.22,612.1,90.3,25.0,7.11,22.94,14.87,1.03,57.29
2026-07-15 14:05:32,24.33,525.8,116.12,15.6,7.35,24.13,10.37,4.73,59.88
2026-07-15 14:12:01,24.33,616.2,111.25,6.9,5.42,17.22,11.1,4.09,58.08
2026-07-15 14:20:04,24.54,544.4,102.33,18.6,11.81,28.06,16.95,0.28,51.11
2026-07-15 14:34:10,25.0,637.6,102.73,28.6,12.09,29.71,20.44,3.04,52.11
2026-07-15 14:43:44,24.42,618.4,83.03,36.8,10.16,17.34,15.54,0.05,55.74
2026-07-15 14:52:39,24.1,570.0,92.45,34.4,6.05,32.04,16.75,8.83,55.93
2026-07-15 15:02:14,23.88,610.2,107.32,16.3,8.53,23.31,18.85,4.73,53.51
2026-07-15 15:11:53,23.13,599.8,98.87,30.7,16.89,25.59,15.56,5.64,57.28
2026-07-15 15:24:05,24.01,623.4,81.33,13.9,9.78,19.22,23.33,8.62,52.75
2026-07-15 15:32:17,23.14,529.8,68.37,19.4,7.14,22.18,14.79,1.68,53.9
2026-07-15 15:46:41,23.79,533.7,74.26,27.1,14.08,26.13,15.49,1.8,54.38
2026-07-15 15:55:23,23.5,508.5,91.29,14.5,9.02,21.29,15.9,3.95,53.3
2026-07-15 16:06:44,23.4,499.8,78.54,6.9,10.81,22.44,17.08,12.7,55.99
2026-07-15 16:13:31,23.61,510.3,79.49,15.9,9.16,27.87,25.21,11.64,50.12
2026-07-15 16:24:49,23.28,445.5,70.0,11.1,14.58,22.44,5.25,13.15,50.94
2026-07-15 16:38:24,23.51,458.7,78.97,8.2,7.26,27.65,14.1,2.56,50.0
2026-07-15 16:43:57,22.89,482.4,95.08,6.2,8.85,22.25,17.62,3.69,49.68
2026-07-15 16:52:58,22.42,490.5,72.61,23.4,9.67,29.01,14.82,0.41,50.12
2026-07-15 17:03:51,22.29,481.7,67.71,21.5,11.41,34.8,13.6,0.4,53.31
2026-07-15 17:16:28,23.63,517.7,62.12,34.6,12.3,30.55,14.51,1.66,48.57
2026-07-15 17:31:07,21.84,378.3,69.21,23.6,12.26,31.82,16.67,1.01,56.92
2026-07-15 17:36:11,22.37,461.2,59.46,8.1,2.29,23.58,12.51,5.77,48.3
2026-07-15 17:46:27,21.88,410.7,48.78,13.4,10.49,18.71,9.85,1.76,50.22
2026-07-15 17:53:08,22.92,423.6,52.02,10.2,12.19,28.91,12.69,16.65,51.6
2026-07-15 18:07:23,22.27,412.2,70.64,7.8,8.6,22.11,15.04,6.37,51.2
2026-07-15 18:14:18,22.76,371.6,55.95,13.3,8.24,28.73,13.8,7.82,48.87
2026-07-15 18:21:49,21.04,347.7,60.2,35.9,12.23,23.14,14.6,1.71,49.13
2026-07-15 18:26:51,21.46,355.3,54.4,33.2,5.09,22.67,14.44,0.77,47.26
2026-07-15 18:34:41,21.57,355.0,59.65,26.1,11.52,25.9,18.3,1.58,47.4
2026-07-15 18:44:28,22.05,411.5,60.99,30.2,10.86,27.74,9.74,4.16,45.43
2026-07-15 18:58:49,20.75,316.2,55.2,39.3,5.68,18.74,21.42,6.2,48.94
2026-07-15 19:11:25,21.16,320.8,79.97,37.9,5.39,28.67,13.29,6.39,46.72
2026-07-15 19:26:20,21.15,273.4,72.6,39.5,8.4,24.64,10.5,0.95,48.54
2026-07-15 19:37:00,20.85,259.6,71.41,37.2,12.74,35.41,7.1,5.27,46.44
2026-07-15 19:51:23,20.23,314.5,64.75,18.1,5.9,21.35,13.88,4.85,43.8
2026-07-15 20:01:56,20.32,234.1,83.13,28.3,11.23,19.75,14.23,21.45,46.32
2026-07-15 20:09:29,20.39,272.1,76.47,8.1,15.8,34.83,10.23,0.05,50.79
2026-07-15 20:18:59,20.2,302.0,95.75,7.1,11.7,26.11,22.54,12.09,46.66
2026-07-15 20:31:47,20.43,274.8,78.79,7.1,9.57,25.26,15.77,0.91,48.14
2026-07-15 20:39:27,19.71,163.6,86.64,18.7,14.86,33.88,19.16,10.45,44.3
2026-07-15 20:50:12,20.16,265.6,78.14,26.2,9.76,27.22,21.77,1.1,49.04
2026-07-15 20:59:33,19.37,238.7,101.37,15.1,10.62,25.52,11.83,2.54,44.51
2026-07-15 21:09:04,19.74,199.9,83.35,27.6,14.07,18.84,12.12,0.85,43.07
2026-07-15 21:20:29,19.05,217.1,93.78,35.2,16.11,18.88,16.0,3.52,43.0
2026-07-15 21:27:54,19.27,227.4,99.34,29.0,14.82,23.22,21.11,4.14,43.39
2026-07-15 21:39:09,19.83,174.6,104.35,10.4,7.5,28.8,17.08,1.53,46.55
2026-07-15 21:49:24,18.83,187.3,104.65,31.9,11.9,21.39,16.79,3.92,43.76
2026-07-15 22:02:41,19.38,227.6,99.41,38.9,5.19,25.98,15.25,0.74,45.92
2026-07-15 22:13:09,19.17,247.3,97.02,15.6,8.57,14.86,19.87,1.28,45.09
2026-07-15 22:20:45,18.73,163.5,102.72,34.0,11.15,21.53,2.91,0.21,46.74
2026-07-15 22:34:09,19.27,169.7,126.97,12.5,10.64,22.68,13.91,0.66,41.96
2026-07-15 22:47:39,19.08,162.2,107.46,25.3,7.46,19.62,9.64,2.46,45.15
2026-07-15 22:57:25,19.54,150.0,112.77,30.6,7.37,19.42,22.39,5.96,43.12
2026-07-15 23:09:41,18.64,165.1,107.85,13.9,7.19,15.78,12.76,0.09,44.51
2026-07-15 23:19:50,19.3,194.0,115.45,5.8,8.73,18.54,17.14,8.44,44.49
2026-07-15 23:27:02,19.0,101.3,98.5,24.9,9.5,28.33,16.37,2.96,42.7
2026-07-15 23:33:44,18.44,165.1,126.47,21.4,8.05,22.75,12.46,1.49,40.27
2026-07-15 23:39:37,19.14,151.7,122.01,24.4,11.81,19.95,12.83,0.72,44.55
2026-07-15 23:45:04,19.48,134.0,115.26,15.6,8.16,24.94,17.7,4.24,43.23
2026-07-15 23:57:51,18.77,198.6,115.95,23.2,10.08,28.51,6.83,0.23,44.99
2026-07-16 00:08:20,18.69,141.4,105.19,14.2,5.56,26.84,12.5,3.75,44.97
2026-07-16 00:18:46,18.9,170.4,114.79,19.7,12.44,17.91,8.64,0.08,41.36
2026-07-16 00:29:07,19.92,184.5,112.55,7.8,14.37,22.01,11.59,3.93,47.49
2026-07-16 00:42:45,19.4,228.5,97.1,27.3,5.91,17.92,14.42,3.98,42.29
2026-07-16 00:56:09,18.97,106.9,105.41,39.9,9.43,18.72,16.74,6.54,42.32
2026-07-16 01:09:00,18.02,185.8,116.24,32.1,10.49,28.16,18.06,2.86,41.14
2026-07-16 01:15:24,18.83,163.3,102.38,23.3,9.41,23.26,9.11,0.04,43.44
2026-07-16 01:26:02,19.27,212.0,95.72,6.9,9.71,29.74,15.69,3.58,42.86
2026-07-16 01:39:17,19.56,203.2,110.92,36.7,8.41,13.0,11.72,2.43,44.69
2026-07-16 01:53:11,18.83,185.2,86.11,15.7,10.13,32.84,17.53,0.3,42.52
2026-07-16 02:07:07,18.92,164.5,85.99,34.1,11.96,19.81,21.56,4.44,42.81
2026-07-16 02:20:12,19.58,153.1,102.09,15.3,11.39,24.56,16.16,6.94,41.59
2026-07-16 02:31:49,20.35,224.7,80.0,10.5,10.27,17.9,13.91,4.26,46.78
2026-07-16 02:41:42,19.98,219.9,105.84,37.3,10.22,24.81,19.17,2.28,46.36
2026-07-16 02:50:46,20.08,223.5,90.93,21.2,9.83,27.51,15.92,5.0,46.3
2026-07-16 03:05:16,19.99,240.4,64.64,27.4,0.88,20.44,8.23,0.73,46.26
2026-07-16 03:17:06,19.31,212.6,86.86,29.1,12.49,24.0,8.7,3.13,47.56
2026-07-16 03:27:48,20.59,244.3,91.88,39.1,11.5,22.16,8.32,0.48,46.03
2026-07-16 03:38:13,20.35,295.3,81.19,36.8,9.96,29.81,10.31,5.01,43.34
2026-07-16 03:43:57,20.68,263.9,90.89,35.5,9.57,21.08,14.96,0.47,50.39
2026-07-16 03:56:15,20.1,302.9,87.88,11.2,8.65,16.08,17.11,1.39,44.1
2026-07-16 04:05:35,21.43,317.2,80.47,28.7,11.72,12.37,11.78,1.59,46.59
2026-07-16 04:10:44,20.32,273.7,70.29,13.8,8.1,29.88,19.04,8.12,50.74
2026-07-16 04:16:50,20.34,236.1,69.69,27.7,9.88,30.91,16.91,11.47,48.43
2026-07-16 04:29:10,21.2,337.7,80.17,15.2,9.05,23.8,16.54,1.98,49.6
2026-07-16 04:36:17,21.41,298.6,68.97,11.2,7.77,21.68,15.53,1.51,46.33
2026-07-16 04:50:54,20.98,332.8,76.92,22.7,10.77,26.31,9.8,1.87,50.71
2026-07-16 04:58:56,21.24,354.5,56.52,6.1,6.16,27.58,17.67,11.9,49.58
2026-07-16 05:10:05,22.07,357.5,56.49,36.5,4.93,35.11,14.6,2.42,50.29
2026-07-16 05:23:22,21.89,365.4,55.95,18.2,10.84,33.52,11.73,18.04,49.28
2026-07-16 05:29:59,22.19,405.6,58.79,30.3,12.29,25.8,12.43,9.11,47.43
2026-07-16 05:38:32,21.68,347.0,61.17,22.5,9.73,21.64,15.25,0.11,53.91
2026-07-16 05:46:22,20.98,353.3,41.66,16.0,12.8,15.7,4.15,2.48,45.39
2026-07-16 05:57:53,22.56,425.0,56.1,10.1,7.86,16.21,13.26,1.33,51.84
2026-07-16 06:03:10,21.46,453.6,38.11,33.2,13.02,26.94,15.28,0.35,50.22
2026-07-16 06:08:44,22.25,433.5,64.24,13.9,9.77,23.19,15.32,1.34,51.93
2026-07-16 06:14:03,22.59,428.5,52.83,36.0,8.62,24.35,14.84,7.52,49.1
2026-07-16 06:22:43,21.92,462.9,66.83,22.0,13.4,33.27,8.19,6.94,49.97
2026-07-16 06:29:31,22.67,421.7,49.09,10.7,11.03,33.31,19.52,5.46,47.38
2026-07-16 06:36:54,21.94,456.8,62.81,24.4,9.26,24.03,16.03,3.33,51.68
2026-07-16 06:42:03,22.79,422.0,51.27,11.5,7.79,32.3,14.92,1.43,52.05
2026-07-16 06:47:39,22.67,463.6,59.41,11.3,8.27,22.41,13.32,2.22,51.71
2026-07-16 06:53:42,23.87,430.2,68.02,33.1,17.57,32.83,14.0,4.56,54.11
2026-07-16 07:05:59,23.48,463.7,63.52,35.7,9.44,27.64,7.24,0.36,53.2
2026-07-16 07:12:17,22.71,487.0,77.72,29.8,14.51,22.72,16.08,17.49,50.88
2026-07-16 07:21:47,22.58,518.6,65.02,35.3,4.43,27.94,11.98,1.52,54.76
2026-07-16 07:27:02,23.58,487.3,79.21,29.7,11.7,21.43,15.05,10.34,53.05
2026-07-16 07:41:30,22.51,498.2,84.63,13.0,5.95,21.62,13.84,9.84,51.22
2026-07-16 07:54:58,23.12,508.6,100.51,14.4,8.09,23.15,23.82,0.37,51.65
2026-07-16 08:01:35,23.67,536.1,69.34,5.7,12.22,34.05,19.67,2.3,51.28
2026-07-16 08:07:35,23.3,527.3,56.55,31.1,15.0,19.87,13.49,3.98,58.54
2026-07-16 08:18:40,23.89,501.6,85.6,38.4,9.01,29.42,16.15,21.59,54.15
2026-07-16 08:31:26,23.1,471.1,112.82,26.1,10.48,18.95,9.58,1.79,52.89
2026-07-16 08:45:41,23.83,519.5,88.56,6.3,1.17,25.93,19.17,24.58,53.6
2026-07-16 08:50:42,23.82,539.9,79.52,12.6,12.95,26.83,13.96,1.28,53.04
2026-07-16 09:04:28,24.33,580.9,98.8,30.5,9.57,29.54,13.63,1.75,56.33
2026-07-16 09:11:02,24.33,599.3,86.04,25.7,9.91,21.92,17.66,3.11,53.13
2026-07-16 09:18:09,24.21,640.6,99.39,9.5,14.65,20.32,14.73,2.19,51.75
2026-07-16 09:32:58,24.4,562.1,81.12,27.2,14.07,26.11,18.7,8.06,58.01
2026-07-16 09:40:22,24.76,579.6,120.5,31.6,10.13,26.26,14.13,0.0,56.03
2026-07-16 09:53:06,25.11,565.5,98.39,21.4,12.4,21.35,11.75,0.76,52.69
2026-07-16 10:00:33,24.54,622.4,106.98,16.6,8.83,14.69,9.62,1.81,55.81
2026-07-16 10:13:12,23.95,606.6,94.1,38.3,13.51,29.8,18.67,6.15,60.05
2026-07-16 10:23:52,24.93,595.0,106.76,5.2,6.01,22.53,17.32,9.71,52.14
2026-07-16 10:29:18,24.85,649.5,114.81,12.2,12.44,32.67,22.69,8.6,57.97
2026-07-16 10:36:12,25.41,659.9,124.12,15.2,3.56,12.2,14.71,0.36,57.0
2026-07-16 10:47:03,24.43,630.8,110.56,19.0,8.17,26.82,15.69,3.38,54.52
2026-07-16 10:57:27,25.01,689.3,106.83,40.0,4.04,32.15,11.23,4.82,54.22
2026-07-16 11:03:26,24.5,631.2,95.09,15.5,7.32,33.68,11.09,1.54,61.56
2026-07-16 11:09:17,24.7,556.3,112.86,18.7,3.71,25.78,13.44,1.03,56.54
2026-07-16 11:24:14,24.58,613.4,108.5,13.2,10.94,24.51,20.38,1.51,57.03
2026-07-16 11:34:03,25.57,655.8,100.8,33.4,10.15,29.0,16.13,3.79,54.39
2026-07-16 11:43:16,24.96,642.8,105.47,7.8,12.65,30.35,11.53,0.14,55.55
2026-07-16 11:48:21,25.54,651.5,116.57,29.3,8.98,26.29,17.51,1.93,54.28
2026-07-16 11:58:00,24.1,676.7,121.22,39.5,7.74,15.62,22.64,16.82,57.29
2026-07-16 12:11:44,24.57,626.3,129.13,12.3,9.29,25.36,11.58,13.85,58.23
2026-07-16 12:23:15,24.75,640.1,121.07,19.5,16.56,30.92,15.13,0.49,57.13
2026-07-16 12:29:20,24.11,649.3,110.26,33.0,7.59,23.5,11.05,2.42,57.37
2026-07-16 12:37:39,24.83,600.7,115.34,22.9,13.68,26.81,14.9,2.63,56.21
2026-07-16 12:46:20,26.03,619.1,99.74,26.8,13.8,35.34,15.51,8.39,54.09
2026-07-16 12:53:28,25.72,618.8,112.93,38.5,7.41,21.12,11.62,6.32,56.92
2026-07-16 12:59:07,24.96,596.4,118.19,32.7,10.01,23.49,10.05,1.08,56.65
2026-07-16 13:10:53,24.68,580.4,131.35,20.3,6.09,24.69,13.68,0.6,55.37
2026-07-16 13:18:45,25.26,627.6,117.35,29.8,5.9,24.05,11.89,2.27,56.86
2026-07-16 13:24:37,25.17,612.0,100.72,22.4,6.0,24.53,14.21,1.25,53.3
2026-07-16 13:32:09,24.32,655.7,111.2,6.2,8.45,20.4,16.58,2.09,50.27
2026-07-16 13:40:01,25.42,621.9,113.6,5.9,8.07,26.41,8.84,21.85,53.04
2026-07-16 13:54:11,24.34,575.0,114.18,24.4,6.73,33.02,12.69,4.88,55.85
2026-07-16 14:06:43,25.49,649.7,83.74,38.0,11.49,21.46,13.26,2.09,52.74
2026-07-16 14:17:08,24.2,634.6,90.28,11.4,8.7,20.73,14.05,0.47,54.64
2026-07-16 14:22:59,23.96,585.0,107.93,5.2,15.26,27.3,19.29,5.33,58.86
2026-07-16 14:36:39,24.24,602.6,103.91,27.2,14.66,21.22,14.68,1.21,54.64
2026-07-16 14:42:41,24.34,608.5,86.36,36.3,12.41,30.8,13.52,1.88,54.85
2026-07-16 14:48:08,25.13,573.8,86.64,31.1,9.41,29.69,21.01,5.58,57.11
2026-07-16 14:58:23,23.64,567.3,91.7,19.9,5.86,32.25,13.97,8.75,54.49
2026-07-16 15:03:54,23.56,566.8,95.4,19.1,6.06,13.21,15.05,2.28,55.21
2026-07-16 15:14:12,23.28,554.6,96.2,24.5,11.77,12.96,12.41,17.56,54.04
2026-07-16 15:23:24,22.93,577.5,84.46,20.6,14.1,24.09,15.37,3.47,49.85
2026-07-16 15:34:23,23.16,543.9,83.12,16.7,10.11,32.21,7.92,0.77,54.03
2026-07-16 15:45:02,23.35,509.2,80.94,5.6,6.95,22.56,15.53,5.02,53.25
2026-07-16 15:58:53,24.14,510.0,101.08,30.3,8.25,24.63,10.98,5.7,54.06
2026-07-16 16:07:59,24.47,533.2,77.27,19.5,5.58,24.92,21.27,1.26,52.23
2026-07-16 16:19:21,22.56,550.0,71.41,34.1,11.53,22.59,19.29,7.37,48.78
2026-07-16 16:28:57,22.65,526.8,73.23,23.5,6.47,23.9,15.29,3.2,54.28
2026-07-16 16:43:53,24.06,448.4,65.32,23.8,7.22,18.83,15.63,0.79,51.73
2026-07-16 16:56:26,23.47,434.3,79.87,21.0,11.33,24.92,11.7,1.61,50.49
2026-07-16 17:09:08,23.02,478.0,57.33,27.9,8.18,18.59,15.87,15.7,53.75
2026-07-16 17:21:57,21.95,374.8,74.17,8.2,8.01,24.02,16.69,7.08,48.13
2026-07-16 17:27:51,21.86,436.5,51.89,11.6,12.12,30.57,10.51,1.81,48.22
2026-07-16 17:34:23,22.83,469.3,58.71,27.5,5.05,23.16,14.62,4.35,55.16
2026-07-16 17:41:41,22.76,444.7,46.75,13.7,4.35,24.68,13.2,12.7,51.9
2026-07-16 17:50:04,21.94,399.4,42.84,31.3,7.62,28.79,8.55,4.45,51.16
2026-07-16 17:57:32,22.1,370.1,41.19,7.3,14.4,23.4,14.5,1.17,51.88
2026-07-16 18:10:31,22.35,397.4,62.95,21.7,10.65,20.56,12.17,0.63,51.51
2026-07-16 18:19:27,21.7,339.5,58.88,9.9,11.8,24.55,20.63,0.32,48.47
2026-07-16 18:30:11,22.57,365.4,76.79,11.8,7.42,19.11,12.91,2.99,47.98
2026-07-16 18:40:53,21.02,310.7,62.89,12.9,3.7,19.61,7.99,4.01,48.77
2026-07-16 18:52:00,20.98,372.1,65.06,31.6,9.93,30.45,12.48,0.2,47.38
2026-07-16 19:03:43,20.59,274.1,51.87,39.6,3.16,32.99,20.3,0.95,47.83
2026-07-16 19:14:13,20.74,338.8,63.33,15.9,9.93,26.31,23.09,15.12,46.47
2026-07-16 19:21:53,21.32,299.3,78.07,37.6,7.32,30.03,11.45,6.76,47.47
2026-07-16 19:26:58,20.98,323.0,79.34,39.9,5.08,35.53,14.29,1.39,46.87
2026-07-16 19:41:20,21.48,303.5,100.59,12.2,10.84,20.73,15.52,0.84,48.44
2026-07-16 19:46:32,21.3,305.3,72.94,5.3,9.22,24.93,9.38,10.05,46.69
2026-07-16 19:59:36,19.7,260.2,76.54,15.0,10.39,27.68,11.32,5.19,48.79
2026-07-16 20:13:21,21.67,283.8,74.52,12.6,10.86,22.18,27.24,0.61,48.48
2026-07-16 20:25:56,19.61,297.7,76.16,23.6,7.68,24.78,15.05,0.18,48.49
2026-07-16 20:31:23,20.08,262.8,90.95,32.6,8.17,35.67,11.76,4.73,45.52
2026-07-16 20:44:56,20.7,234.8,57.92,5.5,7.47,25.05,11.9,5.55,43.45
2026-07-16 20:59:40,20.4,283.2,88.64,15.8,8.41,26.43,18.2,1.03,46.79
2026-07-16 21:06:26,19.55,193.1,91.44,14.4,12.47,24.07,12.44,0.52,43.66
2026-07-16 21:14:23,20.24,246.8,82.72,32.3,2.5,22.81,14.6,0.43,43.73
2026-07-16 21:27:53,20.04,217.5,83.41,33.3,6.31,26.68,16.21,0.76,44.71
2026-07-16 21:41:16,19.26,208.2,99.1,22.1,18.44,24.13,5.91,6.12,42.08
2026-07-16 21:49:12,20.3,182.1,122.69,10.6,10.13,22.06,18.21,3.7,42.36
2026-07-16 22:00:08,18.92,218.9,81.12,17.8,9.43,28.04,12.48,9.59,45.28
2026-07-16 22:11:08,18.34,212.2,108.56,18.1,7.62,28.33,15.9,5.43,41.15
2026-07-16 22:17:05,18.02,197.8,109.47,17.7,5.4,22.9,20.88,7.89,43.57
2026-07-16 22:26:54,19.4,185.3,101.73,19.2,12.01,27.51,11.56,3.05,47.69
2026-07-16 22:36:32,19.72,151.4,107.07,21.8,10.54,29.9,12.55,0.67,46.28
2026-07-16 22:48:39,18.56,149.5,105.2,5.2,13.84,20.68,10.67,0.72,45.24
2026-07-16 23:00:42,18.98,160.5,104.81,18.8,14.54,30.82,15.34,3.01,43.51
2026-07-16 23:07:29,18.83,154.9,92.88,11.6,6.88,30.89,12.57,5.71,44.83
2026-07-16 23:19:18,18.68,207.3,111.03,11.4,10.62,27.52,15.18,0.11,45.17
2026-07-16 23:28:50,18.56,158.3,106.06,33.2,12.43,29.78,17.62,0.51,45.97
2026-07-16 23:35:29,18.09,132.8,100.09,39.0,12.73,27.73,15.21,4.34,47.74
2026-07-16 23:41:14,18.76,113.4,116.28,17.1,13.46,25.47,12.74,1.78,42.45
2026-07-16 23:52:03,19.42,200.3,107.85,33.0,6.78,30.18,11.27,4.31,43.6
2026-07-17 00:05:36,19.45,147.4,114.63,36.8,6.14,33.7,6.25,1.06,42.41
2026-07-17 00:17:33,19.21,103.6,126.96,8.7,10.29,23.57,9.94,1.67,49.11
2026-07-17 00:26:13,18.23,145.1,128.26,12.6,8.2,25.15,20.07,8.04,41.92
2026-07-17 00:32:40,18.67,176.7,101.97,28.5,7.3,16.88,14.73,0.1,44.28
2026-07-17 00:39:12,19.18,145.6,133.16,32.3,11.41,17.15,15.58,14.65,43.91
2026-07-17 00:54:10,19.61,119.2,130.9,20.6,16.13,35.87,14.93,8.25,42.75
2026-07-17 01:03:32,18.96,123.4,102.53,34.8,11.63,27.09,12.31,0.57,45.14
2026-07-17 01:16:50,20.24,201.3,106.32,9.1,6.4,31.81,12.31,1.5,44.25
2026-07-17 01:24:53,19.51,201.2,111.89,28.3,13.89,33.02,16.71,0.47,45.34
2026-07-17 01:30:41,18.9,201.0,99.54,22.9,4.0,26.47,12.47,1.85,45.41
2026-07-17 01:37:14,19.03,151.0,115.06,28.8,5.59,26.05,10.76,2.18,41.26
2026-07-17 01:46:06,19.35,158.6,97.81,33.9,15.36,27.57,16.82,5.54,48.07
2026-07-17 01:56:03,19.72,180.4,88.78,12.1,8.13,20.95,13.86,1.11,48.0
2026-07-17 02:08:07,19.3,186.7,99.53,7.4,5.73,21.7,10.02,1.68,45.12
2026-07-17 02:19:44,18.75,225.7,109.36,25.7,4.69,29.73,17.06,3.46,44.8
2026-07-17 02:25:45,19.08,225.6,89.99,9.1,12.03,12.76,14.23,8.97,44.74
2026-07-17 02:40:12,19.65,212.8,95.84,17.7,7.55,24.49,19.73,19.0,44.49
2026-07-17 02:45:56,20.76,209.8,96.52,30.8,11.6,15.78,21.52,3.19,43.39
2026-07-17 02:51:12,19.58,233.6,107.01,29.6,9.47,19.58,9.02,5.73,46.56
2026-07-17 03:01:00,19.7,230.7,78.51,10.4,8.31,27.31,17.39,1.78,44.89
2026-07-17 03:08:24,20.47,230.9,96.39,33.5,7.78,24.64,17.6,9.42,46.22
2026-07-17 03:20:39,19.86,283.9,72.53,22.3,11.87,17.28,13.75,3.85,47.78
2026-07-17 03:33:44,20.34,282.5,71.35,8.5,8.97,22.54,17.75,2.8,43.34
2026-07-17 03:45:09,19.83,314.2,64.82,32.1,5.68,25.43,13.66,1.89,48.12
2026-07-17 03:59:56,20.37,294.2,68.47,8.4,9.54,22.73,17.43,1.6,48.2
2026-07-17 04:08:36,20.74,215.8,73.94,16.6,10.45,28.88,7.28,3.79,46.62
2026-07-17 04:15:15,21.27,337.0,75.76,34.8,16.57,22.26,21.64,2.94,47.83
2026-07-17 04:28:12,20.68,326.6,73.17,34.6,9.16,32.23,20.91,2.8,46.25
2026-07-17 04:33:39,20.86,352.4,67.72,35.1,13.95,26.5,14.8,1.46,48.77
2026-07-17 04:42:19,21.81,314.9,78.44,7.2,14.15,27.72,12.47,9.33,50.14
2026-07-17 04:56:51,20.78,346.3,68.7,10.6,8.24,28.12,20.88,0.43,47.24
2026-07-17 05:06:53,21.57,385.9,54.92,22.9,8.34,29.54,11.21,0.26,46.13
2026-07-17 05:21:08,20.99,368.4,54.37,11.1,10.24,26.29,14.85,3.23,55.39
2026-07-17 05:31:19,21.3,372.2,61.5,16.3,13.72,18.62,17.3,1.61,48.32
2026-07-17 05:38:14,22.63,348.6,53.11,24.5,10.37,21.96,14.79,9.94,45.77
2026-07-17 05:44:32,21.43,386.5,53.25,21.5,12.51,25.12,14.09,0.46,48.33
2026-07-17 05:52:21,22.67,425.0,58.94,30.7,9.69,26.92,13.87,3.86,52.26
2026-07-17 06:01:18,21.24,436.0,63.36,20.2,18.17,27.81,5.99,0.29,47.82
2026-07-17 06:09:49,22.36,441.6,46.32,23.7,7.94,28.05,15.19,3.72,51.08
2026-07-17 06:20:31,22.33,450.8,47.51,32.8,9.48,21.94,12.87,3.95,51.47
2026-07-17 06:29:12,22.18,395.1,42.96,33.8,9.03,19.38,16.85,0.86,52.5
2026-07-17 06:34:15,22.05,477.7,63.77,9.3,7.14,29.19,16.53,5.93,51.65
2026-07-17 06:42:56,22.76,451.1,53.06,15.4,7.48,28.71,25.57,10.18,47.73
2026-07-17 06:49:16,22.58,495.1,69.12,8.0,11.6,20.52,13.42,0.42,51.84
2026-07-17 07:00:23,21.85,434.4,53.04,21.5,13.13,26.4,11.93,7.45,51.6
2026-07-17 07:06:42,22.83,480.4,59.63,34.3,11.74,22.14,15.53,2.57,51.5
2026-07-17 07:20:42,23.0,450.8,79.21,5.0,7.5,32.44,17.7,13.07,51.97
2026-07-17 07:34:04,24.02,472.6,81.34,37.5,4.33,26.92,22.69,0.71,53.53
2026-07-17 07:40:37,22.83,527.8,61.87,35.7,13.69,27.21,14.63,1.72,51.88
2026-07-17 07:51:34,23.3,507.1,71.47,5.4,12.59,20.84,19.96,0.49,52.17
2026-07-17 07:58:00,23.6,537.5,76.15,19.7,11.01,31.04,11.17,3.34,53.4
2026-07-17 08:11:01,23.93,554.8,86.75,11.9,9.55,40.56,9.26,2.92,52.12
2026-07-17 08:22:29,24.21,530.4,83.24,35.8,9.39,27.12,8.68,0.81,57.37
2026-07-17 08:29:47,24.02,469.9,96.23,10.3,7.74,24.66,11.25,3.76,51.02
2026-07-17 08:35:20,23.68,517.8,76.71,32.2,14.54,27.27,12.04,10.74,50.98
2026-07-17 08:45:06,24.1,556.6,94.45,22.4,5.91,23.46,12.66,10.3,55.89
2026-07-17 08:56:13,24.01,558.8,80.68,32.6,10.28,30.19,19.45,8.56,53.76
2026-07-17 09:07:20,25.15,588.2,89.77,8.2,8.48,28.66,10.24,1.37,54.62
2026-07-17 09:13:57,23.87,557.7,95.72,17.1,10.38,25.46,11.67,7.12,55.8
2026-07-17 09:19:27,24.64,588.9,71.32,28.1,11.14,20.93,14.58,0.86,60.37
2026-07-17 09:26:46,24.82,560.8,111.72,19.0,8.43,29.56,15.33,2.44,55.1
2026-07-17 09:38:05,24.5,625.5,93.65,21.0,12.39,32.7,14.08,0.52,56.85
2026-07-17 09:49:20,24.68,547.8,120.96,32.1,11.83,23.52,19.11,0.77,55.28
2026-07-17 09:56:17,24.94,689.0,102.1,25.2,11.33,26.58,15.97,12.36,53.49
2026-07-17 10:09:35,24.6,646.6,101.7,13.4,9.08,29.8,13.66,5.06,56.29
2026-07-17 10:16:45,25.3,613.8,99.08,36.8,14.3,32.51,15.49,4.43,55.33
2026-07-17 10:31:07,24.57,635.8,115.13,35.7,11.86,27.5,22.79,1.62,56.03
2026-07-17 10:37:44,25.23,644.7,103.29,5.3,9.08,31.3,18.34,4.63,54.57
2026-07-17 10:50:06,24.62,622.9,104.77,17.0,6.9,23.78,14.88,3.04,54.19
2026-07-17 10:57:42,24.93,592.2,114.39,5.9,10.38,28.49,14.73,2.51,54.24
2026-07-17 11:11:55,26.11,560.5,104.25,8.2,11.83,22.55,13.84,0.89,54.87
2026-07-17 11:19:07,25.21,660.8,118.87,9.6,10.09,34.7,20.13,1.98,54.97
2026-07-17 11:26:52,24.33,625.2,110.18,14.8,9.95,27.01,15.74,0.05,57.5
2026-07-17 11:35:36,24.93,564.2,121.5,5.9,9.22,20.84,20.71,3.15,54.33
2026-07-17 11:42:05,24.9,634.9,101.7,12.6,12.46,14.26,15.47,0.86,59.45
2026-07-17 11:52:40,25.45,601.6,95.74,30.6,14.33,22.96,9.85,5.07,58.12
2026-07-17 12:01:33,25.3,656.2,99.11,14.8,6.15,16.93,20.74,3.34,54.23
2026-07-17 12:07:42,24.18,660.1,107.5,39.7,9.86,15.03,16.09,3.38,59.13
2026-07-17 12:17:46,25.5,661.7,104.47,30.4,10.76,20.26,15.18,4.64,57.04
2026-07-17 12:27:31,25.84,622.8,113.9,12.3,7.71,30.51,19.83,4.5,54.14
2026-07-17 12:36:33,24.61,649.7,110.87,27.8,9.81,25.57,13.06,4.56,57.89
2026-07-17 12:47:47,24.71,664.5,130.56,29.8,10.09,28.66,21.49,2.51,57.7
2026-07-17 12:57:42,26.13,656.2,103.8,28.1,12.25,24.78,13.67,0.43,53.28
2026-07-17 13:06:09,24.97,645.0,105.46,12.6,10.27,27.19,15.9,3.46,57.49
2026-07-17 13:16:48,25.03,615.3,114.24,30.8,7.33,21.22,11.96,3.9,55.97
2026-07-17 13:26:52,25.53,627.4,89.8,20.6,9.14,15.59,16.97,2.22,54.48
2026-07-17 13:37:53,24.59,593.2,114.38,34.5,5.6,21.83,16.78,4.64,59.19
2026-07-17 13:46:42,24.81,562.8,106.08,36.1,8.48,27.22,20.18,2.46,56.25
2026-07-17 13:52:30,24.51,642.6,107.24,5.8,10.79,32.12,21.93,2.95,56.89
2026-07-17 14:02:15,24.42,593.5,118.06,27.4,3.39,25.38,11.84,1.76,54.1
2026-07-17 14:13:48,24.58,551.3,104.63,26.9,10.21,28.74,15.0,6.65,55.75
2026-07-17 14:27:04,24.4,600.7,81.14,15.4,7.24,17.57,15.46,1.09,54.8
2026-07-17 14:40:18,23.57,582.3,100.48,16.7,12.03,24.73,15.62,1.73,57.13
2026-07-17 14:49:39,24.8,565.9,78.74,22.2,9.81,25.75,14.64,8.15,51.78
2026-07-17 14:56:17,25.03,601.4,95.98,23.4,14.1,32.52,17.09,6.85,52.17
2026-07-17 15:02:31,24.22,582.2,97.12,30.8,7.58,13.27,17.4,1.95,53.31
2026-07-17 15:11:58,24.57,655.3,98.34,19.7,9.52,20.71,12.93,4.72,50.76
2026-07-17 15:19:56,23.99,561.6,97.02,6.6,8.74,21.53,11.59,1.65,51.53
2026-07-17 15:29:54,23.36,469.1,91.39,25.0,9.88,27.43,15.59,7.64,54.66
2026-07-17 15:41:25,23.43,549.1,81.88,16.8,6.63,25.38,17.95,4.57,52.75
2026-07-17 15:47:37,23.43,565.4,82.06,10.6,13.51,21.33,12.06,12.4,59.04
2026-07-17 15:58:02,23.89,548.2,91.27,18.6,10.72,28.41,11.77,2.24,53.66
2026-07-17 16:06:10,23.6,467.4,81.91,20.9,12.32,20.85,15.9,3.19,54.29
2026-07-17 16:14:34,23.03,425.0,88.79,36.9,6.83,41.03,18.79,1.86,53.76
2026-07-17 16:21:33,23.4,476.6,84.55,17.8,5.43,24.99,13.28,9.06,51.02
2026-07-17 16:31:56,23.57,540.3,86.71,19.6,3.64,26.44,15.39,0.86,52.17
2026-07-17 16:46:56,22.47,411.1,49.33,10.2,8.32,28.96,13.9,3.26,50.83
2026-07-17 16:54:42,22.86,477.6,61.11,10.3,15.98,23.75,11.72,0.45,50.12
2026-07-17 17:01:17,23.17,450.8,64.79,37.4,11.24,12.52,19.3,0.74,51.89
2026-07-17 17:12:50,22.4,447.2,75.13,5.8,11.02,36.03,18.3,2.34,51.99
2026-07-17 17:27:30,22.71,464.3,52.82,28.6,12.11,33.69,17.33,4.96,49.99
2026-07-17 17:35:22,21.74,367.4,52.89,32.7,10.91,31.22,11.78,0.5,54.23
2026-07-17 17:49:22,22.71,411.2,52.62,13.9,9.95,26.49,17.97,9.75,48.66
2026-07-17 17:59:10,21.76,421.5,43.38,8.1,12.59,27.16,15.33,3.79,47.28
2026-07-17 18:07:39,21.49,382.6,36.63,6.5,10.94,24.33,10.83,2.57,50.32
2026-07-17 18:16:22,21.75,365.2,41.92,19.9,9.9,28.24,13.17,4.41,48.24
2026-07-17 18:22:15,22.25,379.5,63.99,39.1,6.21,29.64,13.83,3.67,51.5
2026-07-17 18:28:17,22.05,407.9,59.24,16.3,8.68,27.69,17.99,0.18,48.78
2026-07-17 18:37:15,21.18,339.1,51.78,12.4,6.96,30.38,18.84,5.69,49.36
2026-07-17 18:46:33,21.78,326.7,46.76,9.0,13.67,26.81,9.64,1.6,49.27
2026-07-17 18:57:35,22.25,376.6,58.76,15.1,8.09,22.34,18.05,2.53,51.38
2026-07-17 19:11:15,21.41,313.5,86.78,13.0,5.59,23.28,19.08,3.64,44.19
2026-07-17 19:20:50,20.14,307.7,58.1,12.1,9.33,30.09,16.61,0.95,48.87
2026-07-17 19:29:55,20.98,309.8,79.01,12.0,7.36,16.57,3.02,1.8,48.07
2026-07-17 19:40:36,21.05,272.4,67.56,23.1,10.84,15.5,14.03,2.39,47.68
2026-07-17 19:47:35,20.67,269.8,64.18,25.1,12.14,21.76,11.24,12.84,47.23
2026-07-17 19:56:56,20.68,292.3,91.15,19.5,12.48,19.14,14.57,2.46,45.8
2026-07-17 20:03:02,19.41,255.5,81.85,7.5,14.17,24.29,16.79,4.26,44.99
2026-07-17 20:12:38,20.09,227.4,94.73,33.1,9.33,21.01,14.16,5.24,46.4
2026-07-17 20:26:13,19.53,245.4,92.51,39.0,8.75,23.51,18.97,1.46,45.73
2026-07-17 20:32:42,20.39,183.0,95.71,28.2,13.8,22.02,14.49,5.66,42.73
2026-07-17 20:44:03,20.0,216.4,87.64,28.2,7.11,31.2,16.16,0.64,46.41
2026-07-17 20:50:03,20.09,225.0,88.92,38.2,8.27,23.09,13.33,1.0,47.57
2026-07-17 20:58:38,20.13,195.0,92.94,40.0,12.63,23.41,8.33,1.01,45.01
2026-07-17 21:11:30,20.32,204.9,97.01,27.9,7.32,28.75,12.02,7.1,46.14
2026-07-17 21:18:37,19.85,223.0,88.82,21.5,9.2,28.2,15.48,1.11,43.7
2026-07-17 21:31:45,19.21,229.3,93.79,24.8,12.33,25.66,19.72,7.98,45.32
2026-07-17 21:42:09,19.98,208.5,97.15,27.1,8.33,34.83,13.65,4.56,42.63
2026-07-17 21:53:48,18.97,252.3,98.35,31.9,7.17,26.46,14.99,9.44,43.96
2026-07-17 22:07:12,19.22,155.7,107.56,23.3,10.13,20.74,10.7,2.56,44.84
2026-07-17 22:14:31,20.24,198.0,111.95,36.2,6.27,33.89,8.77,0.23,44.89
2026-07-17 22:27:35,19.4,153.8,94.72,20.8,14.1,23.46,13.7,0.96,44.77
2026-07-17 22:33:18,19.07,191.9,104.39,24.0,11.75,30.35,13.06,4.34,44.13
2026-07-17 22:41:30,18.85,200.0,114.0,38.6,14.79,31.52,14.23,2.1,45.79
2026-07-17 22:49:21,19.7,184.5,100.59,11.4,10.51,32.85,15.93,3.09,50.86
2026-07-17 23:03:16,18.7,137.6,114.06,27.9,4.64,19.67,6.26,5.42,44.47
2026-07-17 23:12:34,19.16,136.1,124.19,25.7,14.98,22.37,19.86,7.7,46.83
2026-07-17 23:18:02,18.86,192.0,95.9,26.4,11.35,25.83,23.95,1.85,43.73
2026-07-17 23:27:42,19.45,161.6,123.16,18.7,8.89,29.43,20.7,5.27,42.36
2026-07-17 23:37:01,19.1,105.9,102.6,10.5,8.34,20.56,16.43,2.86,43.56
2026-07-17 23:51:14,18.48,80.0,105.77,32.8,15.76,36.12,16.83,2.11,44.76
2026-07-18 00:05:39,18.7,188.3,107.54,20.4,12.27,24.93,13.43,10.62,43.45
2026-07-18 00:17:04,18.41,184.1,117.58,36.2,6.75,21.65,15.23,8.5,43.31
2026-07-18 00:22:19,19.25,100.6,119.38,28.3,7.99,23.18,16.94,2.99,43.56
2026-07-18 00:34:21,18.62,151.5,110.61,33.1,12.6,24.46,15.32,20.27,44.54
2026-07-18 00:44:04,19.38,122.8,109.85,10.9,8.85,20.62,14.54,0.71,45.66
2026-07-18 00:57:14,19.72,209.6,106.71,14.1,8.63,23.9,13.4,0.38,42.99
2026-07-18 01:07:25,18.35,241.4,113.06,20.3,9.52,21.23,23.56,3.35,43.95
2026-07-18 01:15:32,19.03,173.0,97.82,36.2,5.26,22.24,16.25,13.08,43.73
2026-07-18 01:26:32,20.2,141.9,96.02,22.3,5.73,25.43,8.7,1.04,45.0
2026-07-18 01:36:29,19.66,204.2,97.41,13.7,6.71,24.87,3.73,0.55,41.15
2026-07-18 01:46:04,19.75,163.4,92.23,24.6,12.88,22.61,17.93,0.2,45.72
2026-07-18 01:54:10,20.05,194.5,94.22,8.0,9.48,18.26,14.01,1.98,45.6
2026-07-18 02:02:33,19.51,220.8,92.03,36.9,10.85,11.46,15.33,2.99,42.61
2026-07-18 02:17:21,18.66,159.5,93.08,18.7,12.13,19.6,15.18,3.39,42.99
2026-07-18 02:25:06,19.21,231.4,112.02,6.6,4.63,27.48,15.14,10.77,43.32
2026-07-18 02:38:01,20.0,199.4,84.15,14.0,8.61,23.51,9.17,11.16,44.07
2026-07-18 02:44:46,19.66,237.8,95.56,38.3,9.75,25.63,10.71,5.57,42.8
2026-07-18 02:52:07,20.28,268.5,113.6,18.8,11.27,27.34,22.25,9.16,48.04
2026-07-18 03:06:23,20.37,257.6,69.72,5.5,11.53,15.6,13.6,0.65,47.78
2026-07-18 03:14:13,20.32,224.0,96.3,38.8,10.21,25.81,14.12,1.57,46.59
2026-07-18 03:28:42,20.04,221.7,86.95,35.9,8.31,23.86,16.93,1.16,47.85
2026-07-18 03:43:33,18.63,268.9,93.2,38.9,12.66,15.84,10.67,3.49,43.42
2026-07-18 03:53:19,20.32,282.8,85.83,18.0,6.02,15.98,5.42,15.91,48.68
2026-07-18 04:05:24,21.12,244.6,92.15,16.1,9.13,17.23,18.38,3.84,42.94
2026-07-18 04:13:57,20.51,299.1,70.34,5.4,9.95,29.54,15.75,1.32,49.5
2026-07-18 04:26:02,20.78,329.5,70.0,38.7,9.7,16.19,19.64,2.03,50.7
2026-07-18 04:39:16,20.3,356.0,62.83,26.6,6.35,23.12,12.66,14.87,46.64
2026-07-18 04:47:59,21.01,334.8,73.79,31.2,6.17,17.56,17.17,6.09,45.66
2026-07-18 04:57:59,20.85,370.3,73.71,25.3,11.03,19.65,12.09,1.92,49.72
2026-07-18 05:08:37,21.54,328.1,59.26,13.9,11.57,24.28,10.55,6.01,47.6
2026-07-18 05:17:49,21.58,351.2,62.34,35.7,9.62,21.47,19.14,10.54,47.46
2026-07-18 05:23:39,21.04,361.9,54.14,8.8,10.99,24.54,23.85,16.25,50.79
2026-07-18 05:36:21,21.8,423.0,60.33,28.4,9.51,19.82,14.43,11.78,46.34
2026-07-18 05:49:44,21.71,353.2,50.32,20.2,11.13,23.05,10.52,3.48,52.51
2026-07-18 06:02:09,21.85,428.2,58.85,6.3,4.57,25.7,15.21,9.87,48.47
2026-07-18 06:10:35,21.88,418.8,43.12,20.1,7.74,24.3,12.64,2.6,51.85
2026-07-18 06:19:00,22.3,383.1,53.4,24.5,7.2,23.46,18.99,0.98,53.09
2026-07-18 06:30:03,22.54,455.4,57.42,17.2,12.35,23.73,16.34,6.21,54.86
2026-07-18 06:36:51,22.67,479.7,54.99,32.6,13.56,12.01,9.35,2.99,46.97
2026-07-18 06:42:35,22.88,476.4,79.63,25.4,12.97,20.72,21.87,0.15,50.91
2026-07-18 06:50:35,23.5,484.5,60.45,12.6,8.79,31.27,18.75,2.71,49.65
2026-07-18 06:57:34,21.89,449.6,55.72,39.1,9.38,24.08,7.93,0.03,49.87
2026-07-18 07:11:45,23.1,461.8,65.2,32.7,12.94,19.46,19.69,14.77,49.79
2026-07-18 07:23:49,23.22,484.5,70.39,12.5,14.43,19.43,13.63,2.09,54.63
2026-07-18 07:36:58,23.71,490.9,60.59,18.2,7.66,22.76,17.33,5.1,50.54
2026-07-18 07:51:12,23.01,542.2,92.06,30.0,12.17,21.29,21.7,4.01,51.76
2026-07-18 08:00:53,22.79,529.8,81.73,14.1,10.87,27.03,16.8,1.56,56.24
2026-07-18 08:11:21,24.06,574.9,77.03,28.2,16.21,23.88,13.07,2.56,53.86
2026-07-18 08:25:04,22.95,458.7,99.93,28.2,8.7,25.11,14.16,3.55,53.5
2026-07-18 08:31:18,24.48,508.4,70.67,13.6,6.84,19.03,9.73,1.67,54.27
2026-07-18 08:37:03,24.62,545.7,81.66,37.7,11.89,24.16,18.42,3.83,52.35
2026-07-18 08:43:21,24.47,590.0,99.47,39.4,7.22,28.46,11.06,3.66,54.88
2026-07-18 08:54:43,23.62,564.2,86.36,14.9,11.25,16.75,19.41,0.94,53.92
2026-07-18 09:05:44,24.38,559.6,104.74,35.7,7.03,28.91,17.05,10.64,57.19
2026-07-18 09:16:09,24.5,582.8,83.83,38.3,10.8,24.83,16.08,0.46,56.83
2026-07-18 09:23:27,24.5,592.1,95.27,15.1,3.88,25.29,12.95,0.56,56.99
2026-07-18 09:36:06,24.15,605.0,85.36,28.8,7.48,26.59,9.92,0.71,53.58
2026-07-18 09:46:52,23.99,560.4,96.88,19.8,8.97,25.57,10.02,0.34,57.18
2026-07-18 09:54:03,25.47,621.3,127.01,37.6,5.43,32.45,18.61,2.82,53.56
2026-07-18 09:59:37,25.04,632.6,104.13,26.3,8.94,26.36,16.57,13.59,55.6
2026-07-18 10:13:12,24.46,638.0,88.88,20.2,11.95,22.61,16.38,0.46,50.05
2026-07-18 10:20:38,24.41,566.1,93.35,18.4,13.27,22.59,14.73,6.12,56.91
2026-07-18 10:34:45,24.94,626.3,105.84,7.7,4.27,28.69,13.73,6.03,58.92
2026-07-18 10:41:45,25.11,616.8,94.36,27.5,5.6,32.08,12.66,0.93,55.73
2026-07-18 10:48:13,24.94,563.3,110.07,9.6,8.96,24.38,15.33,1.1,51.88
2026-07-18 10:59:58,24.51,592.4,108.74,24.1,5.01,25.0,13.64,0.11,58.77
2026-07-18 11:10:53,25.48,584.5,111.23,8.0,11.05,16.23,13.48,4.12,55.77
2026-07-18 11:23:10,24.85,690.6,105.17,15.5,10.89,27.38,16.78,13.37,55.67
2026-07-18 11:34:32,24.46,661.4,101.74,39.6,11.42,27.8,18.33,4.04,57.02
2026-07-18 11:46:08,24.7,586.6,121.01,35.8,5.87,22.91,12.38,5.81,55.93
2026-07-18 11:59:36,25.56,679.2,108.96,31.7,12.41,27.59,14.13,2.39,58.14
2026-07-18 12:05:09,24.79,659.2,116.77,5.4,9.27,22.09,13.75,5.7,56.13
2026-07-18 12:19:39,24.45,643.5,92.54,21.7,12.39,33.29,16.21,5.11,56.12
2026-07-18 12:27:30,25.3,663.8,111.74,17.3,6.11,24.93,15.59,2.78,54.97
2026-07-18 12:35:24,24.34,654.2,89.29,10.3,5.83,32.85,11.92,13.37,60.11
2026-07-18 12:42:56,24.88,666.1,104.82,25.3,12.19,28.1,12.1,0.31,52.1
2026-07-18 12:54:04,24.65,597.8,108.77,19.6,6.87,22.57,16.96,2.18,56.52
2026-07-18 13:05:17,25.19,591.6,112.41,12.7,10.15,19.05,22.52,8.97,55.19
2026-07-18 13:11:41,24.76,650.5,90.6,20.8,8.76,26.88,17.85,12.31,54.83
2026-07-18 13:25:06,24.35,632.8,102.77,39.0,5.65,19.19,9.16,0.22,55.68
2026-07-18 13:34:23,25.0,555.9,99.97,11.8,4.43,29.33,13.11,9.81,55.85
2026-07-18 13:47:20,24.85,591.6,95.14,19.8,11.55,28.78,8.46,0.63,56.36
2026-07-18 14:02:13,25.38,633.8,84.14,7.3,8.96,30.79,10.35,12.86,51.87
2026-07-18 14:09:54,24.17,584.1,107.9,23.3,10.16,24.93,6.03,5.73,53.79
2026-07-18 14:22:27,23.65,602.4,111.83,22.5,8.68,23.01,10.97,3.68,55.03
2026-07-18 14:34:24,23.93,619.2,83.47,20.5,6.56,24.53,13.86,5.16,54.69
2026-07-18 14:43:27,24.47,570.7,90.08,36.4,11.72,20.02,19.55,0.06,54.22
2026-07-18 14:53:24,23.7,586.7,99.87,13.3,13.12,18.81,11.83,0.21,56.32
2026-07-18 15:00:12,23.53,551.2,99.59,38.4,11.8,28.37,10.83,4.53,57.36
2026-07-18 15:14:29,23.34,587.9,79.43,36.4,12.82,34.16,15.44,9.27,53.93
2026-07-18 15:22:37,23.28,576.7,100.05,7.3,8.49,32.44,15.51,0.37,56.17
2026-07-18 15:32:56,24.37,565.6,73.04,9.3,17.44,33.35,10.45,0.17,53.95
2026-07-18 15:46:21,23.51,463.9,82.35,18.4,8.27,21.6,14.92,1.95,50.47
2026-07-18 15:56:09,22.82,461.4,82.98,23.6,10.45,18.72,13.41,17.96,51.12
2026-07-18 16:04:25,23.55,528.8,87.54,18.0,6.62,31.01,12.45,4.36,50.9
2026-07-18 16:13:58,23.04,478.0,81.6,25.7,11.6,29.8,13.25,3.4,50.67
2026-07-18 16:24:07,23.57,536.9,72.38,39.0,8.14,18.08,23.31,0.15,52.29
2026-07-18 16:35:53,23.45,459.7,79.99,24.3,7.64,27.71,22.99,0.34,53.43
2026-07-18 16:42:40,23.67,502.6,57.71,12.0,7.85,24.67,21.71,1.04,46.57
2026-07-18 16:51:05,22.61,433.5,72.23,21.5,13.23,27.88,13.18,7.35,52.09
2026-07-18 17:03:15,22.07,492.5,48.09,6.7,7.91,27.5,18.16,1.17,54.08
2026-07-18 17:13:40,22.56,412.8,75.46,32.2,10.14,14.53,18.41,0.24,52.59
2026-07-18 17:26:14,22.52,435.0,77.71,31.9,8.01,25.63,14.61,3.61,48.22
2026-07-18 17:33:31,22.26,429.3,40.08,17.8,11.19,30.74,11.14,4.11,50.46
2026-07-18 17:40:30,22.44,482.0,60.35,25.5,11.17,23.73,15.67,0.97,48.14
2026-07-18 17:48:13,22.05,409.0,51.58,39.3,14.03,23.1,16.79,5.31,57.77
2026-07-18 17:59:00,21.79,386.5,49.44,29.0,8.43,25.9,14.35,1.78,51.43
2026-07-18 18:11:50,22.31,392.1,52.91,15.8,7.46,22.95,15.97,15.64,51.64
2026-07-18 18:21:45,21.16,342.7,56.73,16.6,0,27.5,7.94,1.97,48.27
2026-07-18 18:30:16,20.68,342.4,57.19,6.9,8.45,27.23,14.62,7.88,50.57
2026-07-18 18:44:23,21.45,330.9,82.49,35.7,4.01,31.42,13.32,4.31,47.88
2026-07-18 18:52:39,21.77,347.2,55.32,13.4,13.09,25.28,11.88,6.32,49.69
2026-07-18 19:02:10,21.9,350.1,68.69,17.8,9.42,14.72,13.48,1.92,46.2
2026-07-18 19:13:54,21.83,333.7,76.31,12.5,10.42,24.8,14.29,5.27,44.66
2026-07-18 19:19:31,20.31,274.7,72.98,37.5,9.9,24.21,15.77,6.43,46.47
2026-07-18 19:32:33,19.68,350.7,70.49,35.7,3.93,18.71,6.51,2.45,46.55
2026-07-18 19:43:25,20.89,318.2,66.13,26.3,11.79,20.7,20.58,0.04,45.05
2026-07-18 19:55:32,20.53,301.6,62.26,36.0,16.96,24.7,16.95,4.82,49.67
2026-07-18 20:04:42,19.82,261.1,73.67,17.2,9.7,28.72,14.05,4.51,46.71
2026-07-18 20:14:31,20.54,276.9,83.32,39.9,13.63,23.6,15.91,5.22,46.08
2026-07-18 20:28:48,21.25,264.9,86.57,17.7,9.13,22.24,15.09,7.38,46.67
2026-07-18 20:41:38,19.99,212.8,95.39,12.8,5.17,27.49,19.05,13.25,46.28
2026-07-18 20:54:44,20.15,202.1,93.75,7.2,10.8,30.32,13.36,8.56,48.14
2026-07-18 21:08:16,20.2,217.4,79.8,16.8,10.67,26.3,15.76,4.0,45.0
2026-07-18 21:20:42,19.32,215.9,86.71,13.3,8.08,21.87,16.83,9.67,46.67
2026-07-18 21:35:17,19.54,193.5,89.83,15.5,12.32,27.32,12.39,5.44,46.44
2026-07-18 21:50:03,19.87,199.0,96.98,8.5,10.57,28.65,18.41,0.19,43.66
2026-07-18 21:59:24,19.88,210.3,122.62,6.7,16.21,31.31,18.79,1.21,44.88
2026-07-18 22:10:29,20.26,212.3,94.95,22.3,13.68,33.78,13.38,8.03,44.56
2026-07-18 22:25:08,19.1,179.4,109.0,38.8,16.29,19.81,15.9,0.07,44.81
2026-07-18 22:33:36,18.99,179.5,99.72,24.4,10.27,22.68,15.37,3.32,43.62
2026-07-18 22:43:27,18.68,189.1,114.68,25.8,12.19,23.72,11.7,13.65,45.08
2026-07-18 22:54:01,18.2,159.2,113.06,22.2,13.26,24.32,9.8,0.08,43.19
2026-07-18 23:07:02,18.96,203.8,104.66,20.2,11.51,36.1,21.96,5.5,45.28
2026-07-18 23:17:51,20.21,108.0,104.3,24.5,10.85,17.53,15.81,0.64,44.67
2026-07-18 23:25:58,20.17,191.4,116.5,11.5,11.35,37.73,17.13,2.72,42.36
2026-07-18 23:36:26,18.62,185.2,116.79,6.6,10.61,14.92,20.45,1.28,44.07
2026-07-18 23:48:16,18.83,180.3,104.1,37.4,8.58,22.94,20.68,8.34,41.21
2026-07-19 00:02:22,19.74,172.4,128.47,21.6,10.18,25.27,13.07,11.34,44.19
2026-07-19 00:09:23,19.53,166.4,127.13,8.5,11.16,22.81,20.16,0.71,46.42
2026-07-19 00:20:22,18.69,159.4,125.48,5.5,7.36,28.57,16.75,0.96,43.6
2026-07-19 00:28:45,19.2,140.6,107.46,5.9,6.85,25.08,18.1,2.04,42.65
2026-07-19 00:39:29,19.1,195.3,112.86,11.8,8.46,28.61,16.49,30.74,46.48
2026-07-19 00:49:08,19.59,198.5,99.27,6.4,10.37,21.98,18.41,3.88,42.37
2026-07-19 00:57:30,19.34,177.8,104.12,27.3,12.35,19.51,18.83,16.28,43.56
2026-07-19 01:12:21,18.7,149.2,101.2,17.7,11.67,19.93,9.43,8.2,47.84
2026-07-19 01:27:09,19.72,214.2,100.73,35.7,14.11,25.67,14.04,0.04,42.07
2026-07-19 01:39:25,19.56,229.3,83.15,21.6,9.02,27.51,14.85,4.8,50.24
2026-07-19 01:45:09,18.86,153.3,94.69,8.0,9.06,11.14,19.23,0.25,42.2
2026-07-19 01:55:45,19.49,219.2,108.02,29.9,5.95,17.28,16.05,1.74,43.7
2026-07-19 02:02:39,18.79,170.2,114.55,14.0,1.89,24.12,16.26,9.19,45.39
2026-07-19 02:10:29,20.22,197.8,104.38,38.2,10.93,28.15,15.91,1.69,44.79
2026-07-19 02:15:42,19.14,182.5,83.0,32.8,10.73,26.79,17.45,9.51,41.29
2026-07-19 02:27:47,19.28,217.5,115.98,26.2,7.14,23.33,14.08,4.13,45.47
2026-07-19 02:40:22,19.74,217.4,97.15,20.5,11.55,22.53,13.89,0.93,43.87
2026-07-19 02:49:36,19.89,234.9,89.01,32.7,14.31,20.87,15.28,1.47,45.88
2026-07-19 02:54:42,19.4,261.4,97.03,23.6,11.41,19.77,13.44,2.6,44.72
2026-07-19 03:01:56,20.93,226.5,100.56,28.7,11.58,36.04,16.57,1.35,43.4
2026-07-19 03:16:47,20.72,197.3,99.51,25.0,13.09,34.18,6.99,8.79,45.91
2026-07-19 03:27:01,19.16,268.1,89.02,12.2,13.05,32.28,12.97,1.62,48.71
2026-07-19 03:40:21,21.37,288.8,88.23,37.9,9.63,25.13,15.95,0.21,44.08
2026-07-19 03:51:43,20.13,230.3,88.8,31.1,3.32,25.73,12.32,1.23,45.56
2026-07-19 03:57:14,20.83,201.6,86.47,31.7,6.01,21.34,18.29,0.86,46.75
2026-07-19 04:04:44,20.02,275.1,82.77,34.3,11.17,24.2,23.87,7.9,44.79
2026-07-19 04:10:22,20.86,264.6,73.72,16.0,12.94,20.97,19.28,0.81,43.99
2026-07-19 04:15:46,21.24,249.6,74.58,37.4,12.05,25.84,16.48,13.78,48.5
2026-07-19 04:22:11,20.83,280.5,82.84,31.9,10.99,23.74,15.48,7.56,48.4
2026-07-19 04:28:06,20.53,318.9,61.85,36.3,10.76,24.34,10.67,0.64,47.6
2026-07-19 04:38:47,20.92,281.0,70.48,33.2,9.05,26.08,13.3,3.94,47.31
2026-07-19 04:45:11,21.66,355.3,84.19,38.5,6.98,32.79,19.07,0.17,51.61
2026-07-19 04:59:28,21.18,333.8,56.6,20.9,11.26,25.11,4.63,0.85,48.41
2026-07-19 05:12:44,21.81,329.5,41.07,24.0,7.78,33.2,10.46,7.27,51.01
2026-07-19 05:26:13,21.05,390.5,47.97,21.4,6.66,26.61,19.0,24.88,50.73
2026-07-19 05:32:01,21.5,354.6,40.62,11.6,10.84,21.71,6.56,0.84,45.39
2026-07-19 05:46:55,21.2,367.9,58.3,28.9,11.1,19.09,16.93,0.37,52.36
2026-07-19 05:58:58,21.95,357.7,62.66,38.1,9.02,32.89,13.56,1.86,48.01
2026-07-19 06:08:11,22.06,432.2,46.96,12.6,9.77,25.72,14.83,0.99,51.42
2026-07-19 06:14:33,22.55,400.7,61.19,25.9,11.35,26.88,11.5,1.39,51.66
2026-07-19 06:23:52,21.38,392.7,48.61,36.3,13.54,19.16,11.03,1.1,48.5
2026-07-19 06:35:25,22.38,455.2,63.71,14.9,6.21,29.64,19.02,3.37,51.11
2026-07-19 06:45:11,23.4,530.4,64.69,27.9,5.47,23.32,20.96,4.61,54.14
2026-07-19 06:58:42,22.04,421.8,71.8,16.0,9.45,16.06,5.7,17.79,53.5
2026-07-19 07:12:08,22.53,529.7,77.64,16.3,7.74,27.35,17.58,4.18,52.09
2026-07-19 07:25:49,22.26,432.7,78.5,26.6,7.19,17.42,5.97,2.3,50.71
2026-07-19 07:38:21,22.59,507.8,79.06,26.1,15.82,27.6,15.11,0.71,49.74
2026-07-19 07:48:18,23.47,479.5,75.11,34.3,16.53,29.62,16.34,4.45,54.27
2026-07-19 08:00:27,22.48,557.6,65.37,33.7,13.2,19.15,11.51,4.03,56.82
2026-07-19 08:11:04,23.07,500.8,75.43,10.3,4.35,20.89,15.13,5.37,48.12
2026-07-19 08:18:33,23.85,520.7,87.33,6.8,6.62,25.07,13.3,23.18,52.53
2026-07-19 08:24:50,22.7,534.8,77.58,24.4,10.04,29.07,15.47,3.51,50.22
2026-07-19 08:38:57,23.67,567.0,94.63,8.5,12.0,25.71,13.98,2.24,52.47
2026-07-19 08:46:07,23.95,520.9,88.42,5.4,6.15,29.44,12.54,24.1,51.94
2026-07-19 08:55:13,23.55,535.4,94.56,21.9,9.0,19.76,12.61,1.28,54.47
2026-07-19 09:01:21,24.32,560.6,100.99,34.0,7.91,20.69,8.5,10.78,57.16
2026-07-19 09:15:47,24.46,570.0,103.17,36.2,15.79,26.84,18.64,1.49,58.13
2026-07-19 09:28:02,23.16,586.0,97.82,15.8,3.77,17.53,17.82,0.97,55.91
2026-07-19 09:39:18,24.35,642.7,107.12,9.2,8.35,20.42,9.33,1.21,54.25
2026-07-19 09:48:48,24.51,618.2,89.69,31.1,10.27,22.57,11.58,1.04,53.72
2026-07-19 09:56:08,24.86,603.8,95.46,34.4,10.79,21.68,10.83,0.42,55.88
2026-07-19 10:06:16,25.01,609.6,110.0,22.3,11.75,22.41,12.89,0.32,53.18
2026-07-19 10:20:40,24.79,635.3,89.82,10.4,7.49,27.35,15.01,0.26,54.86
2026-07-19 10:26:34,24.59,634.7,104.67,9.0,13.16,18.09,9.61,3.51,60.31
2026-07-19 10:32:47,24.93,622.4,97.42,35.8,5.29,18.85,17.76,1.45,56.65
2026-07-19 10:47:13,25.13,659.9,111.99,22.3,9.2,32.05,2.92,6.42,57.22
2026-07-19 10:54:37,25.41,688.4,94.98,39.2,9.72,36.11,15.35,0.19,56.65
2026-07-19 11:09:28,24.79,670.7,99.81,34.1,8.26,19.72,10.27,2.13,55.74
2026-07-19 11:19:58,24.95,616.9,114.89,18.9,6.21,24.46,16.52,14.86,52.58
2026-07-19 11:26:50,25.74,639.1,119.45,14.9,9.49,25.09,21.89,3.77,59.56
2026-07-19 11:36:12,25.36,648.1,100.2,24.5,7.33,23.74,25.81,0.95,53.25
2026-07-19 11:45:57,24.59,618.1,101.46,23.0,12.02,24.74,20.37,5.68,59.39
2026-07-19 12:00:50,26.2,631.4,111.59,37.7,7.74,21.59,16.19,0.51,58.17
2026-07-19 12:13:51,25.28,598.0,103.48,24.1,11.73,26.65,16.16,1.53,50.89
2026-07-19 12:23:22,25.08,601.7,109.22,35.4,7.9,20.98,17.72,0.38,62.31
2026-07-19 12:30:45,25.61,655.6,117.43,23.1,10.57,23.09,14.9,0.44,55.57
2026-07-19 12:39:44,25.34,662.6,110.21,28.8,6.97,22.27,13.85,3.53,60.31
2026-07-19 12:52:06,24.98,637.9,118.46,5.0,11.45,27.08,17.86,1.03,55.33
2026-07-19 13:01:04,24.95,575.9,117.22,13.8,8.69,19.11,13.01,6.58,57.42
2026-07-19 13:13:03,24.78,607.8,107.54,12.5,7.65,28.64,19.64,1.95,53.06
2026-07-19 13:22:52,24.51,570.3,112.59,21.5,9.79,27.66,13.53,2.34,56.14
2026-07-19 13:33:30,24.46,611.2,124.36,15.1,6.58,29.48,14.62,14.53,58.29
2026-07-19 13:43:41,25.27,620.4,104.26,29.0,12.25,20.47,17.53,16.76,53.93
2026-07-19 13:48:47,24.51,615.0,119.63,21.3,15.78,29.51,22.02,2.37,58.06
2026-07-19 14:02:40,24.74,535.6,111.27,7.8,7.49,24.26,12.29,7.48,57.02
2026-07-19 14:14:29,24.65,600.6,94.12,31.2,16.02,20.27,15.19,2.39,56.3
2026-07-19 14:22:34,23.78,591.2,92.25,37.0,7.22,12.83,15.76,4.28,53.13
2026-07-19 14:32:14,24.36,630.8,96.11,35.3,7.92,26.19,17.89,13.14,55.13
2026-07-19 14:47:05,23.91,512.6,109.02,39.1,7.77,18.51,12.33,6.02,55.71
2026-07-19 15:01:12,23.68,591.4,94.75,34.6,6.7,16.56,9.78,10.23,55.37
2026-07-19 15:11:03,24.38,583.2,85.07,9.3,8.46,21.77,13.72,2.94,53.36
2026-07-19 15:23:07,23.8,607.6,83.61,6.4,12.97,17.09,8.5,9.2,56.2
2026-07-19 15:29:55,23.77,571.1,96.22,26.9,13.34,22.31,15.26,10.6,50.2
2026-07-19 15:41:14,22.84,524.5,90.06,8.0,7.05,26.58,15.11,6.22,51.33
2026-07-19 15:51:24,23.07,540.9,97.75,5.2,6.73,27.18,11.67,5.04,53.14
2026-07-19 16:04:08,23.77,524.3,75.04,28.1,17.19,29.34,13.2,2.86,50.19
2026-07-19 16:15:04,23.87,511.0,58.09,25.2,8.67,28.11,20.4,0.7,48.86
2026-07-19 16:20:37,23.4,482.8,81.99,17.4,1.32,37.36,20.33,0.77,51.91
2026-07-19 16:34:45,23.44,554.0,76.1,24.4,8.87,23.99,14.88,2.5,53.7
2026-07-19 16:49:16,22.11,450.0,73.87,11.0,15.28,34.68,19.04,0.39,56.37
2026-07-19 17:02:38,22.03,489.1,54.14,24.9,12.49,21.73,6.83,3.75,53.65
2026-07-19 17:16:50,22.44,446.4,69.84,21.0,9.61,22.7,9.85,10.37,53.12
2026-07-19 17:28:48,22.48,424.5,58.11,10.5,10.83,27.68,19.71,2.54,51.53
2026-07-19 17:33:50,21.84,441.3,53.79,8.9,10.16,18.34,10.27,3.8,49.55
2026-07-19 17:43:54,22.92,417.8,43.38,11.5,6.93,28.93,14.41,1.3,50.45
2026-07-19 17:54:35,21.85,406.7,58.96,39.8,9.87,22.97,22.72,0.36,52.91
2026-07-19 18:05:52,22.4,352.7,48.61,10.2,12.05,30.92,19.12,0.77,49.55
2026-07-19 18:11:27,22.06,362.0,43.21,16.0,10.37,35.21,16.99,3.67,51.86
2026-07-19 18:21:04,21.45,379.6,45.58,25.1,13.47,22.15,16.24,0.77,51.87
2026-07-19 18:33:44,21.2,352.7,55.97,24.0,8.2,19.16,12.04,4.73,46.74
2026-07-19 18:44:41,21.14,330.5,89.38,5.8,13.58,30.65,12.7,6.98,49.15
2026-07-19 18:50:22,21.21,373.3,67.92,40.0,12.85,24.3,19.48,1.98,48.3
2026-07-19 19:05:17,21.35,333.9,80.11,34.3,5.49,24.79,19.09,10.65,49.97
2026-07-19 19:17:55,21.06,354.7,73.6,33.4,6.37,20.41,23.69,0.79,45.64
2026-07-19 19:30:33,20.12,354.2,86.78,6.3,9.82,20.22,14.12,0.68,49.48
2026-07-19 19:39:07,20.74,294.0,61.15,23.0,14.39,27.9,16.36,7.79,48.24
2026-07-19 19:49:23,19.98,307.7,88.45,10.9,12.0,17.84,12.41,1.22,49.76
2026-07-19 19:56:34,20.56,303.2,84.12,25.8,12.7,25.42,20.74,1.56,45.37
2026-07-19 20:11:17,19.97,231.7,67.09,9.9,9.43,15.92,12.99,24.09,44.89
2026-07-19 20:19:51,19.55,276.1,93.44,22.7,8.97,16.7,17.32,9.77,44.6
2026-07-19 20:27:27,21.26,266.1,99.49,23.4,10.94,15.71,5.45,13.36,44.57
2026-07-19 20:35:35,19.44,311.8,90.81,10.1,13.58,24.59,14.08,9.38,46.59
2026-07-19 20:44:40,20.03,225.0,71.8,18.7,14.93,28.11,13.06,0.06,43.68
2026-07-19 20:56:33,20.46,253.8,90.17,20.0,9.92,30.45,9.86,2.05,45.39
2026-07-19 21:04:54,19.48,274.1,91.58,17.0,14.43,38.2,12.14,2.2,48.32
2026-07-19 21:11:24,19.38,185.1,98.8,5.9,12.05,17.38,25.72,6.68,44.76
2026-07-19 21:16:33,20.32,238.2,108.63,22.4,10.21,27.74,16.51,4.13,46.89
2026-07-19 21:23:22,20.27,235.3,97.47,34.3,8.98,30.54,15.8,0.15,44.92
2026-07-19 21:29:24,20.55,214.0,107.8,15.8,6.98,32.28,13.18,1.89,42.45
2026-07-19 21:35:26,19.97,196.6,81.48,24.5,14.17,31.14,11.19,7.28,43.0
2026-07-19 21:50:07,19.93,213.1,95.48,15.8,8.6,22.59,12.83,26.11,45.95
2026-07-19 21:57:16,19.6,159.7,108.05,14.6,10.66,33.07,12.79,1.25,42.89
2026-07-19 22:09:04,19.01,250.5,101.33,7.6,6.79,31.01,12.31,0.47,45.22
2026-07-19 22:20:28,19.91,168.8,93.53,20.5,11.56,24.16,19.1,15.16,42.46
2026-07-19 22:27:13,18.64,180.3,95.17,28.9,6.34,24.17,17.21,5.92,45.3
2026-07-19 22:41:48,19.18,220.5,121.75,18.3,13.3,22.8,17.59,8.81,43.88
2026-07-19 22:52:58,18.81,171.5,105.92,25.1,7.92,22.45,7.58,1.21,43.61
2026-07-19 23:02:06,19.38,141.6,122.33,18.3,13.32,33.4,20.29,2.22,43.66
2026-07-19 23:15:01,19.37,175.1,110.1,25.5,12.32,24.72,13.09,2.69,45.35
2026-07-19 23:28:12,19.28,157.8,93.17,30.1,9.57,28.02,17.96,2.18,44.74
2026-07-19 23:34:10,19.27,108.1,100.81,22.2,11.61,26.32,20.19,2.32,42.98
2026-07-19 23:46:29,19.41,150.6,93.86,32.1,8.8,18.18,19.05,4.65,43.28
2026-07-19 23:59:07,18.53,173.2,124.28,25.9,7.87,30.02,5.69,7.17,42.81
2026-07-20 00:08:11,19.3,179.5,95.6,5.4,13.03,24.1,13.45,4.5,41.21
2026-07-20 00:22:12,18.95,117.1,102.36,18.6,11.79,30.63,19.63,4.14,42.01
2026-07-20 00:28:21,19.38,161.6,112.32,12.3,8.66,26.26,10.89,0.18,42.99
2026-07-20 00:34:42,19.13,162.8,120.78,18.8,10.01,17.3,19.5,1.08,48.78
2026-07-20 00:45:17,18.32,115.7,105.6,13.1,12.28,21.28,15.75,6.83,44.43
2026-07-20 00:54:39,18.79,136.5,104.05,23.7,13.23,20.75,17.05,1.08,45.33
2026-07-20 01:07:42,18.5,144.1,106.52,8.9,11.6,28.89,8.44,0.44,45.7
2026-07-20 01:15:07,19.21,200.6,106.94,31.8,11.27,22.07,11.71,0.05,48.12
2026-07-20 01:27:27,19.25,161.0,100.84,21.4,6.03,14.2,16.85,7.83,39.91
2026-07-20 01:39:11,19.2,181.4,98.95,19.6,9.24,22.06,20.96,14.98,42.47
2026-07-20 01:46:22,19.18,164.1,83.45,33.9,18.61,26.32,15.11,4.34,45.62
2026-07-20 01:59:51,19.83,134.1,108.32,22.1,11.05,22.9,9.37,2.29,42.85
2026-07-20 02:14:11,19.78,140.1,97.02,23.6,11.21,24.59,11.99,22.07,40.22
2026-07-20 02:28:45,18.85,233.0,86.37,25.3,7.13,25.56,18.47,1.09,43.93
2026-07-20 02:34:00,19.74,175.6,78.54,26.0,13.22,16.72,17.8,4.86,42.35
2026-07-20 02:44:30,20.77,234.8,97.85,12.6,4.35,23.29,6.54,4.82,47.09
2026-07-20 02:57:45,19.82,271.5,94.79,31.6,10.75,30.32,10.51,6.69,45.16
2026-07-20 03:07:49,19.13,274.4,105.79,27.5,12.29,24.94,16.54,19.92,45.93
2026-07-20 03:17:30,19.86,271.9,97.87,26.3,9.17,30.51,14.63,0.11,44.95
2026-07-20 03:29:44,20.31,285.8,106.77,22.0,10.27,24.97,12.35,9.57,47.75
2026-07-20 03:41:52,20.47,260.2,79.18,19.6,14.61,23.08,17.72,1.19,46.6
2026-07-20 03:56:52,20.16,232.8,83.26,39.3,8.73,18.03,13.13,3.03,47.55
2026-07-20 04:06:01,20.75,229.8,87.6,29.0,12.48,24.21,17.64,16.93,48.76
2026-07-20 04:15:19,20.25,331.5,83.75,38.6,6.07,29.12,20.78,2.75,46.75
2026-07-20 04:26:11,20.5,313.5,82.18,17.3,7.01,25.94,19.31,2.79,47.73
2026-07-20 04:40:18,21.28,326.3,66.46,16.3,11.1,23.89,20.57,1.59,46.12
2026-07-20 04:51:13,22.28,366.6,67.42,22.8,3.5,29.89,15.9,4.45,48.11
2026-07-20 05:02:23,20.86,250.5,66.88,19.1,9.86,25.79,3.65,1.11,46.71
2026-07-20 05:08:37,21.63,354.1,64.34,37.4,9.07,18.52,16.53,9.44,45.79
2026-07-20 05:19:21,21.48,294.7,64.34,31.6,7.42,31.8,19.11,0.44,49.44
2026-07-20 05:29:59,21.2,385.4,46.73,32.2,7.65,27.74,15.9,7.17,49.71
2026-07-20 05:39:11,21.21,368.2,43.58,37.9,8.64,15.34,10.83,1.71,49.69
2026-07-20 05:47:08,21.83,452.8,42.84,13.6,9.8,30.89,19.43,5.94,51.05
2026-07-20 05:57:21,21.85,412.7,60.74,15.3,10.38,34.05,13.87,1.96,50.09
2026-07-20 06:11:53,21.81,411.8,39.03,10.4,12.57,32.74,14.12,2.65,46.02
2026-07-20 06:24:41,20.83,412.0,68.97,16.1,10.19,23.03,17.78,0.5,49.32
2026-07-20 06:30:52,22.52,415.5,54.94,35.8,10.05,25.2,5.09,6.76,48.41
2026-07-20 06:43:46,21.93,429.5,48.13,36.7,7.5,25.89,15.13,3.2,54.05
2026-07-20 06:54:48,22.65,410.5,74.04,24.8,9.84,20.93,18.27,15.33,53.81
2026-07-20 07:04:43,23.11,431.9,56.96,9.8,4.19,29.06,15.35,6.79,50.29
2026-07-20 07:19:28,24.07,483.0,83.54,14.5,8.95,20.65,20.37,0.8,50.7
2026-07-20 07:25:17,24.9,495.6,65.2,16.4,10.73,24.52,14.3,7.66,52.84
2026-07-20 07:37:31,22.81,472.4,77.1,8.5,5.96,33.54,22.47,5.06,53.84
2026-07-20 07:46:29,23.17,472.4,73.45,20.1,10.61,32.3,16.64,10.34,53.08
2026-07-20 07:59:00,24.04,487.2,79.93,30.0,10.73,29.21,14.97,10.89,53.73
2026-07-20 08:09:35,23.86,521.0,75.79,10.6,10.03,26.26,10.97,1.6,50.43
2026-07-20 08:19:09,23.84,549.6,101.73,19.5,9.33,24.83,13.18,5.62,51.5
2026-07-20 08:26:15,23.87,511.4,105.52,24.2,6.58,22.65,13.49,1.17,52.59
2026-07-20 08:34:50,24.38,551.5,71.07,27.6,13.11,29.59,9.55,6.34,53.93
2026-07-20 08:40:18,22.85,561.5,76.77,21.6,10.78,20.39,11.34,6.1,51.51
2026-07-20 08:45:29,23.82,555.0,91.85,12.2,14.0,26.65,17.02,0.29,57.61
2026-07-20 08:50:32,24.17,579.1,73.97,20.0,13.0,27.47,11.28,3.4,55.25
2026-07-20 09:02:34,23.76,594.7,88.9,5.5,7.86,31.86,16.09,0.8,54.82
2026-07-20 09:09:18,24.4,567.4,100.04,30.9,7.38,30.46,12.72,2.89,53.41
2026-07-20 09:15:27,24.66,604.7,88.92,21.7,11.34,26.46,2.04,2.8,53.29
2026-07-20 09:27:43,23.29,646.2,101.7,7.0,12.45,32.96,8.58,2.27,55.24
2026-07-20 09:36:03,24.43,642.6,98.52,25.3,13.21,19.28,10.15,5.57,54.69
2026-07-20 09:46:53,24.8,586.5,79.39,36.6,2.75,27.32,15.04,0.08,58.48
2026-07-20 09:58:14,24.33,570.5,106.1,16.2,10.34,18.2,17.47,0.08,56.1
2026-07-20 10:10:32,24.1,602.7,106.61,22.3,8.94,23.05,16.16,19.01,53.89
2026-07-20 10:18:02,23.52,604.9,114.13,25.6,12.18,26.42,19.33,5.6,53.62
2026-07-20 10:26:28,24.41,557.4,120.1,18.2,13.39,27.36,14.92,6.16,52.63
2026-07-20 10:38:54,25.27,637.0,98.51,19.4,6.12,29.56,9.48,1.55,56.84
2026-07-20 10:49:14,24.72,650.6,95.2,23.3,10.16,12.35,18.24,4.13,55.19
2026-07-20 10:58:32,24.53,652.9,109.5,15.7,7.98,26.04,13.29,12.03,54.88
2026-07-20 11:09:17,25.07,647.0,104.23,31.7,8.62,30.91,12.69,0.2,54.15
2026-07-20 11:15:12,24.97,644.3,108.81,16.9,11.43,24.08,16.21,2.6,57.33
2026-07-20 11:28:34,24.65,640.4,121.18,36.5,12.01,21.38,8.63,4.05,55.59
2026-07-20 11:38:58,25.66,672.2,111.96,18.0,3.33,32.54,12.05,8.59,59.53
2026-07-20 11:50:36,25.33,677.5,100.28,20.0,15.03,22.78,7.3,5.51,55.39
2026-07-20 11:55:52,25.33,620.0,100.8,36.6,9.46,43.33,13.41,4.22,59.21
2026-07-20 12:07:05,24.8,642.0,91.16,10.5,12.08,20.83,12.77,0.22,55.94
2026-07-20 12:16:48,25.23,613.1,107.82,23.3,13.66,15.21,18.66,0.52,57.2
2026-07-20 12:23:37,25.22,586.6,96.97,37.0,2.71,30.07,18.32,3.9,56.83
2026-07-20 12:28:58,24.7,651.0,112.15,20.3,14.64,27.62,12.93,6.14,52.69
2026-07-20 12:38:00,24.17,627.7,98.28,32.9,8.26,19.19,14.7,0.84,57.55
2026-07-20 12:48:15,25.45,636.3,81.34,28.3,9.49,26.83,10.46,4.43,57.94
2026-07-20 13:00:42,25.68,653.2,91.57,35.4,13.35,31.03,18.15,2.41,56.87
2026-07-20 13:06:20,25.5,679.5,115.42,26.4,9.66,30.8,17.62,2.66,59.93
2026-07-20 13:21:05,24.4,621.7,99.0,11.6,8.39,28.37,19.35,5.08,60.6
2026-07-20 13:30:43,25.32,551.8,127.0,12.6,7.27,21.14,16.09,1.95,57.51
2026-07-20 13:44:20,24.46,601.5,84.97,12.0,8.7,31.41,18.14,4.83,52.7
2026-07-20 13:54:24,25.27,580.4,99.89,22.0,9.38,32.87,9.15,12.5,51.71
2026-07-20 14:07:11,24.6,619.1,103.25,32.3,2.5,26.71,13.27,1.43,53.93
2026-07-20 14:20:27,24.28,640.3,104.8,24.2,11.48,21.36,15.13,5.67,53.42
2026-07-20 14:26:33,24.66,563.9,83.14,8.8,11.37,28.56,12.53,1.46,56.05
2026-07-20 14:33:20,24.0,558.3,86.29,32.2,9.31,22.33,17.31,2.44,51.38
2026-07-20 14:42:18,23.6,604.3,82.18,34.9,12.3,26.8,12.04,0.42,55.05
2026-07-20 14:50:13,24.22,555.3,103.16,7.0,9.59,22.9,12.53,3.07,55.71
2026-07-20 15:03:25,23.69,566.5,83.11,35.8,7.88,22.87,16.0,1.36,54.2
2026-07-20 15:13:59,24.66,585.5,96.56,9.8,8.01,25.53,15.78,12.32,54.09
2026-07-20 15:25:43,23.61,584.2,78.24,7.1,9.36,31.41,11.77,11.91,57.31
