timestamp,T,CO2,VOC,NO2,PMS1,PMS10,PMS2_5,C2H5OH,H
2026-07-06 20:21:45,20.63,281.0,85.53,20.9,8.97,21.4,11.34,3.02,43.82
2026-07-06 20:34:24,20.0,264.4,89.59,9.1,11.65,26.09,11.32,1.49,44.78
2026-07-06 20:42:47,19.18,194.6,85.95,8.7,9.81,26.47,15.8,2.11,44.37
2026-07-06 20:52:06,20.31,258.0,83.2,16.6,7.74,20.99,11.46,10.88,47.92
2026-07-06 21:00:21,20.0,210.2,78.44,16.2,5.62,18.16,11.57,1.64,43.04
2026-07-06 21:05:34,19.88,296.5,106.74,33.6,10.33,17.08,10.15,6.78,44.25
2026-07-06 21:18:05,20.29,204.3,76.65,16.0,8.54,25.3,16.16,0.02,44.88
2026-07-06 21:30:21,19.94,207.7,104.48,14.2,10.77,22.18,16.82,0.01,41.46
2026-07-06 21:37:46,20.27,266.3,89.79,20.6,10.53,27.32,21.0,4.79,46.33
2026-07-06 21:43:19,18.69,228.3,105.19,23.5,9.24,26.97,16.34,21.42,44.16
2026-07-06 21:56:09,19.52,213.0,105.75,8.1,6.68,25.99,12.65,2.46,45.09
2026-07-06 22:10:03,19.71,237.4,106.33,6.9,16.33,21.28,4.83,8.4,42.9
2026-07-06 22:19:19,19.37,182.6,113.5,20.0,7.68,24.19,13.21,7.39,42.88
2026-07-06 22:31:21,19.22,171.4,98.6,18.9,7.65,33.54,10.52,0.49,44.96
2026-07-06 22:37:31,19.35,186.2,102.2,24.8,10.8,35.45,8.92,9.52,49.65
2026-07-06 22:49:33,17.78,237.1,91.29,37.0,11.87,28.26,19.19,8.8,43.33
2026-07-06 23:00:55,18.92,171.7,106.86,18.8,10.1,18.92,18.07,1.6,47.97
2026-07-06 23:14:33,19.01,192.2,115.49,13.2,14.06,18.23,10.33,1.06,45.26
2026-07-06 23:27:56,17.69,179.6,104.57,20.5,12.19,20.18,18.63,4.22,42.98
2026-07-06 23:41:18,18.26,168.8,103.24,34.0,7.91,28.53,15.85,6.46,43.71
2026-07-06 23:55:49,19.72,153.0,100.9,6.1,5.9,24.24,21.39,10.68,42.26
2026-07-07 00:04:09,19.58,189.9,114.07,27.6,13.82,28.33,15.62,14.59,41.23
2026-07-07 00:17:39,18.91,118.7,111.06,27.8,12.1,19.2,15.36,2.05,43.35
2026-07-07 00:31:38,18.92,198.1,117.21,27.5,12.73,24.33,11.85,1.31,40.43
2026-07-07 00:38:50,19.19,112.4,113.53,31.5,10.85,22.32,10.19,17.93,44.39
2026-07-07 00:52:11,19.02,185.5,123.43,22.8,8.01,31.96,13.89,8.81,44.51
2026-07-07 00:57:18,19.19,163.6,119.36,17.3,8.42,30.25,17.44,1.53,45.32
2026-07-07 01:04:21,19.99,175.7,114.95,20.2,19.29,31.27,10.72,4.96,43.93
2026-07-07 01:18:06,19.22,106.2,105.36,36.6,11.64,24.48,21.23,3.12,46.56
2026-07-07 01:26:04,19.92,151.9,106.3,5.7,7.05,28.24,18.9,0.75,46.51
2026-07-07 01:36:29,18.46,172.2,102.62,30.2,9.91,20.73,10.95,2.04,43.45
2026-07-07 01:41:30,19.43,180.8,101.48,15.9,9.51,33.79,11.91,11.81,46.07
2026-07-07 01:51:24,19.51,246.4,107.76,9.6,13.36,26.12,7.38,12.13,43.1
2026-07-07 02:01:41,19.72,190.4,109.48,8.7,4.36,28.56,14.87,3.15,49.31
2026-07-07 02:13:02,19.32,215.3,101.2,34.6,7.47,17.73,19.17,14.07,47.0
2026-07-07 02:26:21,20.03,233.5,102.14,21.1,10.07,32.63,18.15,1.99,47.17
2026-07-07 02:32:50,19.56,205.2,91.03,26.9,8.1,18.66,21.59,1.5,44.06
2026-07-07 02:39:52,20.22,245.4,98.93,15.9,7.56,26.06,15.9,0.63,48.32
2026-07-07 02:54:13,19.68,228.4,86.39,17.3,9.51,24.3,17.43,12.46,46.53
2026-07-07 03:07:15,18.84,219.6,97.37,38.4,10.16,18.8,14.46,1.05,46.12
2026-07-07 03:16:01,19.78,259.6,97.54,34.0,11.98,24.11,16.76,1.52,48.78
2026-07-07 03:24:32,20.63,244.7,85.62,8.5,8.46,20.06,15.99,5.71,49.04
2026-07-07 03:30:06,20.44,262.7,70.15,13.2,7.42,27.05,10.44,1.65,49.48
2026-07-07 03:36:13,20.15,251.5,80.49,21.6,12.14,29.06,13.12,1.94,46.53
2026-07-07 03:49:38,19.39,191.3,88.92,5.2,15.34,18.63,11.74,1.65,42.38
2026-07-07 03:58:57,20.56,277.2,102.5,5.1,11.89,33.3,21.61,4.52,46.34
2026-07-07 04:05:10,20.9,317.3,88.61,34.0,10.84,18.29,10.83,1.97,47.11
2026-07-07 04:16:13,20.56,287.1,69.25,19.7,7.57,33.35,11.75,16.93,45.41
2026-07-07 04:23:25,19.63,290.8,76.19,16.2,16.14,27.25,18.72,21.93,45.74
2026-07-07 04:36:53,20.77,271.0,67.46,9.2,6.25,23.98,21.18,0.0,48.11
2026-07-07 04:46:29,20.89,341.0,56.83,18.9,9.11,19.35,14.32,0.87,47.48
2026-07-07 04:54:48,20.19,368.8,85.09,39.9,11.15,25.12,19.98,11.49,48.06
2026-07-07 05:00:23,20.5,360.4,71.82,29.8,9.25,13.22,16.96,2.48,49.65
2026-07-07 05:06:34,21.56,296.0,86.5,7.4,6.61,21.96,7.81,5.68,49.89
2026-07-07 05:16:10,22.0,389.1,57.04,33.8,8.76,16.94,10.66,13.45,47.78
2026-07-07 05:29:34,21.16,342.3,72.98,13.3,5.96,21.08,11.04,7.38,50.82
2026-07-07 05:40:58,21.33,350.7,50.37,16.3,8.12,23.72,14.16,0.76,49.69
2026-07-07 05:52:47,21.54,393.5,61.58,23.4,6.64,32.87,17.87,1.25,51.73
2026-07-07 06:02:13,21.74,414.4,36.89,36.1,9.6,30.9,17.66,2.16,52.52
2026-07-07 06:11:31,21.99,407.7,54.32,27.3,8.91,23.9,13.97,7.09,47.62
2026-07-07 06:18:33,23.25,411.4,69.42,15.4,4.55,19.18,17.24,4.93,50.8
2026-07-07 06:29:29,22.5,379.3,61.46,22.8,8.1,18.03,13.79,12.76,54.61
2026-07-07 06:44:17,22.74,451.4,85.55,21.6,7.77,27.13,17.75,7.64,50.12
2026-07-07 06:53:24,23.47,452.0,71.4,34.5,8.35,23.57,18.56,3.64,55.4
2026-07-07 06:58:43,22.1,489.4,80.06,22.3,2.92,25.41,15.76,0.29,51.23
2026-07-07 07:13:01,22.86,469.3,69.34,24.9,4.01,25.14,20.71,25.86,51.23
2026-07-07 07:21:54,22.32,498.2,63.17,16.6,6.53,35.83,14.7,7.12,53.54
2026-07-07 07:27:23,22.74,534.2,74.57,14.4,12.01,17.65,18.64,5.3,52.24
2026-07-07 07:37:00,23.9,532.2,70.45,29.6,11.18,23.06,20.55,5.75,53.12
2026-07-07 07:48:09,22.63,589.6,78.03,17.1,9.23,24.38,18.47,0.75,51.4
2026-07-07 08:01:26,23.21,471.8,102.68,33.3,12.22,19.33,15.78,0.87,52.49
2026-07-07 08:15:03,24.22,526.2,92.92,38.3,16.94,21.8,11.47,0.71,52.98
2026-07-07 08:21:33,23.61,536.8,70.04,28.6,5.99,32.46,16.41,2.7,53.23
2026-07-07 08:35:11,24.43,518.9,76.79,22.7,12.68,15.51,18.99,0.85,56.01
2026-07-07 08:45:18,24.85,563.3,70.75,21.0,7.61,26.9,21.76,2.83,51.22
2026-07-07 08:50:29,23.78,575.7,101.43,21.8,8.17,29.53,14.48,2.02,52.23
2026-07-07 09:02:10,23.76,584.9,83.48,5.9,12.49,33.16,13.17,1.56,56.51
2026-07-07 09:12:04,24.11,593.3,103.39,35.6,8.54,24.85,16.28,2.1,54.64
2026-07-07 09:22:15,24.26,628.0,92.22,15.0,11.91,21.66,12.43,4.4,51.03
2026-07-07 09:34:22,23.39,585.5,108.97,15.0,13.42,30.24,12.52,6.84,56.11
2026-07-07 09:43:53,24.56,617.6,112.76,16.7,11.02,26.45,15.91,0.55,54.16
2026-07-07 09:54:31,24.71,573.1,98.82,35.6,8.44,21.17,12.8,4.28,54.65
2026-07-07 10:04:36,25.31,593.4,103.04,10.3,16.94,31.58,17.75,3.08,57.41
2026-07-07 10:14:39,24.55,645.8,110.0,35.1,9.34,20.26,13.55,14.14,53.27
2026-07-07 10:22:13,24.79,627.6,103.37,5.1,14.18,21.26,13.02,0.84,56.71
2026-07-07 10:29:23,24.99,605.7,93.37,14.5,9.93,31.81,18.35,3.27,55.21
2026-07-07 10:37:52,24.61,590.2,92.33,19.6,7.65,18.67,19.14,6.03,53.35
2026-07-07 10:46:54,24.75,602.7,109.06,30.5,8.99,24.75,14.56,4.82,56.48
2026-07-07 10:57:12,24.69,617.6,121.78,34.3,11.9,24.37,9.3,0.14,54.5
2026-07-07 11:06:07,25.58,654.2,116.13,18.0,8.86,19.52,23.06,26.47,57.49
2026-07-07 11:17:59,23.82,622.2,121.42,23.8,8.14,30.29,14.15,4.26,53.04
2026-07-07 11:32:57,25.7,653.4,112.96,23.1,10.5,30.79,15.42,0.58,59.97
2026-07-07 11:42:25,24.23,633.4,96.81,8.8,15.47,24.28,8.22,22.57,54.49
2026-07-07 11:49:57,25.7,656.0,127.35,29.3,14.69,27.86,14.15,3.47,57.69
2026-07-07 11:59:59,25.74,614.5,128.24,21.3,9.79,25.6,11.43,12.06,55.79
2026-07-07 12:14:22,25.25,648.3,103.85,22.4,11.92,26.14,9.47,15.71,56.61
2026-07-07 12:21:43,25.55,675.0,119.15,32.3,10.81,27.99,11.84,8.87,55.77
2026-07-07 12:35:26,25.3,636.4,108.72,27.7,14.87,23.26,17.69,6.45,55.68
2026-07-07 12:49:53,24.77,641.6,103.47,33.2,11.07,21.99,10.99,8.34,55.43
2026-07-07 13:00:35,25.09,620.8,87.86,14.4,6.91,18.79,22.42,0.5,54.51
2026-07-07 13:09:59,25.09,643.8,98.56,6.5,12.42,23.9,7.94,1.87,54.43
2026-07-07 13:23:59,25.18,591.0,93.7,33.8,12.7,24.76,13.7,0.92,54.65
2026-07-07 13:31:33,25.19,627.2,103.81,33.5,7.2,25.68,21.77,11.26,61.68
2026-07-07 13:44:42,24.31,613.6,103.33,17.8,5.99,23.69,7.38,0.9,56.04
2026-07-07 13:55:36,24.56,645.8,112.04,24.7,10.65,37.83,7.8,1.28,52.78
2026-07-07 14:04:09,25.63,576.5,108.33,25.7,14.74,28.32,7.23,4.74,53.7
2026-07-07 14:10:19,24.6,577.6,103.9,6.5,6.17,30.59,10.49,3.35,58.67
2026-07-07 14:25:15,24.18,628.9,80.03,5.1,6.52,19.29,18.97,0.0,56.84
2026-07-07 14:38:46,24.28,581.4,96.05,18.0,16.23,32.25,19.36,0.08,51.37
2026-07-07 14:51:48,24.7,561.1,101.3,25.8,4.04,16.58,18.91,3.83,54.89
2026-07-07 14:58:57,23.61,595.4,103.81,29.9,6.27,26.57,17.09,1.0,54.27
2026-07-07 15:08:29,24.14,526.6,99.97,25.1,13.78,18.07,17.71,9.35,52.29
2026-07-07 15:14:59,23.96,536.5,90.26,7.7,7.27,20.74,8.65,9.33,55.1
2026-07-07 15:26:34,23.84,603.8,93.16,24.2,14.28,30.81,16.07,5.69,56.22
2026-07-07 15:32:14,24.54,519.0,84.16,9.6,14.72,23.95,18.48,0.73,53.42
2026-07-07 15:40:30,24.39,548.3,90.92,10.2,8.14,16.96,15.88,1.06,53.6
2026-07-07 15:49:58,22.51,552.7,89.42,10.6,13.88,22.64,11.93,5.12,54.58
2026-07-07 16:02:17,22.92,513.3,72.44,13.1,11.39,28.75,10.84,3.31,54.89
2026-07-07 16:16:57,22.75,526.4,88.46,14.6,7.14,24.17,7.86,1.68,54.64
2026-07-07 16:24:43,22.85,555.8,70.26,35.4,3.24,28.01,15.33,1.61,53.18
2026-07-07 16:35:05,23.08,486.8,58.58,18.7,10.88,27.93,13.21,0.28,50.89
2026-07-07 16:49:08,22.94,530.3,86.63,19.8,10.96,22.47,21.01,12.28,53.22
2026-07-07 16:55:58,22.94,485.4,72.16,25.9,12.09,19.59,13.74,2.99,49.27
2026-07-07 17:03:54,22.91,456.5,49.46,11.8,8.91,24.97,10.11,0.91,52.59
2026-07-07 17:17:14,23.77,440.9,65.22,30.2,8.42,30.11,17.34,13.14,51.65
2026-07-07 17:25:19,22.72,385.9,86.54,18.5,9.3,25.11,9.54,12.59,49.39
2026-07-07 17:36:24,22.37,417.1,55.41,14.7,8.68,28.86,16.56,12.91,52.96
2026-07-07 17:49:42,23.5,411.2,62.49,20.5,14.38,26.22,13.27,6.12,49.17
2026-07-07 18:02:40,22.61,371.8,45.83,36.8,11.98,22.63,9.82,1.05,48.56
2026-07-07 18:15:47,21.37,435.9,68.68,35.1,4.81,22.02,20.99,1.16,46.96
2026-07-07 18:27:12,21.06,366.8,65.99,26.8,9.0,23.94,7.8,4.7,47.47
2026-07-07 18:36:42,22.25,318.9,51.49,16.9,6.12,25.72,20.78,1.02,50.19
2026-07-07 18:45:54,21.62,321.3,64.28,28.8,14.87,30.71,15.4,4.1,49.36
2026-07-07 18:54:09,21.16,293.4,71.21,22.6,8.65,32.22,13.6,7.0,51.71
2026-07-07 19:04:50,21.51,370.2,65.64,17.8,12.26,18.88,8.58,0.21,47.08
2026-07-07 19:16:32,20.65,359.4,83.96,21.0,16.5,20.61,17.46,8.54,48.05
2026-07-07 19:23:13,20.73,289.1,76.0,14.2,5.78,18.73,9.93,6.85,50.96
2026-07-07 19:36:19,21.1,269.2,86.49,11.2,9.62,26.82,11.38,2.73,48.51
2026-07-07 19:43:29,20.63,290.3,68.26,14.3,6.89,29.13,16.06,2.57,45.89
2026-07-07 19:49:32,20.66,269.1,81.08,34.4,11.46,21.29,17.01,0.12,50.26
2026-07-07 20:03:36,20.05,330.2,80.07,19.3,8.36,38.64,19.9,1.77,49.69
2026-07-07 20:12:41,20.63,309.7,72.2,34.1,7.26,25.62,19.85,1.05,44.72
2026-07-07 20:20:03,20.78,290.4,74.6,19.4,14.97,25.18,23.78,4.83,48.05
2026-07-07 20:34:53,19.84,239.9,63.28,31.2,13.6,39.2,19.1,2.57,49.66
2026-07-07 20:40:44,19.72,233.1,85.17,20.3,9.68,21.56,12.21,1.66,43.34
2026-07-07 20:47:58,19.97,245.8,87.94,39.4,9.73,19.47,16.0,0.36,46.28
2026-07-07 21:01:47,20.13,233.2,119.08,23.3,9.98,29.98,15.23,5.11,46.62
2026-07-07 21:15:05,19.66,217.2,83.66,30.1,9.61,24.07,14.94,0.28,46.25
2026-07-07 21:20:42,20.49,206.8,81.59,29.1,11.73,23.98,7.81,12.48,45.64
2026-07-07 21:26:46,19.76,193.6,94.11,30.0,9.12,25.88,14.8,0.3,46.36
2026-07-07 21:39:02,20.49,218.5,96.3,6.0,8.12,19.93,20.73,1.22,43.5
2026-07-07 21:51:08,19.92,171.9,103.14,18.5,13.17,25.51,18.68,0.62,44.53
2026-07-07 21:59:57,19.86,217.0,99.65,19.1,10.96,22.69,14.17,6.35,46.88
2026-07-07 22:10:45,19.1,182.8,99.85,32.2,8.56,24.39,16.99,0.41,44.45
2026-07-07 22:15:59,19.23,166.8,100.77,14.0,4.27,25.06,9.46,1.53,45.54
2026-07-07 22:23:44,19.32,229.3,84.58,5.4,9.86,32.73,5.3,2.14,44.56
2026-07-07 22:33:08,19.77,209.2,93.97,7.6,10.07,28.28,18.41,1.94,47.26
2026-07-07 22:38:37,19.33,156.2,123.4,31.2,9.81,25.95,8.66,0.18,44.03
2026-07-07 22:47:56,18.57,143.5,118.77,13.1,13.69,25.13,16.12,5.58,46.64
2026-07-07 22:56:00,18.81,147.2,96.86,32.4,12.0,19.21,20.61,9.08,46.23
2026-07-07 23:06:59,19.1,159.8,95.81,9.0,7.44,30.04,8.15,3.0,42.47
2026-07-07 23:12:35,17.52,127.5,101.02,34.6,7.75,20.29,6.9,6.6,45.52
2026-07-07 23:21:03,18.7,197.9,120.62,33.0,7.62,24.7,17.6,6.15,44.58
2026-07-07 23:34:06,18.76,122.9,116.04,21.8,5.38,23.4,9.46,9.16,41.26
2026-07-07 23:39:45,19.51,137.7,111.75,7.5,9.43,25.65,9.86,6.54,43.31
2026-07-07 23:45:44,18.47,168.7,104.0,30.8,6.48,25.27,9.13,3.04,43.7
2026-07-07 23:58:20,18.92,159.8,125.32,9.7,10.09,30.74,13.84,7.86,43.44
2026-07-08 00:09:30,18.85,138.8,90.35,11.7,10.71,9.21,12.59,4.13,44.36
2026-07-08 00:23:35,18.6,114.4,95.58,18.6,13.72,26.07,16.42,8.75,46.35
2026-07-08 00:33:32,18.7,210.2,106.05,28.8,5.76,31.52,8.28,4.13,46.47
2026-07-08 00:44:10,19.86,108.7,104.61,8.1,10.67,31.2,13.87,0.01,44.14
2026-07-08 00:50:06,19.19,125.7,102.51,28.5,12.99,24.98,8.3,0.1,44.49
2026-07-08 01:03:45,18.76,165.1,110.1,25.4,8.01,22.25,12.04,2.48,43.38
2026-07-08 01:15:01,18.47,168.8,106.87,30.1,7.77,29.85,16.08,8.9,44.41
2026-07-08 01:20:45,19.83,186.8,103.55,26.9,9.73,25.61,16.16,6.18,44.64
2026-07-08 01:35:31,18.32,131.5,126.88,18.0,7.72,26.75,16.64,6.91,41.99
2026-07-08 01:42:07,19.44,126.2,103.42,18.7,13.11,19.63,19.47,4.53,44.61
2026-07-08 01:55:01,18.71,221.3,100.5,8.2,13.13,29.75,21.6,1.86,47.46
2026-07-08 02:05:22,19.68,180.5,93.48,5.5,10.1,33.04,22.19,2.99,44.18
2026-07-08 02:10:55,20.4,170.4,75.14,31.8,7.52,26.77,21.08,5.51,45.39
2026-07-08 02:22:09,19.87,209.5,84.53,12.0,10.17,28.17,12.45,2.95,43.3
2026-07-08 02:35:35,19.08,225.5,101.41,16.3,9.52,21.31,13.99,1.1,45.13
2026-07-08 02:44:51,19.44,208.5,82.56,20.5,10.1,21.8,18.09,15.13,47.55
2026-07-08 02:56:38,19.16,222.0,96.68,16.0,9.75,32.73,18.24,4.56,45.47
2026-07-08 03:08:02,19.97,237.4,93.62,24.1,10.63,25.62,8.68,1.16,42.09
2026-07-08 03:21:18,19.84,263.5,93.4,10.0,12.35,20.58,16.77,0.51,44.9
2026-07-08 03:31:32,20.19,250.6,85.44,21.2,9.39,18.95,15.33,8.22,43.84
2026-07-08 03:45:27,21.16,235.7,90.98,22.5,7.94,27.63,15.99,1.26,46.28
2026-07-08 03:58:47,19.78,251.6,74.76,30.1,3.97,18.39,17.32,0.67,48.05
2026-07-08 04:06:52,21.06,302.9,69.48,20.1,12.36,25.46,10.29,0.19,43.97
2026-07-08 04:12:40,20.62,285.2,84.35,15.6,7.04,26.31,11.4,2.01,47.82
2026-07-08 04:26:38,20.97,278.6,72.27,23.9,12.32,14.91,18.92,11.4,45.61
2026-07-08 04:35:54,21.35,276.9,64.13,11.7,10.75,23.58,14.1,0.22,48.0
2026-07-08 04:48:08,21.49,314.1,70.06,27.4,9.29,28.36,14.4,5.63,46.75
2026-07-08 04:54:05,20.81,339.7,68.95,26.7,5.71,28.39,11.05,2.88,48.85
2026-07-08 05:03:51,22.07,315.0,58.26,31.4,13.76,29.85,13.57,4.25,47.49
2026-07-08 05:13:31,21.8,353.1,50.29,23.8,7.61,25.84,12.76,1.13,44.82
2026-07-08 05:20:02,22.2,368.3,62.21,39.2,11.41,24.39,16.83,6.64,46.82
2026-07-08 05:31:08,22.12,307.0,53.95,18.2,10.7,32.92,9.9,3.52,47.54
2026-07-08 05:37:46,21.29,389.8,63.29,30.7,11.63,21.13,18.57,4.07,51.32
2026-07-08 05:42:47,21.39,422.2,66.88,15.5,7.89,23.75,18.48,5.85,51.39
2026-07-08 05:56:40,21.52,417.4,70.5,11.9,9.8,38.99,20.42,0.11,49.73
2026-07-08 06:06:22,22.36,422.1,43.78,6.5,8.14,20.98,12.5,2.01,50.63
2026-07-08 06:16:56,22.96,411.4,47.31,7.7,8.95,22.14,10.56,4.59,50.71
2026-07-08 06:22:14,22.98,420.5,60.2,29.4,5.5,13.07,14.01,0.39,53.49
2026-07-08 06:34:38,22.74,421.5,53.43,38.6,12.19,23.28,13.95,3.75,52.03
2026-07-08 06:47:04,22.04,422.8,62.14,8.0,12.4,27.23,21.72,4.11,53.48
2026-07-08 06:55:31,23.17,457.9,48.56,10.1,8.05,29.47,17.44,9.29,50.7
2026-07-08 07:02:03,23.12,469.8,56.83,27.8,13.54,26.75,10.9,2.79,49.9
2026-07-08 07:17:03,23.14,531.1,69.85,11.7,10.0,19.25,19.77,11.16,50.42
2026-07-08 07:22:10,22.92,491.1,74.73,12.3,15.83,26.88,14.98,1.0,52.07
2026-07-08 07:33:24,23.59,545.7,73.16,8.3,8.04,26.42,11.8,6.17,50.94
2026-07-08 07:43:11,22.93,476.5,78.23,10.5,4.69,22.73,9.47,2.69,51.85
2026-07-08 07:55:18,23.39,469.9,76.21,28.8,9.88,19.33,18.68,1.51,53.62
2026-07-08 08:06:12,23.67,521.6,73.69,8.0,10.11,24.18,15.63,6.47,56.13
2026-07-08 08:18:13,24.0,553.3,92.52,22.9,11.72,34.29,12.39,12.68,55.77
2026-07-08 08:30:14,24.09,517.4,86.59,24.5,15.44,20.14,15.55,1.51,54.77
2026-07-08 08:37:00,24.21,602.7,87.69,14.9,11.48,27.16,13.84,7.56,57.86
2026-07-08 08:51:59,23.18,552.6,82.56,33.5,11.38,26.74,4.78,1.0,54.58
2026-07-08 08:57:19,24.82,538.0,93.19,20.9,10.2,20.45,15.3,7.55,53.89
2026-07-08 09:02:55,23.0,531.4,93.79,13.6,2.05,18.4,16.76,2.0,52.92
2026-07-08 09:08:45,24.44,593.1,91.52,6.7,7.16,22.46,10.91,3.41,58.01
2026-07-08 09:14:23,23.77,601.1,93.22,28.2,8.06,26.06,7.2,0.06,57.53
2026-07-08 09:27:15,24.08,537.9,100.5,35.6,11.67,29.67,14.58,3.88,56.18
2026-07-08 09:40:54,24.69,587.1,106.67,34.8,7.61,20.38,19.88,1.33,53.24
2026-07-08 09:46:50,23.91,599.4,102.26,33.8,6.78,19.96,17.38,1.91,54.12
2026-07-08 09:55:18,24.44,662.9,102.45,26.5,9.0,28.87,14.91,10.93,55.29
2026-07-08 10:05:53,24.21,577.9,108.19,29.6,13.21,20.56,20.49,0.24,54.51
2026-07-08 10:15:14,24.57,585.8,118.46,37.8,6.29,26.38,17.14,2.89,54.43
2026-07-08 10:27:58,24.81,589.3,108.84,21.8,11.18,24.26,16.57,10.74,54.86
2026-07-08 10:39:50,25.27,666.2,111.83,34.6,16.76,25.59,19.88,3.42,56.0
2026-07-08 10:50:56,24.9,615.5,101.86,7.6,9.46,22.67,7.84,6.34,57.54
2026-07-08 11:02:17,24.52,644.2,103.48,30.4,7.32,18.51,14.25,6.59,51.32
2026-07-08 11:11:58,25.08,657.5,123.06,22.6,11.42,30.06,20.56,0.67,55.4
2026-07-08 11:19:36,24.23,637.8,118.8,20.4,7.57,30.5,14.64,2.49,53.23
2026-07-08 11:34:12,25.23,599.7,108.08,21.1,12.1,29.27,13.31,15.69,56.86
2026-07-08 11:45:18,25.67,638.6,142.51,32.5,13.54,28.15,21.26,1.26,54.57
2026-07-08 11:56:12,25.14,627.9,142.71,21.7,13.5,18.95,18.59,1.89,55.59
2026-07-08 12:09:37,25.98,636.8,122.06,33.9,8.79,22.29,18.76,7.62,58.14
2026-07-08 12:23:16,24.88,671.5,111.49,27.9,14.04,23.94,15.92,0.51,55.09
2026-07-08 12:37:35,25.58,584.1,107.01,11.9,12.14,21.61,16.97,2.14,59.84
2026-07-08 12:44:24,24.87,657.4,107.08,29.3,9.63,17.0,17.96,0.17,58.78
2026-07-08 12:53:01,25.57,695.3,104.89,31.9,6.89,21.57,13.12,4.44,52.77
2026-07-08 13:04:01,24.29,634.8,90.92,21.5,10.51,32.74,11.25,3.81,56.0
2026-07-08 13:09:24,24.79,600.7,108.26,36.5,10.82,26.11,12.35,1.83,52.34
2026-07-08 13:14:30,25.56,638.2,116.3,21.5,5.44,24.51,17.88,3.47,55.54
2026-07-08 13:28:06,24.85,664.8,119.76,15.9,2.56,22.6,19.9,10.45,57.56
2026-07-08 13:41:12,24.81,665.1,99.57,32.4,13.22,18.46,9.79,2.37,54.31
2026-07-08 13:48:31,24.65,607.6,123.24,15.3,17.23,17.55,9.68,7.06,58.53
2026-07-08 13:56:09,25.13,607.5,110.24,12.4,10.3,17.96,20.16,3.3,56.09
2026-07-08 14:07:23,24.69,597.9,95.03,21.8,9.03,26.57,13.74,13.37,55.35
2026-07-08 14:13:43,24.79,570.9,93.69,25.6,11.73,18.92,15.58,2.3,54.52
2026-07-08 14:20:10,25.2,597.3,104.33,26.8,1.93,30.4,13.3,2.77,49.48
2026-07-08 14:34:21,24.94,627.0,102.21,18.6,12.16,25.79,11.13,0.16,59.55
2026-07-08 14:44:13,24.56,561.1,103.17,19.7,9.75,33.97,15.77,7.32,57.49
2026-07-08 14:56:49,24.84,562.5,115.25,19.6,13.02,22.05,15.62,10.7,55.19
2026-07-08 15:02:22,25.17,628.0,91.15,27.1,12.68,21.1,10.36,4.31,54.33
2026-07-08 15:10:38,23.46,560.8,85.78,18.3,16.23,24.42,15.38,9.99,53.46
2026-07-08 15:18:42,23.99,580.7,78.61,38.4,10.19,24.13,14.68,9.19,52.12
2026-07-08 15:30:29,24.31,526.5,84.76,18.9,17.41,16.15,24.08,2.73,49.89
2026-07-08 15:39:43,23.49,536.7,103.05,33.8,13.14,26.71,21.44,0.09,52.43
2026-07-08 15:46:26,23.88,519.5,96.57,39.4,6.43,16.21,12.93,0.01,53.36
2026-07-08 15:57:37,23.42,518.8,85.6,12.1,11.33,15.77,7.07,0.15,53.72
2026-07-08 16:10:03,24.26,493.1,86.54,11.0,6.79,38.97,8.89,4.12,51.55
2026-07-08 16:22:28,24.15,487.8,55.51,15.5,8.53,23.78,14.33,2.65,49.54
2026-07-08 16:30:06,22.9,454.4,98.33,8.4,5.98,29.58,16.7,9.27,53.69
2026-07-08 16:42:02,23.56,453.3,53.14,38.4,11.63,24.5,16.59,5.11,52.38
2026-07-08 16:49:36,23.23,474.5,68.61,23.0,10.19,23.07,9.55,3.44,53.9
2026-07-08 17:02:29,22.48,421.3,60.9,7.5,7.45,15.56,14.65,5.64,52.65
2026-07-08 17:08:24,22.28,460.3,61.41,29.3,10.87,28.6,14.13,7.87,51.07
2026-07-08 17:18:37,22.27,410.6,69.8,36.9,9.78,18.13,13.59,3.31,51.79
2026-07-08 17:23:40,21.82,454.4,48.26,11.7,13.25,25.81,15.45,0.27,51.76
2026-07-08 17:29:52,23.27,421.5,46.0,15.7,12.32,20.31,19.86,3.05,46.0
2026-07-08 17:41:21,22.09,437.0,58.0,39.1,9.53,20.43,9.84,0.07,46.76
2026-07-08 17:49:44,22.32,415.6,65.56,29.8,12.8,34.15,18.73,0.01,52.65
2026-07-08 17:58:47,21.91,371.7,63.1,8.8,14.59,14.52,16.73,1.44,51.03
2026-07-08 18:06:33,21.98,392.0,50.3,16.4,7.58,20.68,22.55,6.02,48.52
2026-07-08 18:12:33,22.13,379.6,56.23,14.4,14.08,22.15,13.72,6.61,46.68
2026-07-08 18:27:12,21.15,359.0,74.74,26.4,12.2,23.66,13.27,0.79,49.21
2026-07-08 18:40:54,22.06,345.1,62.44,36.0,7.18,37.35,18.66,0.19,51.74
2026-07-08 18:46:56,21.02,367.4,63.0,19.4,3.06,27.28,15.95,8.51,46.1
2026-07-08 18:58:10,21.66,336.0,69.12,29.6,9.88,24.77,20.78,1.24,49.73
2026-07-08 19:10:47,21.01,313.4,50.1,16.8,11.57,15.01,23.66,5.26,49.26
2026-07-08 19:19:25,20.81,277.6,65.96,39.5,11.26,30.54,17.41,1.65,48.84
2026-07-08 19:28:06,21.12,298.3,55.84,14.2,9.83,23.65,14.18,19.92,41.16
2026-07-08 19:42:52,20.58,290.3,58.59,5.5,9.64,20.25,8.5,6.54,44.56
2026-07-08 19:49:26,20.55,326.4,88.85,18.9,11.57,22.34,18.79,0.99,49.58
2026-07-08 20:03:47,20.56,287.1,88.22,37.4,15.43,22.27,13.87,15.79,47.52
2026-07-08 20:13:29,20.03,295.4,91.02,34.3,7.38,28.42,12.27,2.05,44.17
2026-07-08 20:18:38,20.09,253.5,66.67,10.9,7.99,26.73,14.1,3.31,47.59
2026-07-08 20:31:12,20.46,271.5,85.62,37.4,13.64,21.89,10.47,0.31,48.54
2026-07-08 20:42:18,20.95,212.2,79.32,21.1,11.22,28.84,19.54,6.35,47.89
2026-07-08 20:49:44,20.25,259.2,84.39,31.4,12.99,28.73,14.77,1.72,49.82
2026-07-08 20:59:21,19.63,249.9,99.57,7.1,11.52,26.01,16.65,0.08,44.64
2026-07-08 21:13:20,19.9,228.2,77.95,11.5,12.6,23.88,19.38,3.25,44.21
2026-07-08 21:26:29,18.98,240.4,94.83,28.2,6.36,19.5,23.07,0.12,42.03
2026-07-08 21:32:59,19.32,181.5,97.15,19.0,6.14,30.19,13.2,4.38,49.8
2026-07-08 21:47:47,19.24,190.0,91.4,28.5,5.2,28.4,17.44,0.08,45.63
2026-07-08 21:55:00,18.93,205.1,97.83,20.8,14.06,22.61,9.04,1.05,42.69
2026-07-08 22:02:47,19.15,221.7,98.59,36.9,8.18,22.29,12.7,7.59,47.47
2026-07-08 22:10:18,19.17,175.3,107.83,34.5,10.94,29.51,8.6,18.07,44.55
2026-07-08 22:16:44,19.03,212.0,101.32,24.9,10.72,32.13,17.32,4.01,43.87
2026-07-08 22:29:08,19.36,158.3,121.54,38.2,14.11,20.36,16.71,9.92,46.11
2026-07-08 22:39:49,18.8,146.1,86.49,19.5,6.54,25.49,25.14,8.23,48.67
2026-07-08 22:52:48,18.2,139.6,108.68,22.3,8.55,27.15,13.8,4.37,46.26
2026-07-08 23:02:37,18.79,155.1,116.72,37.3,8.46,26.85,14.13,10.2,45.49
2026-07-08 23:13:23,18.99,139.9,112.36,39.3,6.43,23.02,8.62,9.51,40.68
2026-07-08 23:22:42,19.35,126.4,112.2,17.1,14.41,26.2,11.17,4.93,46.49
2026-07-08 23:37:08,20.25,194.7,116.59,27.1,6.96,24.68,16.39,6.61,45.6
2026-07-08 23:43:48,18.24,146.0,106.17,15.7,10.49,31.79,16.11,15.72,45.92
2026-07-08 23:48:52,18.86,196.7,81.42,21.0,16.44,29.45,18.33,2.61,40.77
2026-07-08 23:55:50,18.87,151.1,95.91,15.4,7.67,26.39,5.69,6.75,46.65
2026-07-09 00:03:04,18.82,171.0,122.17,13.5,7.2,23.45,13.61,3.63,44.8
2026-07-09 00:08:15,18.43,145.7,120.62,34.9,11.51,27.39,12.13,10.38,46.42
2026-07-09 00:17:27,18.57,196.1,98.17,6.0,7.55,16.52,16.73,0.31,46.26
2026-07-09 00:25:03,18.57,182.4,97.38,18.1,10.69,24.77,19.57,0.55,44.32
2026-07-09 00:36:57,19.25,156.8,84.16,25.6,11.4,27.47,16.6,4.92,42.71
2026-07-09 00:49:40,19.49,172.3,110.98,17.8,11.58,14.21,19.08,0.55,47.47
2026-07-09 01:01:52,18.41,176.7,102.49,37.3,12.08,15.93,20.03,7.12,44.2
2026-07-09 01:07:19,18.78,157.5,118.54,9.7,11.09,27.63,16.48,2.71,44.5
2026-07-09 01:21:15,19.61,157.6,96.92,10.5,10.77,33.69,17.84,5.8,43.98
2026-07-09 01:34:04,18.66,143.3,111.8,20.8,10.21,28.03,20.11,23.73,45.04
2026-07-09 01:40:46,20.09,174.6,95.61,39.6,14.01,26.06,17.37,2.35,47.79
2026-07-09 01:54:42,19.37,250.4,108.21,18.6,6.9,19.6,15.41,3.89,42.93
2026-07-09 02:00:07,19.39,236.8,109.0,25.3,12.15,24.79,16.86,6.79,45.91
2026-07-09 02:13:41,18.65,195.9,97.84,24.9,5.03,25.43,12.14,2.65,49.63
2026-07-09 02:24:06,19.58,225.1,101.15,38.7,8.7,22.48,15.43,2.36,44.09
2026-07-09 02:34:18,19.48,205.9,95.86,23.3,9.25,26.63,14.08,1.58,48.84
2026-07-09 02:41:10,19.77,223.8,105.8,12.6,4.27,25.38,13.82,3.04,45.97
2026-07-09 02:53:31,20.06,184.5,96.58,38.2,14.54,16.97,9.05,3.33,44.31
2026-07-09 03:03:44,19.74,268.6,88.56,32.1,10.75,32.63,14.4,3.19,47.27
2026-07-09 03:16:13,19.62,250.6,100.87,35.6,11.31,25.83,15.36,2.15,45.58
2026-07-09 03:26:59,19.88,214.1,98.91,17.7,8.75,27.76,14.51,3.13,45.45
2026-07-09 03:40:39,20.62,277.6,67.16,18.9,10.1,28.21,13.92,2.55,49.53
2026-07-09 03:53:08,20.42,281.7,94.32,30.0,4.32,20.63,16.98,6.8,46.06
2026-07-09 03:58:22,20.86,256.0,82.0,28.1,9.08,24.27,21.02,5.55,49.81
2026-07-09 04:07:39,21.02,300.2,86.44,15.9,5.56,24.06,13.64,0.81,45.54
2026-07-09 04:20:11,20.39,300.7,60.9,17.8,8.92,31.4,21.86,1.11,48.45
2026-07-09 04:31:29,20.74,310.8,65.09,37.4,7.9,25.71,15.12,1.94,48.4
2026-07-09 04:40:05,20.04,320.5,81.44,11.5,10.06,19.97,14.59,23.43,49.71
2026-07-09 04:50:09,20.76,342.9,69.37,35.5,3.71,30.77,17.73,12.12,47.34
2026-07-09 04:59:47,21.66,342.4,85.58,28.6,8.85,25.18,20.49,3.55,50.85
2026-07-09 05:06:58,21.65,362.2,60.38,11.2,5.59,26.96,14.68,4.54,51.79
2026-07-09 05:12:10,21.08,389.8,76.69,10.0,7.82,30.13,18.91,7.82,49.68
2026-07-09 05:17:46,20.3,364.6,69.91,28.8,11.58,28.92,20.06,9.93,52.34
2026-07-09 05:26:17,21.14,393.7,51.63,35.2,10.29,30.3,9.88,1.34,49.12
2026-07-09 05:32:37,21.55,362.7,62.86,11.8,15.24,20.02,14.72,5.05,47.58
2026-07-09 05:44:23,22.36,395.5,63.23,23.3,7.32,29.06,14.18,4.44,49.47
2026-07-09 05:53:34,21.59,403.7,58.18,10.0,10.3,25.82,14.99,1.13,46.73
2026-07-09 06:06:07,22.57,394.5,71.53,26.7,7.96,23.65,16.25,1.54,53.7
2026-07-09 06:20:29,22.12,401.9,44.47,11.2,10.57,26.69,12.46,0.96,51.79
2026-07-09 06:32:08,22.82,427.6,46.68,14.7,7.9,23.34,10.85,10.44,50.85
2026-07-09 06:46:51,21.98,416.8,63.58,30.6,2.9,29.15,11.56,0.76,50.1
2026-07-09 07:01:47,23.49,493.9,85.57,8.0,15.63,24.54,13.56,12.04,50.97
2026-07-09 07:10:31,22.73,478.1,54.7,22.7,9.97,25.05,9.59,4.12,52.17
2026-07-09 07:15:43,23.0,485.0,78.95,11.2,11.44,28.15,12.58,1.03,55.49
2026-07-09 07:21:34,22.79,501.0,65.17,9.7,11.39,22.76,9.0,0.99,52.81
2026-07-09 07:28:33,22.98,478.8,80.96,10.1,11.28,25.7,11.13,7.51,50.47
2026-07-09 07:34:54,23.65,559.8,65.06,8.0,11.0,22.69,11.87,6.06,52.54
2026-07-09 07:49:19,23.19,540.2,77.74,32.1,8.85,31.42,14.14,1.11,53.59
2026-07-09 08:01:47,22.69,545.8,96.53,16.9,10.14,15.61,16.72,5.13,50.28
2026-07-09 08:16:40,24.14,562.7,77.24,39.2,11.06,26.17,16.83,0.02,52.79
2026-07-09 08:23:49,24.21,580.8,96.61,23.8,13.2,29.41,14.4,2.27,55.44
2026-07-09 08:31:49,24.01,555.0,99.63,28.3,0,24.08,17.49,3.06,48.53
2026-07-09 08:37:47,23.86,520.6,94.55,26.7,8.0,25.03,13.42,15.84,51.09
2026-07-09 08:51:49,24.68,536.6,85.52,30.9,11.89,28.71,20.18,4.26,53.8
2026-07-09 08:59:41,24.34,525.4,96.45,28.3,8.21,24.75,12.36,5.7,55.88
2026-07-09 09:14:07,24.18,604.6,101.24,20.0,12.46,28.84,15.55,1.6,51.37
2026-07-09 09:23:53,24.42,598.3,99.78,38.8,12.34,31.19,18.98,4.46,49.31
2026-07-09 09:32:15,24.57,632.4,106.85,33.1,4.07,19.85,14.87,3.02,56.14
2026-07-09 09:41:03,25.06,623.4,91.28,13.3,8.45,24.2,14.75,6.65,55.14
2026-07-09 09:53:02,25.12,629.8,102.35,30.8,6.57,36.64,13.26,1.13,57.02
2026-07-09 10:03:07,24.42,587.3,104.75,38.7,14.58,14.85,8.66,16.95,56.77
2026-07-09 10:14:53,24.38,632.7,100.88,17.2,8.81,25.7,13.04,23.58,56.58
2026-07-09 10:22:00,24.76,661.2,83.18,16.3,9.76,32.0,19.5,3.93,58.44
2026-07-09 10:31:52,24.6,640.3,113.58,23.9,6.09,21.95,17.51,7.4,54.67
2026-07-09 10:39:14,24.7,608.0,97.81,21.1,9.8,22.62,11.3,15.41,58.96
2026-07-09 10:48:38,24.75,609.7,96.77,8.0,9.88,20.2,13.53,0.56,58.33
2026-07-09 10:59:32,24.77,653.0,103.89,12.6,10.68,19.7,14.54,7.73,53.15
2026-07-09 11:09:54,25.32,641.3,105.16,8.5,11.21,21.11,15.25,0.1,58.04
2026-07-09 11:14:59,24.95,581.9,113.59,7.7,7.43,21.12,15.04,0.02,52.38
2026-07-09 11:20:18,24.27,620.7,114.32,7.7,14.12,30.54,17.14,9.7,53.44
2026-07-09 11:33:23,24.72,612.9,110.26,25.8,8.36,22.4,15.73,0.27,57.76
2026-07-09 11:48:05,25.28,631.3,107.53,31.5,12.3,28.0,6.44,5.01,57.57
2026-07-09 11:56:25,24.7,682.2,95.69,22.2,8.36,24.44,23.37,10.75,55.13
2026-07-09 12:06:29,24.82,625.1,115.67,9.2,12.63,24.29,18.98,0.54,56.01
2026-07-09 12:16:52,25.59,669.8,94.15,37.6,8.74,31.48,16.64,3.14,57.27
2026-07-09 12:27:42,24.51,632.0,120.14,33.6,7.33,20.12,16.79,13.57,56.52
2026-07-09 12:40:06,24.96,594.8,101.1,30.6,11.93,25.89,18.51,1.94,53.48
2026-07-09 12:45:51,24.92,661.7,130.93,10.2,7.69,21.39,6.55,9.82,55.57
2026-07-09 12:52:36,25.06,660.9,103.79,26.6,5.75,30.31,18.43,10.69,54.37
2026-07-09 12:59:06,24.98,587.2,125.66,29.6,9.07,22.63,12.09,22.22,58.3
2026-07-09 13:11:56,24.97,674.1,110.53,22.6,12.88,29.56,17.55,0.62,56.4
2026-07-09 13:19:10,24.37,635.9,120.31,25.9,5.9,36.93,7.82,8.22,52.84
2026-07-09 13:30:45,24.19,639.4,96.58,28.0,7.65,20.14,11.91,1.34,56.42
2026-07-09 13:41:52,24.07,611.5,88.78,23.2,8.08,31.26,18.81,6.03,57.25
2026-07-09 13:54:53,24.69,585.8,104.39,24.8,12.55,27.16,16.6,0.37,55.22
2026-07-09 14:03:11,25.38,614.0,101.22,19.0,10.93,22.64,19.27,15.19,53.8
2026-07-09 14:15:04,24.36,599.8,117.06,10.6,10.74,22.22,10.97,5.87,58.52
2026-07-09 14:23:42,24.39,601.7,105.95,21.2,5.98,31.26,15.5,3.01,54.28
2026-07-09 14:30:39,25.39,576.7,85.24,16.2,8.24,24.92,14.89,0.14,54.23
2026-07-09 14:42:06,23.83,609.4,75.59,26.8,9.29,30.66,19.82,1.65,49.95
2026-07-09 14:55:01,24.25,560.2,92.16,29.9,7.64,26.48,15.49,0.83,54.72
2026-07-09 15:03:55,24.23,583.7,98.73,31.5,10.18,26.16,17.62,0.23,56.94
2026-07-09 15:16:59,24.01,544.4,69.23,34.0,12.34,18.47,16.85,0.28,52.83
2026-07-09 15:25:18,24.27,574.3,95.74,11.6,8.31,22.42,19.53,3.27,53.18
2026-07-09 15:31:53,23.87,519.5,93.66,9.8,8.93,22.56,16.78,8.67,53.75
2026-07-09 15:40:10,24.79,512.7,75.04,15.8,9.62,19.87,23.2,1.16,55.25
2026-07-09 15:49:00,23.54,549.2,87.61,8.1,10.53,30.06,16.07,0.25,51.39
2026-07-09 16:03:23,22.71,491.3,65.39,33.2,12.77,26.22,14.89,26.86,51.44
2026-07-09 16:09:55,23.62,505.1,66.48,35.9,10.32,28.35,14.67,6.33,50.08
2026-07-09 16:20:20,22.32,499.2,72.51,31.5,13.37,15.39,19.89,0.82,54.58
2026-07-09 16:34:06,23.79,481.7,67.68,18.4,9.74,30.3,15.45,1.04,52.92
2026-07-09 16:41:10,23.32,452.4,68.57,39.7,9.26,22.88,21.23,0.14,53.87
2026-07-09 16:48:58,23.3,408.9,79.98,37.1,15.0,15.22,12.06,29.44,49.98
2026-07-09 16:58:03,21.81,466.2,60.58,34.4,10.88,19.73,17.19,2.21,50.61
2026-07-09 17:05:37,22.44,498.0,75.47,28.9,7.67,18.63,22.14,3.0,52.22
2026-07-09 17:13:18,23.07,416.4,55.17,18.7,9.81,25.86,17.61,1.52,53.19
2026-07-09 17:28:07,22.29,426.2,71.16,26.8,11.82,24.95,15.57,0.23,49.01
2026-07-09 17:39:00,21.7,401.4,48.87,21.8,7.11,24.35,15.19,4.29,52.37
2026-07-09 17:50:53,21.37,355.8,53.71,34.8,9.42,21.5,15.34,12.61,51.05
2026-07-09 17:59:45,22.46,456.4,48.68,38.2,8.74,32.14,18.89,4.3,47.65
2026-07-09 18:06:50,21.39,419.9,49.5,24.5,7.89,17.33,13.1,6.72,49.95
2026-07-09 18:12:24,21.85,462.7,39.93,29.5,15.61,18.52,12.43,1.8,46.96
2026-07-09 18:18:10,21.42,435.7,49.2,20.6,10.09,27.2,15.66,6.51,48.11
2026-07-09 18:29:56,20.7,290.7,63.25,28.7,12.31,32.02,11.59,4.74,49.77
2026-07-09 18:44:22,22.01,393.0,61.29,37.8,5.79,18.58,14.03,0.13,50.09
2026-07-09 18:49:48,21.33,343.9,58.32,6.8,8.98,22.96,15.1,0.81,48.06
2026-07-09 19:02:06,21.21,295.4,70.32,34.1,12.42,22.82,18.33,17.38,49.17
2026-07-09 19:12:48,21.36,335.4,69.71,31.7,3.86,30.11,13.45,6.05,47.0
2026-07-09 19:25:46,21.0,296.2,79.62,20.3,11.8,18.27,13.88,0.63,48.67
2026-07-09 19:32:48,21.18,337.6,90.01,12.5,5.84,32.91,13.56,4.87,48.68
2026-07-09 19:43:47,20.36,318.1,72.59,25.3,11.43,30.56,23.23,1.97,45.24
2026-07-09 19:52:11,20.21,284.8,69.7,15.4,10.02,19.13,20.9,2.79,45.53
2026-07-09 19:57:33,20.72,313.7,64.54,33.8,8.38,21.98,18.38,1.73,44.57
2026-07-09 20:06:24,20.4,357.2,63.82,20.3,4.45,19.64,12.92,6.42,48.96
2026-07-09 20:19:53,20.01,297.9,99.55,6.8,4.54,17.12,16.45,4.35,50.12
2026-07-09 20:26:53,19.75,283.8,89.62,27.4,9.37,27.51,18.59,3.5,46.41
2026-07-09 20:39:05,21.1,247.6,79.69,26.4,11.33,23.86,14.17,6.54,49.48
2026-07-09 20:50:15,20.23,226.3,81.06,5.2,12.85,23.52,8.02,8.82,45.79
2026-07-09 20:55:57,19.8,233.8,88.54,31.7,12.99,20.22,21.93,4.97,47.34
2026-07-09 21:02:25,20.47,243.6,100.35,8.8,10.55,15.88,12.7,8.49,45.26
2026-07-09 21:13:14,19.69,197.8,106.62,35.8,2.45,28.87,18.48,1.4,46.39
2026-07-09 21:28:14,19.58,235.7,88.62,14.2,12.55,19.37,14.28,5.59,46.1
2026-07-09 21:37:01,19.95,197.5,99.0,13.4,6.16,29.31,14.67,11.39,46.56
2026-07-09 21:45:04,19.48,156.3,99.87,25.0,7.16,20.13,9.96,2.84,42.82
2026-07-09 21:51:56,18.77,256.0,113.45,26.0,7.97,23.57,16.81,6.29,43.91
2026-07-09 22:02:00,19.03,193.6,103.08,29.3,11.19,25.87,11.68,3.06,41.87
2026-07-09 22:14:01,19.34,170.0,100.54,13.4,13.99,23.99,15.42,3.91,43.71
2026-07-09 22:26:58,18.12,222.0,109.96,14.9,12.64,24.87,15.07,0.54,41.66
2026-07-09 22:33:01,18.61,124.0,109.19,34.6,9.75,21.24,18.54,7.49,45.58
2026-07-09 22:38:35,20.25,203.4,105.73,30.7,10.27,25.79,14.77,3.56,44.73
2026-07-09 22:47:48,19.09,184.6,94.47,37.4,9.68,21.68,16.75,0.18,42.19
2026-07-09 22:54:43,19.24,166.3,109.91,18.1,16.88,35.69,15.91,1.15,44.68
2026-07-09 22:59:50,18.73,192.3,107.23,34.3,10.04,16.81,17.46,26.81,43.94
2026-07-09 23:08:36,18.97,185.2,100.55,36.8,7.86,26.85,15.92,0.53,46.0
2026-07-09 23:16:56,19.21,143.0,113.29,34.7,8.45,21.65,21.38,2.23,45.3
2026-07-09 23:31:28,18.48,179.8,118.94,7.2,6.49,28.75,16.47,4.57,44.84
2026-07-09 23:44:01,18.49,114.3,98.42,36.2,12.89,20.64,12.53,0.11,42.78
2026-07-09 23:58:09,18.95,154.7,110.9,10.9,10.85,34.06,14.49,4.89,43.61
2026-07-10 00:06:19,19.32,139.0,95.13,25.4,7.31,20.6,21.02,1.15,43.9
2026-07-10 00:11:39,19.39,169.7,118.6,27.2,8.2,26.57,9.94,5.94,47.12
2026-07-10 00:22:28,18.92,206.9,110.29,21.6,13.74,23.42,10.48,0.01,43.23
2026-07-10 00:33:36,18.95,172.0,94.44,29.7,14.09,29.17,15.46,1.97,46.31
2026-07-10 00:39:20,18.9,148.0,111.47,10.8,12.25,34.46,19.26,0.06,40.8
2026-07-10 00:46:29,19.24,193.2,115.51,22.0,8.22,22.79,14.87,8.38,41.82
2026-07-10 00:53:10,18.5,120.7,107.37,38.2,8.07,25.75,16.14,3.54,46.75
2026-07-10 01:03:27,19.91,156.7,119.13,28.1,8.75,15.28,18.54,7.49,45.73
2026-07-10 01:14:36,19.2,159.0,116.62,21.7,7.29,25.43,14.0,1.72,46.86
2026-07-10 01:26:21,19.99,216.8,105.12,5.5,10.84,18.07,12.61,1.61,44.33
2026-07-10 01:39:34,19.4,187.2,117.24,27.9,13.8,28.35,14.06,4.93,46.48
2026-07-10 01:51:21,19.68,178.4,96.97,6.2,16.52,24.11,18.5,3.2,41.92
2026-07-10 02:05:47,19.81,236.1,93.76,12.8,7.3,30.34,12.71,1.32,41.49
2026-07-10 02:19:41,19.53,243.2,103.38,16.7,14.18,35.38,12.93,4.03,42.5
2026-07-10 02:32:16,20.14,210.7,105.89,20.8,11.45,21.54,11.9,0.22,45.89
2026-07-10 02:42:28,19.9,220.3,96.67,34.4,8.23,20.57,13.9,5.51,42.65
2026-07-10 02:51:18,19.86,240.6,89.63,29.4,9.32,28.44,12.68,5.01,46.79
2026-07-10 02:56:37,20.06,225.7,106.79,24.0,6.76,11.68,16.52,4.46,44.08
2026-07-10 03:02:18,19.99,220.5,95.79,37.9,7.81,28.49,13.7,1.58,48.04
2026-07-10 03:16:08,19.68,239.6,78.65,17.3,8.35,25.59,16.09,3.36,45.67
2026-07-10 03:21:11,20.18,221.5,91.73,34.3,11.02,19.48,17.73,4.42,49.58
2026-07-10 03:27:10,19.81,223.6,105.21,15.5,8.43,32.23,12.75,0.35,47.59
2026-07-10 03:38:08,20.14,286.0,78.47,22.9,14.27,17.61,14.6,2.5,43.62
2026-07-10 03:44:52,21.01,296.7,74.46,36.3,10.0,39.1,9.95,0.84,47.03
2026-07-10 03:59:28,20.54,319.4,81.98,26.3,13.17,29.32,13.84,3.74,45.24
2026-07-10 04:11:30,20.24,175.0,81.41,31.2,14.91,24.82,18.04,0.82,47.24
2026-07-10 04:16:45,20.67,312.7,69.34,32.9,14.64,22.96,7.36,5.66,47.23
2026-07-10 04:29:33,21.06,303.3,78.49,13.0,12.19,20.86,17.63,12.27,49.4
2026-07-10 04:38:42,20.58,299.8,72.42,28.6,9.14,27.27,12.69,1.34,50.26
2026-07-10 04:43:59,20.67,301.2,58.86,22.1,7.93,25.98,13.74,0.0,48.67
2026-07-10 04:55:30,20.83,363.8,77.66,17.5,9.33,34.52,11.35,7.7,53.04
2026-07-10 05:10:18,21.12,355.0,66.59,26.1,11.59,16.84,13.75,0.31,49.37
2026-07-10 05:21:56,20.65,351.9,46.09,23.1,8.21,24.45,13.28,0.65,53.01
2026-07-10 05:29:48,22.32,353.8,53.75,9.2,11.96,17.83,15.2,5.14,50.26
2026-07-10 05:42:37,21.49,391.4,47.43,28.0,6.65,29.52,14.59,8.32,50.08
2026-07-10 05:50:20,22.25,368.6,38.46,31.9,6.05,27.38,14.04,10.27,53.46
2026-07-10 06:03:21,21.88,384.5,48.73,11.9,12.34,18.98,10.09,9.46,51.91
2026-07-10 06:13:14,21.66,456.6,61.41,31.7,10.46,29.8,15.59,1.29,51.98
2026-07-10 06:26:02,21.94,390.5,48.12,11.0,5.61,24.83,19.73,9.13,50.3
2026-07-10 06:39:26,21.38,452.5,63.82,36.9,11.75,30.07,18.58,2.83,46.59
2026-07-10 06:46:10,22.44,440.7,73.79,24.9,14.66,15.81,14.86,0.99,51.84
2026-07-10 06:59:46,21.09,450.5,78.79,11.2,12.87,26.14,8.63,2.2,49.7
2026-07-10 07:11:54,23.17,438.9,88.34,24.8,13.57,18.45,15.23,0.56,48.57
2026-07-10 07:21:51,23.59,496.4,72.41,23.7,12.28,26.31,21.58,3.14,51.52
2026-07-10 07:31:48,22.97,502.4,77.9,18.6,8.41,21.99,18.82,0.48,52.71
2026-07-10 07:40:58,23.26,478.2,82.12,23.8,7.45,25.77,7.05,3.22,50.17
2026-07-10 07:54:37,23.04,484.9,85.48,27.4,7.44,27.26,8.64,3.96,53.48
2026-07-10 08:07:25,23.13,552.8,86.05,35.1,11.28,23.93,13.65,0.87,52.72
2026-07-10 08:14:40,22.47,579.5,77.82,33.9,10.26,30.6,17.98,3.68,57.28
2026-07-10 08:29:05,24.01,591.2,81.87,6.8,8.4,27.48,16.09,7.62,53.72
2026-07-10 08:41:14,23.64,521.1,102.47,10.6,8.15,31.55,14.86,1.97,55.97
2026-07-10 08:47:00,23.27,531.2,105.71,29.6,9.48,29.78,16.61,0.48,52.02
2026-07-10 09:01:13,23.39,617.1,95.78,18.5,9.71,27.88,29.73,12.98,55.16
2026-07-10 09:06:46,23.99,603.5,89.01,39.6,9.89,30.25,19.43,0.67,51.9
2026-07-10 09:14:49,23.6,604.8,85.96,27.5,12.23,21.57,13.31,2.2,54.54
2026-07-10 09:24:56,23.15,587.5,88.29,31.5,8.99,20.59,15.62,21.94,53.14
2026-07-10 09:32:54,23.94,622.1,88.42,13.0,9.41,33.32,18.83,16.07,55.3
2026-07-10 09:40:19,24.39,581.6,92.55,31.3,6.55,24.58,16.43,2.79,54.66
2026-07-10 09:53:02,24.9,624.5,89.45,24.8,15.23,17.14,21.65,0.5,54.94
2026-07-10 10:07:52,23.83,601.3,95.48,11.4,12.77,25.14,13.62,9.18,53.89
2026-07-10 10:18:34,23.38,634.3,115.47,34.3,11.36,33.91,16.21,1.38,52.14
2026-07-10 10:28:27,24.62,689.3,86.94,27.6,13.01,23.36,12.56,2.97,58.08
2026-07-10 10:43:02,24.89,594.0,91.12,21.9,7.98,30.46,19.83,12.75,53.71
2026-07-10 10:51:47,24.33,677.2,113.38,15.6,8.64,27.01,10.97,1.48,56.02
2026-07-10 11:03:57,25.94,624.6,104.64,29.2,9.81,30.36,12.71,5.12,52.55
2026-07-10 11:11:34,25.31,680.1,101.06,13.1,10.08,22.63,10.08,2.59,55.4
2026-07-10 11:17:44,24.25,652.6,120.92,18.1,8.16,34.69,21.21,4.61,56.64
2026-07-10 11:23:57,26.03,650.2,116.08,21.9,7.38,19.31,13.28,2.05,55.15
2026-07-10 11:36:32,25.21,701.6,110.96,10.1,10.05,28.7,5.24,2.3,54.47
2026-07-10 11:41:52,24.67,616.8,126.16,24.6,6.72,25.49,10.1,0.21,58.71
2026-07-10 11:54:59,24.9,611.3,112.52,7.3,14.17,23.06,18.79,7.81,59.91
2026-07-10 12:08:28,25.79,661.0,120.75,38.9,8.93,32.1,16.12,3.78,58.26
2026-07-10 12:18:11,25.64,642.7,108.73,30.6,8.3,25.88,10.18,4.48,60.9
2026-07-10 12:27:49,25.29,583.8,114.74,36.0,10.02,12.78,9.47,0.53,56.23
2026-07-10 12:38:48,24.87,693.3,98.52,21.7,7.94,23.18,10.69,17.72,57.55
2026-07-10 12:50:56,25.25,619.3,106.18,17.1,11.25,28.76,16.5,0.08,55.48
2026-07-10 13:02:51,24.34,655.5,101.56,15.2,7.35,32.64,15.06,0.28,54.72
2026-07-10 13:10:08,24.84,597.4,96.1,18.9,9.95,23.08,16.77,3.74,55.77
2026-07-10 13:16:22,24.64,646.0,105.64,7.2,10.1,25.55,15.06,0.81,57.71
2026-07-10 13:31:01,25.39,636.0,114.11,34.0,15.06,16.46,16.73,6.84,55.77
2026-07-10 13:39:35,25.66,672.1,124.14,24.1,13.08,29.44,16.62,1.09,55.14
2026-07-10 13:51:30,25.32,641.8,103.42,21.2,5.19,17.84,15.63,19.75,54.84
2026-07-10 13:59:35,24.52,633.5,117.81,32.2,12.65,16.51,18.43,4.09,55.13
2026-07-10 14:04:40,24.1,584.6,98.26,9.7,13.94,23.75,12.3,0.65,57.62
2026-07-10 14:10:14,24.3,607.2,109.84,35.4,7.94,27.48,17.95,9.61,55.67
2026-07-10 14:22:06,23.79,592.1,101.33,10.5,9.22,33.09,16.36,3.65,54.4
2026-07-10 14:28:10,24.67,588.0,89.72,27.3,14.78,32.33,16.92,14.74,50.86
2026-07-10 14:33:53,23.46,650.3,97.37,15.3,14.27,23.57,16.8,16.74,55.78
2026-07-10 14:44:10,24.37,594.5,86.73,22.6,10.61,22.42,15.03,5.8,54.58
2026-07-10 14:53:39,24.22,587.8,94.16,12.2,10.51,22.5,15.65,2.68,57.83
2026-07-10 15:06:09,23.34,587.2,94.6,23.1,7.78,27.97,19.15,3.36,58.53
2026-07-10 15:14:14,24.06,552.3,87.78,34.2,9.03,30.07,20.16,2.44,54.49
2026-07-10 15:26:16,23.44,570.1,90.56,18.2,8.41,16.85,7.81,6.17,56.55
2026-07-10 15:39:58,22.75,522.9,97.33,7.5,10.87,24.82,16.22,20.67,51.21
2026-07-10 15:49:54,23.11,629.7,78.85,34.1,12.04,22.46,19.27,1.54,52.56
2026-07-10 15:58:03,24.0,475.1,83.65,9.1,7.55,15.07,11.5,1.47,53.61
2026-07-10 16:08:29,22.6,523.3,82.73,23.2,15.6,29.99,9.43,0.79,53.07
2026-07-10 16:14:25,23.04,478.4,78.69,38.6,9.78,33.12,13.58,9.88,51.91
2026-07-10 16:20:12,23.37,450.3,72.75,15.7,13.07,19.99,10.84,1.05,52.13
2026-07-10 16:28:23,22.38,501.5,77.25,15.5,8.0,27.94,21.15,1.74,48.18
2026-07-10 16:41:30,23.28,469.2,76.41,39.2,9.88,27.48,17.29,7.79,51.28
2026-07-10 16:46:44,23.28,458.0,77.48,33.3,15.16,24.23,4.83,7.24,51.14
2026-07-10 16:53:55,23.21,422.1,63.24,36.6,7.76,25.31,15.33,7.74,52.29
2026-07-10 17:07:30,23.45,441.0,62.32,13.1,7.18,19.63,19.93,11.52,52.6
2026-07-10 17:13:39,22.34,418.5,84.35,35.7,10.34,26.52,16.07,6.91,48.42
2026-07-10 17:22:06,22.37,450.5,54.02,17.4,8.63,23.12,18.37,3.11,51.83
2026-07-10 17:35:45,22.24,396.0,73.31,18.2,11.26,29.38,12.4,5.07,54.79
2026-07-10 17:42:26,22.38,436.3,42.38,32.5,13.96,32.69,14.23,13.95,50.88
2026-07-10 17:51:23,21.91,404.8,65.26,14.3,10.75,25.24,16.06,3.08,50.75
2026-07-10 18:01:55,22.81,387.0,42.14,24.8,12.62,30.7,11.49,8.99,48.14
2026-07-10 18:12:35,21.36,382.6,55.08,18.8,11.7,17.31,17.2,5.94,51.08
2026-07-10 18:17:41,22.03,391.6,56.15,16.9,12.25,20.43,19.8,24.47,46.39
2026-07-10 18:26:08,21.6,396.1,63.14,30.2,9.72,23.26,20.17,0.16,44.69
2026-07-10 18:32:06,22.72,365.3,68.14,8.9,13.32,22.83,17.59,3.53,53.31
2026-07-10 18:37:31,21.5,330.5,54.64,29.2,14.58,23.59,7.51,11.95,50.34
2026-07-10 18:52:15,20.99,338.7,74.58,13.6,10.63,20.97,16.53,3.55,47.9
2026-07-10 19:05:31,20.4,304.1,71.27,33.6,12.18,18.78,16.34,14.29,47.08
2026-07-10 19:15:06,20.95,330.9,60.58,29.2,14.29,26.2,14.62,0.05,49.07
2026-07-10 19:26:42,20.69,350.2,68.1,34.0,10.85,18.97,15.82,8.05,46.01
2026-07-10 19:33:30,21.28,309.2,71.52,17.1,8.91,18.98,13.44,6.81,48.33
2026-07-10 19:41:45,19.91,264.9,78.42,33.0,13.79,32.25,12.11,0.04,47.37
2026-07-10 19:49:00,19.92,309.3,84.11,17.3,10.91,29.25,10.65,2.3,43.88
2026-07-10 20:02:40,20.29,247.2,86.97,12.6,6.0,27.12,18.37,1.87,43.2
2026-07-10 20:09:22,20.21,277.3,77.21,40.0,9.89,22.51,13.08,1.36,47.14
2026-07-10 20:16:19,20.5,302.6,65.66,34.1,13.35,23.26,13.48,0.45,45.09
2026-07-10 20:27:51,20.39,262.9,97.39,24.2,16.29,29.93,16.17,10.77,51.29
2026-07-10 20:33:36,20.37,313.8,79.79,7.9,6.04,29.35,16.29,8.6,42.95
2026-07-10 20:45:13,19.82,268.6,89.24,10.6,11.74,23.12,12.11,5.59,46.79
2026-07-10 20:59:46,19.96,245.8,97.27,27.5,10.86,16.34,8.78,2.73,42.64
2026-07-10 21:06:32,19.66,201.2,94.79,28.3,7.35,25.78,13.41,2.9,47.5
2026-07-10 21:20:03,20.2,251.1,73.67,38.1,12.67,29.79,15.89,4.79,49.1
2026-07-10 21:31:34,20.32,242.7,109.49,16.0,11.85,21.04,11.19,1.72,48.71
2026-07-10 21:42:10,18.71,228.9,99.83,36.7,11.37,29.18,17.04,5.07,43.38
2026-07-10 21:55:39,19.32,224.0,103.06,34.5,10.71,25.85,13.78,0.05,42.01
2026-07-10 22:08:58,19.39,270.4,102.98,17.9,12.17,28.19,17.47,0.94,43.99
2026-07-10 22:17:05,19.18,196.6,94.89,12.0,14.51,19.17,14.71,4.84,43.12
2026-07-10 22:22:50,19.46,178.2,98.84,28.9,6.85,29.11,14.01,10.19,46.74
2026-07-10 22:36:59,19.3,168.8,114.76,28.6,12.63,21.71,6.03,0.65,44.72
2026-07-10 22:44:46,19.98,131.7,113.98,32.7,5.52,28.98,11.52,0.51,44.44
2026-07-10 22:55:56,19.96,185.6,102.94,32.5,13.59,19.97,16.18,6.63,45.94
2026-07-10 23:01:45,18.52,176.0,93.19,20.9,14.19,33.75,17.69,10.06,47.35
2026-07-10 23:13:48,19.18,141.7,115.88,37.8,6.01,21.58,24.32,6.22,44.69
2026-07-10 23:26:57,17.94,195.2,97.18,18.0,11.98,30.18,9.96,0.73,44.19
2026-07-10 23:32:19,18.64,159.9,114.28,29.8,14.12,27.93,21.66,1.51,44.34
2026-07-10 23:41:58,18.46,145.6,102.95,25.4,9.81,25.22,13.73,0.03,46.7
2026-07-10 23:48:24,19.31,196.5,127.76,22.1,8.41,27.27,16.55,1.21,43.35
2026-07-10 23:58:18,18.69,122.0,112.52,8.3,10.98,17.42,11.02,4.09,47.06
2026-07-11 00:03:40,18.03,100.2,105.63,9.5,9.81,25.19,20.74,3.13,39.93
2026-07-11 00:16:06,18.67,184.5,121.81,38.8,10.18,20.12,16.81,9.23,44.01
2026-07-11 00:24:45,18.76,188.8,119.57,8.0,12.5,29.37,15.75,11.87,46.39
2026-07-11 00:36:42,19.54,160.5,92.89,7.8,12.07,28.17,14.14,1.15,46.01
2026-07-11 00:47:25,18.36,141.0,110.75,13.6,10.11,27.71,21.5,5.64,43.54
2026-07-11 00:57:56,18.81,175.8,111.07,13.6,7.39,17.67,15.3,0.32,46.83
2026-07-11 01:07:16,18.34,148.7,122.57,19.8,10.22,22.61,15.43,0.93,45.19
2026-07-11 01:20:42,19.55,189.6,99.96,11.0,9.57,31.83,18.61,14.51,44.02
2026-07-11 01:27:45,19.57,167.4,111.31,14.9,13.39,25.44,19.14,5.04,44.32
2026-07-11 01:39:36,18.83,181.2,99.23,20.0,14.7,21.87,20.76,3.87,47.46
2026-07-11 01:53:27,20.0,209.9,93.71,26.5,8.25,23.89,15.43,11.8,40.48
2026-07-11 02:00:44,18.22,187.6,109.78,6.4,9.37,25.31,13.64,7.34,44.07
2026-07-11 02:15:20,19.79,203.0,90.16,6.9,9.13,20.03,13.06,12.61,42.4
2026-07-11 02:23:58,19.44,185.6,90.84,21.8,10.14,21.4,15.15,0.45,44.34
2026-07-11 02:30:05,19.93,227.8,79.58,37.3,10.38,21.27,16.12,2.76,44.59
2026-07-11 02:39:06,19.85,160.1,106.81,39.2,13.65,21.06,12.01,9.13,43.11
2026-07-11 02:45:59,20.38,268.6,89.71,35.7,11.76,18.57,20.66,1.33,42.36
2026-07-11 02:52:18,20.34,220.2,89.2,15.9,7.01,33.24,19.48,11.32,45.0
2026-07-11 03:07:02,19.6,180.0,80.09,31.2,10.27,18.96,16.34,0.06,45.83
2026-07-11 03:12:24,19.47,180.8,106.07,16.7,11.07,25.11,12.46,6.66,49.12
2026-07-11 03:25:50,20.8,265.3,102.88,9.7,10.96,24.59,15.52,2.53,46.39
2026-07-11 03:36:35,20.13,290.4,73.04,22.6,14.45,24.37,19.74,3.55,45.87
2026-07-11 03:45:22,19.63,229.6,85.93,39.6,7.93,29.77,13.69,6.59,44.43
2026-07-11 03:51:34,19.92,308.7,77.5,35.6,10.2,34.55,19.62,4.6,46.6
2026-07-11 03:59:00,20.67,285.8,77.76,18.1,8.16,13.54,16.76,4.23,44.26
2026-07-11 04:12:47,20.58,295.9,93.63,30.3,4.08,24.7,12.31,0.71,44.87
2026-07-11 04:21:25,20.77,270.4,82.38,19.9,18.39,22.44,11.94,0.09,46.75
2026-07-11 04:27:10,20.97,376.2,82.01,27.5,9.0,35.26,14.8,12.38,47.57
2026-07-11 04:39:28,21.19,317.2,67.94,20.5,5.18,30.32,17.84,2.06,47.91
2026-07-11 04:47:50,21.28,304.1,61.28,13.7,12.3,33.35,14.56,2.7,45.75
2026-07-11 04:54:55,19.67,280.8,62.68,38.0,9.23,22.29,14.1,1.79,46.06
2026-07-11 05:06:29,21.05,377.2,54.38,7.4,11.49,22.8,10.13,2.65,47.9
2026-07-11 05:11:47,21.54,310.4,47.79,16.7,7.92,21.27,17.95,1.29,49.4
2026-07-11 05:20:44,21.75,336.1,65.22,22.9,14.2,28.72,22.67,4.09,50.29
2026-07-11 05:27:46,21.01,314.0,48.29,13.6,11.7,23.66,16.28,3.67,49.08
2026-07-11 05:41:25,21.2,439.2,44.82,6.0,17.44,26.06,16.67,5.66,51.5
2026-07-11 05:55:46,22.04,394.2,72.08,32.9,9.64,21.55,17.08,0.81,53.41
2026-07-11 06:09:06,23.08,433.3,35.63,25.0,11.99,15.7,15.83,0.89,52.28
2026-07-11 06:22:23,22.55,453.2,46.56,37.4,11.91,17.6,14.39,14.64,51.64
2026-07-11 06:28:53,22.19,420.6,62.0,22.4,6.79,24.06,21.79,0.42,50.27
2026-07-11 06:43:38,22.74,417.8,62.32,5.7,14.16,21.91,13.56,0.78,51.5
2026-07-11 06:53:25,22.41,414.2,62.58,18.6,7.62,34.4,19.15,6.0,53.1
2026-07-11 06:59:21,22.69,438.1,58.9,21.8,9.43,30.68,18.48,5.86,51.41
2026-07-11 07:12:46,23.36,455.6,62.58,32.0,9.92,28.11,11.47,2.33,51.86
2026-07-11 07:21:09,22.48,447.1,46.83,9.3,13.67,27.69,22.69,5.33,51.28
2026-07-11 07:32:28,23.0,486.0,61.45,5.0,13.39,34.13,6.47,5.07,53.57
2026-07-11 07:41:40,23.28,447.1,83.09,32.1,9.78,20.74,16.94,9.41,54.73
2026-07-11 07:50:02,23.39,510.7,84.61,24.1,9.6,16.62,14.97,2.72,53.11
2026-07-11 07:57:24,23.06,539.2,73.87,24.7,9.9,22.86,15.4,3.91,50.45
2026-07-11 08:02:54,23.42,465.5,70.82,29.4,7.87,22.37,13.43,0.98,53.71
2026-07-11 08:15:51,24.31,552.3,94.33,37.6,9.32,24.99,13.21,2.33,51.26
2026-07-11 08:23:06,24.64,536.3,67.83,15.0,8.97,17.35,15.61,2.44,53.42
2026-07-11 08:37:54,23.94,582.8,100.96,19.6,11.84,35.56,16.61,0.95,54.47
2026-07-11 08:52:28,24.52,559.8,90.62,19.8,11.63,23.73,17.77,7.99,54.07
2026-07-11 09:01:05,24.09,557.7,113.94,17.9,9.71,17.83,15.36,4.22,55.89
2026-07-11 09:08:52,23.91,549.0,101.89,13.9,14.89,24.68,15.11,19.57,56.13
2026-07-11 09:16:05,24.88,546.8,95.12,7.5,12.19,26.16,7.37,3.76,53.91
2026-07-11 09:22:05,24.33,561.3,86.24,13.4,6.83,21.04,12.61,3.25,54.77
2026-07-11 09:30:17,25.4,598.8,83.59,31.5,8.47,22.81,8.58,3.74,54.65
2026-07-11 09:40:20,24.72,562.0,103.09,18.9,14.64,19.64,12.61,2.12,56.48
2026-07-11 09:52:22,24.92,558.7,95.26,38.8,18.41,35.53,11.17,1.43,57.77
2026-07-11 09:57:38,25.46,618.9,89.03,27.1,5.74,25.56,19.99,3.37,54.95
2026-07-11 10:08:10,24.18,642.7,111.91,5.9,12.15,23.63,18.5,5.5,54.26
2026-07-11 10:14:11,25.72,585.2,113.44,32.3,15.88,24.73,13.64,2.51,57.18
2026-07-11 10:20:36,25.38,582.0,112.07,11.5,10.87,25.9,11.36,19.8,56.69
2026-07-11 10:29:22,24.98,586.4,96.08,29.9,11.68,23.27,10.62,3.8,58.03
2026-07-11 10:37:59,25.09,599.6,116.26,14.3,3.36,30.19,10.37,1.22,54.45
2026-07-11 10:43:54,24.34,661.8,103.8,10.5,14.38,24.8,18.96,0.28,55.77
2026-07-11 10:52:00,25.15,675.4,105.83,22.4,8.89,26.53,8.22,0.59,54.95
2026-07-11 11:02:12,24.41,625.4,102.68,25.3,11.28,28.66,15.4,2.27,54.26
2026-07-11 11:13:41,25.0,618.4,112.61,24.3,8.33,25.43,10.06,1.95,57.75
2026-07-11 11:21:22,25.23,637.7,123.26,34.5,7.97,17.12,14.68,2.19,56.46
2026-07-11 11:29:59,24.1,679.0,111.81,25.6,6.81,24.63,12.6,0.88,53.08
2026-07-11 11:44:38,24.86,617.0,118.66,29.2,1.39,26.65,14.37,1.55,58.31
2026-07-11 11:57:27,25.11,619.1,111.45,30.2,7.61,25.31,20.08,1.94,51.79
2026-07-11 12:04:42,25.96,636.9,102.66,30.1,7.97,17.03,15.51,4.27,54.55
2026-07-11 12:12:16,24.58,649.4,114.37,20.0,12.01,21.45,11.95,1.96,53.0
2026-07-11 12:23:36,25.05,712.1,121.39,9.8,10.23,26.3,8.5,9.69,53.91
2026-07-11 12:38:27,25.04,700.1,87.53,21.5,12.51,21.66,7.73,5.89,54.4
2026-07-11 12:52:07,25.11,625.2,95.73,18.2,14.72,24.42,14.69,13.34,51.8
2026-07-11 13:00:44,24.8,674.1,128.67,6.3,9.81,25.47,20.43,7.35,56.23
2026-07-11 13:12:54,24.7,619.9,99.97,37.5,13.01,28.16,13.77,4.4,53.6
2026-07-11 13:25:10,23.95,639.1,100.2,17.5,8.25,26.24,15.75,6.79,56.41
2026-07-11 13:39:40,24.05,608.6,103.71,26.8,11.23,25.97,9.83,5.33,57.16
2026-07-11 13:48:33,24.4,597.2,99.45,6.8,7.52,23.61,10.4,0.21,54.01
2026-07-11 14:00:59,25.41,611.9,97.04,17.9,7.15,33.77,18.05,8.64,56.31
2026-07-11 14:12:24,25.56,594.9,97.37,9.9,11.48,21.67,13.68,0.6,52.76
2026-07-11 14:18:00,24.16,603.4,109.04,32.8,10.45,25.8,19.88,0.36,53.96
2026-07-11 14:28:01,24.97,633.3,86.31,25.4,10.3,14.53,11.22,16.32,56.23
2026-07-11 14:40:38,24.38,635.9,99.13,17.6,12.28,29.21,16.71,1.93,56.28
2026-07-11 14:54:47,23.69,579.4,97.94,8.4,9.43,23.64,13.5,6.82,51.95
2026-07-11 15:00:00,23.61,564.2,90.45,7.4,17.0,28.93,14.47,0.08,56.0
2026-07-11 15:07:08,23.61,594.0,87.25,39.7,5.95,26.78,16.82,9.3,56.28
2026-07-11 15:12:10,25.18,584.1,89.91,23.5,13.32,29.91,15.93,0.83,57.47
2026-07-11 15:20:55,24.08,546.0,69.83,18.7,14.34,25.31,12.98,10.26,56.47
2026-07-11 15:29:24,23.2,592.5,100.26,32.3,14.82,25.63,12.22,2.04,51.23
2026-07-11 15:40:24,24.07,558.0,76.2,6.9,12.82,24.57,20.52,8.99,53.17
2026-07-11 15:50:52,24.04,494.5,78.73,22.0,7.01,27.68,13.25,8.16,48.53
2026-07-11 16:01:55,22.91,459.8,68.3,15.8,9.65,30.53,20.49,0.21,50.28
2026-07-11 16:10:58,23.75,567.2,93.06,32.2,12.63,23.69,5.79,8.25,53.8
2026-07-11 16:16:08,23.34,525.5,84.3,32.4,3.43,25.2,15.42,1.45,50.93
2026-07-11 16:27:04,23.01,479.8,88.46,25.3,13.25,29.92,19.23,7.18,53.91
2026-07-11 16:40:35,23.45,497.2,83.74,24.3,11.49,13.08,15.12,11.84,51.82
2026-07-11 16:53:14,22.64,466.0,65.0,13.7,18.27,16.64,13.55,0.07,51.23
2026-07-11 16:58:34,23.13,484.7,85.54,23.0,9.84,27.87,12.69,16.68,52.93
2026-07-11 17:13:15,23.03,432.4,62.39,28.0,9.21,21.81,19.4,0.16,50.28
2026-07-11 17:19:27,21.47,418.0,56.43,35.8,10.09,18.73,11.46,10.02,54.41
2026-07-11 17:34:17,22.55,431.5,54.03,24.0,11.95,21.58,8.31,2.02,48.2
2026-07-11 17:45:04,22.04,448.4,57.42,26.7,14.56,20.23,10.3,0.56,48.21
2026-07-11 17:51:41,21.99,445.6,34.36,17.2,9.33,25.34,9.33,7.73,51.5
2026-07-11 18:04:50,22.22,383.9,52.98,25.9,8.1,22.88,13.97,10.11,50.05
2026-07-11 18:14:27,21.42,401.1,65.84,18.7,4.51,20.38,14.14,9.71,48.93
2026-07-11 18:25:47,22.09,381.1,42.57,19.0,4.6,25.13,11.62,4.85,50.2
2026-07-11 18:38:49,21.1,392.9,63.43,14.9,11.89,25.4,12.89,11.22,45.49
2026-07-11 18:46:37,21.05,364.5,70.85,39.0,7.42,24.72,12.03,2.49,46.86
2026-07-11 18:52:33,20.93,403.9,56.54,12.6,9.34,18.94,23.17,5.38,48.67
2026-07-11 19:01:28,20.88,330.1,62.31,12.0,9.13,22.03,8.33,14.62,49.97
2026-07-11 19:08:04,21.36,319.0,56.2,15.4,9.86,15.93,17.05,7.77,45.12
2026-07-11 19:14:31,21.33,329.9,82.81,33.2,13.92,30.42,20.5,10.11,49.52
2026-07-11 19:25:54,19.95,291.1,64.6,28.3,13.1,12.98,13.62,8.41,47.29
2026-07-11 19:36:03,20.56,269.2,61.92,29.4,8.92,21.14,11.62,1.6,47.26
2026-07-11 19:50:30,20.83,274.4,64.77,19.7,10.57,24.88,11.31,2.09,44.64
2026-07-11 20:05:25,20.5,292.7,73.1,22.7,10.11,29.13,16.22,3.53,47.72
2026-07-11 20:17:45,19.99,251.5,78.64,38.2,13.67,26.65,16.34,12.75,44.5
2026-07-11 20:29:30,20.14,246.2,93.37,7.3,5.38,28.87,14.4,8.92,45.82
2026-07-11 20:37:57,19.91,228.3,95.16,16.4,8.63,30.82,14.98,16.14,46.43
2026-07-11 20:48:20,19.91,251.8,81.26,8.3,5.88,27.95,7.99,25.36,49.29
2026-07-11 21:00:46,19.54,257.7,96.44,39.0,12.92,23.99,21.37,0.46,45.45
2026-07-11 21:12:08,20.47,216.3,94.51,5.2,12.22,28.12,11.34,1.78,43.26
2026-07-11 21:25:27,19.42,234.3,91.69,35.0,11.89,22.42,12.1,7.45,41.51
2026-07-11 21:36:50,19.31,199.8,100.36,35.5,11.37,29.46,13.86,3.64,41.33
2026-07-11 21:49:41,19.11,193.3,79.84,18.4,9.2,19.06,13.75,9.75,43.69
2026-07-11 21:56:20,18.07,190.5,99.66,25.8,16.75,27.25,16.5,2.43,41.74
2026-07-11 22:02:45,19.39,193.5,103.38,28.5,10.05,24.42,21.3,0.66,44.3
2026-07-11 22:07:47,19.26,219.7,108.87,13.1,11.77,26.02,12.48,6.27,43.23
2026-07-11 22:21:14,20.46,266.3,107.26,22.4,11.87,28.42,10.22,1.96,44.45
2026-07-11 22:35:42,19.54,202.0,100.99,6.6,8.0,23.02,15.28,9.27,45.78
2026-07-11 22:50:29,19.57,214.5,101.95,25.6,7.61,33.41,17.3,7.17,47.56
2026-07-11 22:56:17,18.14,111.4,99.56,31.9,10.75,23.12,13.37,4.77,42.58
2026-07-11 23:01:35,18.84,174.6,117.13,7.2,11.07,31.34,15.82,6.13,45.05
2026-07-11 23:08:52,19.4,192.1,109.07,14.0,9.54,22.66,16.99,7.83,42.83
2026-07-11 23:21:41,18.28,126.5,105.91,19.7,6.95,22.24,4.45,19.09,45.14
2026-07-11 23:30:05,19.42,148.6,127.66,20.0,11.51,25.68,15.08,1.01,41.43
2026-07-11 23:37:56,19.16,182.8,102.6,37.0,12.58,27.75,20.33,1.92,42.32
2026-07-11 23:46:42,18.79,192.4,102.61,10.4,13.17,27.24,17.37,4.54,42.7
2026-07-11 23:54:39,18.6,136.9,103.01,10.7,11.56,30.17,8.99,5.59,42.67
2026-07-12 00:02:10,18.7,125.8,114.87,20.0,7.68,27.53,12.37,6.64,44.39
2026-07-12 00:15:01,19.24,167.9,116.3,31.6,10.93,23.13,10.42,2.2,44.87
2026-07-12 00:27:15,19.86,165.8,103.46,15.5,9.83,21.54,15.88,7.47,42.45
2026-07-12 00:39:21,18.61,209.3,106.28,29.9,13.46,25.62,19.18,3.67,45.03
2026-07-12 00:51:49,19.81,147.2,115.87,15.0,15.77,27.21,20.66,13.44,42.99
2026-07-12 00:57:58,18.4,232.9,101.22,28.8,12.79,23.89,18.81,14.55,47.67
2026-07-12 01:12:02,19.26,217.8,102.38,27.4,11.78,17.41,18.85,3.18,47.0
2026-07-12 01:26:24,19.76,168.7,96.75,5.6,15.71,35.51,17.52,0.2,44.51
2026-07-12 01:40:46,19.38,188.5,108.58,9.9,3.35,18.71,16.41,8.39,45.12
2026-07-12 01:49:09,19.04,174.5,107.95,36.9,13.56,36.12,21.36,13.7,43.45
2026-07-12 01:54:47,19.56,222.3,114.97,31.1,11.77,27.57,16.32,2.05,46.9
2026-07-12 02:02:45,19.84,199.2,106.77,24.0,7.42,19.11,16.84,8.3,45.33
2026-07-12 02:13:33,18.23,180.8,87.3,31.7,11.52,26.85,12.5,11.84,44.69
2026-07-12 02:22:06,19.42,175.7,89.55,19.5,14.54,23.56,12.53,6.32,46.25
2026-07-12 02:36:41,19.09,216.5,99.1,35.8,9.32,26.75,12.61,6.07,45.68
2026-07-12 02:51:17,20.13,238.5,88.25,39.6,12.8,19.76,13.36,5.09,46.63
2026-07-12 02:56:47,20.26,272.2,79.05,16.5,8.11,39.45,14.41,4.73,45.51
2026-07-12 03:08:04,19.56,215.0,87.76,30.3,9.25,32.69,15.48,2.87,51.6
2026-07-12 03:22:03,19.51,210.2,82.39,12.6,8.58,24.63,9.78,10.9,44.96
2026-07-12 03:36:51,19.95,241.1,106.88,21.1,8.76,22.64,16.59,16.51,49.14
2026-07-12 03:49:02,20.76,286.7,82.76,8.2,8.18,29.99,19.14,2.52,45.49
2026-07-12 03:57:32,20.69,343.7,72.06,12.1,10.78,25.96,14.27,3.51,48.01
2026-07-12 04:07:14,19.95,259.5,84.21,20.1,12.82,20.99,17.94,1.56,43.67
2026-07-12 04:21:59,21.19,312.1,78.12,28.5,9.46,16.75,19.48,7.02,46.56
2026-07-12 04:31:14,21.52,320.3,67.03,26.5,7.67,27.73,16.67,0.41,44.51
2026-07-12 04:45:24,20.75,350.1,72.07,12.2,10.37,31.92,16.99,0.78,47.07
2026-07-12 04:51:45,21.56,289.3,62.83,39.6,10.32,18.72,10.78,22.4,46.48
2026-07-12 05:01:15,21.52,320.2,65.06,8.5,11.78,17.19,12.19,0.91,49.95
2026-07-12 05:07:38,21.59,392.7,46.78,20.2,6.17,28.29,15.48,11.29,45.27
2026-07-12 05:15:11,21.53,358.8,59.65,35.5,14.32,23.52,8.65,4.82,49.6
2026-07-12 05:24:18,21.7,410.8,55.68,15.2,9.34,26.36,11.56,6.09,51.47
2026-07-12 05:30:14,21.35,338.2,56.99,26.0,11.76,22.13,16.63,2.68,50.36
2026-07-12 05:44:46,21.93,391.7,46.17,9.7,8.37,17.86,12.95,0.98,46.46
2026-07-12 05:55:52,21.57,429.0,51.04,15.1,9.52,24.86,19.96,0.44,49.29
2026-07-12 06:06:32,22.77,435.2,62.98,37.5,8.25,16.17,16.37,5.27,48.26
2026-07-12 06:20:56,22.26,401.7,61.77,20.1,3.0,25.61,14.38,0.52,49.97
2026-07-12 06:28:33,22.18,459.4,71.62,31.9,4.59,32.48,20.18,3.85,48.41
2026-07-12 06:34:07,21.99,414.1,66.1,34.5,13.49,24.25,14.64,2.86,50.97
2026-07-12 06:44:20,23.58,491.2,72.67,16.1,12.98,27.63,13.27,2.9,49.96
2026-07-12 06:51:58,23.3,496.5,69.09,25.9,8.64,29.97,15.04,1.84,49.97
2026-07-12 07:01:16,22.34,435.8,67.02,21.1,10.23,21.7,16.87,5.77,52.14
2026-07-12 07:09:15,22.72,491.1,74.39,35.4,10.31,22.46,18.36,12.19,49.91
2026-07-12 07:14:39,23.23,475.6,90.55,11.7,10.95,23.94,16.41,2.68,52.42
2026-07-12 07:28:01,23.18,514.5,55.36,15.5,8.7,29.62,19.53,1.1,49.45
2026-07-12 07:37:12,24.0,560.0,76.92,26.5,14.3,24.86,13.03,4.2,51.05
2026-07-12 07:46:36,23.35,535.2,70.06,35.1,11.87,23.66,10.88,0.46,50.98
2026-07-12 07:52:43,23.71,529.2,74.53,7.9,12.39,23.06,17.71,0.73,55.88
2026-07-12 07:58:19,23.76,538.6,81.35,28.1,12.52,23.55,7.64,4.53,53.15
2026-07-12 08:07:36,22.93,516.7,68.49,19.2,13.27,24.09,1.26,1.25,50.94
2026-07-12 08:14:16,23.99,572.4,55.28,18.6,10.2,30.32,15.17,0.46,54.33
2026-07-12 08:22:54,24.47,549.2,70.91,16.3,12.49,26.09,19.69,0.04,53.19
2026-07-12 08:31:15,24.83,526.2,96.8,10.0,10.28,16.62,7.45,5.26,52.3
2026-07-12 08:45:20,23.81,588.2,78.34,9.4,14.0,22.76,17.78,13.62,58.33
2026-07-12 08:52:21,24.62,624.1,90.13,35.6,8.08,28.68,13.99,1.88,53.66
2026-07-12 09:03:56,24.63,534.2,100.08,31.9,7.55,21.57,12.85,4.97,52.63
2026-07-12 09:10:49,24.65,563.8,78.58,5.2,9.59,26.81,9.04,1.15,56.28
2026-07-12 09:23:15,24.83,535.7,89.73,30.2,15.21,22.13,15.09,5.12,54.56
2026-07-12 09:32:45,23.53,621.4,107.31,7.5,12.67,27.54,12.44,0.49,53.81
2026-07-12 09:39:37,24.39,593.3,89.68,38.3,14.86,23.7,16.44,4.38,52.5
2026-07-12 09:46:29,24.15,640.9,85.19,23.0,13.31,26.18,17.14,3.48,52.12
2026-07-12 09:51:46,24.22,649.9,108.3,31.4,7.31,23.04,23.48,4.77,57.07
2026-07-12 10:02:32,24.38,595.5,99.39,20.8,2.63,16.06,9.87,3.51,55.39
2026-07-12 10:10:31,24.52,595.1,100.5,33.5,11.54,22.55,14.12,6.67,50.35
2026-07-12 10:16:13,25.22,546.4,103.53,6.7,8.79,23.91,15.17,9.26,56.33
2026-07-12 10:24:55,25.02,565.0,101.58,17.7,7.59,23.01,16.26,5.81,54.83
2026-07-12 10:36:42,24.56,614.5,116.7,10.2,9.01,28.25,15.77,2.32,54.26
2026-07-12 10:42:40,24.71,589.3,100.16,17.6,11.2,26.56,15.38,4.84,59.05
2026-07-12 10:50:08,24.04,629.8,113.76,33.8,8.91,22.18,15.61,4.01,50.23
2026-07-12 11:04:55,25.19,684.9,101.62,13.6,13.79,25.31,14.44,7.36,56.84
2026-07-12 11:16:03,25.25,588.6,113.5,15.7,7.7,21.52,8.43,2.36,54.6
2026-07-12 11:24:34,25.05,651.0,105.8,5.8,7.46,24.25,11.55,5.05,52.48
2026-07-12 11:35:03,25.23,600.0,118.12,20.4,12.49,34.14,17.39,3.61,56.23
2026-07-12 11:45:36,25.02,663.4,110.11,37.3,10.3,27.47,14.59,6.11,56.8
2026-07-12 11:56:08,26.13,700.6,105.68,25.7,5.95,25.02,17.63,4.91,63.28
2026-07-12 12:05:36,24.95,640.4,101.89,38.6,12.31,26.33,15.56,2.91,60.05
2026-07-12 12:16:44,25.3,603.8,90.99,38.8,7.32,28.8,18.77,18.75,53.99
2026-07-12 12:23:51,24.3,679.0,120.98,8.0,8.51,27.4,13.35,0.99,54.09
2026-07-12 12:37:19,25.26,605.1,100.38,35.2,9.56,31.85,13.0,2.79,57.52
2026-07-12 12:49:45,25.37,636.2,110.21,36.5,7.98,32.13,14.7,3.23,56.4
2026-07-12 13:00:56,25.18,623.6,113.4,14.4,7.84,24.49,12.94,13.38,56.19
2026-07-12 13:14:58,24.52,595.9,121.48,13.2,8.83,25.08,16.25,7.74,53.73
2026-07-12 13:20:14,24.73,657.0,109.91,21.8,7.84,26.36,12.81,12.08,59.66
2026-07-12 13:34:24,25.14,630.3,84.41,34.1,5.78,15.46,7.15,9.73,54.97
2026-07-12 13:47:02,25.17,579.6,110.3,23.4,6.78,33.08,11.22,0.27,55.22
2026-07-12 14:01:34,24.74,625.2,117.26,13.7,7.24,32.47,19.7,3.57,54.76
2026-07-12 14:08:12,25.42,608.4,112.95,34.7,9.11,23.42,11.6,1.29,57.13
2026-07-12 14:19:03,24.75,590.2,101.43,20.9,6.83,28.99,6.71,4.05,55.91
2026-07-12 14:30:34,24.29,623.7,99.98,38.5,4.75,15.59,12.8,1.11,56.15
2026-07-12 14:45:19,24.15,516.3,95.29,31.2,9.25,26.76,10.96,6.3,51.79
2026-07-12 14:54:40,22.65,588.9,106.22,11.5,9.76,13.15,13.97,1.21,53.48
2026-07-12 15:00:45,23.38,579.5,87.2,27.0,13.49,17.58,14.08,1.6,55.63
2026-07-12 15:13:52,23.86,588.0,76.26,15.4,10.93,26.85,10.07,1.25,50.66
2026-07-12 15:26:41,23.41,555.6,87.56,8.2,6.5,26.83,14.65,1.62,52.31
2026-07-12 15:41:07,24.1,537.9,81.02,8.0,9.12,22.62,12.98,2.93,51.9
2026-07-12 15:48:58,23.95,501.3,84.12,37.5,6.34,30.2,12.04,2.67,52.72
2026-07-12 15:56:44,23.72,487.9,96.05,39.1,7.18,30.52,12.96,0.68,52.2
2026-07-12 16:05:50,24.01,521.2,75.54,8.7,7.7,28.2,19.45,1.47,55.57
2026-07-12 16:20:15,23.25,528.1,57.23,15.8,12.16,25.12,12.55,7.82,52.93
2026-07-12 16:30:03,22.64,517.7,97.39,10.3,8.95,18.63,6.78,17.3,54.97
2026-07-12 16:37:39,22.09,450.9,82.13,29.5,8.99,26.24,13.87,4.89,52.75
2026-07-12 16:48:12,22.99,484.2,58.6,33.8,11.97,23.24,13.3,3.94,52.2
2026-07-12 16:56:45,22.41,495.1,68.52,37.9,12.7,23.35,6.05,5.32,52.25
2026-07-12 17:03:27,22.34,517.2,69.67,17.8,4.59,27.52,17.51,1.91,47.92
2026-07-12 17:17:26,23.04,437.7,67.92,28.8,8.66,23.01,18.64,3.06,49.36
2026-07-12 17:27:59,23.17,509.5,49.53,33.8,14.49,34.08,19.83,5.35,51.13
2026-07-12 17:42:12,21.99,379.5,55.45,17.9,8.05,18.75,17.64,8.26,51.85
2026-07-12 17:47:47,21.19,433.4,67.97,16.9,8.23,29.32,11.31,12.36,52.9
2026-07-12 17:59:35,22.38,399.3,39.56,32.9,14.59,21.15,14.74,0.24,49.29
2026-07-12 18:11:05,21.84,342.5,59.96,29.2,2.53,23.7,15.09,1.14,46.01
2026-07-12 18:26:04,21.94,367.7,44.98,22.4,7.33,23.14,16.51,10.12,49.26
2026-07-12 18:40:29,21.44,353.3,53.59,25.4,8.07,23.61,12.02,0.24,48.31
2026-07-12 18:47:58,20.47,354.6,51.07,34.2,11.83,31.4,12.18,5.41,52.97
2026-07-12 19:02:49,21.3,362.2,68.43,16.6,15.69,25.02,10.59,5.58,49.11
2026-07-12 19:17:28,21.29,283.9,59.24,10.0,7.36,32.07,11.75,4.15,47.85
2026-07-12 19:28:16,21.2,301.2,70.18,25.8,8.7,23.89,15.65,2.72,44.35
2026-07-12 19:34:49,20.72,354.3,75.96,25.5,11.48,26.93,14.49,6.03,45.95
2026-07-12 19:44:30,21.03,355.9,71.98,20.9,9.34,20.77,9.81,5.71,45.54
2026-07-12 19:49:39,20.31,222.9,81.14,26.8,5.55,22.51,17.49,3.89,43.82
2026-07-12 20:00:27,19.75,267.6,78.82,27.3,11.35,26.55,13.88,2.94,48.06
2026-07-12 20:14:18,20.4,260.3,95.11,39.1,10.88,22.62,18.09,1.94,47.56
2026-07-12 20:24:27,20.59,264.4,81.6,31.0,11.49,17.11,14.11,5.38,44.03
2026-07-12 20:30:39,20.64,237.3,101.91,35.2,8.84,33.39,19.97,0.6,44.19
2026-07-12 20:37:05,19.82,310.6,96.55,34.3,15.36,29.96,17.94,9.05,46.41
2026-07-12 20:45:32,20.38,193.2,93.91,39.5,8.39,24.89,9.98,7.23,49.84
2026-07-12 20:53:53,20.43,265.2,92.15,15.9,5.52,23.43,16.25,2.9,47.66
2026-07-12 21:07:12,19.82,204.3,87.76,13.0,7.06,32.03,16.73,0.06,44.44
2026-07-12 21:14:43,20.57,204.2,108.51,14.9,16.34,17.61,15.62,6.88,46.16
2026-07-12 21:25:00,20.66,207.2,89.83,26.0,8.6,22.86,14.29,3.09,45.06
2026-07-12 21:38:35,19.24,211.3,87.77,37.6,8.93,24.12,18.57,5.12,43.22
2026-07-12 21:46:48,20.21,192.1,106.58,33.0,7.06,28.63,13.57,2.95,45.35
2026-07-12 21:55:09,19.48,181.4,99.04,31.3,11.24,34.35,6.3,1.92,47.87
2026-07-12 22:00:15,19.31,177.1,132.78,26.9,13.44,30.98,16.03,2.13,45.01
2026-07-12 22:07:07,18.37,215.7,101.36,5.8,11.7,16.98,14.54,2.78,45.46
2026-07-12 22:21:22,19.75,139.2,103.25,36.8,9.21,23.47,6.58,3.43,41.26
2026-07-12 22:35:03,19.57,192.3,102.3,10.7,6.43,26.89,18.9,1.19,48.47
2026-07-12 22:45:28,19.02,147.6,101.98,12.9,10.38,20.06,15.55,6.75,47.21
2026-07-12 22:54:34,18.97,187.7,121.22,12.6,11.88,22.44,17.6,7.48,44.09
2026-07-12 23:07:54,19.16,199.6,128.16,19.7,6.91,13.78,16.37,13.71,42.25
2026-07-12 23:14:04,19.47,170.2,114.96,9.1,10.28,19.09,18.22,4.12,46.53
2026-07-12 23:26:42,18.4,160.7,120.61,17.6,10.76,32.91,8.11,2.87,43.05
2026-07-12 23:32:55,19.4,161.7,96.93,18.8,9.61,27.04,14.16,0.74,42.86
2026-07-12 23:46:19,18.65,150.7,104.82,27.8,9.63,18.94,6.39,0.48,43.29
2026-07-12 23:59:14,19.26,79.1,106.36,12.3,12.96,28.97,11.03,1.5,44.24
2026-07-13 00:09:31,18.72,143.0,99.34,22.0,8.74,21.29,24.03,7.52,41.47
2026-07-13 00:22:19,18.64,231.0,122.03,5.6,13.39,27.55,23.43,15.41,38.42
2026-07-13 00:29:10,19.27,193.2,100.06,6.9,8.7,19.75,17.67,7.91,43.01
2026-07-13 00:42:44,18.58,158.6,101.04,37.2,12.56,23.66,13.28,9.21,41.27
2026-07-13 00:55:49,17.8,181.3,103.7,7.4,10.95,27.18,21.65,2.01,42.17
2026-07-13 01:08:32,19.03,164.4,111.84,13.1,11.68,28.08,22.12,6.23,45.99
2026-07-13 01:22:21,19.68,204.6,98.96,6.6,7.32,24.94,8.51,5.41,41.22
2026-07-13 01:35:51,19.64,200.5,101.27,34.3,11.86,16.83,15.54,7.27,44.71
2026-07-13 01:44:15,19.09,202.1,101.57,39.9,10.42,26.79,11.68,5.89,45.62
2026-07-13 01:49:24,19.76,200.8,105.86,39.8,12.8,23.7,18.32,6.65,47.08
2026-07-13 01:58:44,19.02,217.6,85.24,37.7,11.57,27.16,14.04,3.92,47.82
2026-07-13 02:05:55,20.35,217.7,117.48,21.2,11.48,27.45,16.12,0.77,45.18
2026-07-13 02:11:04,19.46,157.5,115.59,39.1,11.52,24.66,25.79,1.89,46.1
2026-07-13 02:22:47,19.18,195.6,91.95,29.0,10.8,31.27,15.72,1.04,47.82
2026-07-13 02:30:02,20.4,207.9,113.81,27.2,12.15,19.31,17.66,6.48,45.05
2026-07-13 02:35:33,20.26,190.2,106.12,5.3,9.45,31.71,16.81,0.74,43.16
2026-07-13 02:46:11,20.3,216.2,91.74,16.7,12.19,26.5,16.48,5.22,42.77
2026-07-13 02:56:27,19.99,225.9,101.57,34.7,7.26,24.27,9.67,0.15,44.97
2026-07-13 03:01:38,20.36,242.4,97.3,21.4,6.39,25.53,16.27,2.7,47.63
2026-07-13 03:14:01,19.76,169.0,105.95,22.6,6.2,23.71,12.64,1.56,45.61
2026-07-13 03:25:23,20.15,220.1,94.76,10.0,9.43,21.02,14.39,0.75,48.62
2026-07-13 03:35:02,19.94,270.0,93.03,13.6,9.18,24.38,8.95,0.77,46.15
2026-07-13 03:44:03,21.54,283.7,96.61,39.6,11.96,21.36,11.23,0.41,45.44
2026-07-13 03:50:28,20.66,245.1,99.32,30.0,9.12,22.37,15.06,7.27,47.03
2026-07-13 04:02:21,20.87,256.4,75.58,6.9,10.18,27.98,15.71,16.62,44.98
2026-07-13 04:08:00,20.83,273.3,97.92,22.8,9.59,27.88,11.98,3.8,47.49
2026-07-13 04:21:39,19.26,346.9,78.44,33.6,15.1,27.74,14.85,20.8,44.65
2026-07-13 04:27:53,20.61,291.2,79.81,20.6,4.23,29.19,15.58,3.97,50.93
2026-07-13 04:33:04,20.69,308.2,57.64,31.7,12.31,19.49,11.69,3.94,48.65
2026-07-13 04:38:11,21.21,354.4,63.04,35.8,14.38,34.96,11.86,4.75,49.66
2026-07-13 04:48:05,21.31,365.0,67.78,24.0,9.43,24.72,17.08,7.47,47.95
2026-07-13 04:54:06,21.24,276.6,78.32,21.0,12.29,18.21,14.22,8.5,45.13
2026-07-13 05:03:41,21.63,394.0,64.41,17.0,14.74,23.94,5.26,1.97,46.81
2026-07-13 05:14:42,21.08,397.9,73.51,18.1,10.29,8.74,17.36,1.18,45.2
2026-07-13 05:29:29,21.47,353.6,68.03,16.1,14.53,24.18,10.82,1.31,54.1
2026-07-13 05:37:25,21.26,347.5,54.31,12.5,10.39,25.47,12.65,2.12,48.82
2026-07-13 05:51:32,21.63,358.5,42.72,28.8,10.43,23.08,10.74,0.18,50.85
2026-07-13 05:59:36,22.64,375.5,44.13,11.4,9.95,21.92,10.91,0.89,49.31
2026-07-13 06:13:57,22.93,354.4,42.33,20.2,8.98,17.98,18.36,7.49,48.65
2026-07-13 06:21:44,21.78,392.7,55.88,26.9,8.18,32.27,21.51,4.98,50.6
2026-07-13 06:35:13,21.99,424.7,53.75,31.1,8.27,28.7,14.91,2.67,51.59
2026-07-13 06:46:08,23.02,459.4,62.61,7.7,15.07,33.02,14.59,0.23,51.18
2026-07-13 07:01:01,23.41,464.1,69.12,6.9,11.21,25.74,21.63,0.22,49.34
2026-07-13 07:07:11,22.53,413.6,89.86,6.7,9.33,24.46,13.63,2.96,52.08
2026-07-13 07:15:17,23.01,472.6,78.72,23.8,11.85,24.52,19.46,2.17,49.0
2026-07-13 07:25:22,22.77,494.7,50.22,11.7,12.88,26.36,12.06,3.62,55.09
2026-07-13 07:38:22,22.84,473.7,64.58,6.4,10.75,14.04,16.97,0.65,56.22
2026-07-13 07:48:04,23.48,498.9,81.95,15.7,10.37,24.36,19.33,0.68,48.29
2026-07-13 07:58:35,22.55,531.3,93.76,28.5,11.71,31.16,22.2,12.32,50.41
2026-07-13 08:06:39,22.55,507.4,76.49,31.8,9.86,19.69,13.47,2.38,55.5
2026-07-13 08:12:48,23.07,556.5,74.24,19.4,6.0,26.57,13.42,0.91,53.01
2026-07-13 08:24:44,23.76,606.0,85.95,5.5,9.33,21.74,19.03,1.06,52.74
2026-07-13 08:36:04,23.31,548.7,101.53,13.4,12.91,26.23,12.59,0.99,52.32
2026-07-13 08:48:31,24.72,541.1,79.47,12.8,4.81,26.04,19.71,0.76,52.38
2026-07-13 08:57:14,24.89,566.4,91.52,17.0,10.9,29.29,18.17,2.3,52.16
2026-07-13 09:07:12,24.06,579.6,89.99,29.4,10.56,25.31,13.99,21.77,55.05
2026-07-13 09:18:17,23.8,577.0,90.75,26.3,8.14,25.25,17.78,15.46,56.86
2026-07-13 09:29:16,24.21,568.1,93.59,9.5,14.23,23.68,8.13,1.28,57.63
2026-07-13 09:38:53,25.72,575.2,93.49,23.4,12.28,21.48,11.2,2.31,55.2
2026-07-13 09:45:31,23.94,636.9,108.76,8.8,11.92,23.47,14.66,1.07,53.92
2026-07-13 09:54:18,25.33,621.1,99.68,23.8,12.26,24.41,14.44,5.51,54.53
2026-07-13 10:06:40,24.48,563.4,102.08,36.7,9.57,27.29,17.33,1.28,54.82
2026-07-13 10:13:56,25.46,599.4,114.55,7.3,9.81,33.17,7.28,16.27,55.37
2026-07-13 10:26:05,25.71,611.8,105.25,6.7,8.04,28.88,10.99,8.75,58.41
2026-07-13 10:33:16,24.47,624.5,102.14,6.3,9.43,27.76,18.29,5.21,53.85
2026-07-13 10:47:54,24.9,667.7,88.55,25.9,8.57,17.03,14.23,0.62,55.87
2026-07-13 11:02:23,24.06,654.9,134.47,18.4,10.53,26.51,13.61,8.57,56.63
2026-07-13 11:12:17,24.69,581.8,99.38,29.7,12.59,24.65,12.45,4.13,56.46
2026-07-13 11:17:42,25.0,675.5,95.9,29.2,18.08,29.02,24.54,4.32,56.96
2026-07-13 11:29:28,24.94,616.7,102.01,25.3,6.96,24.49,13.1,2.51,54.47
2026-07-13 11:40:49,24.64,648.5,106.49,25.7,12.19,22.01,17.19,5.76,56.95
2026-07-13 11:46:36,25.45,657.7,98.43,31.6,8.6,21.1,11.19,0.28,58.86
2026-07-13 11:58:16,25.3,693.8,95.58,29.8,9.04,25.81,11.22,4.92,57.47
2026-07-13 12:03:40,24.89,636.6,114.37,35.0,13.51,26.47,16.82,4.08,54.62
2026-07-13 12:12:46,23.92,620.3,124.79,36.6,6.48,11.08,19.36,13.73,58.05
2026-07-13 12:25:25,24.23,589.5,115.83,15.1,4.3,25.2,13.19,14.05,55.04
2026-07-13 12:37:15,23.78,636.0,121.71,8.0,12.34,30.41,14.29,0.49,57.56
2026-07-13 12:52:00,24.94,669.2,131.43,22.2,10.22,26.81,13.35,25.92,57.89
2026-07-13 13:06:14,25.43,656.0,114.81,23.5,10.97,26.78,15.16,6.96,56.37
2026-07-13 13:13:54,24.7,631.9,125.87,29.1,10.73,27.18,17.41,1.47,53.32
2026-07-13 13:25:45,25.02,624.4,109.17,32.6,7.96,23.14,13.15,2.19,52.97
2026-07-13 13:33:50,24.0,649.3,96.1,21.3,8.31,25.14,13.62,6.2,58.31
2026-07-13 13:39:02,25.14,609.9,118.91,31.0,12.22,29.62,12.97,4.26,58.97
2026-07-13 13:48:31,25.3,581.1,91.05,11.9,16.13,18.7,11.86,3.34,53.85
2026-07-13 13:58:43,26.29,637.8,106.79,23.0,9.67,24.62,8.91,4.62,54.33
2026-07-13 14:12:16,23.87,637.0,101.44,12.8,15.88,21.34,17.14,2.74,53.41
2026-07-13 14:18:46,23.91,582.7,103.78,24.0,6.26,29.39,16.67,2.65,54.2
2026-07-13 14:29:33,24.22,586.0,84.8,24.8,12.61,31.65,10.76,0.14,55.35
2026-07-13 14:39:37,24.79,538.0,80.55,17.4,12.41,32.76,11.6,13.04,54.41
2026-07-13 14:48:28,23.75,551.8,88.39,38.4,4.69,18.53,10.42,5.89,54.6
2026-07-13 15:00:25,24.31,529.1,113.9,16.1,10.64,24.43,10.91,0.71,53.4
2026-07-13 15:06:16,23.75,508.7,94.29,12.8,10.24,30.6,14.64,5.46,55.0
2026-07-13 15:17:36,24.22,588.1,70.77,20.7,10.0,18.21,16.89,3.93,55.36
2026-07-13 15:26:55,23.72,508.9,96.83,31.4,14.52,36.14,24.45,0.73,53.59
2026-07-13 15:41:15,23.71,539.1,75.36,28.8,14.67,17.26,11.4,3.55,57.76
2026-07-13 15:54:21,22.64,577.0,79.53,38.0,5.3,20.14,11.65,8.49,56.02
2026-07-13 16:05:37,22.77,545.5,90.3,12.5,11.24,25.5,14.06,4.56,52.23
2026-07-13 16:16:27,23.22,491.4,63.55,30.4,8.32,26.6,14.13,6.75,51.92
2026-07-13 16:26:09,23.26,521.1,64.81,22.2,7.28,29.3,12.26,5.08,54.01
2026-07-13 16:31:14,23.06,489.3,61.16,8.9,5.21,28.17,13.69,1.9,54.63
2026-07-13 16:43:02,22.67,467.7,72.65,32.6,12.77,24.75,13.77,4.8,55.67
2026-07-13 16:49:54,23.62,437.7,55.53,32.0,11.83,24.3,20.45,0.9,52.02
2026-07-13 16:57:17,22.73,456.3,72.1,34.7,8.57,18.2,20.64,2.76,54.41
2026-07-13 17:09:46,22.95,426.8,55.07,9.2,11.81,27.54,12.25,8.1,53.7
2026-07-13 17:19:11,23.1,495.7,56.68,23.1,10.18,15.94,9.14,18.93,51.54
2026-07-13 17:31:28,22.54,460.5,65.35,27.7,10.78,25.27,18.44,10.13,49.79
2026-07-13 17:38:37,21.91,397.6,49.11,21.9,16.79,22.05,6.52,1.63,51.52
2026-07-13 17:46:07,21.79,410.7,57.69,39.5,15.74,22.44,18.34,4.42,49.63
2026-07-13 17:51:34,20.84,454.7,47.92,17.2,13.95,22.22,16.4,5.86,49.16
2026-07-13 17:58:45,22.27,380.2,55.02,19.0,13.24,25.65,14.24,0.99,51.37
2026-07-13 18:04:30,22.27,340.9,79.51,8.1,10.08,21.65,18.01,3.09,50.91
2026-07-13 18:19:27,21.07,336.3,42.37,26.9,8.5,19.81,9.74,1.17,46.87
2026-07-13 18:26:23,22.48,393.9,71.13,14.6,15.9,28.69,13.75,4.39,48.63
2026-07-13 18:32:08,21.18,362.8,60.18,5.6,9.25,37.8,14.85,3.68,48.37
2026-07-13 18:40:35,22.49,373.6,72.92,26.0,8.47,24.62,21.48,2.26,49.21
2026-07-13 18:52:19,20.99,357.1,61.4,6.2,7.08,20.53,17.81,15.35,47.07
2026-07-13 19:04:28,21.51,320.1,67.01,14.3,2.2,23.87,15.16,4.71,51.28
2026-07-13 19:17:31,21.53,303.7,62.21,37.5,12.44,27.76,16.25,6.63,50.53
2026-07-13 19:30:01,21.07,326.4,82.44,16.1,9.08,27.68,14.96,4.02,45.57
2026-07-13 19:36:27,21.41,364.6,93.82,35.2,6.33,20.09,21.54,0.75,47.12
2026-07-13 19:42:41,20.84,231.3,80.75,20.0,16.05,30.8,10.12,0.6,48.49
2026-07-13 19:48:47,21.74,280.8,72.18,17.7,6.65,28.33,10.96,5.73,47.36
2026-07-13 20:03:46,20.41,275.6,77.6,21.5,9.13,16.57,9.2,0.81,47.7
2026-07-13 20:13:23,21.77,261.3,87.44,30.6,9.2,26.59,12.39,0.92,48.04
2026-07-13 20:27:38,20.23,197.1,82.87,39.4,5.31,22.73,9.63,7.38,45.07
2026-07-13 20:34:20,18.44,236.6,75.13,8.6,11.19,17.88,21.38,4.0,48.29
2026-07-13 20:43:47,19.37,235.2,94.92,9.5,13.29,23.61,19.91,8.38,47.16
2026-07-13 20:51:20,20.15,260.8,99.17,12.4,6.09,28.0,11.18,32.89,43.5
2026-07-13 21:01:44,19.48,193.3,96.59,30.1,8.85,25.55,17.14,0.74,46.89
2026-07-13 21:15:35,20.19,161.5,101.0,30.4,6.12,30.17,16.65,1.74,46.77
2026-07-13 21:28:05,20.8,210.5,101.43,24.0,2.96,18.2,15.8,1.63,42.25
2026-07-13 21:40:25,19.71,179.1,102.19,14.6,12.43,27.16,9.91,0.17,43.55
2026-07-13 21:48:32,19.37,181.0,96.66,13.6,11.51,27.92,17.43,1.56,43.56
2026-07-13 21:56:21,19.34,192.1,96.46,38.3,5.42,33.22,15.13,4.63,41.95
2026-07-13 22:10:59,18.22,194.4,102.75,24.0,11.62,28.2,17.43,2.99,46.46
2026-07-13 22:25:18,18.98,153.4,117.92,8.6,8.33,26.33,17.6,8.94,44.72
2026-07-13 22:38:14,18.95,180.6,99.97,37.4,8.4,28.07,19.16,4.39,45.07
2026-07-13 22:47:25,19.33,189.2,117.65,31.5,12.19,24.49,13.14,0.72,46.19
2026-07-13 22:55:28,20.46,196.4,114.93,5.7,7.18,19.17,15.77,0.02,39.97
2026-07-13 23:09:30,19.06,169.8,110.9,34.0,7.39,30.5,21.23,4.5,44.22
2026-07-13 23:24:23,19.07,143.3,104.89,24.8,11.92,26.93,21.28,3.37,44.26
2026-07-13 23:30:02,18.77,184.4,98.63,10.9,10.45,25.46,13.87,3.26,42.98
2026-07-13 23:36:01,18.19,141.1,120.28,25.0,5.25,27.31,7.72,11.53,44.09
2026-07-13 23:44:58,19.89,142.9,94.56,13.8,10.76,30.16,17.45,0.94,44.28
2026-07-13 23:55:19,19.05,160.9,103.26,6.1,7.27,25.92,21.84,0.55,45.46
2026-07-14 00:06:14,19.29,189.9,102.4,10.2,7.38,29.03,18.98,4.4,42.37
2026-07-14 00:15:17,19.14,144.5,104.18,9.1,6.67,19.53,20.42,0.76,45.34
2026-07-14 00:22:36,18.61,154.3,111.77,38.7,5.86,21.02,18.24,1.65,43.68
2026-07-14 00:33:58,19.7,195.6,133.45,36.4,15.97,25.4,18.33,12.7,43.79
2026-07-14 00:39:09,18.67,182.8,115.66,28.6,9.68,24.11,17.75,4.29,45.16
2026-07-14 00:49:37,18.46,164.1,113.47,29.5,14.86,36.52,14.18,5.82,41.29
2026-07-14 01:01:05,18.92,160.3,105.04,15.9,14.08,22.29,17.99,8.62,47.62
2026-07-14 01:14:58,18.76,112.9,96.38,25.8,3.98,32.2,10.66,0.43,42.43
2026-07-14 01:22:39,18.93,199.2,97.64,6.6,14.04,24.36,19.98,6.82,45.82
2026-07-14 01:33:08,19.7,187.8,108.69,36.6,15.4,23.25,13.61,13.55,45.16
2026-07-14 01:38:35,19.63,230.0,100.2,8.0,6.71,36.57,20.23,2.84,43.33
2026-07-14 01:46:34,19.33,254.3,118.09,28.3,9.55,23.35,14.64,0.58,44.01
2026-07-14 01:58:15,19.62,203.2,99.34,34.5,8.34,17.02,12.36,1.48,43.53
2026-07-14 02:07:59,19.39,181.6,110.43,16.4,13.78,22.81,14.03,1.15,43.33
2026-07-14 02:20:21,19.85,198.2,103.9,12.8,10.66,30.36,13.93,6.82,51.22
2026-07-14 02:34:15,19.45,175.3,101.62,8.8,10.53,28.01,13.18,0.9,45.07
2026-07-14 02:43:18,20.12,233.2,103.22,14.3,14.89,20.5,12.67,4.68,48.18
2026-07-14 02:57:19,19.71,215.4,82.63,28.2,8.31,26.16,13.86,2.99,46.95
2026-07-14 03:02:25,20.16,234.6,105.18,36.6,14.16,26.82,15.87,6.25,47.66
2026-07-14 03:12:42,19.34,230.9,122.42,26.6,11.76,26.47,15.38,10.54,46.2
2026-07-14 03:18:11,20.06,218.2,83.73,23.9,6.28,20.32,19.04,11.28,51.04
2026-07-14 03:29:57,20.65,270.4,92.61,33.0,9.54,22.99,21.59,9.04,46.38
2026-07-14 03:44:24,20.48,250.2,90.98,33.7,6.0,22.02,14.26,0.61,46.82
2026-07-14 03:58:22,20.31,288.4,70.84,18.2,8.53,32.38,19.17,24.66,43.99
2026-07-14 04:08:27,20.01,316.4,79.73,12.5,6.05,25.05,12.72,3.81,48.68
2026-07-14 04:19:39,20.55,290.6,62.95,20.2,14.34,24.52,11.43,10.79,48.94
2026-07-14 04:32:10,20.79,275.3,75.29,32.8,10.37,19.9,8.8,0.04,46.78
2026-07-14 04:43:53,20.39,282.3,68.69,39.8,3.91,22.92,9.27,0.97,49.97
2026-07-14 04:51:41,21.38,314.3,62.74,22.2,10.25,22.5,14.85,16.74,47.17
2026-07-14 05:06:10,21.51,368.0,59.18,27.6,9.71,23.55,9.54,0.62,48.43
2026-07-14 05:19:14,20.91,380.5,66.18,8.3,20.2,28.19,17.2,1.53,47.6
2026-07-14 05:26:05,20.7,374.9,59.44,13.9,9.43,23.51,13.16,19.28,45.9
2026-07-14 05:36:21,21.04,369.6,60.31,16.9,9.17,29.43,11.33,4.2,54.86
2026-07-14 05:43:03,22.24,378.4,51.45,25.1,9.39,25.77,14.56,9.32,52.48
2026-07-14 05:48:43,21.78,383.2,68.44,25.6,12.53,25.57,12.88,4.24,48.32
2026-07-14 05:55:46,22.33,438.1,38.11,19.7,14.0,25.26,23.64,4.77,51.87
2026-07-14 06:07:41,20.97,404.1,34.08,39.2,11.22,17.81,11.08,6.79,50.72
2026-07-14 06:13:02,21.4,417.7,61.62,11.4,6.46,28.63,14.4,9.09,50.58
2026-07-14 06:27:25,21.78,424.8,56.3,37.2,7.8,30.23,16.7,2.3,51.34
2026-07-14 06:37:52,23.01,450.8,49.49,16.5,9.0,21.85,10.01,6.64,51.85
2026-07-14 06:45:03,22.66,457.7,66.02,9.2,10.51,19.89,17.37,5.19,55.37
2026-07-14 06:58:08,22.07,510.6,76.14,27.0,10.03,15.64,17.57,2.1,47.69
2026-07-14 07:11:29,22.89,488.3,85.3,20.2,11.61,31.79,14.86,3.01,52.91
2026-07-14 07:17:15,23.02,476.5,55.76,34.5,2.18,27.33,16.94,7.45,53.87
2026-07-14 07:27:54,23.63,505.8,74.36,35.2,9.64,23.64,18.89,2.55,48.69
2026-07-14 07:39:48,23.25,494.9,63.12,32.0,11.09,24.05,11.22,1.32,52.63
2026-07-14 07:49:57,22.92,499.9,88.89,16.3,3.67,31.27,19.72,3.09,51.79
2026-07-14 07:56:51,23.54,529.7,66.6,37.7,9.79,25.4,18.89,4.14,53.78
2026-07-14 08:10:58,23.79,508.8,59.87,19.5,7.61,29.58,15.04,1.08,51.27
2026-07-14 08:23:36,23.14,509.4,86.46,8.4,11.54,25.32,9.94,7.6,53.66
2026-07-14 08:34:29,23.88,489.0,85.84,7.9,8.05,14.83,16.72,1.52,52.14
2026-07-14 08:41:30,24.22,513.6,108.23,31.4,5.63,26.89,16.11,3.95,56.86
2026-07-14 08:53:57,23.88,549.7,110.13,7.7,8.96,24.12,17.56,5.98,53.2
2026-07-14 08:59:01,23.85,593.0,81.67,18.6,10.53,18.14,11.9,0.82,54.88
2026-07-14 09:07:25,24.71,602.4,100.67,31.2,12.47,26.14,7.85,5.89,58.33
2026-07-14 09:18:55,25.28,640.6,86.43,39.3,11.01,27.95,9.06,0.95,55.18
2026-07-14 09:23:57,24.32,602.9,102.55,11.2,10.91,37.58,25.34,1.86,58.0
2026-07-14 09:37:56,25.17,591.5,105.02,38.5,15.03,23.71,16.32,4.57,52.82
2026-07-14 09:48:10,24.03,607.2,103.42,7.4,16.0,36.13,18.52,0.04,57.87
2026-07-14 10:00:33,24.78,567.9,99.08,6.9,8.12,27.01,11.08,1.48,59.89
2026-07-14 10:08:20,25.01,607.1,98.26,32.1,4.94,25.07,9.88,0.39,48.4
2026-07-14 10:14:27,25.29,634.2,122.46,31.8,14.94,23.78,15.79,2.01,55.0
2026-07-14 10:20:15,24.59,569.1,94.79,36.4,7.04,23.9,14.53,3.97,55.78
2026-07-14 10:28:07,24.48,609.1,102.74,21.1,8.25,23.33,10.28,8.74,58.24
2026-07-14 10:37:15,24.35,651.8,106.58,12.5,8.7,30.74,6.16,3.38,54.35
2026-07-14 10:48:03,25.53,627.6,105.4,21.2,6.83,26.2,11.66,1.2,54.09
2026-07-14 11:00:18,25.44,651.7,119.06,14.0,10.1,26.94,19.81,2.1,53.34
2026-07-14 11:07:17,24.97,666.5,95.26,35.5,7.77,26.82,15.64,0.17,52.83
2026-07-14 11:19:11,24.91,591.9,112.29,9.2,10.98,27.5,13.04,1.58,54.67
2026-07-14 11:28:15,24.6,626.7,92.1,32.9,11.54,19.05,13.91,7.69,53.74
2026-07-14 11:41:21,25.42,657.1,103.59,39.0,12.05,26.89,17.83,0.76,57.27
2026-07-14 11:48:23,24.99,626.4,120.62,21.8,13.53,26.69,21.93,0.45,56.24
2026-07-14 11:55:44,25.62,590.9,116.38,28.2,13.83,30.65,16.3,1.95,58.63
2026-07-14 12:08:00,24.24,690.4,106.3,16.7,8.71,22.8,14.16,1.17,58.4
2026-07-14 12:19:30,26.13,663.1,93.91,20.4,11.35,22.31,24.62,3.09,54.21
2026-07-14 12:33:23,25.93,647.2,104.09,19.0,8.65,23.72,15.79,3.26,60.7
2026-07-14 12:39:59,24.72,585.6,102.01,8.1,7.68,18.98,19.82,0.86,55.16
2026-07-14 12:49:52,25.52,619.1,125.2,12.4,12.89,28.83,13.27,2.92,54.64
2026-07-14 13:01:49,24.6,614.5,101.15,5.4,13.49,26.37,11.56,1.54,58.29
2026-07-14 13:12:24,25.74,687.0,98.47,27.2,14.45,27.99,18.82,13.93,55.81
2026-07-14 13:22:59,23.67,597.0,88.02,11.2,10.45,30.89,21.15,1.57,58.62
2026-07-14 13:31:38,24.11,667.3,109.49,34.6,9.89,24.21,20.4,2.1,55.09
2026-07-14 13:45:36,24.54,612.2,120.42,13.5,9.81,29.42,14.84,0.67,55.52
2026-07-14 13:57:12,24.74,618.5,91.05,23.2,6.93,29.07,14.17,0.53,59.94
2026-07-14 14:04:03,25.21,665.1,96.3,13.6,6.57,22.99,14.8,4.17,54.72
2026-07-14 14:15:56,25.15,654.9,101.54,30.1,10.69,34.05,11.18,8.29,51.0
2026-07-14 14:26:17,24.91,585.3,96.56,33.0,11.25,20.36,8.93,0.87,54.23
2026-07-14 14:31:38,24.77,630.2,94.1,37.6,10.34,21.61,10.33,22.3,53.34
2026-07-14 14:38:23,24.36,576.1,88.53,28.1,11.76,31.8,10.63,6.56,53.09
2026-07-14 14:45:23,24.48,596.7,91.91,9.1,11.69,22.99,17.6,27.45,53.1
2026-07-14 14:55:15,24.33,554.1,96.38,7.2,7.36,25.68,11.96,1.18,55.0
2026-07-14 15:04:19,24.6,585.3,93.27,30.4,11.08,28.78,13.08,15.55,53.76
2026-07-14 15:15:50,23.68,579.6,83.66,16.2,10.2,27.28,18.49,6.68,49.59
2026-07-14 15:23:17,24.62,522.9,79.57,33.9,9.15,23.81,17.11,8.68,50.85
2026-07-14 15:31:24,23.31,623.3,88.57,33.6,9.86,23.35,21.29,3.49,58.52
2026-07-14 15:45:32,23.8,494.8,96.11,32.8,9.04,28.27,9.97,4.09,52.84
2026-07-14 15:55:16,23.06,494.4,89.62,5.5,14.16,26.38,11.31,10.92,56.0
2026-07-14 16:05:29,23.64,540.4,94.49,6.1,8.64,26.57,17.45,27.38,54.11
2026-07-14 16:14:31,23.57,519.8,75.29,34.0,12.0,23.51,10.82,0.88,53.43
2026-07-14 16:21:04,23.92,475.9,77.53,39.3,9.45,30.39,11.27,2.15,53.65
2026-07-14 16:31:00,23.77,491.8,71.81,38.1,1.03,17.95,11.53,6.62,50.98
2026-07-14 16:41:58,22.81,480.1,81.08,25.5,8.5,32.96,12.4,0.13,51.04
2026-07-14 16:47:07,23.24,493.7,63.13,31.5,5.8,23.99,12.55,3.46,55.07
2026-07-14 16:53:43,22.91,471.2,50.52,32.4,9.61,16.07,16.69,7.12,52.19
2026-07-14 17:07:51,22.52,445.3,54.17,25.6,12.14,30.66,17.45,5.0,50.85
2026-07-14 17:19:42,21.92,421.8,50.92,28.6,12.18,22.96,19.26,2.59,51.1
2026-07-14 17:30:01,22.47,372.1,38.56,25.4,5.78,26.3,16.5,1.89,51.33
2026-07-14 17:35:43,22.98,424.7,58.79,15.6,3.73,13.23,16.96,2.39,51.61
2026-07-14 17:44:06,21.71,438.5,59.62,32.3,9.43,30.03,7.74,4.06,54.05
2026-07-14 17:49:24,22.3,393.5,43.75,13.3,11.02,38.02,19.75,0.6,53.78
2026-07-14 18:00:17,21.76,362.8,63.38,39.7,10.74,26.46,10.76,3.41,50.08
2026-07-14 18:09:28,21.58,391.6,46.06,30.6,11.25,26.26,18.4,0.05,50.04
2026-07-14 18:19:50,21.66,350.5,39.85,24.5,10.43,27.39,14.33,0.35,52.45
2026-07-14 18:26:34,21.85,378.7,56.63,7.9,9.09,20.91,15.99,1.49,43.24
2026-07-14 18:36:40,20.93,347.4,47.44,8.4,5.34,20.2,16.95,3.47,48.21
2026-07-14 18:44:06,21.5,364.5,60.59,23.9,15.41,24.31,21.94,6.92,48.41
2026-07-14 18:55:12,21.28,303.2,64.42,21.1,8.24,21.27,14.68,5.92,49.87
2026-07-14 19:02:25,21.41,356.4,59.35,7.1,5.95,28.28,19.94,0.57,46.92
2026-07-14 19:13:54,21.87,316.8,78.63,26.2,14.04,32.32,8.83,4.24,48.44
2026-07-14 19:22:11,21.47,358.3,73.33,30.2,5.39,19.69,14.38,0.13,51.37
2026-07-14 19:33:32,20.0,308.5,92.41,15.6,9.7,20.38,6.6,10.36,45.25
2026-07-14 19:40:46,21.03,303.9,76.95,12.0,9.62,7.86,13.83,2.47,48.93
2026-07-14 19:53:20,20.12,323.3,74.94,14.7,11.58,23.83,10.85,0.71,46.93
2026-07-14 19:58:55,19.57,336.6,77.92,36.4,7.64,32.91,20.16,10.67,47.83
2026-07-14 20:09:28,19.88,295.1,84.81,16.4,6.37,33.75,13.38,11.22,45.9
2026-07-14 20:16:01,21.16,271.5,95.9,33.0,10.49,30.22,19.4,0.79,46.99
2026-07-14 20:30:37,20.15,246.2,80.93,21.5,14.27,25.38,14.39,4.92,43.83
2026-07-14 20:37:28,19.48,268.1,91.99,10.2,13.93,27.43,14.4,3.61,48.43
2026-07-14 20:46:57,20.44,261.6,113.36,33.7,12.18,17.19,20.26,0.81,44.24
2026-07-14 21:01:30,20.01,244.0,90.76,7.5,11.54,25.6,11.04,0.3,46.28
2026-07-14 21:07:27,20.41,217.6,90.46,31.5,6.52,21.61,9.25,23.44,44.85
2026-07-14 21:16:43,20.13,258.0,97.52,37.9,11.74,22.36,21.36,21.52,47.41
2026-07-14 21:25:12,20.11,204.2,97.83,29.8,10.31,19.97,20.38,0.59,48.87
2026-07-14 21:36:08,19.23,180.3,98.69,38.1,7.38,26.26,13.71,1.51,43.18
2026-07-14 21:43:35,18.73,200.9,104.89,21.7,8.65,15.09,23.73,12.53,44.78
2026-07-14 21:56:19,18.43,124.5,106.97,10.8,5.11,27.08,18.27,5.74,44.37
2026-07-14 22:07:13,19.39,152.5,103.49,33.2,7.81,20.12,15.89,1.57,42.61
2026-07-14 22:19:31,19.43,231.0,104.5,39.7,3.72,24.62,15.22,5.22,44.45
2026-07-14 22:26:57,19.24,213.0,101.51,38.4,9.94,20.1,15.65,2.2,39.54
2026-07-14 22:41:37,18.1,166.4,121.95,36.9,8.65,21.08,21.99,1.28,43.65
2026-07-14 22:48:21,19.45,183.9,123.62,25.6,12.2,25.87,12.93,4.48,38.16
2026-07-14 22:57:44,19.96,156.2,117.81,30.6,11.11,22.61,11.0,7.18,45.39
2026-07-14 23:09:04,18.98,223.9,100.74,9.2,9.72,14.25,9.51,0.84,44.83
2026-07-14 23:22:12,18.05,147.6,111.93,10.6,7.32,20.38,9.41,1.99,45.71
2026-07-14 23:31:21,19.39,164.2,136.46,10.3,15.15,29.64,11.67,0.33,39.57
2026-07-14 23:44:57,18.33,174.8,104.89,21.1,12.59,23.96,17.9,0.59,45.71
2026-07-14 23:50:48,18.65,151.9,117.87,29.2,11.3,16.43,13.91,6.18,43.78
2026-07-15 00:00:07,19.74,145.4,98.4,36.4,10.26,24.57,10.2,1.34,46.03
2026-07-15 00:14:01,17.73,199.5,108.59,9.7,7.78,17.8,15.55,1.21,43.97
2026-07-15 00:27:20,18.67,222.3,82.84,32.3,11.02,22.63,8.19,0.09,45.04
2026-07-15 00:40:08,18.4,181.5,125.36,13.0,16.59,20.9,16.41,1.15,45.88
2026-07-15 00:46:44,19.24,144.7,108.36,37.6,8.56,16.96,11.91,0.15,44.52
2026-07-15 01:01:40,18.48,109.4,106.04,36.8,5.06,22.58,8.98,4.16,43.42
2026-07-15 01:14:51,19.71,170.1,110.94,25.4,11.43,29.04,11.76,0.2,40.63
2026-07-15 01:23:44,18.61,180.5,124.01,28.2,11.68,20.83,16.25,0.2,43.76
2026-07-15 01:34:15,19.42,201.6,95.01,19.5,11.44,25.47,16.08,1.26,46.32
2026-07-15 01:39:54,19.47,217.6,109.84,14.0,9.34,25.88,11.33,14.88,42.06
2026-07-15 01:50:40,19.34,129.0,106.58,14.6,7.83,30.78,16.97,0.43,45.91
2026-07-15 01:59:31,19.64,217.7,117.11,11.1,8.32,29.79,16.85,3.51,44.88
2026-07-15 02:04:54,19.99,204.4,97.01,34.9,12.17,27.95,15.25,6.58,48.94
2026-07-15 02:10:44,18.97,217.2,114.46,34.1,12.49,31.39,16.33,7.54,43.93
2026-07-15 02:22:47,19.41,135.4,95.14,35.3,8.07,23.93,12.3,0.35,41.31
2026-07-15 02:28:33,20.43,210.1,103.77,21.2,10.24,16.11,10.85,3.14,46.04
2026-07-15 02:35:03,19.32,183.4,96.43,11.6,10.69,36.0,10.51,12.54,43.19
2026-07-15 02:48:56,20.72,210.2,111.03,7.1,7.27,29.23,14.65,15.44,48.42
2026-07-15 02:53:56,19.95,185.6,83.17,15.2,10.2,33.72,13.99,4.76,42.51
2026-07-15 03:01:53,19.55,211.5,93.05,31.9,7.69,32.47,7.73,22.78,43.24
2026-07-15 03:07:56,20.12,228.8,93.65,34.7,10.06,21.39,15.53,10.49,48.3
2026-07-15 03:22:47,20.06,295.7,86.17,12.1,9.26,23.53,9.16,0.24,45.43
2026-07-15 03:36:25,20.51,248.8,96.55,26.9,11.26,25.9,20.95,0.88,48.0
2026-07-15 03:41:48,20.22,255.8,93.48,28.1,5.37,35.62,16.04,14.71,42.2
2026-07-15 03:52:25,19.37,295.8,76.95,15.2,4.48,27.68,7.95,6.53,43.26
2026-07-15 04:04:59,20.78,277.3,79.69,37.4,6.94,23.05,15.86,0.67,43.81
2026-07-15 04:11:16,21.49,292.0,85.69,26.3,12.33,22.05,14.52,3.01,49.46
2026-07-15 04:21:45,21.07,279.9,89.69,35.0,11.08,22.14,19.58,9.81,47.92
2026-07-15 04:29:50,20.72,307.5,83.86,7.7,11.5,36.28,11.84,11.43,48.41
2026-07-15 04:38:08,21.82,367.4,67.06,8.9,8.92,25.79,19.02,0.94,51.73
2026-07-15 04:44:59,20.81,273.1,68.34,11.7,5.91,17.19,18.47,7.41,49.14
2026-07-15 04:58:09,20.89,316.8,66.54,23.9,12.63,21.06,23.35,10.09,49.14
2026-07-15 05:08:36,20.85,382.7,70.83,11.5,10.84,23.25,14.42,0.85,48.73
2026-07-15 05:23:21,21.27,344.2,81.06,18.9,4.23,30.37,12.45,0.13,47.0
2026-07-15 05:32:36,22.21,364.6,50.85,26.5,8.65,28.29,27.14,2.16,49.75
2026-07-15 05:38:18,22.22,405.7,47.89,33.1,7.5,24.19,11.38,6.66,46.83
2026-07-15 05:52:34,21.21,393.0,56.68,15.2,9.99,21.77,19.96,0.01,49.51
2026-07-15 06:05:36,21.67,382.4,44.01,13.7,8.69,24.82,13.98,13.75,49.89
2026-07-15 06:11:54,21.33,399.2,42.51,25.4,14.46,25.85,17.97,13.73,53.37
2026-07-15 06:21:25,22.83,409.8,60.17,20.8,11.61,18.7,12.84,16.83,50.73
2026-07-15 06:36:07,22.0,482.0,54.6,9.5,7.79,28.16,19.93,11.24,52.05
2026-07-15 06:41:22,21.85,457.2,56.49,21.6,5.69,32.38,12.71,2.28,48.73
2026-07-15 06:50:31,22.62,456.2,58.37,16.1,7.01,27.56,17.25,2.79,52.41
2026-07-15 07:03:06,22.76,441.4,58.96,22.0,10.16,25.69,7.05,2.61,53.09
2026-07-15 07:14:13,22.46,468.0,76.08,26.8,14.56,22.93,20.22,4.32,52.25
2026-07-15 07:25:43,22.98,499.3,87.17,10.9,11.42,24.44,11.19,1.23,53.75
2026-07-15 07:34:02,23.84,513.6,74.97,5.9,7.47,23.65,9.73,12.2,50.89
2026-07-15 07:39:42,22.94,556.4,77.4,31.2,9.51,29.15,18.16,0.99,52.32
2026-07-15 07:47:06,23.6,523.3,72.24,29.8,12.68,29.44,19.02,18.56,53.38
2026-07-15 07:57:40,23.35,492.0,79.97,37.8,6.94,24.65,12.43,3.89,53.69
2026-07-15 08:11:16,24.22,540.5,80.44,5.2,10.49,34.12,12.41,1.3,52.8
2026-07-15 08:16:46,23.47,520.4,88.17,20.3,4.66,29.75,15.76,5.59,53.0
2026-07-15 08:25:22,23.73,572.0,89.02,36.0,9.45,18.68,16.75,2.53,53.76
2026-07-15 08:35:06,23.36,585.5,91.39,26.3,0,26.46,11.49,10.93,53.69
2026-07-15 08:40:51,23.3,530.3,111.81,34.4,9.75,20.34,16.87,5.04,52.58
2026-07-15 08:49:59,23.7,591.3,98.07,31.3,6.75,24.75,11.13,1.08,51.58
2026-07-15 09:00:28,24.36,600.6,81.03,16.3,11.05,23.3,17.98,3.24,54.06
2026-07-15 09:11:55,24.12,627.5,98.64,32.8,9.7,18.68,12.4,3.89,54.38
2026-07-15 09:26:30,23.99,610.0,97.24,37.5,5.22,29.74,10.02,1.84,55.45
2026-07-15 09:35:39,24.39,607.8,88.98,10.3,3.64,28.16,18.33,14.42,54.06
2026-07-15 09:49:58,24.15,621.9,111.11,23.8,7.28,16.0,13.16,0.67,57.7
2026-07-15 09:57:24,24.52,644.1,103.68,13.9,10.1,27.31,13.67,13.46,51.79
2026-07-15 10:04:52,24.75,606.1,112.49,15.8,9.53,26.81,7.17,1.36,53.68
2026-07-15 10:17:17,25.37,581.1,101.14,12.1,10.69,21.6,19.48,5.26,56.8
2026-07-15 10:30:36,24.51,640.9,99.49,10.8,13.51,29.03,5.31,0.95,60.24
2026-07-15 10:39:46,24.87,600.0,112.9,12.3,6.73,25.0,14.45,4.19,54.82
2026-07-15 10:45:37,25.8,635.0,106.96,5.7,9.98,31.58,10.96,2.55,56.99
2026-07-15 10:59:14,24.44,679.1,109.19,33.9,10.74,20.89,10.58,11.17,53.58
2026-07-15 11:06:57,23.87,684.4,123.09,32.2,8.67,23.4,16.87,6.59,56.22
2026-07-15 11:14:10,23.78,640.9,111.85,8.0,14.11,32.59,22.46,2.3,59.23
2026-07-15 11:23:59,23.55,660.7,115.0,21.8,9.78,30.4,13.86,2.51,55.14
2026-07-15 11:33:48,25.13,646.4,114.28,31.3,11.36,30.72,19.6,7.22,57.85
2026-07-15 11:43:46,24.24,646.6,118.15,37.1,12.21,23.64,18.87,3.87,55.25
2026-07-15 11:54:01,25.61,612.1,119.21,22.1,8.53,29.94,15.51,0.5,51.52
2026-07-15 12:04:38,25.23,655.0,116.55,28.9,11.74,24.16,19.65,0.95,56.85
2026-07-15 12:16:31,24.64,602.4,95.23,38.8,10.5,29.55,13.83,4.12,57.85
2026-07-15 12:24:17,24.92,592.6,96.75,11.5,9.3,31.54,13.35,3.02,56.88
2026-07-15 12:32:41,24.74,618.2,100.72,18.8,11.98,30.14,11.84,7.53,51.48
2026-07-15 12:40:01,24.06,668.9,102.83,28.3,12.09,27.74,15.23,5.36,54.67
2026-07-15 12:45:45,24.37,694.9,119.91,25.7,8.67,23.59,18.1,4.3,59.9
2026-07-15 13:00:29,24.9,635.5,109.43,14.5,7.06,24.79,13.63,7.84,54.61
2026-07-15 13:14:46,24.56,625.8,121.94,25.6,12.1,27.55,15.2,0.74,54.93
2026-07-15 13:24:54,24.58,608.4,95.1,27.1,9.04,33.55,18.37,5.04,57.23
2026-07-15 13:36:53,24.8,630.5,108.87,37.1,10.11,24.48,13.87,4.69,57.91
2026-07-15 13:46:16,24.56,624.6,113.49,24.3,7.81,23.79,17.29,5.66,54.33
2026-07-15 13:54:24,25.1,602.6,93.29,10.0,10.51,26.45,14.92,1.55,53.51
2026-07-15 14:08:09,24.74,572.3,126.45,18.4,10.86,26.78,21.33,4.84,53.92
2026-07-15 14:22:12,23.58,562.1,105.74,6.2,15.67,24.37,14.96,3.39,57.3
2026-07-15 14:29:06,24.29,564.6,80.63,32.2,9.2,23.39,5.39,5.01,51.07
2026-07-15 14:40:18,23.82,593.2,93.22,35.7,9.34,23.74,14.15,1.83,54.69
2026-07-15 14:55:11,24.19,576.8,102.79,21.2,9.06,25.03,17.44,2.1,52.21
2026-07-15 15:00:34,23.96,567.1,85.51,13.2,9.01,20.27,17.34,2.06,50.41
2026-07-15 15:06:52,23.28,588.9,89.01,13.2,11.95,24.82,8.43,11.29,54.15
2026-07-15 15:14:32,24.03,554.4,114.1,14.0,3.17,26.24,17.87,0.29,53.5
2026-07-15 15:19:35,23.58,539.1,82.82,24.0,16.12,24.4,13.66,4.4,54.35
2026-07-15 15:28:06,23.94,585.3,78.06,5.7,10.07,21.51,21.62,4.38,54.45
2026-07-15 15:41:34,24.33,549.8,90.07,13.9,8.63,20.07,8.46,5.97,55.73
2026-07-15 15:51:32,23.81,453.4,85.04,22.6,8.51,20.67,12.22,0.85,55.84
2026-07-15 15:57:09,22.95,569.6,69.38,21.4,11.35,21.44,18.18,7.31,51.65
2026-07-15 16:03:22,24.73,486.7,73.61,16.9,11.76,26.77,15.7,2.62,51.93
2026-07-15 16:13:09,22.71,522.9,81.18,34.7,11.47,29.16,17.12,4.75,53.66
2026-07-15 16:23:19,23.04,484.7,74.37,14.6,8.86,24.42,13.44,6.57,55.69
2026-07-15 16:34:30,22.87,445.8,60.67,26.8,10.95,27.78,17.1,1.71,52.26
2026-07-15 16:47:24,23.43,503.6,66.69,31.4,16.74,24.62,13.05,1.23,53.46
2026-07-15 16:58:17,22.11,472.9,90.37,27.8,5.55,27.05,22.96,6.31,46.58
2026-07-15 17:08:44,23.22,443.7,67.86,35.9,7.44,26.97,20.0,2.46,50.05
2026-07-15 17:14:27,23.28,439.4,71.14,27.3,9.79,19.54,13.45,5.04,49.19
2026-07-15 17:23:26,21.87,440.0,36.78,40.0,16.11,20.28,12.08,10.45,48.34
2026-07-15 17:29:31,22.03,487.8,69.54,29.9,8.75,20.29,17.45,0.61,52.53
2026-07-15 17:34:33,22.4,422.2,60.49,37.5,7.04,32.05,13.82,3.4,51.36
2026-07-15 17:41:54,22.04,458.3,42.62,19.0,8.92,25.33,6.88,10.84,52.68
2026-07-15 17:54:06,22.41,397.8,49.28,7.5,4.32,24.83,7.77,8.68,47.78
2026-07-15 18:01:11,21.85,337.4,35.95,17.5,9.81,19.0,18.22,1.51,50.56
2026-07-15 18:07:48,21.97,339.6,30.74,32.2,5.78,29.86,9.55,2.1,50.14
2026-07-15 18:15:43,21.82,435.3,66.39,32.6,5.14,24.16,8.12,4.64,51.97
2026-07-15 18:22:57,21.19,419.3,63.91,29.2,9.07,22.34,14.72,8.46,48.93
2026-07-15 18:35:52,21.17,367.2,53.25,26.8,12.78,32.52,22.28,1.37,54.6
2026-07-15 18:50:48,21.67,371.0,53.83,24.7,10.48,23.41,12.43,8.04,49.52
2026-07-15 19:03:04,22.21,332.5,50.11,7.8,11.82,31.82,17.06,9.18,45.66
2026-07-15 19:08:22,21.65,340.4,69.11,29.2,10.36,16.93,19.02,4.18,46.15
2026-07-15 19:15:31,19.85,325.1,69.8,16.2,10.58,29.18,13.22,1.05,46.71
2026-07-15 19:23:04,20.83,338.4,76.56,36.6,16.93,25.26,12.71,8.66,47.24
2026-07-15 19:34:19,20.87,347.7,81.28,14.7,3.39,35.68,15.34,2.65,47.62
2026-07-15 19:43:41,20.12,262.1,60.7,18.5,12.73,29.85,16.8,0.59,49.75
2026-07-15 19:57:37,21.41,315.1,99.07,31.4,5.95,23.58,20.68,7.54,48.76
2026-07-15 20:08:06,19.65,286.3,72.0,23.6,9.99,35.38,12.58,2.0,44.73
2026-07-15 20:13:12,20.26,286.2,91.31,39.3,14.07,23.97,13.06,4.04,49.88
2026-07-15 20:25:30,20.51,269.1,81.78,11.2,5.79,20.5,14.59,11.63,44.83
2026-07-15 20:33:42,19.44,308.6,84.01,19.2,6.11,17.86,15.4,0.34,48.26
2026-07-15 20:47:17,19.16,259.4,88.59,19.6,9.59,20.87,17.35,0.1,44.0
2026-07-15 20:52:26,19.77,216.1,80.9,39.9,15.33,28.2,14.96,1.3,47.71
2026-07-15 21:01:34,19.82,214.9,80.66,21.0,18.66,22.96,10.14,3.56,47.09
2026-07-15 21:15:06,20.45,209.4,101.22,10.6,9.28,20.2,21.74,7.6,44.83
2026-07-15 21:26:15,19.93,244.4,95.15,20.6,7.5,19.19,17.89,1.47,45.37
2026-07-15 21:37:11,19.81,190.2,97.33,23.5,10.06,17.39,15.23,3.38,44.52
2026-07-15 21:51:21,19.72,211.0,81.86,36.1,5.88,12.92,15.87,1.82,44.64
2026-07-15 21:56:23,19.2,178.7,106.68,37.5,9.71,28.42,15.84,8.79,43.49
2026-07-15 22:06:21,19.41,167.6,123.99,34.5,9.51,26.0,16.7,5.44,45.03
2026-07-15 22:18:36,18.76,203.2,95.66,14.8,11.78,25.18,10.91,2.07,42.61
2026-07-15 22:28:38,19.73,175.2,108.85,25.2,4.09,22.34,16.18,1.24,43.69
2026-07-15 22:39:52,18.92,154.6,111.39,13.7,5.42,27.62,18.38,3.44,42.63
2026-07-15 22:46:56,19.18,148.7,126.29,24.0,13.68,28.82,11.05,2.53,43.99
2026-07-15 22:52:44,18.82,181.1,109.86,22.9,8.23,27.02,15.36,2.07,44.04
2026-07-15 22:59:01,18.62,187.7,119.93,21.3,12.81,25.17,20.91,0.6,43.96
2026-07-15 23:07:04,20.11,134.5,108.23,35.5,10.76,22.26,17.3,3.41,40.83
2026-07-15 23:13:43,20.16,193.4,104.16,28.9,11.56,17.47,23.33,3.06,43.5
2026-07-15 23:23:26,19.19,136.9,111.54,37.8,12.16,17.06,18.85,1.22,43.21
2026-07-15 23:32:06,19.66,138.1,113.77,16.7,8.29,24.42,17.65,0.27,43.64
2026-07-15 23:40:01,19.2,138.2,102.33,19.9,11.6,18.12,18.58,2.26,44.09
2026-07-15 23:48:36,18.8,150.7,131.91,28.9,10.84,36.19,14.82,3.33,45.74
2026-07-15 23:54:02,18.57,145.8,108.03,22.8,4.85,29.4,19.83,9.41,45.33
2026-07-16 00:07:54,19.24,103.6,97.11,38.4,10.1,17.86,11.98,3.66,41.7
2026-07-16 00:16:56,19.14,210.7,118.57,28.1,11.44,18.25,17.89,10.85,43.7
2026-07-16 00:26:25,19.94,129.8,107.99,23.4,8.49,25.81,10.25,18.58,44.69
2026-07-16 00:35:04,18.72,175.8,116.98,39.5,6.22,19.66,18.36,14.24,42.92
2026-07-16 00:44:49,18.54,168.0,93.71,30.0,7.36,31.66,10.82,15.22,43.34
2026-07-16 00:55:02,19.91,173.5,111.51,33.2,10.51,25.49,9.72,6.33,43.38
2026-07-16 01:02:09,18.52,146.7,123.84,34.6,12.13,22.9,12.33,0.76,45.32
2026-07-16 01:08:38,19.02,173.0,89.14,34.2,16.8,20.58,14.47,9.24,45.09
2026-07-16 01:14:21,18.54,176.0,99.98,21.1,9.11,24.42,15.39,1.62,46.5
2026-07-16 01:19:28,19.71,153.4,109.2,15.9,9.9,32.78,8.23,1.47,47.63
2026-07-16 01:33:32,19.44,238.6,88.61,24.0,7.19,30.75,9.17,15.57,43.13
2026-07-16 01:43:29,19.0,188.8,105.15,27.8,7.87,26.82,15.5,4.03,41.05
2026-07-16 01:55:58,19.74,184.3,117.51,9.5,5.06,20.59,14.27,1.2,44.86
2026-07-16 02:01:00,19.38,201.7,105.85,31.1,7.94,21.51,14.5,2.23,45.76
2026-07-16 02:09:24,19.13,132.5,96.25,18.9,9.13,23.59,14.17,16.91,42.88
2026-07-16 02:15:00,20.24,186.5,93.69,7.8,18.99,25.49,20.18,0.18,42.71
2026-07-16 02:28:53,19.17,208.7,94.98,18.7,7.91,25.81,17.04,16.58,46.43
2026-07-16 02:43:48,19.78,230.7,96.11,23.1,17.43,29.24,11.99,6.15,41.28
2026-07-16 02:53:35,20.02,173.1,101.55,22.7,7.1,25.08,13.49,0.23,47.84
2026-07-16 03:03:49,20.11,195.6,91.71,18.1,11.5,20.37,11.94,20.67,46.86
2026-07-16 03:15:04,19.05,220.9,82.13,6.5,7.12,27.09,10.27,2.67,49.84
2026-07-16 03:29:38,20.7,248.9,80.96,9.8,8.69,18.72,10.39,8.02,45.89
2026-07-16 03:37:29,20.15,215.9,67.05,35.6,8.15,23.53,14.4,7.68,46.78
2026-07-16 03:42:59,20.98,243.4,80.1,18.0,10.88,18.36,17.17,26.04,50.6
2026-07-16 03:52:02,20.31,299.1,67.92,35.3,6.8,23.81,9.08,3.01,46.36
2026-07-16 04:04:49,19.93,291.4,70.09,5.7,15.56,23.89,18.97,0.62,48.01
2026-07-16 04:17:17,21.0,273.9,80.44,18.2,8.06,26.42,9.97,2.48,49.6
2026-07-16 04:31:34,21.49,303.3,72.95,26.7,7.95,27.62,8.01,10.79,47.9
2026-07-16 04:44:51,21.19,311.1,85.93,8.4,10.48,31.67,20.12,8.44,47.59
2026-07-16 04:53:56,21.48,316.4,54.78,30.1,9.11,26.75,21.25,12.35,49.48
2026-07-16 05:08:40,21.52,329.4,72.87,29.6,11.88,17.35,14.65,6.16,45.84
2026-07-16 05:20:24,21.45,361.2,62.7,34.2,11.43,19.97,11.17,10.95,50.21
2026-07-16 05:26:04,21.7,389.0,59.61,35.9,13.5,19.67,10.6,0.25,45.54
2026-07-16 05:34:30,21.57,339.3,52.67,37.4,14.1,28.13,16.39,0.84,52.02
2026-07-16 05:49:20,22.62,361.8,58.41,15.9,10.38,34.55,15.74,0.46,47.17
2026-07-16 05:58:45,21.25,384.1,48.96,13.7,7.95,26.18,17.77,2.84,46.66
2026-07-16 06:07:48,22.32,478.3,47.56,19.2,7.82,36.37,13.74,0.4,53.11
2026-07-16 06:20:51,22.15,448.7,58.72,28.4,9.26,23.99,16.73,0.59,52.32
2026-07-16 06:27:29,22.58,467.4,53.32,28.2,14.27,34.95,15.68,13.35,49.47
2026-07-16 06:35:25,23.1,452.7,58.57,36.9,6.06,20.86,20.01,23.01,51.63
2026-07-16 06:44:09,23.27,508.9,67.12,6.4,8.27,18.88,13.43,0.04,51.06
2026-07-16 06:55:10,22.87,471.3,68.54,35.9,5.82,20.7,8.48,1.78,51.28
2026-07-16 07:07:11,22.26,473.3,63.15,36.2,9.44,27.39,10.05,1.83,51.59
2026-07-16 07:13:06,23.29,466.8,62.65,9.9,12.93,21.55,13.05,8.24,49.36
2026-07-16 07:18:57,23.0,445.2,71.83,10.4,6.92,22.01,13.95,4.62,51.37
2026-07-16 07:26:05,22.32,535.1,68.36,15.2,9.24,25.42,20.35,7.33,51.85
2026-07-16 07:38:40,22.95,575.7,67.64,36.5,14.9,26.46,19.48,0.78,55.68
2026-07-16 07:52:38,24.06,524.4,74.51,37.1,10.91,25.41,10.81,4.11,52.67
2026-07-16 08:05:48,23.74,473.7,75.83,21.4,5.92,28.1,10.99,5.85,52.6
2026-07-16 08:19:28,24.34,517.8,78.25,38.5,10.73,32.11,20.71,1.79,53.69
2026-07-16 08:34:13,23.29,559.5,75.24,8.1,14.35,22.6,16.12,6.41,53.28
2026-07-16 08:42:30,22.75,543.5,81.5,11.3,13.34,29.39,16.08,0.62,52.88
2026-07-16 08:50:49,24.18,596.0,72.5,16.2,13.08,32.26,14.08,0.21,54.04
2026-07-16 09:03:45,23.75,552.2,102.39,19.7,10.44,34.51,16.16,3.53,52.64
2026-07-16 09:11:22,23.7,512.9,131.3,21.6,15.76,19.45,15.9,1.66,54.9
2026-07-16 09:24:13,24.36,592.6,85.98,24.0,9.52,14.28,18.32,2.44,56.81
2026-07-16 09:33:04,25.26,569.5,97.01,9.0,10.24,28.24,13.73,0.96,54.59
2026-07-16 09:39:59,24.6,591.1,87.71,6.0,10.42,25.25,17.77,3.91,56.05
2026-07-16 09:52:43,25.4,624.0,92.64,21.4,7.6,17.81,16.9,11.38,53.42
2026-07-16 09:59:32,25.52,563.5,110.51,10.9,7.39,34.79,14.77,1.53,53.92
2026-07-16 10:04:45,24.92,596.7,109.27,33.3,7.79,35.34,13.75,3.5,52.43
2026-07-16 10:11:41,24.92,634.3,98.4,30.5,12.15,20.91,10.44,6.43,55.82
2026-07-16 10:25:24,25.09,618.9,106.7,36.5,14.27,27.02,18.17,7.51,54.6
2026-07-16 10:35:52,24.32,623.5,96.67,17.0,9.76,28.24,11.64,4.61,53.15
2026-07-16 10:49:00,25.59,603.4,93.22,25.9,6.61,21.06,20.69,7.27,55.08
2026-07-16 10:57:06,24.97,598.9,110.06,11.2,11.96,31.89,14.63,1.15,52.55
2026-07-16 11:09:08,24.77,650.9,101.41,32.2,7.62,31.16,20.19,0.05,52.53
2026-07-16 11:23:40,24.49,631.2,101.14,22.4,9.31,28.06,9.52,10.43,57.46
2026-07-16 11:34:33,25.53,692.9,117.5,38.4,9.87,19.98,17.3,2.31,56.56
2026-07-16 11:43:19,25.2,634.1,96.91,6.6,11.68,24.82,13.86,3.02,59.78
2026-07-16 11:48:49,24.35,639.2,110.96,33.8,11.28,16.27,11.74,0.53,53.69
2026-07-16 12:00:52,25.79,649.4,108.11,34.9,4.85,21.53,16.07,8.93,55.68
2026-07-16 12:14:25,24.47,652.6,118.43,12.8,10.41,15.29,16.8,1.93,52.1
2026-07-16 12:26:40,26.12,689.2,129.18,33.9,16.35,18.67,20.02,13.69,60.06
2026-07-16 12:38:32,26.54,671.1,100.59,6.6,12.6,29.89,8.72,9.71,56.04
2026-07-16 12:48:40,25.25,645.6,111.64,10.1,10.22,16.84,16.12,0.06,54.59
2026-07-16 13:01:15,24.31,601.6,118.26,39.4,7.68,24.59,16.89,0.42,56.88
2026-07-16 13:11:25,24.16,611.7,105.59,20.2,8.29,27.98,20.16,4.4,57.89
2026-07-16 13:16:47,24.27,618.3,116.21,13.1,11.88,22.45,14.01,4.48,57.87
2026-07-16 13:22:52,25.09,664.5,91.01,33.5,12.65,29.12,10.54,9.78,56.7
2026-07-16 13:34:15,25.13,647.2,88.29,33.0,9.81,19.41,16.83,10.1,51.96
2026-07-16 13:41:11,25.02,662.7,111.28,26.8,10.15,20.55,13.71,4.19,58.7
2026-07-16 13:56:00,24.16,596.7,91.25,15.2,10.83,32.35,17.26,18.38,54.49
2026-07-16 14:10:22,24.48,599.1,95.05,5.7,8.63,16.5,13.03,7.95,55.21
2026-07-16 14:20:38,24.67,615.5,104.78,22.2,7.26,29.64,10.83,0.37,54.41
2026-07-16 14:28:14,24.1,602.1,81.53,38.1,9.82,25.17,16.39,1.2,58.94
2026-07-16 14:34:18,23.83,565.0,88.43,16.8,6.75,32.03,16.73,0.79,55.85
2026-07-16 14:47:19,23.82,550.3,98.4,38.2,9.44,21.22,10.67,1.98,50.55
2026-07-16 14:56:13,24.06,593.7,94.45,34.1,12.14,29.52,13.99,2.1,55.65
2026-07-16 15:10:18,24.29,582.1,97.83,12.5,4.92,31.73,11.67,7.47,52.85
2026-07-16 15:24:06,23.8,566.3,107.17,12.0,10.29,27.86,15.99,4.7,54.28
2026-07-16 15:37:46,23.82,602.0,69.82,6.0,10.67,21.66,17.51,1.96,54.31
2026-07-16 15:48:53,24.07,546.9,80.01,30.2,10.01,26.22,18.03,1.64,54.36
2026-07-16 16:02:33,23.37,516.7,72.61,8.3,14.03,25.54,19.8,6.2,50.67
2026-07-16 16:09:07,23.49,515.3,70.15,25.2,8.01,23.0,12.65,3.82,58.93
2026-07-16 16:21:33,23.93,485.9,91.61,30.3,6.53,26.29,13.02,7.13,49.06
2026-07-16 16:32:37,23.7,476.2,46.45,8.3,10.49,28.8,17.39,3.19,55.22
2026-07-16 16:46:25,23.37,520.9,61.7,31.3,14.52,21.79,17.1,3.99,52.71
2026-07-16 16:57:25,22.67,485.4,59.83,39.2,5.02,11.15,19.1,1.45,52.39
2026-07-16 17:09:18,23.21,490.5,45.16,11.6,2.96,27.81,11.53,0.73,49.25
2026-07-16 17:17:15,21.98,435.6,57.56,5.0,10.31,13.76,15.48,1.91,48.95
2026-07-16 17:31:41,21.92,438.8,45.34,27.8,15.12,11.89,6.96,0.09,49.58
2026-07-16 17:37:23,22.44,432.2,74.69,32.9,4.99,29.91,17.03,1.31,53.8
2026-07-16 17:44:01,22.38,425.6,51.59,7.1,10.61,29.49,10.87,1.99,50.53
2026-07-16 17:56:55,22.15,427.8,65.75,23.9,11.61,22.76,15.08,2.58,50.74
2026-07-16 18:04:40,21.49,329.5,39.66,28.9,10.06,21.0,12.58,3.37,49.38
2026-07-16 18:18:10,22.01,351.7,61.83,15.4,12.83,33.2,8.95,7.58,47.55
2026-07-16 18:26:24,21.03,338.4,54.15,36.8,8.14,17.26,9.67,2.48,45.83
2026-07-16 18:39:43,21.63,385.7,56.49,26.7,10.98,20.78,9.48,6.77,51.28
2026-07-16 18:50:47,21.15,393.4,46.65,20.9,12.83,30.33,17.38,4.62,47.97
2026-07-16 19:01:45,20.98,308.1,71.92,8.1,6.4,27.77,11.33,1.03,49.55
2026-07-16 19:15:57,21.52,359.3,60.26,37.0,6.6,31.66,14.6,8.34,47.38
2026-07-16 19:25:42,21.46,312.5,69.54,14.8,10.33,28.52,21.27,2.45,47.0
2026-07-16 19:34:08,20.92,272.0,82.52,21.1,11.9,30.37,20.94,1.4,43.95
2026-07-16 19:43:00,21.28,296.2,69.0,6.4,6.4,26.31,17.59,1.22,46.96
2026-07-16 19:56:31,20.65,235.7,75.62,22.5,9.41,25.22,9.09,2.27,44.66
2026-07-16 20:09:05,20.74,303.6,87.34,20.9,11.12,23.6,12.07,17.14,48.11
2026-07-16 20:18:56,19.79,248.8,87.07,9.1,14.84,34.22,17.29,7.97,45.15
2026-07-16 20:33:19,19.72,235.6,103.75,19.4,4.81,38.04,18.25,4.79,46.67
2026-07-16 20:38:53,20.03,297.7,89.26,25.5,5.99,28.04,11.78,25.95,46.71
2026-07-16 20:50:18,19.79,274.6,74.75,36.8,8.79,18.45,19.2,10.92,46.49
2026-07-16 21:04:43,20.18,249.6,102.98,27.7,9.83,30.99,10.62,3.37,46.36
2026-07-16 21:13:12,19.44,205.6,99.87,18.0,6.99,25.79,22.15,2.24,45.94
2026-07-16 21:26:50,19.72,212.5,92.36,11.9,9.47,16.31,14.55,4.26,47.12
2026-07-16 21:41:35,19.85,248.9,90.36,27.6,18.73,25.41,11.62,21.1,42.97
2026-07-16 21:51:00,18.75,201.5,90.41,30.4,8.28,23.91,13.14,3.63,42.73
2026-07-16 21:56:44,19.99,174.3,105.42,36.1,9.76,24.86,18.96,0.78,43.22
2026-07-16 22:08:33,19.61,177.6,96.95,20.2,15.46,30.09,14.29,0.49,44.11
2026-07-16 22:14:38,18.87,157.1,107.89,11.4,3.36,32.68,16.33,1.23,43.08
2026-07-16 22:27:31,19.37,160.9,105.29,39.5,8.14,22.19,10.69,0.13,43.6
2026-07-16 22:35:22,19.09,185.9,85.15,7.7,8.1,27.15,10.93,18.54,43.63
2026-07-16 22:42:44,19.02,204.9,113.37,38.4,6.69,32.19,13.18,5.7,44.67
2026-07-16 22:52:35,19.05,180.6,99.23,21.4,13.99,27.07,7.91,2.46,45.84
2026-07-16 23:02:25,18.97,182.3,118.65,25.8,8.98,24.96,19.52,3.48,44.63
2026-07-16 23:11:13,18.9,131.7,113.99,22.2,11.08,23.31,15.91,0.41,43.97
2026-07-16 23:21:05,18.51,174.4,89.71,6.6,14.14,25.36,15.6,5.23,44.09
2026-07-16 23:29:41,19.8,156.5,114.4,22.9,11.8,28.47,15.41,1.86,44.5
2026-07-16 23:40:29,19.21,181.0,101.73,11.5,14.01,23.01,13.39,10.7,45.9
2026-07-16 23:52:25,19.07,203.4,109.95,5.9,9.98,27.04,17.62,2.03,47.27
2026-07-16 23:59:26,18.74,181.9,105.81,18.6,13.0,19.05,17.79,1.24,43.11
2026-07-17 00:05:44,19.64,134.9,126.79,27.9,10.75,27.53,21.54,2.32,42.4
2026-07-17 00:20:15,19.29,158.0,124.24,11.7,9.13,28.32,13.06,1.09,44.94
2026-07-17 00:27:58,19.04,163.3,115.81,22.5,7.55,29.57,11.83,4.58,42.52
2026-07-17 00:38:58,17.51,110.4,97.93,31.0,12.01,29.88,18.39,1.26,44.51
2026-07-17 00:48:46,18.91,163.3,121.82,22.3,8.82,22.03,11.29,15.66,45.12
2026-07-17 00:58:27,20.29,193.0,102.79,21.3,3.77,20.5,23.44,1.05,46.51
2026-07-17 01:09:21,19.56,114.4,112.05,26.6,11.9,25.75,11.87,2.02,41.37
2026-07-17 01:19:04,19.06,139.1,110.98,30.6,7.62,24.97,17.52,9.07,39.65
2026-07-17 01:27:21,19.58,183.3,122.1,21.2,10.26,19.18,15.54,10.09,46.81
2026-07-17 01:36:52,19.26,193.8,95.76,10.8,5.23,32.22,11.22,2.71,42.65
2026-07-17 01:51:41,18.25,219.9,93.82,9.3,12.35,25.2,16.81,0.76,45.7
2026-07-17 02:04:46,20.48,199.9,96.43,39.3,5.71,21.81,17.92,5.96,43.23
2026-07-17 02:10:04,18.36,195.5,112.12,7.3,10.78,34.81,16.16,1.68,44.5
2026-07-17 02:21:07,19.24,180.2,90.54,12.7,15.88,24.37,13.39,4.95,48.31
2026-07-17 02:29:28,20.27,271.4,107.56,35.3,10.94,28.22,18.94,4.25,46.98
2026-07-17 02:41:10,20.51,286.4,101.54,39.7,5.67,23.47,15.29,1.98,44.68
2026-07-17 02:55:23,19.07,252.8,95.53,18.4,11.54,24.77,10.6,1.58,46.4
2026-07-17 03:05:46,19.19,270.1,82.56,9.1,10.16,28.16,14.83,1.08,44.75
2026-07-17 03:17:01,18.97,287.6,71.06,33.1,13.44,15.06,19.29,5.12,44.74
2026-07-17 03:28:53,19.92,244.7,83.91,10.3,9.97,28.17,16.3,10.54,49.22
2026-07-17 03:42:55,20.44,266.1,81.15,27.7,2.02,23.81,9.44,1.08,46.67
2026-07-17 03:49:57,19.88,289.2,85.51,9.3,12.22,16.62,11.67,4.77,43.71
2026-07-17 04:04:12,19.08,257.2,77.01,24.0,5.21,25.04,21.33,0.2,50.05
2026-07-17 04:14:29,21.19,281.3,53.21,30.1,13.59,19.73,14.06,2.72,49.63
2026-07-17 04:23:15,20.22,350.5,72.24,9.7,15.02,11.86,20.0,11.2,46.44
2026-07-17 04:34:08,21.69,289.6,74.82,6.2,11.3,28.75,8.95,1.19,47.03
2026-07-17 04:43:10,21.16,298.8,76.49,30.1,8.35,18.68,15.08,0.38,46.65
2026-07-17 04:50:58,22.04,326.9,57.01,29.0,7.35,24.35,14.94,0.92,48.86
2026-07-17 04:57:10,21.87,326.3,71.92,20.8,6.28,29.48,8.51,0.22,52.41
2026-07-17 05:08:55,20.88,345.8,43.35,26.0,8.42,32.56,7.28,14.39,49.24
2026-07-17 05:17:48,20.46,347.9,63.29,13.4,10.73,19.45,5.0,4.32,47.99
2026-07-17 05:25:29,21.37,405.1,38.94,31.9,8.25,27.82,11.68,0.79,46.52
2026-07-17 05:35:57,22.22,415.5,59.63,25.9,14.32,27.26,22.34,3.74,53.39
2026-07-17 05:45:13,21.57,371.3,71.1,21.3,10.03,27.13,19.63,11.31,50.9
2026-07-17 05:55:16,21.63,473.5,54.62,12.7,10.87,29.73,18.63,2.12,48.66
2026-07-17 06:10:11,21.53,395.0,45.07,8.5,12.98,27.08,5.75,5.96,49.46
2026-07-17 06:19:05,22.13,424.5,64.52,37.2,11.8,28.62,15.21,1.51,48.11
2026-07-17 06:32:48,21.53,364.6,75.09,19.8,10.55,21.89,15.22,0.51,50.37
2026-07-17 06:43:00,22.34,443.0,44.24,37.2,9.25,28.78,12.1,2.16,49.2
2026-07-17 06:52:47,22.93,474.0,60.24,28.8,10.64,33.53,18.24,0.49,52.28
2026-07-17 07:02:01,22.81,490.8,58.7,25.3,9.91,21.37,20.28,2.04,50.57
2026-07-17 07:12:40,23.28,488.6,78.05,20.6,9.07,27.03,13.16,1.84,51.91
2026-07-17 07:18:27,23.31,468.6,62.53,14.9,11.24,23.94,19.54,15.47,53.16
2026-07-17 07:33:00,24.72,472.9,78.75,28.0,8.65,23.13,18.76,1.6,52.03
2026-07-17 07:39:13,23.35,503.5,76.61,13.4,13.14,21.79,7.56,2.79,54.13
2026-07-17 07:51:09,22.94,522.8,66.86,33.3,12.43,17.55,14.94,2.41,54.76
2026-07-17 07:59:23,25.24,542.9,81.54,31.0,5.23,30.3,18.03,11.44,56.84
2026-07-17 08:04:46,23.53,522.1,57.0,33.4,8.86,28.88,16.4,0.6,48.97
2026-07-17 08:17:01,23.59,574.6,88.69,10.7,9.3,21.59,12.72,2.47,52.29
2026-07-17 08:28:15,23.45,539.3,80.94,18.6,14.32,29.71,20.75,3.55,52.37
2026-07-17 08:39:21,23.88,568.3,94.45,11.9,6.69,28.46,18.82,18.34,51.26
2026-07-17 08:51:13,23.68,523.2,66.36,13.7,10.43,30.52,21.68,4.47,53.48
2026-07-17 09:04:07,23.49,559.3,87.09,9.8,16.5,21.34,18.65,4.76,55.2
2026-07-17 09:11:43,24.2,583.5,79.86,10.2,13.34,14.28,17.92,0.14,52.36
2026-07-17 09:19:30,24.87,550.3,85.81,10.9,15.11,29.93,10.22,1.11,55.71
2026-07-17 09:29:05,25.06,581.0,80.91,10.5,9.3,18.87,22.84,1.03,55.55
2026-07-17 09:38:37,24.21,576.1,94.2,20.3,9.23,28.99,14.08,1.7,56.39
2026-07-17 09:47:14,24.33,571.6,92.76,35.5,12.22,29.79,16.37,1.41,55.36
2026-07-17 09:54:58,24.48,622.5,110.58,18.8,6.52,29.99,18.65,6.34,54.67
2026-07-17 10:07:14,24.96,620.6,97.97,12.3,5.17,23.97,18.8,7.88,54.15
2026-07-17 10:17:02,24.49,582.3,106.02,32.6,8.32,32.78,16.92,3.57,54.66
2026-07-17 10:26:09,24.79,608.7,113.48,27.4,6.34,26.68,4.59,0.56,55.56
2026-07-17 10:31:46,24.18,609.4,107.63,14.8,9.07,18.29,17.37,4.7,53.67
2026-07-17 10:40:06,24.49,611.0,125.53,7.6,9.66,21.3,22.27,2.61,54.45
2026-07-17 10:49:42,24.76,599.2,109.78,8.2,16.61,25.74,10.79,20.83,54.89
2026-07-17 11:01:12,25.45,673.7,118.93,14.3,8.63,29.39,16.7,0.87,51.18
2026-07-17 11:11:41,25.23,583.8,123.12,26.5,6.52,18.91,16.07,2.72,53.45
2026-07-17 11:19:28,24.48,699.3,116.75,17.4,10.38,25.8,15.67,3.3,52.97
2026-07-17 11:25:01,25.36,603.6,111.84,9.0,12.74,23.38,15.47,6.83,56.21
2026-07-17 11:33:11,24.81,621.5,131.57,19.0,16.64,25.86,9.05,0.37,56.91
2026-07-17 11:39:05,24.41,624.5,118.39,9.8,10.75,28.99,15.88,0.35,58.84
2026-07-17 11:50:14,24.91,636.7,98.56,33.4,14.16,26.22,19.97,9.13,56.98
2026-07-17 12:01:20,24.88,643.8,107.14,34.7,15.27,28.3,16.61,14.84,52.78
2026-07-17 12:15:39,24.92,596.7,110.01,24.5,9.52,29.19,15.96,0.85,55.8
2026-07-17 12:24:28,25.64,673.0,106.62,16.8,6.46,24.01,20.03,8.76,60.11
2026-07-17 12:29:33,25.2,643.1,95.39,19.1,12.63,24.24,13.98,8.52,52.28
2026-07-17 12:39:02,24.2,662.1,127.82,8.3,6.92,20.5,22.13,9.84,53.71
2026-07-17 12:45:43,24.11,604.1,114.16,8.9,6.95,26.05,6.37,2.28,55.71
2026-07-17 12:56:18,25.74,608.1,83.53,33.1,9.93,23.11,15.15,14.83,57.23
2026-07-17 13:10:08,24.31,656.5,108.42,11.9,7.57,21.02,15.68,0.27,55.42
2026-07-17 13:17:25,25.1,658.0,102.7,31.2,9.69,29.54,9.85,10.07,57.64
2026-07-17 13:26:33,25.14,640.2,98.26,7.7,13.12,24.66,15.18,19.58,55.34
2026-07-17 13:41:03,24.87,584.6,108.65,20.0,15.09,26.48,19.44,3.94,55.03
2026-07-17 13:52:08,24.34,574.5,115.09,14.9,5.21,22.51,12.93,3.01,58.1
2026-07-17 13:58:17,24.23,632.8,113.12,30.6,7.76,13.56,17.2,0.59,54.45
2026-07-17 14:12:20,23.93,579.7,86.08,15.7,5.73,29.77,8.98,8.18,56.34
2026-07-17 14:22:56,24.7,574.7,106.03,24.5,13.19,21.66,14.26,2.76,58.47
2026-07-17 14:34:24,24.23,612.3,98.85,28.4,13.79,27.96,12.85,8.72,51.74
2026-07-17 14:44:45,25.01,564.3,102.63,30.8,13.45,18.14,10.13,0.34,55.24
2026-07-17 14:54:33,23.64,538.7,81.65,21.4,8.1,26.39,16.2,13.28,56.85
2026-07-17 14:59:33,24.49,607.9,105.11,12.9,11.82,29.86,17.72,11.27,53.95
2026-07-17 15:11:45,23.46,587.5,77.65,22.5,6.45,34.15,13.7,3.0,51.05
2026-07-17 15:20:20,23.82,524.8,97.42,19.3,13.51,24.45,7.49,5.61,53.06
2026-07-17 15:26:24,22.55,558.2,86.01,8.8,13.94,17.76,8.54,4.81,54.27
2026-07-17 15:37:09,22.81,581.2,96.85,16.1,15.31,22.16,14.33,2.66,55.09
2026-07-17 15:48:52,23.71,537.2,90.58,32.6,11.75,27.84,20.04,4.85,51.26
2026-07-17 15:56:02,23.82,528.1,69.99,39.7,8.14,16.07,15.17,8.32,54.33
2026-07-17 16:09:03,23.15,525.8,74.27,19.5,10.05,20.76,14.64,2.73,52.02
2026-07-17 16:20:20,23.27,507.9,77.55,20.1,6.11,22.6,17.42,23.66,54.39
2026-07-17 16:35:11,23.73,478.3,61.39,21.4,6.32,26.9,14.68,4.82,53.48
2026-07-17 16:44:07,22.86,460.1,57.66,31.9,9.02,21.17,17.83,2.44,50.6
2026-07-17 16:58:37,22.56,465.3,76.29,29.3,10.84,16.33,20.5,3.98,52.13
2026-07-17 17:11:59,22.55,449.0,72.4,29.3,6.97,24.71,17.35,1.01,49.9
2026-07-17 17:26:17,22.59,448.2,58.64,31.9,9.02,29.13,13.36,5.68,53.25
2026-07-17 17:41:17,21.83,414.8,59.62,14.5,9.2,23.41,14.85,12.62,50.38
2026-07-17 17:51:04,22.14,408.9,40.6,24.2,13.37,26.78,12.99,12.91,53.97
2026-07-17 18:03:47,22.12,363.8,56.05,21.5,11.94,12.78,17.79,4.08,45.94
2026-07-17 18:16:31,22.0,344.0,56.77,20.2,10.96,27.84,16.85,1.54,48.8
2026-07-17 18:29:37,21.06,399.7,56.3,17.8,9.84,24.79,14.75,0.5,46.42
2026-07-17 18:42:46,21.23,331.5,62.81,12.9,8.73,27.34,9.06,0.91,53.81
2026-07-17 18:48:41,21.06,355.5,60.31,18.2,10.65,25.46,21.38,6.17,51.08
2026-07-17 19:03:30,20.52,381.0,83.16,26.1,7.49,24.59,20.05,11.17,47.61
2026-07-17 19:16:17,20.99,321.5,70.65,28.5,10.03,22.2,13.88,23.49,46.45
2026-07-17 19:21:57,20.21,326.0,68.56,15.9,11.94,27.22,9.31,3.15,46.48
2026-07-17 19:30:59,21.24,265.6,85.39,26.0,10.84,28.26,17.93,13.74,47.59
2026-07-17 19:40:03,20.68,295.7,96.67,25.6,6.33,25.76,13.46,7.22,48.08
2026-07-17 19:52:21,20.77,258.4,93.46,29.7,13.28,24.08,11.71,0.17,48.76
2026-07-17 20:04:42,20.2,235.0,79.11,34.6,5.86,13.75,12.98,0.32,48.73
2026-07-17 20:18:13,20.35,234.1,83.32,36.3,12.13,19.22,23.29,0.05,48.96
2026-07-17 20:27:20,21.2,319.5,96.84,25.5,12.01,25.4,12.66,1.29,48.64
2026-07-17 20:36:22,20.41,269.0,81.28,19.4,11.7,23.5,18.73,12.88,47.72
2026-07-17 20:43:41,19.93,197.3,100.85,9.4,9.12,31.19,18.41,2.18,50.53
2026-07-17 20:50:57,18.93,224.5,85.89,11.3,6.05,21.09,14.05,1.53,49.46
2026-07-17 21:01:34,19.77,199.9,112.03,34.8,7.09,22.21,13.89,0.68,48.27
2026-07-17 21:08:39,20.02,246.1,80.12,14.7,8.93,24.54,18.58,0.92,49.98
2026-07-17 21:18:59,19.87,191.8,88.51,11.2,8.68,27.2,15.89,3.3,45.08
2026-07-17 21:26:24,20.13,237.8,100.37,22.9,14.02,27.44,13.14,15.54,44.99
2026-07-17 21:40:47,19.57,202.7,94.3,16.9,10.05,32.73,13.47,2.92,46.97
2026-07-17 21:47:13,20.83,205.2,103.07,36.2,13.35,24.73,14.91,4.2,42.86
2026-07-17 22:00:12,19.18,205.9,90.42,11.5,10.48,32.2,9.91,6.79,44.87
2026-07-17 22:06:30,19.39,186.7,113.31,25.2,9.89,18.79,21.51,11.35,41.82
2026-07-17 22:18:21,19.44,176.0,83.68,27.7,12.54,25.22,16.28,6.06,44.26
2026-07-17 22:29:30,18.75,233.9,117.4,21.6,10.41,23.49,17.04,0.19,45.78
2026-07-17 22:38:43,19.34,190.6,112.96,24.2,10.21,25.49,14.33,7.68,45.13
2026-07-17 22:43:59,19.06,162.6,92.86,34.3,10.42,34.05,21.18,7.62,42.04
2026-07-17 22:51:31,19.25,149.3,110.48,35.8,10.61,22.0,13.39,3.29,44.44
2026-07-17 23:00:29,19.46,130.4,110.97,23.2,11.49,19.39,16.41,12.3,43.87
2026-07-17 23:13:35,19.21,163.6,113.35,21.4,11.69,16.42,20.05,6.77,47.41
2026-07-17 23:21:21,19.08,118.8,110.62,21.1,8.43,26.3,10.72,0.18,44.63
2026-07-17 23:31:13,19.48,137.4,102.98,34.5,12.14,25.8,9.49,0.34,45.57
2026-07-17 23:36:31,18.79,157.3,113.18,9.3,9.08,18.15,14.65,5.17,46.51
2026-07-17 23:44:38,19.1,146.3,103.22,38.1,8.87,23.39,12.62,1.48,45.45
2026-07-17 23:53:35,19.71,117.3,89.67,32.8,10.35,24.65,12.73,8.45,43.82
2026-07-18 00:01:16,17.42,195.1,121.51,14.6,7.22,24.07,16.46,4.6,41.61
2026-07-18 00:15:50,18.36,160.3,99.21,28.6,9.64,25.45,14.83,8.7,40.99
2026-07-18 00:23:19,18.7,191.2,97.95,13.3,10.09,10.22,14.15,0.63,42.0
2026-07-18 00:30:53,19.19,165.1,115.89,14.6,4.61,23.63,14.87,12.66,43.75
2026-07-18 00:41:31,19.86,143.0,124.81,23.2,16.61,28.92,11.67,7.59,43.52
2026-07-18 00:49:52,19.71,178.4,108.26,24.6,16.7,31.97,19.6,5.66,42.08
2026-07-18 00:55:54,19.45,177.9,118.65,22.3,12.74,17.71,8.6,2.09,42.59
2026-07-18 01:02:00,18.83,198.7,90.15,13.4,14.56,26.2,8.04,14.47,45.97
2026-07-18 01:11:39,19.71,174.4,105.5,38.9,13.59,27.99,14.99,1.93,44.04
2026-07-18 01:18:21,19.68,202.7,100.95,26.0,14.39,28.02,22.07,8.72,43.69
2026-07-18 01:32:24,18.91,180.6,90.2,21.8,7.52,27.18,19.62,4.15,45.4
2026-07-18 01:43:55,20.07,210.0,102.02,26.1,14.5,19.43,8.95,17.93,48.19
2026-07-18 01:57:24,19.41,212.0,121.44,31.0,6.02,22.25,17.27,0.72,45.61
2026-07-18 02:09:24,19.94,202.4,109.95,19.6,6.38,25.14,18.11,8.37,49.25
2026-07-18 02:23:03,18.69,214.1,99.24,37.3,7.43,34.84,14.86,3.49,43.61
2026-07-18 02:34:12,19.53,198.0,98.0,18.2,8.14,21.93,14.25,6.62,47.14
2026-07-18 02:48:10,20.02,164.1,98.66,35.6,11.99,30.43,13.42,13.71,42.86
2026-07-18 03:02:21,20.37,207.8,70.41,15.7,6.85,27.98,9.64,0.81,44.0
2026-07-18 03:08:59,20.08,271.6,85.12,35.4,11.32,26.17,14.69,0.52,44.69
2026-07-18 03:14:05,19.47,260.8,102.68,24.9,9.3,17.01,15.95,0.15,45.76
2026-07-18 03:19:19,19.74,270.1,82.19,33.9,7.4,21.86,10.72,5.5,45.6
2026-07-18 03:31:03,20.27,224.2,83.36,25.4,11.68,22.51,18.04,9.38,43.52
2026-07-18 03:37:41,21.18,243.2,72.99,29.2,2.65,14.92,9.69,0.16,49.72
2026-07-18 03:42:52,20.12,313.4,92.41,6.6,5.95,16.4,15.06,8.24,47.14
2026-07-18 03:50:20,19.78,268.1,66.13,7.2,7.05,25.49,17.37,3.74,44.36
2026-07-18 03:59:11,21.27,326.4,70.41,13.1,5.13,30.33,9.87,10.46,42.73
2026-07-18 04:04:27,20.59,300.3,93.3,22.4,6.88,22.6,14.04,11.04,48.98
2026-07-18 04:15:46,21.1,331.7,73.12,13.7,11.02,20.93,19.36,4.71,47.63
2026-07-18 04:24:46,20.35,336.9,83.86,35.4,11.74,18.38,12.31,6.16,46.49
2026-07-18 04:34:02,21.16,318.6,70.45,13.9,4.13,19.88,18.98,3.62,47.38
2026-07-18 04:43:13,20.81,341.0,68.78,33.0,14.3,27.1,11.88,0.85,47.11
2026-07-18 04:48:37,21.53,342.3,87.8,21.7,10.08,36.76,21.24,1.59,48.99
2026-07-18 05:02:53,21.85,365.9,67.21,15.0,8.41,22.25,11.88,6.83,51.26
2026-07-18 05:13:54,20.15,386.8,54.54,33.3,11.33,18.67,15.35,0.47,48.79
2026-07-18 05:27:40,21.34,357.1,42.64,8.6,10.36,17.69,15.18,0.51,47.57
2026-07-18 05:34:33,22.0,353.7,60.43,6.6,12.27,25.9,12.9,3.22,46.66
2026-07-18 05:47:24,21.88,353.4,48.24,18.1,11.7,25.29,18.51,6.78,48.58
2026-07-18 05:55:34,22.07,416.2,61.43,29.8,3.42,27.95,13.97,3.34,50.31
2026-07-18 06:08:37,22.32,345.0,40.51,37.0,8.17,27.43,16.26,0.57,50.58
2026-07-18 06:13:46,22.8,396.5,59.57,24.0,12.83,19.86,16.19,1.86,50.01
2026-07-18 06:21:30,21.59,419.5,46.79,24.3,11.86,21.37,17.51,5.55,49.13
2026-07-18 06:36:01,22.22,404.0,70.18,24.8,6.73,26.15,8.99,7.2,54.2
2026-07-18 06:50:18,22.87,473.0,66.95,29.4,10.35,29.6,19.1,10.7,52.15
2026-07-18 07:01:40,22.82,494.5,67.48,25.8,10.68,22.16,20.4,3.07,53.49
2026-07-18 07:09:57,22.91,462.5,65.39,11.6,12.19,22.3,14.76,16.75,54.77
2026-07-18 07:21:50,23.02,456.0,67.99,20.9,7.94,24.74,19.88,16.12,54.1
2026-07-18 07:33:47,23.27,501.6,71.6,22.3,7.95,21.77,11.97,0.36,50.93
2026-07-18 07:40:15,23.4,435.6,75.72,25.7,11.54,34.71,11.42,0.89,48.55
2026-07-18 07:49:29,22.39,497.3,80.66,30.8,7.53,22.72,14.13,1.58,54.23
2026-07-18 07:58:39,23.41,540.6,76.01,24.2,11.72,27.95,19.99,1.74,52.99
2026-07-18 08:12:06,23.67,482.2,75.69,9.2,11.05,28.95,13.8,0.84,53.18
2026-07-18 08:23:37,22.71,597.5,91.24,18.4,11.86,33.15,12.73,5.74,55.51
2026-07-18 08:30:22,24.83,590.6,98.36,5.0,9.02,19.13,17.28,3.68,52.74
2026-07-18 08:39:51,24.32,508.9,73.06,28.1,12.8,35.05,12.73,0.24,54.79
2026-07-18 08:54:02,24.32,548.1,81.29,7.2,11.88,13.53,11.84,2.52,54.29
2026-07-18 09:08:35,24.63,541.1,108.58,13.3,9.74,26.16,11.34,5.03,54.89
2026-07-18 09:19:17,24.17,569.3,92.42,25.6,16.16,31.99,15.73,2.79,54.66
2026-07-18 09:32:47,25.02,586.4,103.44,8.6,12.72,25.83,15.07,4.95,52.37
2026-07-18 09:45:50,24.93,554.5,99.35,17.6,10.67,30.91,11.86,1.2,53.49
2026-07-18 09:53:05,24.2,541.1,109.79,15.8,12.07,28.42,21.21,3.4,56.2
2026-07-18 10:06:23,25.58,597.6,95.8,16.8,8.94,23.53,18.98,1.03,55.42
2026-07-18 10:15:44,24.89,705.0,101.46,12.4,8.54,17.79,14.0,0.63,52.88
2026-07-18 10:29:09,24.91,619.4,94.45,37.5,9.1,35.87,13.16,0.13,57.66
2026-07-18 10:37:16,24.92,549.2,106.19,26.0,10.58,23.0,11.34,7.46,54.73
2026-07-18 10:43:48,24.76,627.9,124.39,38.0,7.29,19.06,14.72,13.36,57.75
2026-07-18 10:49:45,23.8,621.5,108.19,24.0,10.58,31.09,12.61,7.77,53.72
2026-07-18 10:57:25,24.77,625.4,112.19,17.6,8.03,27.11,20.11,1.64,58.12
2026-07-18 11:10:23,24.79,600.4,107.06,13.6,11.61,22.34,13.87,3.34,57.13
2026-07-18 11:19:52,25.75,630.0,127.48,16.8,10.44,26.31,24.33,3.68,54.87
2026-07-18 11:34:30,24.86,658.6,110.37,34.4,10.43,25.16,19.68,2.39,54.54
2026-07-18 11:40:20,23.93,624.5,94.24,22.2,13.45,20.59,14.83,2.26,54.86
2026-07-18 11:54:01,25.36,630.7,106.85,29.6,14.69,19.23,23.35,0.48,53.87
2026-07-18 12:06:12,25.48,684.6,115.48,19.4,11.96,17.25,15.88,8.78,53.87
2026-07-18 12:20:39,24.43,669.3,115.89,6.9,13.28,20.32,12.49,0.54,56.98
2026-07-18 12:34:29,25.62,618.0,90.25,39.9,10.85,14.97,9.72,1.55,54.32
2026-07-18 12:47:54,25.36,634.5,104.4,22.1,9.01,24.04,13.11,0.96,56.97
2026-07-18 13:02:02,24.6,652.7,108.93,11.9,12.02,24.55,22.76,3.96,53.62
2026-07-18 13:14:45,24.41,683.5,109.88,31.4,11.62,23.61,18.92,0.38,59.66
2026-07-18 13:20:17,25.19,650.2,108.97,18.9,7.12,28.53,12.36,4.36,57.87
2026-07-18 13:29:25,24.69,597.3,106.99,8.4,9.71,20.72,14.59,18.03,56.42
2026-07-18 13:35:05,25.14,666.9,104.45,27.1,16.44,31.94,17.95,1.48,53.24
2026-07-18 13:42:13,23.83,650.4,102.92,30.3,12.61,18.94,16.34,2.87,57.6
2026-07-18 13:52:34,24.23,585.1,99.29,34.7,13.84,17.57,8.79,4.57,56.32
2026-07-18 13:58:12,24.74,640.9,91.27,29.1,14.31,32.36,13.77,5.18,56.82
2026-07-18 14:09:42,24.55,600.7,80.88,12.4,11.31,30.29,11.59,3.68,58.84
2026-07-18 14:23:29,24.72,548.1,97.33,34.4,13.19,21.64,14.98,1.73,52.53
2026-07-18 14:33:21,23.66,603.3,93.32,38.0,16.48,22.36,16.75,5.38,53.01
2026-07-18 14:40:48,24.68,530.7,87.73,24.9,10.0,27.08,21.27,0.68,56.08
2026-07-18 14:47:37,24.34,589.2,102.84,17.3,7.21,25.16,11.25,3.89,55.66
2026-07-18 14:56:41,24.3,587.0,77.74,23.4,7.33,28.96,12.67,0.8,53.92
2026-07-18 15:09:57,24.25,557.7,91.03,29.9,13.98,28.73,20.64,4.28,54.61
2026-07-18 15:17:04,23.5,568.8,89.66,19.1,9.45,23.57,15.85,7.05,53.18
2026-07-18 15:28:25,23.91,564.9,67.83,11.6,11.1,20.85,14.77,1.62,55.73
2026-07-18 15:37:42,23.58,517.9,88.09,17.0,9.15,34.32,10.92,33.67,55.57
2026-07-18 15:49:43,22.49,555.9,82.77,7.4,8.03,17.38,24.78,9.19,51.4
2026-07-18 16:03:41,23.6,443.0,74.48,18.0,7.11,22.97,24.56,7.6,50.74
2026-07-18 16:11:30,22.99,548.4,86.44,32.4,11.78,22.81,16.51,7.31,48.89
2026-07-18 16:23:59,23.65,485.4,75.19,37.8,11.5,23.44,22.21,0.67,51.74
2026-07-18 16:30:15,24.01,479.5,75.69,38.1,7.44,17.8,12.54,1.91,49.64
2026-07-18 16:41:51,23.6,491.0,67.13,28.2,10.47,21.13,19.83,6.48,52.19
2026-07-18 16:47:28,22.04,469.1,83.49,14.6,10.38,29.69,20.88,10.43,52.02
2026-07-18 17:00:04,22.27,494.5,74.12,6.3,7.7,20.95,9.83,2.0,50.86
2026-07-18 17:10:29,22.47,446.3,73.26,22.5,12.26,32.3,14.13,3.71,50.51
2026-07-18 17:22:52,22.47,417.5,62.41,25.5,8.68,20.24,10.82,1.93,51.17
2026-07-18 17:31:58,21.64,438.1,47.11,22.2,9.48,27.99,10.66,0.63,49.64
2026-07-18 17:43:44,22.36,429.3,66.61,37.6,7.05,30.39,11.34,8.26,52.5
2026-07-18 17:53:05,23.0,431.4,59.64,29.5,9.2,19.05,6.78,2.55,50.74
2026-07-18 18:01:07,21.36,430.7,56.93,27.4,13.95,28.65,15.55,9.29,47.67
2026-07-18 18:06:38,21.52,395.2,64.34,16.2,9.72,22.77,9.77,2.59,48.2
2026-07-18 18:20:21,21.99,354.0,42.26,18.3,9.73,26.01,19.23,18.17,55.02
2026-07-18 18:34:47,21.58,339.9,62.82,11.9,12.71,20.77,10.09,4.43,48.61
2026-07-18 18:47:20,21.57,363.2,83.17,27.2,11.41,19.93,19.02,19.3,49.37
2026-07-18 18:58:30,20.85,374.3,68.92,27.1,12.08,28.27,16.07,7.14,49.39
2026-07-18 19:10:33,20.52,319.2,62.24,12.1,11.88,27.77,5.52,0.26,49.24
2026-07-18 19:20:39,21.48,318.4,68.52,37.0,8.18,28.97,19.05,0.87,45.09
2026-07-18 19:31:40,21.83,317.2,57.8,12.1,8.65,26.13,20.16,9.71,47.77
2026-07-18 19:45:36,20.92,339.0,88.9,32.9,13.92,29.87,16.0,2.3,46.95
2026-07-18 19:57:24,21.19,353.2,81.52,22.4,12.17,24.15,13.67,7.46,48.4
2026-07-18 20:10:40,19.77,308.6,80.91,22.7,9.01,24.02,12.42,6.33,45.76
2026-07-18 20:25:29,20.12,257.1,90.59,20.5,11.84,22.37,11.33,0.81,45.46
2026-07-18 20:33:53,19.98,282.5,84.09,25.5,9.14,34.87,18.73,10.23,47.01
2026-07-18 20:47:02,20.75,169.9,86.54,6.3,10.11,19.56,21.15,3.78,46.03
2026-07-18 20:54:40,19.17,223.7,104.41,24.7,9.73,28.83,11.53,7.29,47.88
2026-07-18 21:01:28,19.68,240.6,93.53,28.4,11.99,22.38,16.47,1.43,47.14
2026-07-18 21:12:46,20.97,242.2,89.51,10.0,8.56,28.45,15.38,2.59,44.65
2026-07-18 21:27:24,19.32,250.5,100.05,40.0,7.2,32.28,14.77,0.12,44.17
2026-07-18 21:36:42,19.28,194.7,94.25,9.3,6.63,21.47,14.18,1.63,47.32
2026-07-18 21:49:59,19.58,186.2,112.29,24.3,10.18,26.43,9.07,2.12,50.31
2026-07-18 22:00:19,19.62,140.8,109.84,17.5,12.58,29.79,11.76,6.19,37.26
2026-07-18 22:13:57,19.1,248.1,118.08,14.8,5.58,22.52,13.24,1.49,47.43
2026-07-18 22:27:01,19.47,166.9,111.04,39.0,13.27,24.77,22.37,0.04,40.25
2026-07-18 22:38:29,19.89,213.7,114.77,34.5,8.94,19.51,17.44,8.52,45.83
2026-07-18 22:48:27,18.28,156.8,129.58,19.3,5.98,27.99,6.5,1.57,45.05
2026-07-18 23:03:21,19.12,140.6,92.26,10.5,6.95,19.09,22.57,0.56,43.98
2026-07-18 23:09:11,19.01,156.7,95.41,5.8,12.96,29.67,13.46,5.24,43.77
2026-07-18 23:21:47,18.54,175.7,117.96,14.5,10.25,25.88,17.52,7.66,44.47
2026-07-18 23:34:36,19.14,164.8,102.79,12.5,8.67,17.87,11.62,24.94,45.87
2026-07-18 23:49:35,19.02,126.3,114.78,18.7,12.34,30.23,13.39,12.94,44.64
2026-07-18 23:57:26,19.19,181.4,121.06,32.3,9.98,27.48,9.34,0.35,45.67
2026-07-19 00:09:33,18.51,224.9,115.07,15.8,9.57,25.6,6.34,6.57,45.63
2026-07-19 00:22:30,18.37,167.1,119.23,21.7,11.48,24.44,17.22,4.93,43.9
2026-07-19 00:35:58,20.27,168.2,110.61,28.0,10.88,15.13,20.77,8.61,43.44
2026-07-19 00:43:25,18.29,131.9,112.38,23.1,10.06,26.14,20.07,0.95,46.6
2026-07-19 00:56:03,19.64,164.8,102.72,22.1,4.44,30.4,12.37,0.69,41.94
2026-07-19 01:08:48,19.67,203.8,112.43,19.7,5.17,26.19,14.15,0.14,46.82
2026-07-19 01:18:26,18.29,166.0,97.47,10.7,11.58,27.38,13.54,6.07,48.05
2026-07-19 01:26:10,19.03,146.9,97.43,26.1,11.64,30.17,17.26,9.18,47.3
2026-07-19 01:32:03,20.1,162.3,110.12,37.7,5.73,25.26,11.53,1.6,43.0
2026-07-19 01:45:45,18.27,197.6,93.72,18.3,10.77,20.71,16.83,13.71,46.35
2026-07-19 01:53:55,18.14,183.9,95.98,29.6,15.33,31.73,15.63,15.53,41.22
2026-07-19 02:02:40,19.71,182.0,99.93,8.9,11.57,28.84,14.88,2.18,43.62
2026-07-19 02:16:26,18.54,178.8,134.2,29.2,11.72,28.17,15.6,4.25,45.23
2026-07-19 02:30:17,20.05,276.9,100.78,34.5,10.26,30.61,18.27,4.11,44.54
2026-07-19 02:36:40,19.76,203.0,109.35,16.3,8.13,19.64,15.6,1.14,47.38
2026-07-19 02:44:16,18.93,232.2,106.08,23.9,10.75,25.21,13.26,3.91,44.93
2026-07-19 02:56:51,19.84,249.3,87.96,28.0,20.72,20.16,13.56,0.6,50.76
2026-07-19 03:08:34,21.12,192.5,106.55,26.3,11.12,21.06,25.04,0.81,47.13
2026-07-19 03:16:43,19.36,205.6,84.4,5.1,11.92,33.25,19.13,9.05,48.72
2026-07-19 03:24:25,19.41,299.8,79.18,37.0,13.24,19.15,20.09,12.21,49.01
2026-07-19 03:36:32,20.56,281.8,91.68,16.3,10.93,20.37,19.82,0.58,47.19
2026-07-19 03:42:19,20.29,264.2,86.05,13.7,10.66,23.84,12.48,1.11,48.09
2026-07-19 03:47:55,20.53,314.1,80.52,26.8,8.28,25.55,18.76,0.38,47.6
2026-07-19 03:59:05,21.23,202.8,82.85,35.3,10.75,31.78,8.41,2.62,45.73
2026-07-19 04:10:42,20.62,315.4,85.45,21.7,11.35,29.29,8.47,1.49,46.28
2026-07-19 04:22:09,21.08,305.7,68.81,18.9,13.53,22.92,15.41,5.46,48.29
2026-07-19 04:28:14,21.1,339.9,60.2,39.0,11.53,23.08,17.02,2.4,50.63
2026-07-19 04:39:28,20.88,302.1,50.68,37.3,5.35,29.59,4.9,0.41,48.15
2026-07-19 04:52:18,21.52,333.1,66.23,18.4,16.44,30.63,13.29,0.7,48.72
2026-07-19 05:00:47,20.42,410.6,63.51,14.0,13.78,21.64,15.84,1.12,48.84
2026-07-19 05:11:42,21.3,344.9,67.33,12.1,8.86,20.59,16.49,15.2,51.71
2026-07-19 05:18:53,21.79,343.2,67.33,22.5,7.98,22.48,11.13,2.15,48.16
2026-07-19 05:28:17,21.79,389.1,56.35,30.8,6.17,24.75,23.58,8.28,48.36
2026-07-19 05:36:34,21.97,385.4,65.39,23.2,9.97,16.28,9.24,0.02,49.6
2026-07-19 05:49:28,21.72,387.7,49.32,35.3,3.14,20.0,13.38,19.15,48.18
2026-07-19 05:56:48,21.95,427.4,46.81,37.3,10.49,25.33,8.44,6.9,49.15
2026-07-19 06:04:57,21.59,415.3,63.63,16.7,8.5,25.17,16.47,1.1,50.5
2026-07-19 06:12:41,21.99,372.8,55.1,26.6,8.14,22.32,13.99,2.94,52.11
2026-07-19 06:20:46,23.08,430.1,33.46,23.6,4.88,24.4,17.86,4.9,49.25
2026-07-19 06:35:26,22.49,431.8,71.14,21.3,11.27,23.11,19.21,0.09,50.76
2026-07-19 06:46:23,22.8,450.1,73.7,39.1,13.16,33.12,15.86,6.85,49.68
2026-07-19 06:53:54,23.02,445.7,62.38,24.1,10.81,21.79,21.23,1.42,52.28
2026-07-19 07:07:49,22.16,490.9,50.95,18.6,8.69,26.76,10.58,0.8,52.9
2026-07-19 07:20:24,22.53,454.3,60.83,29.4,8.27,17.68,14.92,1.63,52.96
2026-07-19 07:30:52,22.27,452.2,80.26,33.2,12.82,19.31,10.47,3.91,49.22
2026-07-19 07:42:45,22.36,501.8,71.76,25.9,11.46,21.47,13.02,3.63,53.11
2026-07-19 07:50:17,23.1,494.9,71.24,39.0,8.77,34.26,18.48,0.67,51.39
2026-07-19 07:55:27,23.39,487.9,91.26,26.8,12.06,22.93,13.99,6.43,51.5
2026-07-19 08:06:18,23.82,508.7,83.34,8.4,0.01,20.46,15.78,7.42,52.68
2026-07-19 08:12:57,23.79,499.5,78.5,38.9,6.38,30.69,17.81,2.37,52.17
2026-07-19 08:27:04,23.84,506.0,84.95,28.9,5.45,24.23,17.11,2.92,52.97
2026-07-19 08:39:36,24.59,590.0,92.82,16.4,8.06,37.56,10.66,13.04,55.67
2026-07-19 08:45:41,23.47,545.9,93.82,27.3,8.43,19.94,11.96,12.13,58.11
2026-07-19 08:54:14,24.49,501.1,107.38,31.0,8.69,23.0,16.3,3.5,54.6
2026-07-19 09:08:29,23.64,572.6,96.66,10.7,13.33,18.57,13.67,0.11,53.4
2026-07-19 09:23:02,24.4,567.1,95.87,37.5,8.38,26.91,22.74,2.3,55.73
2026-07-19 09:33:38,24.66,597.7,84.33,28.0,14.15,24.41,12.28,9.74,57.24
2026-07-19 09:41:04,25.49,552.8,88.93,18.1,6.52,24.56,18.8,3.53,53.51
2026-07-19 09:54:52,24.64,608.5,87.77,32.7,5.96,21.92,10.19,1.89,54.92
2026-07-19 10:03:18,24.88,602.0,105.17,20.4,11.53,25.72,12.53,4.98,55.67
2026-07-19 10:10:11,24.27,588.4,99.97,16.0,9.62,27.86,18.25,18.92,55.72
2026-07-19 10:15:27,24.61,582.7,111.49,32.9,14.72,30.2,18.47,5.35,57.26
2026-07-19 10:20:50,24.28,596.0,106.81,17.8,11.46,22.25,20.56,6.86,55.94
2026-07-19 10:33:25,24.88,630.6,98.18,26.3,7.69,27.97,12.11,23.54,57.19
2026-07-19 10:44:46,24.43,612.4,109.0,35.9,9.1,22.97,16.26,10.42,54.85
2026-07-19 10:57:24,24.63,591.3,111.9,24.5,7.97,20.82,18.28,8.48,58.5
2026-07-19 11:04:29,25.14,639.9,117.94,38.5,5.57,24.23,18.73,3.58,56.48
2026-07-19 11:11:21,25.29,594.5,102.71,36.8,13.07,28.55,15.36,7.24,53.38
2026-07-19 11:22:35,24.83,623.6,116.9,11.5,6.64,24.5,14.56,3.1,53.75
2026-07-19 11:36:23,25.11,631.9,109.89,5.0,12.5,20.5,18.66,7.95,57.11
2026-07-19 11:42:48,25.53,660.9,111.1,8.1,13.42,28.44,12.09,2.94,53.28
2026-07-19 11:56:44,24.49,689.1,123.56,6.7,9.7,24.2,20.85,1.49,56.98
2026-07-19 12:08:33,24.27,633.6,106.7,11.1,7.7,33.11,16.86,1.96,55.81
2026-07-19 12:21:14,25.39,604.4,118.23,27.0,15.63,28.1,5.61,4.11,55.43
2026-07-19 12:29:55,24.69,666.8,117.82,9.0,15.65,20.17,23.37,4.51,55.27
2026-07-19 12:38:23,25.03,647.7,96.45,27.2,11.69,26.36,13.26,8.14,57.94
2026-07-19 12:52:40,25.59,649.5,102.66,32.7,15.19,28.1,14.11,7.99,55.65
2026-07-19 13:07:35,24.68,631.3,107.09,35.0,7.91,25.53,11.09,3.15,54.33
2026-07-19 13:20:47,24.28,672.6,112.78,20.0,14.31,21.6,18.88,0.14,56.41
2026-07-19 13:34:40,25.27,641.2,112.1,5.8,14.37,24.27,13.29,1.74,55.08
2026-07-19 13:42:41,25.25,636.6,105.01,23.1,5.39,21.66,16.02,3.03,56.75
2026-07-19 13:52:39,24.58,552.1,94.49,28.4,11.14,27.3,17.75,6.18,59.53
2026-07-19 14:01:30,25.06,661.5,111.6,33.8,12.47,28.15,12.96,8.63,54.86
2026-07-19 14:09:57,24.01,636.7,94.06,21.5,13.76,15.53,13.22,6.47,57.03
2026-07-19 14:24:12,24.27,567.6,98.51,5.9,17.07,19.08,18.16,7.04,54.79
2026-07-19 14:34:39,23.38,583.9,73.34,34.8,12.85,30.01,11.15,3.38,53.63
2026-07-19 14:41:51,23.83,565.8,93.28,27.1,8.1,22.87,14.69,5.22,58.19
2026-07-19 14:56:42,24.54,569.2,95.41,29.3,13.28,23.01,19.11,8.88,54.11
2026-07-19 15:03:59,24.76,558.2,75.86,10.9,10.0,23.27,16.84,10.54,52.11
2026-07-19 15:11:25,24.17,518.6,100.46,6.1,3.97,36.55,14.93,4.06,54.82
2026-07-19 15:22:13,23.92,572.8,91.66,19.3,9.17,23.76,8.0,11.28,53.58
2026-07-19 15:30:07,23.68,509.8,80.85,21.5,5.26,27.28,15.66,1.68,56.57
2026-07-19 15:35:50,23.79,536.8,100.86,13.9,7.53,34.37,16.19,0.72,49.74
2026-07-19 15:46:37,23.43,541.4,104.77,7.3,8.9,23.1,11.75,15.87,55.53
2026-07-19 15:55:08,23.89,494.9,92.72,32.5,4.76,31.18,5.74,0.37,52.37
2026-07-19 16:09:50,23.28,522.6,80.04,35.7,8.26,25.09,15.0,3.81,49.48
2026-07-19 16:19:53,23.22,463.8,57.24,27.5,8.42,33.39,13.41,2.95,54.63
2026-07-19 16:28:25,23.49,523.9,62.15,32.6,16.55,32.41,13.66,0.41,52.43
2026-07-19 16:37:52,22.42,462.2,81.05,7.5,16.67,28.22,16.36,9.89,54.25
2026-07-19 16:47:16,23.85,454.3,45.11,30.3,5.44,26.04,25.02,3.0,52.11
2026-07-19 17:01:29,22.8,488.5,81.87,29.2,11.15,30.16,10.74,4.34,48.2
2026-07-19 17:14:20,22.9,516.5,55.96,17.1,14.26,28.81,16.39,1.6,50.0
2026-07-19 17:24:37,21.97,465.7,54.43,34.8,12.65,29.97,16.04,13.77,47.32
2026-07-19 17:38:11,20.96,412.0,76.61,10.1,14.8,25.34,8.36,0.24,48.1
2026-07-19 17:49:58,22.74,400.5,44.83,39.3,7.48,22.77,12.57,5.81,52.95
2026-07-19 18:00:37,21.17,411.8,49.89,29.2,12.88,29.29,12.79,6.3,47.36
2026-07-19 18:10:27,22.31,409.3,59.7,14.5,9.42,25.77,16.93,0.04,47.64
2026-07-19 18:22:42,21.17,367.0,72.8,34.4,8.44,25.3,15.93,3.04,50.41
2026-07-19 18:36:01,21.49,392.0,46.25,33.6,10.76,22.12,8.62,3.7,51.89
2026-07-19 18:43:26,21.48,336.4,62.0,24.7,11.81,33.47,17.62,0.93,45.72
2026-07-19 18:52:53,21.11,338.3,73.17,5.1,7.31,18.46,7.68,3.74,42.81
2026-07-19 18:59:53,20.94,369.9,51.48,13.4,6.77,29.26,19.43,5.56,49.03
2026-07-19 19:11:42,20.75,319.9,45.87,15.4,13.38,28.83,18.37,5.87,48.12
2026-07-19 19:17:25,21.1,290.3,81.15,14.9,6.37,21.68,16.58,9.71,46.78
2026-07-19 19:28:26,21.67,333.4,69.6,36.5,8.27,26.96,9.77,6.37,49.09
2026-07-19 19:37:45,20.13,334.3,81.04,6.9,7.11,25.98,19.24,0.08,51.63
2026-07-19 19:46:22,20.51,291.4,81.91,9.6,12.66,22.17,17.81,2.35,45.89
2026-07-19 19:57:48,20.26,251.3,75.03,16.4,6.52,24.53,14.75,0.71,44.61
2026-07-19 20:11:23,20.14,263.3,80.11,35.8,6.77,24.93,16.45,0.32,47.64
2026-07-19 20:23:11,20.2,264.8,85.81,20.6,2.88,22.22,15.54,9.0,40.89
2026-07-19 20:31:06,20.89,227.8,93.57,14.8,7.63,34.11,12.68,18.21,43.01
2026-07-19 20:43:40,20.42,257.5,101.13,32.6,10.82,23.25,17.86,0.35,45.58
2026-07-19 20:55:01,20.41,292.3,100.26,32.6,3.46,18.59,15.91,4.62,46.43
2026-07-19 21:07:20,19.98,211.9,97.97,19.7,10.84,31.16,16.96,3.52,47.62
2026-07-19 21:20:39,19.09,221.3,90.73,5.9,12.93,27.21,7.09,14.14,44.35
2026-07-19 21:33:11,19.23,213.0,103.99,8.2,11.99,20.59,12.91,1.46,46.25
2026-07-19 21:41:36,19.29,216.9,92.21,38.9,10.15,29.91,17.39,12.64,46.58
2026-07-19 21:50:48,18.79,179.3,101.05,30.5,14.98,27.42,12.76,2.1,45.13
2026-07-19 22:02:30,19.19,146.4,98.49,10.8,9.51,28.98,13.41,9.14,45.16
2026-07-19 22:14:17,20.6,202.4,116.93,25.0,7.53,24.59,7.12,7.87,46.94
2026-07-19 22:23:03,19.64,172.8,91.95,24.0,5.34,40.44,21.88,1.78,44.33
2026-07-19 22:32:44,19.42,178.8,115.92,17.7,11.49,28.36,16.01,3.12,44.46
2026-07-19 22:46:41,18.82,161.0,101.94,7.3,12.22,31.35,16.84,0.51,42.56
2026-07-19 23:00:49,19.67,155.4,104.71,15.9,9.26,21.28,20.59,0.35,46.75
2026-07-19 23:10:17,19.42,150.0,103.33,33.2,8.04,24.02,18.8,7.96,44.69
2026-07-19 23:24:41,18.49,118.3,113.32,26.1,6.19,29.59,14.16,3.09,38.9
2026-07-19 23:37:45,19.28,111.8,127.8,31.0,16.09,20.39,14.48,4.46,43.7
2026-07-19 23:47:50,18.91,175.7,83.85,16.8,11.05,33.24,14.6,1.07,42.02
2026-07-19 23:56:24,19.44,153.3,103.84,13.3,13.98,25.98,22.15,6.58,39.92
2026-07-20 00:05:55,18.49,196.4,116.39,15.2,12.18,30.21,10.33,8.28,44.89
2026-07-20 00:14:12,19.4,168.2,107.03,8.2,10.28,29.97,16.09,1.89,45.79
2026-07-20 00:27:09,19.17,103.2,111.1,37.5,14.86,26.05,18.6,0.52,47.46
2026-07-20 00:37:40,18.39,175.1,112.44,28.0,10.06,27.74,18.13,8.89,49.67
2026-07-20 00:42:59,18.3,172.8,114.94,38.3,10.63,32.74,12.78,2.31,41.88
2026-07-20 00:49:18,18.46,197.3,123.59,7.7,9.26,24.87,12.49,6.56,43.52
2026-07-20 00:59:10,18.44,166.1,109.63,6.6,12.05,23.96,13.82,3.63,43.71
2026-07-20 01:13:01,18.98,148.4,96.83,39.7,3.9,30.36,19.17,8.65,47.66
2026-07-20 01:24:39,18.56,173.5,87.27,30.6,13.72,20.87,11.21,1.55,44.9
2026-07-20 01:30:55,19.65,232.7,105.08,36.7,2.38,31.81,15.11,3.52,49.24
2026-07-20 01:38:27,18.83,171.0,75.0,20.8,7.56,19.99,8.77,2.86,46.53
2026-07-20 01:51:22,19.46,177.9,103.2,14.8,7.91,26.95,20.26,13.67,43.41
2026-07-20 02:02:14,17.99,177.1,100.29,14.6,7.65,20.58,5.99,4.38,43.95
2026-07-20 02:07:42,18.93,224.7,92.09,33.3,11.92,22.89,19.61,0.83,47.86
2026-07-20 02:17:20,19.83,187.4,97.21,15.5,9.59,20.03,18.42,7.47,46.52
2026-07-20 02:25:12,18.72,222.9,112.3,31.4,7.85,30.99,12.02,2.69,47.03
2026-07-20 02:36:01,18.47,202.2,94.11,34.2,15.17,21.3,14.26,2.08,45.08
2026-07-20 02:47:20,20.13,167.9,99.94,34.5,8.93,22.49,12.57,2.11,46.23
2026-07-20 03:00:36,19.32,242.4,112.81,17.6,12.9,28.31,10.34,2.62,48.42
2026-07-20 03:14:48,20.42,230.1,99.62,18.1,6.53,14.87,20.74,8.07,47.13
2026-07-20 03:22:18,19.96,214.5,91.0,9.1,10.27,24.96,15.68,0.97,44.15
2026-07-20 03:37:16,19.46,229.2,101.23,25.6,16.75,25.81,7.22,0.95,45.98
2026-07-20 03:44:10,20.83,240.0,86.63,25.8,7.31,23.91,17.64,0.09,46.41
2026-07-20 03:50:51,19.77,280.4,74.61,28.0,9.31,20.12,15.38,3.42,44.32
2026-07-20 03:57:20,20.1,321.9,69.33,9.5,11.32,19.82,9.19,4.56,45.71
2026-07-20 04:08:37,19.95,320.9,71.19,21.7,12.04,23.67,15.64,2.19,45.81
2026-07-20 04:16:11,19.94,255.2,87.27,19.8,10.74,26.39,12.17,1.09,49.73
2026-07-20 04:30:08,20.59,304.0,69.94,16.8,10.36,22.66,22.33,1.16,47.11
2026-07-20 04:37:50,21.42,248.9,65.93,13.0,16.07,32.23,18.63,6.46,50.16
2026-07-20 04:49:39,21.0,309.6,91.43,29.3,16.87,32.95,10.91,0.1,50.77
2026-07-20 04:57:00,21.83,385.2,67.74,16.6,9.16,20.65,14.54,10.21,45.2
2026-07-20 05:03:01,22.0,344.2,68.81,20.6,13.5,23.38,12.58,3.17,44.23
2026-07-20 05:12:51,20.75,346.7,39.75,18.0,13.82,24.76,15.75,5.97,50.51
2026-07-20 05:26:57,21.84,377.6,54.51,10.8,10.37,29.21,19.19,0.48,50.26
2026-07-20 05:38:28,20.88,355.2,48.6,24.2,10.85,30.28,17.14,10.06,46.62
2026-07-20 05:50:58,22.03,440.5,47.62,36.0,10.77,16.77,10.87,6.74,48.43
2026-07-20 05:55:58,21.68,388.7,45.26,12.3,11.07,20.62,12.58,2.32,49.62
2026-07-20 06:01:38,21.4,388.0,38.79,27.3,10.15,20.64,13.05,9.09,55.12
2026-07-20 06:07:13,21.97,439.8,46.07,32.7,14.27,26.55,17.88,5.61,45.83
2026-07-20 06:14:11,22.5,447.2,64.38,33.7,6.86,23.66,16.8,2.93,51.3
2026-07-20 06:23:09,22.52,434.2,63.32,37.8,11.75,25.78,7.49,2.89,48.33
2026-07-20 06:37:15,22.13,394.0,64.26,5.7,9.0,21.59,12.28,3.89,46.71
2026-07-20 06:48:21,22.8,442.8,57.28,13.5,11.21,15.48,11.79,17.27,50.41
2026-07-20 07:03:04,22.97,432.3,65.89,31.5,14.48,22.18,13.89,0.08,51.63
2026-07-20 07:08:47,23.41,514.1,84.82,25.9,9.23,17.31,15.53,3.65,48.71
2026-07-20 07:17:44,23.19,514.6,75.25,30.1,16.87,18.12,12.99,8.65,49.57
2026-07-20 07:30:47,22.85,484.0,86.22,11.8,7.93,24.18,14.22,7.53,53.69
2026-07-20 07:38:19,22.78,490.9,74.53,34.8,5.49,25.62,9.71,1.01,51.92
2026-07-20 07:44:34,24.04,509.7,74.72,13.2,6.44,28.69,14.54,0.36,56.96
2026-07-20 07:53:54,23.51,536.6,97.48,14.8,8.05,24.85,9.54,0.81,50.59
2026-07-20 08:08:41,24.07,521.1,83.62,35.6,6.6,29.6,13.16,10.82,52.64
2026-07-20 08:21:27,22.78,565.1,95.97,30.7,12.53,25.6,10.18,9.99,55.67
2026-07-20 08:30:23,24.02,524.4,99.92,33.9,5.86,25.14,6.52,4.32,53.53
2026-07-20 08:42:00,24.36,571.5,89.21,39.8,9.81,21.45,15.84,3.01,52.55
2026-07-20 08:49:45,25.32,549.1,103.2,14.9,5.6,21.72,9.75,0.31,57.18
2026-07-20 08:55:24,24.84,500.7,96.89,28.1,7.1,21.13,20.01,7.63,51.36
2026-07-20 09:00:42,24.26,540.4,93.52,12.8,7.4,23.26,11.66,4.94,52.36
2026-07-20 09:12:39,25.32,586.1,99.7,22.0,15.06,30.05,16.75,5.02,51.57
2026-07-20 09:19:51,24.76,591.9,98.61,14.4,11.72,22.91,12.63,5.12,55.42
2026-07-20 09:26:40,24.34,597.4,81.12,11.7,3.87,22.75,19.62,0.05,55.6
2026-07-20 09:35:05,24.26,571.2,111.42,13.1,9.97,29.55,13.94,2.28,52.37
2026-07-20 09:43:45,24.73,647.4,131.81,31.6,14.57,26.85,9.25,8.08,54.41
2026-07-20 09:58:39,24.35,650.0,100.7,6.4,8.51,23.28,16.23,3.58,53.67
2026-07-20 10:10:43,25.49,627.2,104.93,11.6,9.84,34.11,17.35,0.52,54.24
2026-07-20 10:21:09,25.43,551.4,108.35,11.0,11.14,30.66,18.88,10.16,55.37
2026-07-20 10:27:13,24.1,626.8,105.99,13.6,11.68,32.71,13.8,0.65,52.22
2026-07-20 10:39:04,24.17,607.2,116.74,16.0,13.59,29.51,11.9,0.64,57.95
2026-07-20 10:53:01,24.8,622.3,113.06,8.5,9.17,36.66,12.05,0.49,54.4
2026-07-20 11:05:31,24.84,621.4,114.11,12.8,6.45,26.38,16.37,1.99,52.99
2026-07-20 11:10:38,25.02,687.3,108.58,33.5,12.73,19.21,17.83,5.29,56.74
2026-07-20 11:15:41,24.95,661.9,119.41,27.7,13.0,24.03,13.11,9.77,53.21
2026-07-20 11:28:03,25.11,625.2,108.43,19.2,11.41,25.32,17.64,9.11,52.9
2026-07-20 11:33:51,25.35,655.0,111.78,9.0,8.05,20.01,16.73,0.27,55.48
2026-07-20 11:47:31,24.79,702.7,99.07,38.7,7.04,15.42,12.98,0.14,55.59
2026-07-20 11:54:44,24.96,667.6,123.78,6.0,8.72,31.21,15.81,5.0,55.64
2026-07-20 12:00:38,24.69,641.8,104.43,29.1,8.13,23.69,11.28,5.08,56.53
2026-07-20 12:07:13,24.95,630.6,118.68,17.3,9.98,22.87,10.87,6.31,57.54
2026-07-20 12:17:54,24.63,650.3,108.55,39.3,4.69,27.04,17.66,1.58,54.89
2026-07-20 12:23:22,25.34,641.4,102.12,9.6,13.21,26.12,12.11,6.88,54.94
2026-07-20 12:36:46,25.62,628.5,110.1,28.4,13.8,25.65,18.19,16.64,54.15
2026-07-20 12:46:41,25.44,587.7,87.49,33.9,6.78,22.05,5.39,0.73,55.03
2026-07-20 12:52:23,24.33,628.7,110.98,5.5,8.92,26.26,19.61,3.67,53.2
2026-07-20 13:04:46,24.86,676.3,122.1,31.2,13.15,28.13,17.67,3.89,52.99
2026-07-20 13:18:31,24.75,631.1,106.74,16.6,7.47,19.58,16.69,0.34,57.63
2026-07-20 13:30:38,25.88,573.7,96.48,15.5,14.15,26.22,9.06,9.27,56.17
2026-07-20 13:38:19,24.93,589.2,111.64,16.0,10.09,28.97,17.86,3.93,55.44
2026-07-20 13:52:49,24.69,606.3,96.19,20.9,7.64,21.69,14.84,0.63,56.53
2026-07-20 14:03:18,24.54,607.4,98.39,16.9,12.47,30.88,12.06,3.71,56.22
2026-07-20 14:08:33,24.93,600.9,112.64,17.5,11.19,20.71,19.34,2.27,53.14
2026-07-20 14:16:31,24.2,598.0,107.21,26.2,9.55,26.1,18.35,6.15,54.85
2026-07-20 14:27:05,24.04,553.7,108.54,29.5,6.52,24.0,7.93,7.03,56.73
2026-07-20 14:38:43,24.37,575.0,103.48,26.1,11.51,30.57,16.63,3.01,55.03
2026-07-20 14:44:41,23.94,525.6,107.23,36.6,8.29,27.68,13.62,3.6,56.33
2026-07-20 14:54:35,24.73,556.1,103.67,21.1,11.22,22.92,23.3,11.04,53.01
2026-07-20 15:01:43,24.35,541.6,95.96,26.5,15.76,21.9,20.21,0.12,58.17
2026-07-20 15:15:13,23.76,594.6,87.44,28.6,9.72,23.19,10.39,8.92,54.97
2026-07-20 15:23:14,22.78,549.2,103.89,16.8,10.4,29.36,9.23,2.14,54.32
2026-07-20 15:36:36,23.98,574.9,78.09,35.6,8.35,27.54,16.32,19.18,54.04
2026-07-20 15:44:07,23.01,573.8,88.79,36.2,7.46,21.83,16.27,0.25,51.78
2026-07-20 15:51:56,22.76,535.8,75.8,25.3,10.85,23.54,12.34,3.07,54.22
