timestamp,T,CO2,VOC,NO2,PMS1,PMS10,PMS2_5,C2H5OH,H
2026-07-06 20:27:34,19.64,204.6,93.13,27.1,11.58,21.43,8.79,2.9,47.97
2026-07-06 20:37:34,19.84,225.5,78.38,26.6,7.78,17.68,8.73,1.64,45.88
2026-07-06 20:45:57,20.48,249.7,82.72,39.0,9.88,23.38,18.18,3.3,50.3
2026-07-06 20:53:30,20.3,249.4,94.56,12.9,8.42,21.46,18.86,23.27,46.5
2026-07-06 21:02:52,20.39,256.5,74.48,23.7,14.34,26.23,15.5,5.09,47.3
2026-07-06 21:08:38,19.43,215.1,94.98,35.9,10.91,38.39,16.88,2.21,42.96
2026-07-06 21:20:41,19.31,214.3,108.89,15.3,9.42,38.01,8.84,8.56,41.91
2026-07-06 21:25:57,20.12,265.6,91.54,7.3,10.32,27.64,13.81,3.45,46.59
2026-07-06 21:39:16,19.02,152.6,84.23,17.8,15.71,24.2,12.72,12.04,43.67
2026-07-06 21:49:32,18.83,201.8,112.33,38.7,10.31,21.62,20.02,0.46,45.56
2026-07-06 21:56:00,18.38,169.7,93.89,39.9,6.34,25.45,17.46,0.47,46.85
2026-07-06 22:02:49,18.74,216.2,106.1,30.9,6.14,23.45,15.26,3.14,44.36
2026-07-06 22:09:55,19.46,211.6,94.67,13.9,12.25,26.14,16.83,6.79,42.44
2026-07-06 22:18:56,19.02,143.7,85.88,22.0,9.6,13.69,11.76,2.92,43.25
2026-07-06 22:32:19,18.59,239.9,108.83,28.3,9.28,19.77,17.86,5.19,48.38
2026-07-06 22:41:52,18.81,217.1,116.72,15.5,9.5,30.65,14.56,4.47,43.69
2026-07-06 22:48:56,19.29,153.3,96.17,5.9,10.27,31.69,14.87,6.35,45.73
2026-07-06 22:54:32,19.48,117.6,78.32,39.0,10.09,23.8,20.93,5.03,48.41
2026-07-06 23:01:17,19.91,158.3,95.19,18.5,8.03,26.05,13.19,11.07,42.3
2026-07-06 23:15:43,19.34,200.2,120.42,39.6,3.65,31.36,28.79,6.86,44.18
2026-07-06 23:22:12,19.39,151.0,117.66,9.7,3.72,26.53,13.3,5.7,45.65
2026-07-06 23:28:14,18.98,155.1,107.92,36.5,10.82,30.19,12.5,2.73,44.71
2026-07-06 23:40:51,18.5,199.2,126.39,26.5,13.33,21.68,20.03,1.62,42.71
2026-07-06 23:54:12,19.23,177.8,110.99,13.6,10.68,23.6,13.66,2.24,45.89
2026-07-07 00:07:30,19.2,149.0,116.61,8.9,4.88,20.68,18.1,0.69,44.52
2026-07-07 00:19:01,19.64,166.5,100.59,36.7,6.96,29.67,12.31,0.86,46.3
2026-07-07 00:28:55,19.33,203.4,94.91,33.4,14.36,24.54,16.16,1.22,46.28
2026-07-07 00:39:59,18.35,173.9,101.01,39.0,9.88,20.49,20.9,1.17,45.33
2026-07-07 00:54:40,20.3,136.1,112.54,14.0,3.28,19.55,13.6,1.0,45.39
2026-07-07 01:00:44,18.91,201.9,108.01,13.4,10.24,28.8,12.49,6.71,45.7
2026-07-07 01:07:23,19.79,193.1,102.5,10.2,15.44,28.24,16.71,7.61,41.93
2026-07-07 01:20:11,19.34,152.3,101.72,7.2,10.27,24.55,18.51,1.4,44.52
2026-07-07 01:26:45,18.67,177.6,111.27,29.4,11.11,26.98,10.55,0.31,44.0
2026-07-07 01:40:35,18.67,194.9,103.46,12.2,11.14,26.11,17.65,3.28,45.13
2026-07-07 01:49:18,18.73,208.8,104.97,32.9,9.83,29.87,17.07,0.23,43.33
2026-07-07 01:57:12,18.76,179.8,110.01,16.6,9.05,25.47,11.36,0.01,42.5
2026-07-07 02:10:34,20.08,155.5,96.46,33.3,8.13,35.73,19.18,0.99,44.93
2026-07-07 02:19:36,19.46,221.6,100.62,6.9,13.08,23.64,12.05,14.27,47.55
2026-07-07 02:30:08,19.7,206.5,88.89,10.9,15.02,24.87,13.21,7.76,47.26
2026-07-07 02:35:28,19.75,238.2,98.78,14.0,9.72,18.55,26.35,2.57,46.0
2026-07-07 02:42:13,19.98,204.8,95.29,9.7,8.35,25.9,15.84,23.67,46.05
2026-07-07 02:48:15,21.14,251.9,105.4,6.7,6.85,30.07,19.87,4.76,47.21
2026-07-07 02:57:30,20.04,231.5,93.37,15.7,7.7,25.38,16.82,1.29,46.28
2026-07-07 03:08:18,20.24,178.0,109.45,32.9,12.66,31.81,14.8,2.65,49.69
2026-07-07 03:15:22,19.97,257.0,85.62,15.4,13.33,27.29,9.83,2.79,47.61
2026-07-07 03:28:56,20.17,220.6,86.14,14.4,9.86,16.92,11.75,2.87,45.37
2026-07-07 03:35:43,19.51,270.9,71.28,13.5,5.74,21.68,10.7,4.91,47.45
2026-07-07 03:41:01,20.8,266.6,94.32,32.1,9.05,27.69,7.45,2.32,49.97
2026-07-07 03:47:49,19.87,318.9,81.03,18.7,15.07,29.82,20.89,10.29,43.94
2026-07-07 03:56:57,20.41,254.4,85.13,14.3,10.59,20.3,15.04,5.99,50.8
2026-07-07 04:11:34,21.18,341.9,81.66,37.3,2.79,18.74,18.95,5.5,45.9
2026-07-07 04:22:15,21.3,285.7,60.17,19.3,10.46,14.72,7.58,6.89,45.57
2026-07-07 04:32:45,21.07,326.7,86.68,18.6,7.32,27.54,13.95,0.54,46.6
2026-07-07 04:38:42,21.0,274.3,74.79,37.7,14.73,22.49,12.27,1.58,47.48
2026-07-07 04:53:30,21.52,321.8,56.06,20.0,8.94,24.44,14.2,7.68,46.32
2026-07-07 05:01:09,21.62,329.2,76.08,27.4,6.26,19.44,15.39,0.4,44.96
2026-07-07 05:12:57,22.19,383.9,57.05,8.6,6.86,29.8,12.1,1.1,48.28
2026-07-07 05:20:38,21.51,412.1,63.04,21.6,7.54,28.88,18.79,0.02,52.21
2026-07-07 05:33:55,22.16,392.8,46.88,24.4,11.59,23.48,10.05,0.75,49.0
2026-07-07 05:39:31,21.08,439.7,74.26,39.3,8.41,26.97,15.8,2.92,45.98
2026-07-07 05:49:59,22.15,427.9,61.64,39.7,5.76,21.67,12.06,6.06,48.57
2026-07-07 06:03:40,22.46,420.1,47.55,8.8,14.46,33.84,18.41,11.48,48.03
2026-07-07 06:13:11,22.67,415.8,42.75,28.3,8.43,27.41,14.92,5.14,49.76
2026-07-07 06:27:01,21.88,419.5,67.77,26.7,5.73,27.24,7.87,1.27,52.91
2026-07-07 06:39:36,22.19,476.4,84.62,8.8,11.54,19.94,20.58,0.14,48.42
2026-07-07 06:53:49,23.15,433.2,60.46,25.5,10.09,22.95,15.47,1.59,52.95
2026-07-07 07:06:53,22.12,474.8,74.35,12.2,6.2,22.57,10.46,0.53,54.17
2026-07-07 07:12:41,23.11,481.0,61.03,30.5,15.77,22.21,12.21,0.38,51.91
2026-07-07 07:26:56,23.1,525.6,73.14,14.9,10.26,21.23,10.59,5.36,52.28
2026-07-07 07:36:23,23.07,473.4,94.23,10.7,11.46,23.5,7.35,9.59,50.88
2026-07-07 07:49:10,23.83,496.2,74.98,38.8,9.79,29.84,11.19,1.41,55.81
2026-07-07 08:03:03,24.51,525.6,73.01,36.3,12.33,23.3,14.84,0.31,54.23
2026-07-07 08:14:54,23.57,543.2,93.68,39.5,11.29,32.84,19.33,13.17,56.96
2026-07-07 08:29:19,24.48,536.2,89.07,32.6,13.8,29.53,19.01,1.14,54.84
2026-07-07 08:37:14,24.41,587.1,80.5,34.7,8.71,27.68,15.22,11.83,53.71
2026-07-07 08:44:13,23.93,593.2,87.14,33.1,11.12,26.16,18.32,9.52,55.76
2026-07-07 08:51:03,23.95,578.4,75.34,32.0,10.45,14.68,8.38,3.24,51.75
2026-07-07 09:04:25,24.12,563.9,103.33,26.2,10.37,33.79,22.85,3.46,56.46
2026-07-07 09:11:15,24.04,568.0,99.5,25.2,9.86,24.14,17.95,0.82,52.07
2026-07-07 09:25:25,25.17,606.8,100.18,37.2,10.2,26.59,11.5,5.42,53.46
2026-07-07 09:34:11,24.02,612.7,98.04,10.9,12.76,21.26,21.04,3.43,54.52
2026-07-07 09:41:25,24.65,615.5,106.58,22.0,12.52,14.12,10.11,6.1,55.45
2026-07-07 09:47:33,24.41,636.9,109.07,26.2,8.3,10.84,14.52,4.56,55.51
2026-07-07 10:00:38,24.58,679.8,120.79,29.5,8.23,29.61,23.28,1.17,53.53
2026-07-07 10:07:14,24.25,638.2,117.63,11.4,6.17,23.63,13.7,0.85,52.5
2026-07-07 10:15:01,25.17,596.7,111.12,14.1,12.4,20.95,14.14,9.8,54.67
2026-07-07 10:24:27,24.51,599.5,105.35,33.6,9.74,12.54,14.42,2.73,55.73
2026-07-07 10:39:15,24.94,615.2,95.96,33.3,10.18,24.71,10.27,2.63,52.84
2026-07-07 10:53:24,24.27,603.6,125.46,8.5,9.6,26.81,16.66,3.19,56.9
2026-07-07 10:58:27,25.41,652.6,113.81,32.7,11.14,28.06,12.61,4.06,55.37
2026-07-07 11:05:41,24.78,669.5,88.55,23.4,11.09,20.72,19.25,4.53,57.39
2026-07-07 11:16:18,25.02,684.1,112.95,14.4,8.83,23.48,10.13,6.1,58.39
2026-07-07 11:28:43,25.4,626.8,128.66,32.1,11.09,29.49,24.82,14.38,57.02
2026-07-07 11:41:17,24.86,614.2,99.31,37.3,16.9,25.55,13.6,13.75,58.75
2026-07-07 11:49:32,24.63,666.6,123.35,21.3,9.51,25.16,17.09,3.89,56.25
2026-07-07 11:55:09,24.91,627.0,123.25,36.9,9.37,20.65,13.25,10.26,58.61
2026-07-07 12:08:57,25.59,676.1,110.27,28.0,8.66,23.5,19.95,8.04,55.02
2026-07-07 12:20:07,26.0,644.7,111.74,8.0,6.19,24.6,14.34,1.26,55.7
2026-07-07 12:31:14,24.18,708.0,94.79,5.9,8.28,30.59,14.87,4.4,56.79
2026-07-07 12:46:06,25.13,642.9,123.27,30.4,9.56,21.28,17.57,6.37,55.15
2026-07-07 12:54:21,24.85,630.5,113.33,38.5,6.5,32.54,11.43,4.49,54.65
2026-07-07 13:06:21,25.68,606.8,105.29,25.2,9.52,15.56,11.61,5.08,54.48
2026-07-07 13:13:32,24.67,601.6,114.8,24.0,13.37,26.85,15.14,0.25,54.61
2026-07-07 13:24:35,25.28,629.3,122.72,18.0,10.98,23.71,13.2,0.49,57.57
2026-07-07 13:30:51,24.9,665.4,117.51,24.3,11.68,27.25,17.17,0.1,55.11
2026-07-07 13:42:52,25.27,583.4,112.37,27.4,11.46,21.6,12.82,3.45,58.69
2026-07-07 13:57:46,24.99,595.1,103.32,14.9,9.71,28.32,21.05,11.56,56.01
2026-07-07 14:07:42,24.93,611.7,101.1,7.8,9.35,20.85,14.32,14.26,53.3
2026-07-07 14:18:07,24.28,606.3,90.95,14.9,9.44,36.05,12.53,2.42,56.24
2026-07-07 14:23:59,23.88,581.9,102.8,10.8,7.88,26.09,15.23,0.78,53.46
2026-07-07 14:37:56,24.53,542.6,94.85,12.8,11.83,31.21,17.84,12.73,55.91
2026-07-07 14:44:07,24.64,586.9,95.86,34.0,7.64,21.94,20.06,4.58,52.8
2026-07-07 14:52:59,23.98,580.4,92.23,9.9,11.68,27.88,17.49,2.62,51.08
2026-07-07 15:01:28,23.89,592.4,86.95,13.4,11.37,29.56,11.4,23.29,52.84
2026-07-07 15:06:57,24.42,565.9,97.87,6.2,12.0,27.06,22.47,4.41,52.43
2026-07-07 15:21:42,23.92,564.0,70.14,5.3,11.82,29.23,14.4,4.3,53.28
2026-07-07 15:32:20,23.59,528.2,77.61,22.1,7.63,24.74,14.84,5.19,54.68
2026-07-07 15:41:37,24.31,529.3,88.04,10.1,11.59,20.92,14.35,3.39,51.83
2026-07-07 15:47:52,23.17,529.0,91.34,30.4,9.51,18.88,12.33,11.44,53.53
2026-07-07 15:57:11,23.94,531.7,64.84,39.2,11.43,27.77,20.64,3.16,52.39
2026-07-07 16:06:23,23.97,495.8,86.61,15.1,11.23,24.04,7.41,2.93,53.07
2026-07-07 16:15:20,23.08,491.9,92.67,11.9,5.01,17.74,20.22,18.26,51.22
2026-07-07 16:23:38,22.76,512.3,71.52,11.2,10.45,14.53,16.55,2.71,54.94
2026-07-07 16:30:21,23.77,498.7,76.56,29.5,8.37,30.68,13.69,6.39,52.73
2026-07-07 16:43:59,23.24,485.0,74.24,21.7,10.62,14.05,12.33,0.12,50.41
2026-07-07 16:54:31,22.44,443.8,71.01,9.7,11.1,30.47,9.85,0.37,51.06
2026-07-07 17:02:33,23.35,502.4,56.89,22.9,9.74,15.55,19.53,0.44,51.24
2026-07-07 17:17:20,22.84,442.4,63.13,6.0,9.93,19.5,10.47,4.22,54.86
2026-07-07 17:28:12,21.36,418.0,62.8,29.4,11.8,26.03,17.99,2.11,49.55
2026-07-07 17:35:51,21.83,396.0,65.95,9.4,2.32,26.72,14.58,5.38,49.74
2026-07-07 17:48:21,22.38,456.0,42.05,35.9,12.03,23.14,17.31,3.71,51.19
2026-07-07 17:59:12,22.07,391.6,70.25,33.5,10.6,22.18,12.01,2.82,50.75
2026-07-07 18:04:26,22.63,350.0,57.68,33.2,7.92,9.2,15.97,1.9,47.01
2026-07-07 18:16:40,22.85,412.6,47.95,34.2,8.78,21.16,15.05,18.96,46.82
2026-07-07 18:26:44,21.63,405.1,53.95,10.8,13.04,27.58,10.17,6.16,49.52
2026-07-07 18:37:11,21.43,347.8,62.66,5.2,8.65,26.37,11.76,3.82,48.3
2026-07-07 18:45:12,21.29,365.7,63.1,19.8,9.09,28.82,18.11,2.71,46.14
2026-07-07 18:50:14,21.38,351.1,71.7,5.8,5.15,28.15,14.62,10.07,52.79
2026-07-07 19:02:43,21.79,353.2,59.67,28.0,15.74,27.61,13.5,7.74,47.78
2026-07-07 19:17:39,21.57,264.6,63.67,37.7,8.48,17.32,23.79,17.96,48.19
2026-07-07 19:30:11,20.76,275.1,79.89,35.2,7.98,23.13,20.64,3.07,48.54
2026-07-07 19:43:39,21.39,282.7,75.24,20.8,6.93,14.02,17.22,1.39,47.29
2026-07-07 19:48:52,19.88,307.6,79.13,24.9,10.85,23.73,11.66,6.33,45.68
2026-07-07 19:54:19,20.88,284.9,77.1,11.9,6.94,19.56,19.07,8.25,44.29
2026-07-07 19:59:25,20.47,282.2,84.75,32.8,10.67,30.38,21.05,9.19,49.5
2026-07-07 20:11:34,19.87,234.9,81.12,14.4,8.26,27.48,19.88,1.14,46.2
2026-07-07 20:17:36,20.32,233.5,71.27,5.8,11.18,25.75,12.66,18.93,44.65
2026-07-07 20:32:12,20.03,245.2,72.87,29.4,5.7,31.64,13.05,12.47,45.13
2026-07-07 20:45:38,20.81,202.8,87.77,39.5,9.61,28.52,13.39,6.28,49.85
2026-07-07 20:56:35,20.24,258.8,102.73,31.7,13.22,28.57,15.28,5.29,46.46
2026-07-07 21:03:15,19.87,227.3,99.96,18.7,11.69,16.31,16.09,3.78,44.56
2026-07-07 21:15:58,19.01,276.7,102.66,12.6,6.46,24.11,10.85,0.18,43.02
2026-07-07 21:30:00,19.61,220.9,96.02,7.2,12.34,16.22,19.73,2.08,43.78
2026-07-07 21:42:46,18.65,217.6,112.67,8.6,7.91,24.67,13.7,3.52,46.69
2026-07-07 21:57:13,19.65,233.4,124.1,23.1,10.51,23.32,17.96,0.58,46.03
2026-07-07 22:11:02,18.87,185.6,107.7,37.4,16.11,27.43,16.47,2.59,41.83
2026-07-07 22:18:25,18.69,154.8,100.04,29.6,8.39,22.81,15.74,3.63,40.26
2026-07-07 22:23:45,20.17,149.9,103.57,8.0,4.94,20.95,12.18,6.66,45.77
2026-07-07 22:31:20,18.49,172.0,107.51,35.4,10.93,23.09,7.14,2.02,45.8
2026-07-07 22:42:04,19.13,184.2,115.28,23.9,7.33,22.25,12.88,2.31,44.77
2026-07-07 22:47:24,18.91,188.7,107.21,32.0,14.38,20.93,14.81,2.45,43.82
2026-07-07 22:54:39,18.94,208.5,98.84,16.7,14.37,27.03,11.94,2.77,43.86
2026-07-07 23:08:39,18.43,154.0,113.25,32.2,15.32,33.81,15.29,2.08,46.2
2026-07-07 23:17:08,19.83,186.0,124.04,20.0,5.97,22.34,14.95,2.32,44.86
2026-07-07 23:24:03,19.02,152.3,100.59,18.0,15.53,24.27,16.81,1.36,44.82
2026-07-07 23:31:07,18.49,186.3,130.2,23.7,6.88,22.78,20.8,5.09,41.52
2026-07-07 23:36:11,19.05,140.1,122.44,38.3,5.66,26.51,10.66,12.62,44.98
2026-07-07 23:42:52,18.93,186.4,101.68,9.9,13.37,30.86,9.81,1.11,40.33
2026-07-07 23:51:26,19.04,149.7,106.06,7.6,10.44,28.7,9.38,1.63,45.05
2026-07-07 23:56:51,19.7,97.4,111.46,38.8,7.44,30.96,18.57,2.96,41.5
2026-07-08 00:09:56,18.18,169.8,118.79,36.6,5.47,31.9,12.6,4.37,42.09
2026-07-08 00:24:00,19.09,153.3,99.33,32.0,7.29,28.17,13.44,6.43,46.65
2026-07-08 00:37:03,18.33,204.1,115.13,5.6,14.9,21.42,12.47,0.88,44.81
2026-07-08 00:45:29,18.69,193.6,120.29,28.9,6.56,31.55,7.86,1.01,40.58
2026-07-08 01:00:14,19.45,134.5,108.44,26.8,7.76,26.03,15.07,5.91,42.73
2026-07-08 01:06:22,19.17,183.9,109.05,22.2,9.06,23.1,17.99,6.84,43.27
2026-07-08 01:20:12,19.34,180.9,100.78,19.7,3.64,26.27,15.2,2.57,41.41
2026-07-08 01:27:28,18.92,149.0,88.85,36.8,5.11,19.24,17.35,1.92,43.77
2026-07-08 01:35:51,18.46,178.1,91.59,26.0,14.95,30.07,18.26,3.19,45.79
2026-07-08 01:44:08,19.51,187.3,125.19,22.7,6.37,28.68,18.64,1.37,42.2
2026-07-08 01:56:19,19.95,241.0,129.74,22.3,15.31,29.71,19.48,2.75,46.22
2026-07-08 02:10:17,19.95,183.8,112.16,14.2,14.95,18.08,19.68,0.69,44.77
2026-07-08 02:17:33,20.43,202.5,93.52,28.0,5.47,29.94,15.52,0.25,43.93
2026-07-08 02:26:36,20.37,213.6,89.73,25.6,7.46,23.34,15.57,10.49,46.25
2026-07-08 02:36:38,19.08,239.0,94.01,29.4,3.88,26.17,17.77,11.44,47.8
2026-07-08 02:47:11,18.86,186.1,105.48,34.1,10.15,25.77,16.14,0.19,45.15
2026-07-08 02:57:47,20.73,246.1,89.84,20.5,9.41,25.32,15.22,14.11,47.2
2026-07-08 03:09:44,19.47,272.3,94.13,39.4,10.56,32.69,14.35,10.63,47.7
2026-07-08 03:16:49,19.78,231.4,83.66,13.1,6.18,31.94,12.1,5.02,45.32
2026-07-08 03:23:45,20.21,252.0,78.04,23.7,7.76,20.32,15.82,0.74,45.18
2026-07-08 03:36:31,19.84,231.6,68.52,31.6,17.03,23.19,19.19,5.98,46.38
2026-07-08 03:43:26,20.86,292.6,83.99,30.1,15.04,29.19,16.09,2.15,46.62
2026-07-08 03:50:04,20.06,264.8,83.63,35.2,7.79,14.49,18.79,4.64,45.56
2026-07-08 04:03:34,20.25,307.2,89.13,39.6,9.97,22.26,12.43,33.22,47.75
2026-07-08 04:12:30,20.59,263.1,93.12,19.2,10.87,19.31,15.41,10.08,45.0
2026-07-08 04:19:08,20.69,308.2,71.82,23.6,10.78,21.75,18.82,3.73,46.5
2026-07-08 04:28:24,20.59,282.0,85.87,35.8,12.29,25.6,12.67,12.91,48.21
2026-07-08 04:33:28,21.15,282.5,77.08,23.0,9.84,24.3,14.17,5.16,46.53
2026-07-08 04:43:51,21.44,336.3,72.27,24.3,8.33,20.25,10.35,6.26,48.09
2026-07-08 04:52:19,21.12,319.6,80.34,33.3,8.7,24.05,12.51,3.27,50.75
2026-07-08 05:04:47,21.53,363.6,55.19,15.4,7.88,21.93,14.22,4.07,50.93
2026-07-08 05:15:10,21.26,325.3,82.44,37.1,12.32,23.5,15.28,14.71,47.88
2026-07-08 05:26:37,21.12,386.9,47.57,38.4,8.06,33.06,22.7,9.94,50.36
2026-07-08 05:32:50,21.29,401.6,64.11,7.8,16.21,34.03,13.88,10.32,49.18
2026-07-08 05:46:09,21.72,392.2,52.41,14.4,8.13,24.1,12.58,14.77,45.75
2026-07-08 05:59:03,21.59,379.4,59.3,6.7,10.06,25.91,16.67,0.66,51.0
2026-07-08 06:11:34,22.11,394.5,50.45,22.8,9.19,25.69,14.07,1.61,45.54
2026-07-08 06:17:28,21.65,382.7,62.77,17.1,11.78,24.92,17.43,1.18,48.8
2026-07-08 06:31:16,22.87,458.5,42.49,5.5,14.15,31.82,13.31,0.1,51.83
2026-07-08 06:36:51,22.76,451.3,68.11,29.9,13.0,30.96,11.6,3.17,50.08
2026-07-08 06:49:39,22.82,409.8,78.18,16.4,9.83,30.72,10.92,8.22,51.41
2026-07-08 07:02:10,22.38,536.2,57.56,17.9,5.65,29.73,13.72,2.39,51.62
2026-07-08 07:11:05,23.64,442.9,62.79,37.9,11.95,25.87,18.51,0.34,50.28
2026-07-08 07:25:10,23.45,451.5,67.99,33.8,6.29,33.08,17.11,1.56,55.32
2026-07-08 07:36:17,23.35,521.5,74.02,37.9,7.84,21.2,19.01,2.8,53.55
2026-07-08 07:47:26,23.79,476.0,77.37,18.7,9.2,29.12,19.49,8.34,55.97
2026-07-08 08:01:57,22.91,527.1,92.13,26.3,10.1,25.34,21.88,5.26,53.39
2026-07-08 08:08:07,22.91,538.3,100.22,13.8,10.32,38.6,10.11,2.06,54.32
2026-07-08 08:15:33,23.21,527.1,84.79,16.2,4.71,40.02,19.72,0.16,54.05
2026-07-08 08:25:31,24.13,494.5,89.17,5.3,7.65,26.06,20.86,7.1,51.88
2026-07-08 08:32:30,23.14,528.8,65.98,22.2,12.18,33.41,23.33,1.89,50.7
2026-07-08 08:42:18,23.1,516.4,66.06,5.2,9.33,24.54,11.81,24.67,54.75
2026-07-08 08:50:24,24.13,567.5,100.93,5.2,13.43,26.08,14.96,1.02,52.46
2026-07-08 08:59:07,23.95,534.4,109.55,9.9,7.71,25.88,12.58,1.32,51.49
2026-07-08 09:05:43,24.26,607.8,103.96,11.6,6.07,27.36,8.86,0.53,56.17
2026-07-08 09:19:47,24.86,561.8,92.11,35.4,8.44,26.86,11.96,4.01,54.96
2026-07-08 09:28:37,24.63,564.4,103.33,8.9,14.07,29.51,16.2,1.26,55.85
2026-07-08 09:39:34,25.19,581.3,105.73,38.4,9.7,33.39,22.08,8.68,54.38
2026-07-08 09:53:14,24.08,575.8,99.21,28.3,11.08,29.07,13.29,2.21,55.15
2026-07-08 10:04:39,24.27,602.7,103.2,31.8,11.27,27.42,17.34,1.11,53.53
2026-07-08 10:15:19,24.23,625.8,109.31,8.0,9.98,22.66,19.14,16.53,54.73
2026-07-08 10:29:20,23.93,620.4,88.41,14.0,14.03,29.98,18.04,0.63,55.81
2026-07-08 10:37:45,25.53,617.8,104.79,26.8,10.32,31.06,16.89,0.44,56.34
2026-07-08 10:52:37,24.55,635.0,100.29,26.6,9.4,26.68,14.69,1.86,50.98
2026-07-08 10:58:35,25.33,636.7,97.83,10.0,7.34,29.78,7.0,6.09,54.53
2026-07-08 11:04:55,25.09,657.0,85.31,38.3,11.13,33.52,17.31,4.06,53.65
2026-07-08 11:13:52,25.35,628.1,95.68,28.0,15.83,23.99,13.89,2.3,56.69
2026-07-08 11:19:38,24.49,596.5,123.79,10.1,12.16,32.15,17.4,3.19,56.86
2026-07-08 11:26:55,25.02,605.2,95.99,7.2,10.85,24.18,11.74,0.12,55.59
2026-07-08 11:36:44,25.36,667.5,102.25,29.8,8.63,21.98,17.86,12.35,54.67
2026-07-08 11:44:03,25.11,643.7,106.52,39.3,8.56,22.5,15.2,5.14,55.11
2026-07-08 11:53:04,25.46,633.9,105.46,28.6,8.47,25.52,23.33,8.27,53.1
2026-07-08 12:07:30,25.29,628.7,112.53,20.0,11.24,24.18,13.47,0.28,54.56
2026-07-08 12:21:03,24.98,626.1,105.79,25.8,10.09,31.47,18.14,1.23,56.78
2026-07-08 12:28:48,24.14,651.0,111.32,9.8,10.46,19.54,14.62,0.0,54.81
2026-07-08 12:36:59,24.6,602.6,101.47,30.5,8.61,27.37,14.91,0.05,57.67
2026-07-08 12:48:39,24.99,634.5,110.28,33.2,7.12,25.22,19.67,4.75,58.38
2026-07-08 12:58:45,24.37,622.2,116.67,6.9,7.06,21.69,11.16,1.36,56.4
2026-07-08 13:12:55,24.93,604.7,94.45,12.2,7.08,18.59,18.34,5.69,55.48
2026-07-08 13:20:26,25.0,621.4,100.93,32.6,8.7,24.42,17.66,3.99,56.32
2026-07-08 13:26:28,25.0,636.9,121.72,8.5,11.5,25.17,18.88,0.53,55.16
2026-07-08 13:40:32,24.98,647.8,111.56,24.1,8.58,27.8,19.96,1.1,55.94
2026-07-08 13:52:32,24.53,550.4,97.26,30.3,6.78,22.69,12.85,9.2,55.5
2026-07-08 14:06:27,25.2,598.3,97.47,37.8,7.77,25.5,14.53,6.91,55.33
2026-07-08 14:15:42,24.14,585.5,88.46,6.6,10.3,27.6,15.31,1.49,54.28
2026-07-08 14:25:11,23.57,658.4,93.77,21.0,7.83,26.6,10.29,7.91,57.5
2026-07-08 14:37:51,23.87,535.5,93.76,21.1,11.71,22.98,14.7,0.58,55.3
2026-07-08 14:43:07,23.45,543.2,83.02,15.6,9.83,29.74,13.26,2.52,53.86
2026-07-08 14:53:50,23.69,622.2,84.81,22.4,8.06,25.47,19.33,5.77,56.87
2026-07-08 15:00:25,24.68,538.6,92.36,9.9,6.45,27.98,13.25,2.57,54.87
2026-07-08 15:12:50,24.55,500.8,83.6,5.9,10.77,22.77,17.06,0.52,50.26
2026-07-08 15:23:09,23.63,527.4,89.1,39.7,10.83,27.37,11.49,7.17,49.56
2026-07-08 15:30:51,23.71,574.6,94.15,18.7,11.06,20.71,18.17,1.15,53.98
2026-07-08 15:44:35,24.09,529.3,80.06,21.0,10.83,17.54,17.74,2.35,56.0
2026-07-08 15:52:18,23.49,547.8,57.26,30.8,4.58,28.01,23.73,1.52,54.68
2026-07-08 15:59:12,23.58,506.5,91.7,24.8,4.61,19.04,17.5,4.01,52.4
2026-07-08 16:11:15,23.44,488.5,89.76,22.0,10.66,19.3,11.54,2.57,53.3
2026-07-08 16:16:53,24.27,509.0,63.25,11.3,14.98,22.42,12.4,0.6,47.94
2026-07-08 16:28:48,22.82,466.7,81.81,12.8,10.95,35.04,18.44,0.26,52.21
2026-07-08 16:42:24,22.24,469.2,68.06,20.8,11.21,27.11,10.2,0.1,52.31
2026-07-08 16:50:56,22.37,464.8,42.06,19.0,5.5,33.85,17.47,2.04,49.19
2026-07-08 16:59:07,23.01,475.2,50.17,28.0,11.69,20.06,13.8,4.89,54.27
2026-07-08 17:06:50,22.98,462.3,67.22,9.3,8.95,23.21,22.71,7.82,53.27
2026-07-08 17:19:02,22.5,439.8,48.03,23.7,15.71,32.1,19.17,3.39,50.64
2026-07-08 17:25:25,21.94,402.9,74.23,19.2,8.76,25.67,27.62,1.12,53.15
2026-07-08 17:36:14,22.69,453.6,55.14,17.3,12.05,17.48,15.04,4.54,49.69
2026-07-08 17:42:17,21.96,405.5,64.9,8.1,8.16,26.83,12.67,9.58,49.76
2026-07-08 17:49:40,21.44,419.1,50.72,23.6,14.39,22.51,17.06,8.67,51.18
2026-07-08 18:03:05,21.43,396.9,44.33,28.9,10.08,27.34,18.5,8.11,49.16
2026-07-08 18:13:15,21.34,428.0,66.5,7.7,7.23,20.99,14.88,9.42,50.2
2026-07-08 18:22:40,21.46,414.8,66.42,10.7,11.18,22.39,17.62,3.63,48.71
2026-07-08 18:36:51,21.84,340.4,39.03,33.7,10.4,31.72,9.22,0.66,47.33
2026-07-08 18:46:27,21.0,354.9,60.47,10.4,5.94,32.34,11.31,11.13,51.67
2026-07-08 18:52:51,21.89,382.8,69.24,30.9,7.27,34.25,20.99,19.94,49.99
2026-07-08 19:02:31,21.56,328.6,55.59,11.3,10.13,33.48,12.07,23.81,47.85
2026-07-08 19:17:15,20.52,365.9,73.37,18.8,7.9,23.31,14.62,6.42,51.75
2026-07-08 19:26:00,20.49,303.2,80.25,32.2,11.66,24.47,14.68,7.39,45.81
2026-07-08 19:38:25,20.85,286.1,67.17,38.5,13.82,26.9,13.86,10.68,45.9
2026-07-08 19:52:00,20.1,271.3,62.94,6.1,5.16,31.84,14.49,10.06,46.53
2026-07-08 19:58:32,19.99,240.3,63.63,16.5,16.45,21.19,10.85,0.34,48.21
2026-07-08 20:04:29,20.8,350.5,57.97,20.8,11.29,22.32,15.3,3.26,47.16
2026-07-08 20:14:56,20.76,334.8,84.7,15.7,7.47,19.16,14.09,0.49,41.89
2026-07-08 20:27:01,19.44,215.1,89.75,33.3,8.17,15.62,19.65,1.02,46.58
2026-07-08 20:34:33,20.56,261.5,84.78,24.0,8.47,21.53,14.61,17.88,47.93
2026-07-08 20:47:32,20.28,223.1,82.75,10.5,6.1,23.32,22.15,7.01,48.71
2026-07-08 20:55:45,19.96,208.1,94.96,36.3,13.75,29.01,9.17,19.53,45.58
2026-07-08 21:10:04,19.44,235.1,84.29,8.6,7.44,21.73,15.08,3.87,44.43
2026-07-08 21:22:59,18.66,189.0,98.08,34.1,13.81,32.13,21.06,4.89,45.18
2026-07-08 21:33:53,18.66,204.7,95.08,36.6,10.79,25.22,14.08,1.11,43.13
2026-07-08 21:46:15,19.96,216.4,111.96,39.7,17.34,27.75,15.2,2.4,46.96
2026-07-08 22:00:56,18.38,157.0,96.49,10.9,10.86,22.92,17.38,2.42,44.0
2026-07-08 22:08:58,19.26,239.2,110.41,32.4,11.61,32.02,18.64,7.65,41.66
2026-07-08 22:19:23,19.15,205.8,100.41,5.1,8.75,22.22,16.14,6.83,44.41
2026-07-08 22:29:19,19.56,194.2,91.26,23.9,10.28,28.66,15.99,13.99,46.33
2026-07-08 22:38:38,19.15,145.9,112.47,6.3,8.68,16.67,17.9,8.35,45.06
2026-07-08 22:49:58,19.48,144.1,103.41,26.7,11.79,28.33,18.14,2.08,44.49
2026-07-08 23:03:16,19.42,133.2,92.63,34.8,16.64,17.17,8.02,8.22,46.92
2026-07-08 23:10:15,19.02,214.7,93.06,34.5,11.51,22.17,7.23,10.34,46.06
2026-07-08 23:17:20,18.66,176.8,106.96,35.2,11.21,23.75,15.68,3.06,44.89
2026-07-08 23:24:41,18.46,213.8,109.74,32.9,9.13,27.28,10.6,13.63,43.95
2026-07-08 23:31:23,19.84,157.6,101.73,18.2,8.05,30.16,14.02,4.45,42.86
2026-07-08 23:42:17,18.76,207.1,111.41,21.0,12.6,19.29,20.58,2.84,41.13
2026-07-08 23:52:52,19.92,178.6,94.15,7.8,5.48,28.39,14.37,3.71,45.41
2026-07-09 00:01:24,17.82,189.8,105.5,16.8,7.19,25.58,11.77,5.29,44.73
2026-07-09 00:09:59,19.72,182.6,108.18,8.4,10.28,20.85,15.18,4.14,43.79
2026-07-09 00:21:09,18.7,156.7,116.41,38.8,6.71,20.42,10.57,0.09,44.98
2026-07-09 00:26:44,20.15,151.4,99.76,27.6,15.87,26.01,10.98,6.14,44.41
2026-07-09 00:35:08,18.69,157.7,111.85,33.9,9.99,21.08,17.25,0.37,46.38
2026-07-09 00:47:18,19.37,132.6,113.17,20.6,12.34,24.59,15.99,0.7,47.87
2026-07-09 00:58:57,19.44,191.3,98.46,35.5,13.17,24.97,16.82,8.89,45.91
2026-07-09 01:13:33,18.27,167.4,95.34,13.7,6.32,21.06,10.84,7.11,42.16
2026-07-09 01:21:18,19.54,202.9,109.44,16.3,9.65,25.79,15.45,0.41,44.02
2026-07-09 01:35:08,19.3,148.2,92.96,7.9,8.08,27.51,9.58,0.01,43.28
2026-07-09 01:43:28,20.38,194.6,99.68,35.4,9.13,19.64,8.33,0.25,44.09
2026-07-09 01:53:30,19.45,214.7,117.43,31.2,15.76,25.91,18.33,1.65,43.65
2026-07-09 02:06:21,19.16,154.9,100.42,31.2,9.57,21.43,9.17,0.82,44.19
2026-07-09 02:18:42,19.62,234.0,89.42,34.5,11.61,29.46,12.48,1.24,46.6
2026-07-09 02:29:00,19.99,203.7,107.0,21.2,5.95,28.28,18.06,14.34,43.96
2026-07-09 02:42:18,19.31,226.4,108.97,36.8,11.06,30.87,12.22,8.4,45.22
2026-07-09 02:52:43,20.39,228.7,84.3,14.5,9.49,28.6,13.96,2.03,47.92
2026-07-09 03:07:26,19.12,205.1,80.64,13.9,11.11,25.54,14.16,7.0,46.01
2026-07-09 03:15:39,20.52,211.9,95.04,5.9,10.44,24.23,17.8,2.19,44.49
2026-07-09 03:25:01,19.93,280.2,88.89,16.1,11.23,21.64,15.49,7.5,48.73
2026-07-09 03:37:57,20.49,270.2,71.12,6.6,12.92,18.41,16.11,2.21,44.64
2026-07-09 03:44:18,19.95,264.9,81.58,13.5,12.27,33.93,14.24,5.32,45.32
2026-07-09 03:57:12,20.64,340.9,74.34,35.3,12.11,28.76,20.62,12.35,46.65
2026-07-09 04:02:22,20.48,277.5,87.04,6.0,9.39,33.17,14.98,0.36,46.71
2026-07-09 04:12:27,19.72,247.8,68.73,17.7,8.93,25.96,12.99,4.19,44.77
2026-07-09 04:21:26,20.66,242.9,79.38,8.6,9.95,29.47,11.91,6.91,43.13
2026-07-09 04:27:41,21.19,295.5,75.99,30.6,6.9,25.97,19.79,5.22,49.21
2026-07-09 04:38:32,20.21,312.8,68.88,25.4,13.28,19.13,18.41,7.62,44.8
2026-07-09 04:45:13,21.73,321.5,67.56,18.1,12.04,28.78,20.26,0.08,47.7
2026-07-09 04:53:16,21.02,322.1,64.22,29.2,5.43,28.15,15.06,6.09,43.9
2026-07-09 05:00:26,21.25,353.9,58.66,34.3,8.23,18.67,7.16,0.35,50.53
2026-07-09 05:13:14,21.56,354.9,70.97,18.2,7.4,23.46,18.2,10.11,49.39
2026-07-09 05:26:59,22.21,392.4,64.78,30.9,8.75,28.29,13.97,0.69,50.73
2026-07-09 05:39:21,21.98,415.9,55.12,36.4,10.54,27.12,13.28,6.4,49.92
2026-07-09 05:45:09,21.24,388.6,63.22,7.9,13.92,21.18,15.12,1.86,47.57
2026-07-09 05:56:01,22.34,369.7,48.86,38.9,11.92,26.74,14.22,5.61,51.77
2026-07-09 06:02:42,22.05,385.5,56.14,38.1,7.71,27.15,16.47,15.07,48.35
2026-07-09 06:09:17,22.91,389.0,48.36,9.2,11.37,20.76,13.89,10.47,50.48
2026-07-09 06:16:07,22.05,394.2,50.21,36.0,10.32,23.09,21.72,19.37,56.6
2026-07-09 06:24:38,21.87,472.8,70.6,8.9,3.18,16.83,16.65,0.98,45.98
2026-07-09 06:37:11,22.2,455.9,63.69,23.6,11.26,24.38,20.29,6.59,48.82
2026-07-09 06:47:31,23.88,445.4,69.31,18.5,10.92,24.55,21.23,20.1,53.28
2026-07-09 06:56:02,23.71,490.9,72.76,17.9,4.4,27.19,22.68,9.18,50.92
2026-07-09 07:09:00,22.87,457.3,75.8,21.5,11.01,25.76,16.63,0.46,51.64
2026-07-09 07:23:20,22.85,485.1,80.25,27.4,6.21,32.39,18.36,0.2,51.61
2026-07-09 07:32:23,23.57,503.1,84.21,8.1,10.21,22.51,6.77,4.79,53.9
2026-07-09 07:44:58,22.98,486.0,70.73,31.9,8.7,29.63,17.27,6.92,50.83
2026-07-09 07:59:51,22.98,602.9,74.0,31.0,14.95,27.7,19.89,0.76,56.64
2026-07-09 08:09:19,23.23,505.7,76.74,6.9,9.57,26.94,10.2,0.54,51.0
2026-07-09 08:19:51,23.5,543.6,80.86,27.4,7.23,24.19,13.35,0.3,53.51
2026-07-09 08:26:44,22.83,531.9,74.01,9.6,9.17,22.7,14.75,0.76,51.54
2026-07-09 08:39:20,24.43,492.5,90.78,33.4,11.02,20.6,19.49,0.93,54.6
2026-07-09 08:53:09,23.12,537.7,87.02,10.1,5.83,23.72,7.83,6.16,54.19
2026-07-09 09:04:36,24.16,568.2,88.19,33.0,9.31,17.13,8.01,5.02,50.94
2026-07-09 09:10:31,24.25,545.6,90.74,29.6,10.41,26.04,20.7,12.2,53.69
2026-07-09 09:24:58,24.28,613.7,91.38,33.2,10.07,13.9,11.71,0.78,53.68
2026-07-09 09:37:54,24.77,613.4,113.33,6.6,8.41,19.63,20.12,6.13,53.58
2026-07-09 09:45:21,24.92,633.5,98.1,18.3,9.95,24.71,15.94,7.83,55.76
2026-07-09 09:53:05,24.21,579.4,105.64,15.5,6.75,25.79,17.07,4.67,52.21
2026-07-09 10:00:58,24.17,648.0,121.97,27.2,10.88,31.52,14.07,2.01,52.82
2026-07-09 10:11:42,25.15,617.1,107.6,18.6,8.04,21.65,15.96,4.09,54.01
2026-07-09 10:22:38,23.61,605.2,85.32,17.2,12.17,21.42,6.67,4.75,55.84
2026-07-09 10:35:31,24.62,565.5,122.11,19.6,14.77,33.25,15.48,0.46,55.23
2026-07-09 10:46:35,25.5,655.4,110.31,37.3,12.76,18.37,15.6,5.47,51.78
2026-07-09 10:58:08,25.23,632.2,94.0,12.5,12.67,25.47,15.4,9.72,52.55
2026-07-09 11:07:04,24.03,626.5,109.96,24.6,5.17,31.18,13.42,1.84,53.0
2026-07-09 11:20:23,24.51,633.1,127.25,30.6,12.11,24.03,10.22,4.44,56.85
2026-07-09 11:29:49,25.9,587.2,103.6,7.0,11.13,17.58,12.46,0.67,55.66
2026-07-09 11:36:10,24.4,646.9,102.49,22.9,4.52,24.02,8.25,9.0,55.35
2026-07-09 11:45:09,24.62,679.4,122.32,17.9,15.09,21.19,9.95,5.45,56.81
2026-07-09 11:52:46,24.79,679.5,101.14,36.5,10.09,22.58,15.59,1.18,57.47
2026-07-09 12:06:05,24.45,653.8,103.16,15.4,13.1,29.9,13.51,11.86,54.48
2026-07-09 12:14:31,24.54,616.3,103.41,16.3,6.75,23.18,14.62,1.97,57.6
2026-07-09 12:27:54,24.58,626.1,117.84,12.0,11.35,29.08,13.65,2.11,56.37
2026-07-09 12:42:32,24.51,588.9,92.6,29.5,6.28,25.45,11.9,17.05,56.33
2026-07-09 12:51:08,25.58,650.9,118.23,36.1,9.46,29.77,13.16,1.95,58.27
2026-07-09 12:58:05,25.47,663.0,117.43,22.3,9.9,28.56,12.16,1.92,54.59
2026-07-09 13:03:45,24.98,579.2,88.55,26.4,12.46,18.71,16.97,1.36,55.02
2026-07-09 13:17:07,23.74,697.8,114.33,17.3,8.09,24.91,17.05,1.06,53.94
2026-07-09 13:28:35,25.6,634.4,100.33,27.4,13.01,26.9,17.87,0.67,55.08
2026-07-09 13:33:46,25.37,619.7,96.6,28.2,11.46,29.26,10.11,3.67,54.66
2026-07-09 13:41:05,24.69,660.8,108.23,27.2,10.38,23.69,14.96,0.04,56.68
2026-07-09 13:46:50,25.74,603.8,102.42,34.9,12.21,21.09,15.36,3.74,58.92
2026-07-09 13:59:12,23.93,637.5,109.4,14.1,11.69,24.23,15.36,1.41,56.34
2026-07-09 14:05:03,24.98,581.0,94.2,35.0,15.09,21.1,9.91,3.42,56.91
2026-07-09 14:12:15,24.95,609.3,106.51,34.8,16.57,23.03,19.98,0.57,53.89
2026-07-09 14:20:57,23.72,608.6,90.79,20.6,6.82,19.59,16.25,0.22,53.12
2026-07-09 14:27:58,25.43,585.0,123.2,30.3,7.51,29.25,10.31,5.34,51.09
2026-07-09 14:39:09,23.96,569.3,86.37,35.6,8.76,24.34,16.38,1.5,55.68
2026-07-09 14:45:30,24.71,570.2,83.25,15.1,10.5,20.7,17.65,4.7,56.37
2026-07-09 14:53:29,23.36,580.8,90.07,32.3,6.4,22.51,18.84,3.04,55.76
2026-07-09 15:03:07,23.96,575.5,78.16,15.5,7.98,26.84,9.76,0.9,54.44
2026-07-09 15:08:59,24.27,599.9,84.04,11.2,10.3,16.57,9.28,5.44,53.78
2026-07-09 15:19:54,23.41,559.9,79.82,16.2,11.17,29.59,12.26,2.24,52.98
2026-07-09 15:28:43,24.5,519.8,74.32,27.4,7.03,38.5,10.89,3.39,54.63
2026-07-09 15:33:47,23.53,570.0,63.3,30.4,7.13,26.89,12.25,4.74,55.44
2026-07-09 15:39:15,23.38,582.1,79.56,15.4,11.57,27.23,11.27,25.67,52.22
2026-07-09 15:53:54,23.45,513.9,95.22,21.2,8.66,30.39,9.71,4.77,52.92
2026-07-09 16:08:13,24.14,531.1,64.84,29.3,8.16,25.31,19.21,3.47,52.02
2026-07-09 16:14:39,23.15,515.3,68.83,30.6,13.62,22.77,15.14,3.82,54.05
2026-07-09 16:24:31,22.88,507.6,88.82,10.3,12.38,20.24,18.63,0.09,52.06
2026-07-09 16:29:53,23.29,443.5,77.44,22.0,4.43,17.27,10.64,2.25,49.41
2026-07-09 16:38:53,23.04,469.8,74.36,36.4,3.55,22.89,13.61,1.07,51.38
2026-07-09 16:47:53,23.11,493.2,67.25,27.3,4.74,21.03,16.16,3.13,51.84
2026-07-09 17:02:07,23.66,492.6,64.82,30.1,9.76,38.9,12.75,8.29,49.47
2026-07-09 17:14:36,22.76,427.5,58.73,30.0,13.7,10.44,9.35,3.65,52.18
2026-07-09 17:27:55,23.59,398.7,70.83,6.3,8.1,25.78,15.83,0.41,50.04
2026-07-09 17:33:28,21.92,465.1,55.52,8.7,9.29,24.98,5.51,3.08,51.11
2026-07-09 17:48:13,21.77,449.3,55.75,29.5,11.61,30.52,14.29,11.71,51.15
2026-07-09 18:01:55,22.45,440.4,38.19,13.3,14.1,16.57,12.83,4.4,47.14
2026-07-09 18:10:50,22.12,377.5,57.92,20.0,12.87,25.0,13.27,3.75,48.07
2026-07-09 18:18:01,21.28,400.3,49.59,23.8,10.45,24.73,16.68,1.2,50.69
2026-07-09 18:28:16,20.75,371.6,43.55,7.6,11.51,31.32,17.92,3.39,48.35
2026-07-09 18:42:40,21.2,394.8,43.16,37.3,12.42,21.93,20.82,6.49,45.97
2026-07-09 18:47:46,21.83,406.2,45.93,14.4,11.93,24.24,16.19,5.51,43.42
2026-07-09 18:58:30,20.68,282.9,61.7,17.7,8.08,18.36,9.42,4.11,50.63
2026-07-09 19:05:47,21.93,252.0,64.47,17.0,14.23,22.64,15.52,8.3,51.54
2026-07-09 19:12:31,21.81,310.2,70.25,22.7,8.42,25.42,11.04,13.98,51.05
2026-07-09 19:20:14,21.53,282.6,48.38,32.9,11.18,28.38,13.07,0.87,46.47
2026-07-09 19:26:08,20.09,359.3,56.82,24.1,7.29,25.97,12.88,2.03,46.54
2026-07-09 19:39:23,20.45,349.6,72.66,20.8,9.63,32.01,12.23,1.21,48.83
2026-07-09 19:50:59,19.96,328.5,73.42,8.8,16.7,32.04,18.96,3.8,49.78
2026-07-09 20:04:33,19.58,265.0,86.7,37.2,12.99,37.03,14.14,1.15,45.88
2026-07-09 20:16:17,20.65,227.5,94.39,20.6,12.37,30.05,13.72,1.79,49.46
2026-07-09 20:23:21,20.76,253.3,96.57,7.8,8.81,26.82,16.55,5.42,46.63
2026-07-09 20:37:01,20.12,270.5,87.59,8.4,11.05,26.22,17.23,1.16,45.19
2026-07-09 20:44:00,20.24,181.0,88.31,18.8,8.33,35.56,20.0,23.77,46.81
2026-07-09 20:53:06,19.64,206.3,100.84,32.1,12.37,19.11,19.58,2.34,42.99
2026-07-09 20:58:14,19.97,227.6,88.64,19.6,13.41,23.48,19.85,9.34,46.45
2026-07-09 21:12:36,19.65,227.5,90.96,33.5,13.37,25.62,17.82,8.78,47.57
2026-07-09 21:23:46,20.5,183.9,81.76,14.0,7.72,26.81,13.58,0.19,44.91
2026-07-09 21:31:36,19.46,164.3,99.59,18.5,14.51,32.58,11.24,4.21,48.34
2026-07-09 21:37:32,19.39,205.4,84.3,13.0,13.75,31.72,21.25,4.53,45.09
2026-07-09 21:46:53,19.39,185.8,118.13,24.6,12.52,29.07,17.36,3.94,43.03
2026-07-09 21:53:15,19.18,220.0,101.57,9.1,8.89,28.27,10.35,2.54,43.25
2026-07-09 22:00:15,20.06,238.9,111.65,5.1,9.11,27.4,18.73,6.64,44.91
2026-07-09 22:06:15,18.73,160.5,102.13,14.7,15.99,25.66,17.61,7.41,44.09
2026-07-09 22:14:44,19.07,201.2,95.29,28.9,9.94,23.5,13.85,2.62,40.68
2026-07-09 22:28:44,19.57,173.3,108.96,15.9,12.54,22.61,16.24,2.12,47.48
2026-07-09 22:36:37,19.49,178.9,108.72,33.3,10.46,34.34,19.64,1.4,45.93
2026-07-09 22:50:46,19.37,128.7,106.04,29.7,9.57,24.69,16.34,9.91,47.85
2026-07-09 22:57:44,18.55,179.0,88.04,29.5,10.26,26.63,18.44,3.47,47.76
2026-07-09 23:04:31,18.51,161.9,113.19,36.9,9.91,24.53,18.33,3.89,45.28
2026-07-09 23:14:13,19.14,207.1,100.53,13.4,9.1,22.09,17.04,7.05,40.5
2026-07-09 23:28:10,19.3,104.4,114.7,20.2,12.76,26.84,15.57,15.41,45.81
2026-07-09 23:38:24,19.65,103.2,113.07,27.2,6.85,30.26,8.56,5.1,42.58
2026-07-09 23:48:10,19.07,163.0,116.1,25.3,5.06,29.51,14.44,7.03,42.23
2026-07-09 23:57:22,17.6,160.1,119.11,32.3,9.91,23.69,18.08,3.81,45.64
2026-07-10 00:11:33,19.12,182.8,102.25,33.1,12.08,19.81,18.95,9.71,43.89
2026-07-10 00:16:52,19.17,145.8,122.59,34.7,11.28,28.66,12.61,4.33,46.79
2026-07-10 00:30:27,18.45,149.2,112.07,8.8,0.56,26.57,11.63,2.99,44.34
2026-07-10 00:37:32,18.83,211.0,99.53,22.9,11.64,25.72,12.78,2.45,42.59
2026-07-10 00:45:03,18.86,126.9,129.25,28.8,10.2,18.42,12.61,5.78,43.14
2026-07-10 00:52:58,18.62,161.2,91.79,18.3,12.88,19.31,12.1,12.77,47.2
2026-07-10 01:04:13,18.89,151.7,111.52,9.6,6.81,28.38,21.68,2.92,44.95
2026-07-10 01:09:40,18.62,182.8,98.05,31.5,8.08,26.8,19.96,8.73,45.15
2026-07-10 01:17:26,19.45,154.7,107.9,31.1,10.18,19.59,14.19,14.63,43.59
2026-07-10 01:26:43,19.3,87.3,114.91,19.7,12.66,28.4,21.56,2.61,47.27
2026-07-10 01:32:25,19.09,189.0,111.07,13.1,7.92,17.07,17.11,4.8,44.83
2026-07-10 01:40:42,19.63,172.6,91.62,33.5,13.64,32.29,10.15,15.18,40.39
2026-07-10 01:49:06,20.34,185.5,110.5,37.1,7.78,27.72,17.49,3.86,46.0
2026-07-10 01:59:13,18.72,224.4,98.55,22.7,9.24,25.38,21.33,0.25,45.67
2026-07-10 02:08:38,18.49,193.0,113.14,34.0,8.09,30.27,15.68,0.56,43.12
2026-07-10 02:23:36,20.25,195.2,99.81,5.3,6.38,27.32,18.22,1.86,47.37
2026-07-10 02:36:58,20.37,177.1,120.83,19.4,17.96,24.45,10.24,3.27,48.03
2026-07-10 02:46:55,20.53,163.3,81.41,20.6,8.66,18.99,18.64,0.21,44.65
2026-07-10 02:58:04,18.65,239.9,99.4,7.6,3.58,26.31,23.79,11.69,48.63
2026-07-10 03:04:57,18.72,204.7,113.42,32.1,6.55,21.72,10.76,3.19,43.56
2026-07-10 03:12:57,19.9,271.2,84.3,12.1,10.35,23.1,17.3,4.19,42.55
2026-07-10 03:19:47,20.15,227.2,93.43,28.3,6.9,21.7,17.12,2.79,46.45
2026-07-10 03:33:36,21.05,222.0,82.81,21.5,11.2,25.25,19.73,1.87,47.04
2026-07-10 03:41:28,20.18,247.5,99.18,30.6,10.6,24.76,14.72,6.42,44.9
2026-07-10 03:48:40,20.39,279.8,81.47,14.6,8.37,25.03,15.99,10.14,46.17
2026-07-10 03:56:44,20.39,307.2,87.09,30.9,8.13,25.88,11.32,2.6,45.99
2026-07-10 04:09:27,20.11,279.2,96.37,13.0,9.82,23.34,8.33,1.73,46.47
2026-07-10 04:15:14,19.53,275.0,77.15,38.9,10.46,19.18,14.77,11.62,46.82
2026-07-10 04:25:12,20.47,261.2,71.04,19.9,11.7,15.41,9.35,0.83,52.32
2026-07-10 04:32:23,21.26,336.0,70.82,17.0,14.4,23.0,9.66,3.08,48.25
2026-07-10 04:40:50,21.06,342.9,77.14,26.3,11.97,20.29,18.74,2.16,50.0
2026-07-10 04:53:39,21.0,326.8,70.65,30.3,8.58,22.78,17.36,6.1,50.42
2026-07-10 05:06:36,21.2,367.7,64.19,27.7,11.1,30.39,13.72,12.01,49.6
2026-07-10 05:16:37,20.71,418.7,54.92,16.3,7.87,28.75,17.99,1.19,47.14
2026-07-10 05:25:30,21.21,359.8,65.01,5.7,10.63,20.61,18.13,9.8,48.43
2026-07-10 05:33:04,22.93,369.3,64.3,33.4,8.71,28.07,10.31,0.86,51.15
2026-07-10 05:43:46,22.27,344.8,53.1,29.3,11.91,31.54,25.02,12.32,48.01
2026-07-10 05:58:44,21.92,376.1,60.0,32.6,8.53,14.75,16.04,1.49,50.56
2026-07-10 06:05:23,22.46,386.4,44.65,15.7,12.89,21.35,20.53,2.36,54.79
2026-07-10 06:19:08,21.8,423.9,41.88,15.8,12.63,32.9,10.05,5.21,51.9
2026-07-10 06:31:52,21.81,386.5,50.74,12.9,13.9,21.85,13.69,3.18,50.01
2026-07-10 06:40:33,23.36,384.1,49.23,24.9,6.58,26.84,15.09,6.0,48.77
2026-07-10 06:47:49,22.67,491.8,76.97,19.2,7.3,12.61,16.04,1.52,50.32
2026-07-10 07:01:14,22.86,469.5,54.24,6.9,12.12,25.52,8.65,1.56,54.19
2026-07-10 07:07:36,21.68,507.7,59.41,10.2,10.37,37.0,18.36,8.56,53.18
2026-07-10 07:18:12,22.13,520.3,68.65,16.5,17.6,17.07,11.94,10.55,50.39
2026-07-10 07:23:36,22.61,514.0,81.02,12.8,14.09,24.09,18.18,8.08,51.98
2026-07-10 07:35:29,23.55,530.3,61.84,38.7,5.68,22.35,12.18,2.7,49.76
2026-07-10 07:42:13,23.68,515.8,58.46,7.9,6.4,32.96,17.41,2.82,52.73
2026-07-10 07:52:23,24.11,487.0,61.2,19.1,11.14,32.96,15.42,0.77,50.4
2026-07-10 08:04:43,23.29,511.2,67.29,20.1,11.68,20.73,18.8,1.79,50.93
2026-07-10 08:12:23,23.08,541.1,91.23,16.1,6.07,24.11,13.9,12.7,53.95
2026-07-10 08:23:54,24.09,511.9,91.87,10.0,9.7,23.29,6.06,8.34,55.51
2026-07-10 08:38:42,23.84,591.4,82.01,13.1,8.22,19.06,12.6,1.62,55.8
2026-07-10 08:43:44,23.31,528.4,71.51,32.7,9.3,22.13,8.96,2.04,54.52
2026-07-10 08:52:07,24.35,616.9,93.01,12.7,8.79,30.69,15.57,1.62,54.13
2026-07-10 09:02:08,25.21,567.0,89.89,39.5,8.77,26.07,16.44,3.23,55.78
2026-07-10 09:10:30,24.2,619.4,87.92,33.7,9.53,27.05,17.48,2.13,54.07
2026-07-10 09:24:21,24.5,608.2,98.88,9.6,10.59,25.68,14.02,2.2,52.82
2026-07-10 09:34:10,23.84,585.4,106.55,14.3,2.93,26.64,14.98,0.82,57.74
2026-07-10 09:48:37,23.95,568.4,78.76,18.8,13.63,27.9,19.07,9.68,58.08
2026-07-10 09:55:21,24.81,621.2,102.14,22.0,9.23,18.39,14.44,9.3,56.56
2026-07-10 10:04:16,23.89,658.8,88.27,17.2,9.78,16.93,11.25,13.41,59.98
2026-07-10 10:12:03,25.36,607.1,106.86,29.2,8.97,27.73,12.3,3.43,58.7
2026-07-10 10:20:16,25.52,597.7,107.37,38.6,8.92,23.04,14.48,9.16,56.92
2026-07-10 10:31:10,24.03,643.1,118.54,28.5,14.38,30.09,10.8,11.12,55.24
2026-07-10 10:36:19,24.44,665.5,120.98,5.0,8.92,25.76,17.23,1.89,55.9
2026-07-10 10:49:18,24.4,617.3,112.49,19.7,5.85,15.36,17.76,1.83,54.51
2026-07-10 11:00:07,24.19,573.3,118.3,22.7,9.88,18.3,16.25,1.67,56.31
2026-07-10 11:07:19,24.94,584.9,117.92,26.0,6.05,19.02,15.43,3.47,58.03
2026-07-10 11:17:39,25.34,688.0,113.21,36.4,8.36,20.89,15.21,2.62,58.33
2026-07-10 11:25:17,24.18,634.8,108.87,33.6,8.71,21.85,18.33,4.53,58.74
2026-07-10 11:34:33,24.95,622.8,101.31,39.8,10.2,18.81,17.44,3.71,57.89
2026-07-10 11:42:36,26.21,644.8,108.53,5.1,8.29,20.9,11.12,5.59,57.54
2026-07-10 11:56:04,24.86,651.1,115.39,12.4,9.5,25.46,8.58,6.22,55.68
2026-07-10 12:07:25,25.61,646.6,119.6,20.5,10.93,31.31,10.51,4.39,57.92
2026-07-10 12:19:47,24.96,621.7,102.63,14.9,7.05,23.45,17.41,3.28,55.0
2026-07-10 12:27:43,23.88,610.0,100.87,19.6,12.49,17.99,20.78,2.06,55.04
2026-07-10 12:37:16,24.97,611.9,113.47,6.6,7.39,17.22,16.18,1.81,54.69
2026-07-10 12:51:50,25.12,628.3,121.89,20.4,11.27,22.61,13.81,6.36,57.48
2026-07-10 13:02:04,25.35,662.1,105.27,31.5,11.16,33.36,13.68,1.39,53.58
2026-07-10 13:09:49,24.76,616.9,94.54,8.8,10.12,26.96,7.51,0.57,55.26
2026-07-10 13:19:23,25.38,659.2,122.55,10.0,9.16,22.65,9.78,2.06,58.26
2026-07-10 13:28:21,24.95,624.1,98.33,6.1,13.35,32.97,14.74,5.48,53.4
2026-07-10 13:37:06,24.41,633.7,123.42,19.1,6.49,26.57,11.59,0.51,55.7
2026-07-10 13:47:32,24.75,634.0,105.78,23.4,7.65,25.25,13.61,0.15,56.61
2026-07-10 13:57:02,24.79,623.5,109.51,37.8,13.48,24.49,18.18,2.88,54.97
2026-07-10 14:08:33,23.38,571.7,74.87,19.5,14.76,20.45,18.11,3.43,55.4
2026-07-10 14:22:07,24.66,572.4,92.85,10.1,12.92,32.18,14.08,0.91,54.39
2026-07-10 14:35:54,24.34,603.0,103.34,18.0,8.51,24.78,10.62,9.42,55.9
2026-07-10 14:43:28,24.18,607.1,100.01,24.7,12.25,26.05,21.91,0.91,52.73
2026-07-10 14:52:37,24.86,528.2,97.66,19.1,10.09,31.02,16.35,0.61,55.51
2026-07-10 15:02:17,24.7,530.2,93.03,32.0,5.88,25.61,11.61,1.08,53.22
2026-07-10 15:14:05,24.23,567.2,82.92,24.3,11.68,28.75,7.69,1.8,54.6
2026-07-10 15:22:57,24.14,559.7,80.78,24.4,9.97,31.27,9.98,1.4,55.82
2026-07-10 15:30:18,23.29,554.1,85.62,38.0,10.83,30.3,8.09,12.23,54.78
2026-07-10 15:40:50,23.78,519.4,71.67,33.4,14.63,20.76,12.6,4.26,52.52
2026-07-10 15:53:55,23.79,526.8,79.59,32.6,16.91,29.53,11.3,6.82,54.94
2026-07-10 16:08:34,22.61,526.5,65.13,30.7,11.67,21.0,12.04,10.96,50.55
2026-07-10 16:14:14,23.26,476.7,60.37,15.1,8.33,28.46,14.45,0.41,55.47
2026-07-10 16:25:50,23.67,482.2,73.69,35.0,12.6,19.4,11.29,2.09,56.93
2026-07-10 16:39:39,23.71,507.1,78.64,20.6,13.55,24.72,14.86,1.87,53.91
2026-07-10 16:45:31,23.08,526.7,69.43,32.7,12.26,14.88,11.79,8.51,52.41
2026-07-10 16:54:15,22.52,473.5,71.7,33.3,10.19,18.34,21.99,1.59,46.93
2026-07-10 17:04:25,22.92,473.5,71.81,39.2,5.7,19.82,11.97,1.26,51.89
2026-07-10 17:15:31,23.32,391.8,60.35,25.3,14.14,30.37,12.68,0.02,52.58
2026-07-10 17:20:51,22.39,458.6,64.89,31.2,12.48,24.97,17.21,16.55,53.64
2026-07-10 17:26:27,23.3,459.9,64.9,31.6,10.19,21.52,15.89,0.34,50.52
2026-07-10 17:35:59,22.21,353.4,58.22,13.5,9.68,23.75,19.87,2.6,51.07
2026-07-10 17:50:13,21.88,437.1,59.92,18.9,11.48,21.85,17.13,0.32,45.69
2026-07-10 17:56:53,22.5,371.4,59.0,35.7,6.92,29.91,10.82,1.58,48.89
2026-07-10 18:10:19,21.87,400.9,67.06,19.2,10.33,36.69,22.4,12.71,47.57
2026-07-10 18:15:26,21.96,385.0,43.08,38.2,10.2,21.47,9.81,1.85,49.93
2026-07-10 18:25:36,21.78,392.9,59.27,23.5,9.95,32.99,20.33,2.92,46.33
2026-07-10 18:33:57,21.19,412.0,31.33,14.7,16.7,26.67,14.62,14.49,50.8
2026-07-10 18:45:55,21.58,328.0,52.58,13.0,8.22,25.77,20.86,1.81,46.95
2026-07-10 18:57:25,21.06,332.7,56.04,37.9,11.16,39.44,9.01,8.53,48.9
2026-07-10 19:10:48,21.03,299.8,85.09,31.5,6.61,22.11,20.71,4.41,49.39
2026-07-10 19:19:39,21.62,339.6,69.4,18.5,13.76,30.3,7.53,1.34,48.5
2026-07-10 19:27:33,21.24,310.3,64.49,20.0,8.94,28.41,13.34,3.42,46.99
2026-07-10 19:34:55,19.67,320.8,89.54,24.6,7.86,29.97,21.63,1.4,43.49
2026-07-10 19:44:02,19.96,253.2,70.93,20.9,7.5,31.5,18.41,23.57,48.92
2026-07-10 19:57:51,20.43,287.4,84.23,31.8,12.59,22.53,18.92,2.27,46.25
2026-07-10 20:03:11,20.25,272.2,93.68,21.2,5.98,32.28,20.84,0.65,47.22
2026-07-10 20:17:11,20.4,252.0,71.18,26.4,12.65,23.07,14.72,1.17,48.31
2026-07-10 20:24:27,19.59,233.6,80.88,15.4,10.45,32.13,14.18,2.24,50.54
2026-07-10 20:31:56,20.19,235.1,82.43,28.1,4.33,26.47,19.06,2.51,47.78
2026-07-10 20:39:36,20.72,235.2,93.51,26.2,12.15,26.01,13.93,0.12,47.93
2026-07-10 20:48:51,19.76,248.3,91.18,7.8,15.36,22.61,11.69,0.43,43.1
2026-07-10 20:58:57,19.81,242.2,104.05,11.7,11.7,24.81,18.05,7.38,44.08
2026-07-10 21:06:04,19.4,234.1,96.81,13.1,14.71,27.38,9.18,1.07,45.43
2026-07-10 21:15:01,20.19,184.2,85.86,6.8,12.76,19.81,6.13,12.22,47.15
2026-07-10 21:26:28,18.77,192.5,97.87,37.6,12.1,26.74,14.84,5.64,46.33
2026-07-10 21:38:08,20.08,193.0,89.1,19.4,6.96,28.86,12.79,1.91,42.73
2026-07-10 21:43:21,19.85,209.7,102.35,39.7,4.1,22.01,17.75,0.43,45.22
2026-07-10 21:52:24,19.38,166.6,98.22,7.2,13.34,15.7,7.11,1.26,46.19
2026-07-10 22:04:24,19.43,189.0,107.44,27.0,7.54,21.72,18.29,4.7,48.85
2026-07-10 22:18:17,20.18,206.9,102.56,13.5,10.21,26.01,20.19,0.35,43.29
2026-07-10 22:24:29,19.1,192.5,113.1,32.6,3.89,22.81,12.32,3.03,43.0
2026-07-10 22:38:49,19.58,192.7,97.31,14.1,8.0,28.66,10.73,9.34,45.03
2026-07-10 22:45:39,19.44,189.2,119.49,31.7,9.77,32.58,13.19,8.08,49.34
2026-07-10 22:52:29,19.12,138.7,103.78,22.8,6.41,32.2,9.03,0.39,44.56
2026-07-10 23:01:35,18.75,190.1,110.24,26.2,7.38,24.46,13.31,2.03,44.2
2026-07-10 23:15:09,18.86,126.1,100.59,32.0,6.1,31.53,11.68,0.91,41.85
2026-07-10 23:29:16,19.09,148.0,105.55,17.5,11.41,26.66,14.28,2.47,42.52
2026-07-10 23:40:42,19.04,179.0,91.99,38.8,13.27,24.16,15.52,0.79,43.27
2026-07-10 23:53:27,19.38,156.7,109.72,26.8,7.66,30.75,10.77,7.34,43.04
2026-07-11 00:04:36,18.76,81.8,111.9,34.1,8.11,34.68,13.86,1.9,42.53
2026-07-11 00:17:19,19.54,150.2,105.43,30.2,9.85,27.1,20.52,21.97,45.2
2026-07-11 00:26:50,19.56,154.0,112.03,10.2,13.6,17.28,22.95,3.11,43.19
2026-07-11 00:38:18,19.14,138.1,118.74,30.6,11.09,27.89,16.44,2.24,41.69
2026-07-11 00:47:37,19.19,162.9,123.42,25.2,8.5,26.92,17.64,5.07,45.56
2026-07-11 00:54:47,19.51,222.3,103.77,11.0,14.82,31.7,13.01,1.13,41.95
2026-07-11 01:07:23,19.38,198.7,101.51,31.7,1.71,23.83,18.59,1.02,44.03
2026-07-11 01:19:09,19.19,131.2,93.5,24.3,12.19,29.29,15.73,5.73,43.69
2026-07-11 01:32:14,19.61,214.0,86.3,27.0,12.68,23.65,17.07,6.57,43.64
2026-07-11 01:37:42,19.66,178.8,102.89,38.5,10.58,24.15,17.55,3.86,45.65
2026-07-11 01:47:25,19.31,201.4,98.02,29.2,10.79,30.19,15.34,27.65,45.63
2026-07-11 01:54:28,19.64,237.3,106.67,23.5,16.5,25.19,12.07,10.48,42.07
2026-07-11 02:03:37,19.21,178.4,84.09,25.1,11.46,33.48,14.17,0.76,45.32
2026-07-11 02:11:39,19.44,150.4,87.94,29.8,10.57,30.15,18.41,2.43,43.71
2026-07-11 02:24:47,18.82,188.6,95.95,35.0,12.13,24.89,18.23,1.46,47.01
2026-07-11 02:36:45,19.49,191.9,99.7,21.3,13.7,26.2,13.37,4.02,48.49
2026-07-11 02:48:41,20.42,250.1,103.05,10.0,11.72,33.87,12.47,0.93,46.59
2026-07-11 03:02:22,19.9,255.1,97.4,16.1,14.09,25.78,16.91,19.13,43.2
2026-07-11 03:12:25,19.29,264.0,90.88,34.3,8.48,23.75,11.27,5.99,45.63
2026-07-11 03:22:14,19.84,257.5,75.94,6.7,6.22,24.87,20.75,5.05,45.9
2026-07-11 03:31:13,20.29,322.1,84.78,34.8,2.55,19.38,27.24,0.96,44.2
2026-07-11 03:43:39,21.17,274.0,92.79,32.0,15.69,30.76,16.21,1.92,42.99
2026-07-11 03:51:47,20.03,219.6,66.83,24.3,11.08,25.63,16.03,0.43,44.48
2026-07-11 04:06:44,20.78,307.4,79.49,13.9,15.26,22.97,8.01,0.04,46.39
2026-07-11 04:14:58,20.69,259.1,82.29,33.0,7.27,27.52,12.21,11.57,50.02
2026-07-11 04:20:11,22.12,312.6,100.03,16.5,9.11,21.09,14.35,1.0,44.79
2026-07-11 04:31:53,20.46,356.4,62.75,20.6,8.74,13.47,8.33,0.46,46.25
2026-07-11 04:39:55,20.17,370.4,69.58,12.8,8.7,16.85,4.54,2.92,49.0
2026-07-11 04:46:18,21.05,375.1,67.28,18.6,8.83,11.78,11.6,9.45,50.64
2026-07-11 04:59:35,21.08,344.1,64.29,31.5,13.17,19.92,17.47,7.49,48.14
2026-07-11 05:11:31,21.6,394.1,54.7,5.3,8.36,21.03,14.72,2.83,48.72
2026-07-11 05:17:07,21.18,315.9,60.57,23.1,8.41,22.58,11.52,1.65,44.73
2026-07-11 05:28:35,22.25,338.3,58.12,25.0,5.14,25.18,10.43,10.76,49.75
2026-07-11 05:39:12,21.51,429.6,68.84,16.5,9.26,25.98,16.61,1.19,45.65
2026-07-11 05:51:51,21.51,345.9,63.43,35.9,6.95,27.91,18.02,5.15,53.49
2026-07-11 06:04:30,21.71,368.3,50.14,8.7,10.33,21.18,15.5,2.52,52.71
2026-07-11 06:14:57,22.22,461.9,54.71,5.1,9.76,25.53,20.31,4.78,54.23
2026-07-11 06:23:58,22.18,464.9,50.88,15.4,9.44,30.49,19.76,10.18,48.89
2026-07-11 06:36:12,22.38,451.0,70.06,25.4,9.24,28.9,9.18,0.73,48.03
2026-07-11 06:41:30,21.65,438.0,67.77,31.9,14.61,11.11,18.08,13.8,52.33
2026-07-11 06:50:24,22.61,429.3,43.29,12.3,6.76,21.58,12.7,4.93,50.66
2026-07-11 06:57:16,22.11,510.8,70.88,29.6,7.15,22.68,11.53,3.54,51.41
2026-07-11 07:02:53,22.93,508.3,58.91,32.9,13.9,30.12,16.99,1.85,54.35
2026-07-11 07:08:35,21.5,454.8,57.15,38.4,12.45,41.14,13.95,5.8,51.01
2026-07-11 07:21:13,21.81,499.1,89.5,27.3,13.76,27.55,20.49,5.13,54.46
2026-07-11 07:31:59,23.17,500.8,86.18,10.2,11.54,32.46,14.71,11.73,52.62
2026-07-11 07:46:37,22.78,528.7,63.47,16.7,16.28,25.8,8.58,1.27,53.16
2026-07-11 08:00:34,22.23,561.1,73.52,18.7,11.11,30.22,12.68,2.01,55.75
2026-07-11 08:05:43,24.07,553.0,88.61,6.9,13.35,26.67,16.61,1.56,51.46
2026-07-11 08:12:38,23.67,537.7,74.05,6.2,10.12,29.69,10.83,21.6,55.54
2026-07-11 08:25:44,25.14,564.0,95.5,21.5,10.71,29.66,16.86,1.85,56.82
2026-07-11 08:36:33,23.55,501.5,80.79,33.0,11.36,26.9,12.13,5.43,53.3
2026-07-11 08:49:13,24.61,584.9,74.26,32.5,10.68,27.44,12.04,2.88,50.43
2026-07-11 08:59:18,24.72,577.3,97.21,39.2,7.4,19.11,12.43,1.76,52.82
2026-07-11 09:10:28,23.54,599.4,94.25,14.0,10.28,18.76,20.33,2.08,53.91
2026-07-11 09:22:11,24.54,545.9,104.85,20.0,6.53,25.01,8.02,1.87,53.76
2026-07-11 09:32:51,24.49,570.7,104.62,39.5,12.34,18.99,12.49,1.52,55.03
2026-07-11 09:43:13,24.36,552.5,97.71,33.9,7.64,27.85,11.06,0.77,51.83
2026-07-11 09:49:49,25.54,586.1,94.58,29.0,9.27,28.8,19.16,2.35,54.82
2026-07-11 09:56:01,24.66,646.7,111.92,6.3,5.85,16.28,21.32,15.64,55.62
2026-07-11 10:02:33,24.48,592.3,114.66,12.3,11.37,24.53,15.97,2.87,54.04
2026-07-11 10:14:35,24.73,629.1,107.88,7.6,7.29,18.87,15.23,4.44,51.68
2026-07-11 10:29:14,24.14,578.3,104.99,37.2,8.25,26.42,9.63,0.6,56.37
2026-07-11 10:41:56,24.54,608.3,107.2,37.2,10.98,25.44,7.26,3.58,54.14
2026-07-11 10:54:40,24.56,603.5,105.49,6.9,13.24,23.56,19.99,3.38,51.7
2026-07-11 11:02:00,24.63,647.8,87.69,37.7,11.82,26.25,18.19,8.88,58.28
2026-07-11 11:07:54,24.92,626.8,138.22,19.7,14.86,23.54,14.39,1.72,54.04
2026-07-11 11:20:16,25.22,609.8,108.91,30.9,9.6,30.08,17.33,5.9,54.19
2026-07-11 11:34:30,25.5,642.3,113.41,10.4,7.94,17.25,8.59,36.5,56.95
2026-07-11 11:44:50,25.49,607.3,113.11,13.8,3.48,25.35,14.71,8.32,58.14
2026-07-11 11:58:03,24.87,617.3,105.34,32.1,13.07,30.04,16.39,0.77,54.23
2026-07-11 12:06:08,24.61,575.1,116.44,24.1,12.05,30.03,15.61,7.96,54.96
2026-07-11 12:13:46,25.3,663.8,106.92,31.5,5.38,24.76,19.29,0.01,56.77
2026-07-11 12:22:49,25.54,595.3,90.85,6.2,6.38,30.17,14.44,1.12,55.89
2026-07-11 12:30:44,24.5,566.1,102.53,21.5,11.49,31.53,9.43,5.05,57.58
2026-07-11 12:36:02,25.48,642.6,114.04,11.1,10.17,21.11,11.45,20.37,55.27
2026-07-11 12:48:13,24.75,613.7,118.04,8.0,5.49,14.09,8.32,4.06,55.84
2026-07-11 12:59:08,25.0,567.6,116.54,9.1,13.61,25.04,14.34,10.29,53.81
2026-07-11 13:11:00,25.1,639.6,92.8,30.4,10.56,33.82,17.53,0.3,56.03
2026-07-11 13:22:39,25.33,597.1,103.33,20.5,6.62,30.33,13.01,0.43,54.28
2026-07-11 13:37:22,26.01,645.7,123.87,25.0,13.73,32.51,15.02,0.26,57.47
2026-07-11 13:43:15,25.1,584.9,116.31,5.4,12.65,26.38,13.9,5.79,57.6
2026-07-11 13:55:57,24.96,601.2,100.05,7.9,8.3,28.07,14.84,11.57,51.0
2026-07-11 14:10:32,24.73,611.0,89.64,27.7,8.0,18.52,17.3,1.31,53.67
2026-07-11 14:18:33,24.11,582.4,119.36,31.2,3.4,24.77,21.76,2.13,52.7
2026-07-11 14:33:27,24.86,551.5,86.19,28.4,11.23,28.51,13.38,7.54,55.27
2026-07-11 14:44:28,24.36,605.3,111.68,34.8,8.09,33.92,19.71,1.04,51.16
2026-07-11 14:49:39,24.44,561.2,89.72,20.5,5.56,28.85,14.64,5.8,51.01
2026-07-11 14:57:29,23.56,584.0,92.11,31.8,3.56,31.14,15.15,2.1,54.68
2026-07-11 15:10:14,23.12,523.0,94.08,6.6,8.35,28.19,14.2,0.41,51.68
2026-07-11 15:21:20,23.82,594.3,81.51,33.7,9.8,22.36,18.45,1.67,55.64
2026-07-11 15:30:31,23.96,545.2,95.48,24.8,7.16,22.49,16.59,1.4,55.42
2026-07-11 15:35:47,24.1,567.5,81.68,9.1,9.26,24.39,13.72,6.04,51.42
2026-07-11 15:44:36,24.23,567.7,88.87,19.4,6.81,27.74,2.61,1.94,51.17
2026-07-11 15:51:23,23.65,545.9,82.87,19.4,15.61,21.57,15.0,8.54,50.25
2026-07-11 16:02:34,23.7,491.3,67.06,34.8,15.06,25.44,16.69,9.77,52.21
2026-07-11 16:15:45,23.28,533.7,87.99,37.6,9.3,34.75,15.42,1.76,54.37
2026-07-11 16:25:09,22.38,434.7,71.94,21.9,11.55,15.34,14.56,0.33,51.34
2026-07-11 16:30:10,23.17,467.5,80.52,30.5,9.59,24.2,18.35,0.02,52.99
2026-07-11 16:37:45,23.4,471.5,72.54,30.2,13.96,21.3,23.2,0.42,51.78
2026-07-11 16:48:49,22.43,488.3,56.16,33.3,10.02,23.44,16.85,8.92,52.77
2026-07-11 16:55:27,23.33,496.8,63.07,37.2,5.86,24.2,10.78,3.09,50.34
2026-07-11 17:10:26,22.24,456.5,59.29,20.8,12.04,24.47,16.46,1.63,53.35
2026-07-11 17:17:46,23.02,492.7,60.7,25.3,9.26,21.77,23.92,5.88,50.97
2026-07-11 17:31:53,22.9,422.8,54.54,39.7,7.46,31.58,14.6,1.45,52.67
2026-07-11 17:44:19,21.84,433.8,55.17,14.8,12.44,24.42,13.49,2.74,53.03
2026-07-11 17:52:05,22.22,381.4,67.42,39.3,14.26,17.4,18.88,0.73,53.25
2026-07-11 18:04:57,22.78,403.1,48.4,38.0,5.71,26.58,13.44,0.15,51.21
2026-07-11 18:18:04,21.62,401.1,50.87,9.6,11.1,22.22,12.46,1.43,50.02
2026-07-11 18:30:03,22.13,344.0,41.62,37.0,8.59,14.32,18.77,5.23,50.07
2026-07-11 18:42:52,21.34,388.6,68.26,35.2,7.78,25.73,13.21,4.91,49.68
2026-07-11 18:54:49,22.05,285.9,65.04,24.5,4.96,25.62,18.83,0.4,49.19
2026-07-11 19:08:02,20.99,305.9,58.96,23.0,7.5,21.66,17.61,1.97,48.65
2026-07-11 19:13:47,20.88,341.2,66.23,34.9,9.21,22.18,21.04,12.32,51.75
2026-07-11 19:26:02,20.28,306.6,69.33,37.4,10.36,28.48,10.24,2.47,50.21
2026-07-11 19:32:09,20.51,307.5,67.24,22.6,12.56,31.39,11.78,10.75,47.32
2026-07-11 19:41:52,20.65,305.6,81.79,28.6,11.01,27.46,10.42,10.09,44.0
2026-07-11 19:55:28,20.78,285.1,72.81,31.1,11.78,23.32,11.42,2.87,47.92
2026-07-11 20:00:31,20.27,330.9,95.02,24.1,7.86,32.89,22.27,6.06,47.22
2026-07-11 20:11:51,20.06,290.8,91.22,18.3,12.2,25.68,27.77,3.3,47.01
2026-07-11 20:26:24,19.34,236.1,81.92,31.0,10.47,18.83,18.28,1.29,46.93
2026-07-11 20:34:06,20.83,215.9,103.92,31.5,14.5,22.87,11.37,2.77,46.49
2026-07-11 20:41:19,20.32,285.7,101.1,20.9,5.46,19.74,9.62,0.29,45.24
2026-07-11 20:47:28,20.4,215.5,100.34,12.6,14.84,21.89,16.04,8.71,48.8
2026-07-11 21:01:18,20.09,253.7,102.31,36.9,8.51,23.86,17.21,1.47,46.18
2026-07-11 21:11:34,18.45,209.1,102.34,36.8,5.21,23.93,14.13,4.32,44.21
2026-07-11 21:25:12,18.6,233.5,94.08,8.6,10.22,13.52,20.39,3.85,47.13
2026-07-11 21:37:48,19.43,168.3,91.54,35.2,6.51,29.24,15.43,7.73,47.11
2026-07-11 21:52:00,19.8,175.6,126.61,14.7,10.49,19.93,7.48,6.85,41.9
2026-07-11 21:58:02,19.76,205.8,116.9,26.8,14.15,28.28,13.87,2.17,47.49
2026-07-11 22:09:32,18.6,197.5,117.53,19.8,10.8,28.96,20.11,1.52,43.22
2026-07-11 22:17:04,20.18,173.2,96.78,10.6,9.47,30.72,20.03,1.95,44.98
2026-07-11 22:29:47,19.48,184.4,103.92,38.4,7.9,23.92,14.55,0.62,44.04
2026-07-11 22:44:00,18.58,215.6,115.87,10.0,10.46,29.63,13.74,11.09,44.12
2026-07-11 22:55:35,17.42,137.8,122.14,38.1,11.07,22.66,17.1,3.05,44.93
2026-07-11 23:09:36,18.79,160.8,109.7,27.3,8.28,25.93,15.16,1.92,43.39
2026-07-11 23:21:08,18.54,191.4,104.0,29.4,7.57,15.68,10.82,2.18,41.5
2026-07-11 23:27:04,19.05,140.4,103.17,17.9,12.06,22.2,11.36,2.44,41.61
2026-07-11 23:32:05,18.37,145.4,101.63,17.8,10.89,32.38,10.12,11.39,41.44
2026-07-11 23:46:29,18.75,203.3,104.44,9.6,13.86,16.51,20.77,14.27,47.66
2026-07-11 23:59:13,19.68,128.1,102.79,32.1,7.2,31.47,17.61,0.51,46.57
2026-07-12 00:05:22,19.29,170.1,117.73,36.8,5.28,25.42,14.4,1.14,44.64
2026-07-12 00:10:55,19.18,117.2,100.21,26.8,10.49,24.75,17.68,3.6,44.18
2026-07-12 00:21:54,18.74,179.5,107.79,30.5,9.09,21.6,14.71,0.92,43.16
2026-07-12 00:28:28,20.05,158.7,105.92,11.1,14.78,27.65,21.55,1.33,41.85
2026-07-12 00:39:46,18.34,186.0,110.18,11.2,8.84,15.9,18.08,8.87,42.98
2026-07-12 00:45:12,19.35,194.0,103.55,29.8,13.55,23.14,22.22,4.68,44.1
2026-07-12 00:59:00,19.37,186.6,104.12,10.4,9.88,25.61,9.93,15.48,43.31
2026-07-12 01:06:02,19.19,150.0,99.19,39.2,17.29,24.56,19.71,2.29,45.51
2026-07-12 01:16:10,19.31,177.6,92.84,29.2,12.47,21.7,12.79,1.37,44.97
2026-07-12 01:26:33,19.31,163.2,107.53,10.8,10.46,31.61,18.19,1.14,45.65
2026-07-12 01:36:44,19.44,214.4,112.15,15.7,14.07,26.49,16.23,3.94,44.32
2026-07-12 01:50:43,19.15,185.1,95.71,33.3,12.12,26.37,16.67,4.25,42.87
2026-07-12 02:05:19,18.53,211.7,102.6,28.5,11.06,29.67,8.18,1.16,43.48
2026-07-12 02:10:59,19.2,203.7,101.95,26.9,3.82,9.56,15.85,18.21,44.2
2026-07-12 02:17:34,18.77,232.9,104.44,5.4,7.42,18.66,16.44,0.61,44.53
2026-07-12 02:24:05,18.73,203.9,96.32,35.3,12.55,31.1,19.14,7.61,49.28
2026-07-12 02:30:44,19.77,210.1,122.3,14.2,9.52,25.88,11.93,3.66,45.31
2026-07-12 02:45:11,19.8,192.2,100.51,17.1,6.89,23.64,11.39,9.82,44.1
2026-07-12 02:55:42,19.92,249.6,78.4,12.3,5.51,30.85,9.68,3.5,41.35
2026-07-12 03:07:12,20.59,255.8,101.05,31.9,6.04,20.81,22.68,7.03,51.15
2026-07-12 03:19:55,19.87,293.5,83.97,25.1,6.26,30.92,18.75,3.1,46.87
2026-07-12 03:33:14,20.87,259.9,81.62,35.2,16.52,29.93,14.19,4.64,47.11
2026-07-12 03:46:40,20.14,269.6,76.13,21.1,11.41,25.44,12.96,0.04,44.48
2026-07-12 03:54:56,21.01,280.4,88.19,6.7,8.75,21.67,16.45,1.22,46.97
2026-07-12 04:09:23,20.72,288.7,68.86,23.7,7.55,25.23,12.95,4.02,44.31
2026-07-12 04:21:00,20.22,269.1,75.49,30.6,12.71,28.14,11.08,0.77,48.54
2026-07-12 04:26:11,20.45,259.8,69.94,29.0,7.41,23.59,14.47,10.21,49.33
2026-07-12 04:32:40,21.08,360.0,92.06,32.4,5.39,35.93,12.98,3.66,49.45
2026-07-12 04:42:44,21.72,286.1,75.47,36.8,6.68,23.29,10.91,5.04,49.56
2026-07-12 04:53:32,21.36,348.4,74.97,13.2,10.25,24.84,18.8,1.86,45.12
2026-07-12 05:01:55,21.66,290.1,63.5,38.0,9.7,29.97,13.28,0.2,48.52
2026-07-12 05:12:34,21.45,383.0,59.05,20.5,11.51,22.94,16.2,2.22,47.98
2026-07-12 05:23:59,22.09,401.2,70.75,13.9,12.83,27.58,8.97,6.21,48.18
2026-07-12 05:33:39,21.34,311.3,68.22,9.1,11.65,21.09,23.37,9.82,49.87
2026-07-12 05:41:25,21.61,362.1,54.35,31.2,12.67,25.62,11.98,2.38,51.89
2026-07-12 05:47:10,21.6,405.1,52.77,13.6,6.47,21.16,14.87,9.46,50.36
2026-07-12 05:57:34,21.01,400.7,61.68,39.6,10.7,21.89,19.31,5.0,47.83
2026-07-12 06:06:48,21.46,491.8,56.95,19.4,7.71,24.41,15.25,24.45,50.68
2026-07-12 06:17:43,22.04,459.2,50.46,9.8,8.29,25.06,15.9,8.04,52.84
2026-07-12 06:23:50,21.91,428.2,59.23,35.0,10.97,30.3,14.08,10.29,51.54
2026-07-12 06:34:50,23.31,438.8,68.38,32.5,13.72,27.25,17.96,0.11,48.48
2026-07-12 06:48:47,22.71,430.8,78.07,25.1,10.87,15.68,19.97,2.24,50.52
2026-07-12 07:02:22,22.75,424.9,74.12,14.1,14.02,19.57,18.19,3.75,51.8
2026-07-12 07:09:05,22.88,495.1,85.43,33.5,4.48,32.49,16.3,0.95,49.19
2026-07-12 07:18:48,23.05,470.9,57.28,35.7,13.9,31.42,11.89,1.68,50.96
2026-07-12 07:27:43,23.11,457.2,69.63,8.0,11.44,24.61,8.83,9.24,51.63
2026-07-12 07:32:53,22.73,462.5,77.94,10.9,10.47,25.04,7.06,10.99,54.7
2026-07-12 07:38:13,23.85,468.6,103.57,12.2,13.84,22.73,19.95,7.64,51.92
2026-07-12 07:44:33,22.9,515.7,84.24,9.1,8.25,26.87,15.33,1.63,53.81
2026-07-12 07:49:43,23.3,469.2,74.47,28.9,5.52,27.09,15.5,0.06,48.21
2026-07-12 08:00:58,23.08,553.4,91.19,14.9,8.18,20.47,21.25,1.37,52.03
2026-07-12 08:10:31,24.24,481.0,86.42,15.6,3.0,23.46,21.07,9.59,54.67
2026-07-12 08:21:53,24.43,497.5,68.7,13.6,8.83,16.6,16.93,11.13,49.4
2026-07-12 08:34:56,23.97,569.2,93.38,21.5,13.24,21.77,18.16,3.39,54.77
2026-07-12 08:49:52,24.01,578.8,111.95,19.5,8.9,28.56,8.93,0.5,54.89
2026-07-12 08:59:05,24.64,587.0,103.31,39.5,13.53,30.14,8.13,16.11,57.13
2026-07-12 09:10:48,24.02,537.0,92.41,7.6,9.97,24.69,14.72,22.48,53.42
2026-07-12 09:24:38,24.64,603.8,90.39,29.9,11.34,27.03,15.92,4.37,53.96
2026-07-12 09:32:26,24.39,566.4,93.52,15.6,9.7,20.79,17.41,6.58,54.11
2026-07-12 09:39:37,24.52,560.1,85.1,16.8,8.74,24.09,12.12,57.02,52.32
2026-07-12 09:52:39,23.38,550.2,93.9,30.5,9.01,25.44,7.23,5.01,53.54
2026-07-12 10:01:28,24.44,623.9,107.4,31.3,9.27,24.09,9.96,0.16,58.5
2026-07-12 10:12:58,24.51,581.4,110.7,25.5,6.66,20.12,14.32,3.9,55.55
2026-07-12 10:24:24,24.23,656.0,113.9,34.0,19.01,22.14,11.99,0.33,54.29
2026-07-12 10:32:44,25.57,614.7,100.96,8.8,8.85,15.8,19.72,3.2,61.41
2026-07-12 10:42:57,25.24,582.8,107.7,6.6,9.48,25.15,19.85,0.31,53.39
2026-07-12 10:56:10,24.27,589.6,115.56,31.7,10.07,13.17,15.17,8.06,56.31
2026-07-12 11:06:01,25.13,588.2,89.39,23.0,7.3,24.43,18.15,0.84,55.11
2026-07-12 11:11:04,24.43,628.1,96.34,35.3,11.71,23.74,13.82,3.22,56.24
2026-07-12 11:17:51,24.72,694.1,112.76,20.5,7.22,20.5,16.77,5.65,58.18
2026-07-12 11:30:13,25.34,645.4,113.43,39.9,9.54,30.64,10.34,8.21,59.15
2026-07-12 11:38:10,25.14,664.3,113.55,11.5,11.26,29.97,14.37,23.95,56.18
2026-07-12 11:49:47,25.34,656.5,101.73,38.3,9.93,28.07,23.84,1.26,53.79
2026-07-12 12:01:22,26.1,644.2,112.1,21.2,0,25.61,11.95,7.15,55.84
2026-07-12 12:09:21,24.64,670.7,116.18,10.1,12.0,29.49,14.87,0.67,54.08
2026-07-12 12:20:55,24.9,619.7,110.6,39.4,6.08,33.28,17.71,9.18,57.45
2026-07-12 12:29:40,24.63,665.4,104.82,37.6,11.2,30.47,16.53,0.69,62.2
2026-07-12 12:38:44,24.5,631.0,95.22,32.0,13.03,25.33,17.18,7.72,56.78
2026-07-12 12:43:56,24.67,627.0,103.24,31.3,10.21,26.29,17.34,8.7,52.94
2026-07-12 12:49:50,24.85,587.3,120.46,25.4,11.23,27.13,17.13,13.71,59.09
2026-07-12 13:04:05,25.06,650.6,108.14,13.2,10.33,17.44,11.65,8.32,53.93
2026-07-12 13:18:39,24.93,649.9,92.86,7.9,13.04,21.32,18.56,3.96,57.05
2026-07-12 13:28:14,24.59,625.2,110.16,23.3,8.98,18.2,15.11,0.6,52.51
2026-07-12 13:35:44,25.36,607.5,103.54,39.2,10.36,22.09,12.59,9.29,54.44
2026-07-12 13:42:33,25.04,624.9,99.3,17.9,8.11,19.63,15.96,0.86,58.16
2026-07-12 13:56:39,24.52,635.6,99.26,20.8,5.89,15.82,5.19,4.61,53.37
2026-07-12 14:07:21,24.48,617.8,116.45,9.6,12.08,24.83,15.36,4.62,54.58
2026-07-12 14:16:24,23.97,572.1,112.62,23.1,7.67,25.69,17.7,5.91,56.16
2026-07-12 14:29:34,24.43,566.9,92.38,25.4,6.45,13.54,17.06,5.71,51.45
2026-07-12 14:41:36,24.25,567.6,106.47,35.7,10.24,24.48,10.14,5.08,54.8
2026-07-12 14:49:06,23.72,489.3,102.42,22.3,4.03,26.83,17.49,3.8,52.13
2026-07-12 14:57:52,24.16,610.3,84.27,36.2,13.22,31.12,15.03,1.02,55.66
2026-07-12 15:10:29,24.48,569.0,94.61,17.3,10.13,21.28,13.52,4.25,52.55
2026-07-12 15:15:29,24.34,556.3,78.57,37.1,7.49,24.19,17.6,4.14,52.54
2026-07-12 15:29:40,24.58,519.3,92.19,28.2,9.2,26.45,19.34,0.16,54.5
2026-07-12 15:37:36,24.33,587.6,90.66,33.2,10.17,21.69,15.54,5.57,54.09
2026-07-12 15:46:22,24.47,556.7,97.3,28.0,5.36,26.93,16.13,6.54,52.23
2026-07-12 15:52:41,23.46,561.9,81.02,39.3,12.07,20.54,16.79,7.97,52.72
2026-07-12 16:05:20,23.38,553.2,79.68,20.1,9.09,17.08,14.96,9.79,51.52
2026-07-12 16:17:14,23.55,525.6,85.74,31.9,8.5,30.32,11.32,1.1,50.76
2026-07-12 16:22:39,23.34,453.2,92.83,8.2,15.33,24.54,16.27,0.12,49.79
2026-07-12 16:31:12,23.21,503.7,53.61,32.0,13.4,22.37,11.82,14.94,53.55
2026-07-12 16:43:11,23.25,479.6,51.42,30.1,3.33,31.25,16.57,3.4,50.66
2026-07-12 16:52:26,23.17,544.4,68.64,24.2,13.22,33.04,17.41,11.12,51.5
2026-07-12 17:02:27,22.49,467.0,64.16,16.6,3.81,29.33,17.22,3.91,52.19
2026-07-12 17:08:15,23.32,423.5,50.95,37.3,11.42,21.44,14.27,2.94,51.39
2026-07-12 17:18:34,22.94,497.2,65.92,22.8,7.4,20.98,9.76,0.3,53.12
2026-07-12 17:27:58,22.47,470.3,46.52,28.6,8.28,23.29,22.07,15.21,53.2
2026-07-12 17:36:38,23.31,406.9,75.73,17.5,6.03,23.81,15.87,8.58,51.5
2026-07-12 17:51:03,21.92,382.0,57.57,7.2,6.81,23.5,14.84,2.0,49.2
2026-07-12 18:02:51,22.62,397.1,50.78,15.5,10.67,21.73,11.47,3.08,51.19
2026-07-12 18:17:34,21.71,342.7,43.06,19.9,4.83,25.97,16.83,2.06,51.02
2026-07-12 18:31:18,21.56,327.2,51.27,29.5,13.76,24.17,11.03,13.03,50.47
2026-07-12 18:44:34,22.01,370.7,59.56,34.0,9.32,29.35,18.38,1.25,49.08
2026-07-12 18:52:17,21.58,300.3,59.19,28.2,15.51,25.07,11.53,0.0,48.48
2026-07-12 19:06:04,21.34,318.0,56.65,11.8,15.0,22.65,14.78,10.44,49.55
2026-07-12 19:16:10,21.09,314.2,78.52,21.3,11.29,24.49,14.05,6.89,48.52
2026-07-12 19:22:38,20.83,305.2,67.38,25.2,13.73,26.87,18.76,7.67,45.03
2026-07-12 19:31:09,21.57,287.0,84.43,28.5,9.74,18.31,17.62,3.8,45.41
2026-07-12 19:43:19,21.16,311.4,73.93,5.3,8.99,29.31,15.25,14.77,46.29
2026-07-12 19:52:50,20.4,317.0,94.4,38.5,5.56,22.15,16.84,2.28,42.59
2026-07-12 20:02:49,19.38,282.2,88.88,10.4,11.87,22.13,13.52,0.76,47.08
2026-07-12 20:13:00,19.95,222.2,103.28,6.5,14.11,17.84,15.42,0.27,46.17
2026-07-12 20:20:46,20.63,261.3,87.13,37.5,9.16,18.93,15.12,2.14,47.79
2026-07-12 20:32:53,20.6,223.5,84.42,8.7,7.67,15.09,23.62,7.78,45.81
2026-07-12 20:42:00,20.0,196.3,75.82,39.8,4.6,17.11,10.89,14.34,44.01
2026-07-12 20:56:59,20.17,245.4,94.35,24.4,14.11,27.14,6.73,5.5,44.71
2026-07-12 21:11:36,20.28,255.2,89.98,28.8,8.29,31.34,7.41,1.09,46.34
2026-07-12 21:18:54,20.15,242.7,87.19,22.3,9.7,22.35,12.94,0.61,45.93
2026-07-12 21:24:17,19.51,256.7,86.34,29.1,7.76,19.92,2.2,8.45,47.68
2026-07-12 21:33:19,18.75,195.6,84.5,25.0,6.88,28.55,18.69,2.11,44.8
2026-07-12 21:42:57,19.76,211.0,106.12,19.8,10.64,19.94,14.52,1.6,47.49
2026-07-12 21:55:43,19.9,190.2,100.72,13.9,10.88,20.1,19.82,0.39,45.53
2026-07-12 22:10:25,18.5,145.1,102.47,24.3,15.42,25.46,19.19,1.97,43.9
2026-07-12 22:19:29,20.29,212.9,106.16,25.7,11.86,17.4,19.18,0.18,40.69
2026-07-12 22:30:21,19.59,137.6,96.64,20.1,10.73,17.9,12.85,5.08,46.05
2026-07-12 22:36:38,18.96,156.2,96.5,10.0,11.2,24.78,18.46,0.08,46.57
2026-07-12 22:47:27,18.75,149.4,116.18,36.8,6.64,29.18,22.01,5.61,43.15
2026-07-12 22:58:07,18.81,143.9,113.35,8.0,7.77,22.28,18.82,9.71,44.77
2026-07-12 23:07:58,19.02,182.4,118.45,21.4,9.63,22.87,21.08,11.04,42.3
2026-07-12 23:22:05,20.03,198.0,122.26,29.0,13.74,31.59,16.62,7.11,43.86
2026-07-12 23:35:57,18.37,194.9,99.29,31.9,9.2,22.82,19.54,1.57,47.85
2026-07-12 23:50:00,18.63,125.1,102.04,32.5,6.28,28.77,17.72,0.86,45.36
2026-07-12 23:56:21,18.42,160.6,108.77,7.2,9.17,17.33,22.05,15.17,44.86
2026-07-13 00:01:52,19.76,170.2,114.53,11.3,10.5,27.74,16.87,0.17,42.24
2026-07-13 00:09:26,18.18,153.7,96.19,26.0,9.41,28.97,11.97,0.57,44.66
2026-07-13 00:20:28,18.96,161.5,108.5,17.6,9.76,21.43,15.54,6.35,44.84
2026-07-13 00:29:21,18.54,159.2,101.86,38.6,11.38,22.06,12.69,0.81,45.95
2026-07-13 00:36:00,19.69,162.1,108.14,8.0,13.72,33.18,14.6,6.82,45.61
2026-07-13 00:45:07,18.92,112.0,106.22,33.0,14.58,24.76,15.98,11.68,46.18
2026-07-13 00:56:18,18.83,175.1,123.39,33.0,11.89,34.09,7.59,4.48,44.99
2026-07-13 01:01:25,18.37,155.9,102.32,8.4,14.76,33.67,21.1,0.8,46.16
2026-07-13 01:10:35,19.46,227.0,99.89,36.5,6.48,24.37,9.2,8.15,40.11
2026-07-13 01:16:19,18.9,166.1,96.7,17.0,17.5,16.63,16.58,7.03,43.04
2026-07-13 01:25:51,19.34,158.7,116.21,20.8,8.55,36.77,13.81,1.2,45.27
2026-07-13 01:40:10,19.11,148.6,109.68,31.2,9.49,34.31,14.63,0.81,43.32
2026-07-13 01:51:00,20.12,205.9,109.46,16.4,13.06,27.31,9.96,1.03,44.27
2026-07-13 01:57:46,19.53,192.1,102.38,13.1,12.72,24.72,12.44,16.38,47.96
2026-07-13 02:11:42,20.72,166.5,104.54,18.3,9.35,26.04,18.48,3.42,46.77
2026-07-13 02:20:28,19.21,245.2,95.09,28.3,10.0,30.31,16.55,1.16,43.59
2026-07-13 02:35:19,18.81,206.6,87.07,17.6,11.07,29.48,15.0,0.69,44.24
2026-07-13 02:49:24,19.71,215.7,102.98,37.9,6.03,24.46,24.94,1.24,44.89
2026-07-13 03:03:53,19.71,236.7,87.99,37.3,7.53,30.27,17.64,1.83,44.36
2026-07-13 03:15:27,19.91,216.7,95.86,25.8,9.13,20.66,12.04,8.32,45.27
2026-07-13 03:22:00,19.66,250.6,95.55,14.7,7.13,22.34,9.47,3.15,43.51
2026-07-13 03:36:09,20.93,286.3,84.86,15.6,4.69,23.13,20.2,3.43,46.3
2026-07-13 03:47:11,19.73,244.9,92.86,19.5,13.35,27.58,7.38,3.23,46.55
2026-07-13 04:01:42,19.51,322.5,97.96,9.6,9.86,20.54,18.98,3.46,46.95
2026-07-13 04:12:11,21.19,312.0,76.25,9.5,13.26,21.21,23.63,1.21,48.53
2026-07-13 04:19:20,20.89,313.9,81.66,24.5,8.08,29.86,13.15,1.71,47.71
2026-07-13 04:31:51,21.11,281.9,94.77,30.8,11.73,22.99,11.45,3.08,49.08
2026-07-13 04:44:11,20.92,287.2,71.44,19.1,10.02,10.04,22.48,7.18,47.91
2026-07-13 04:57:51,21.21,363.4,64.28,30.1,14.92,38.31,16.22,17.06,47.56
2026-07-13 05:06:50,21.47,302.0,73.21,37.5,12.83,28.73,11.33,10.02,46.37
2026-07-13 05:16:59,21.3,366.9,45.03,9.7,9.62,33.82,12.84,0.06,48.08
2026-07-13 05:29:05,21.33,417.3,36.0,20.1,1.58,29.25,20.84,11.52,44.95
2026-07-13 05:38:36,22.47,400.5,57.37,17.3,10.22,28.15,14.87,1.15,53.86
2026-07-13 05:45:28,21.31,430.6,50.44,24.7,16.07,29.61,18.15,1.85,50.97
2026-07-13 05:59:38,21.58,462.9,65.35,11.3,12.93,25.9,15.48,0.46,52.52
2026-07-13 06:08:58,22.11,402.5,37.1,12.9,8.25,20.0,18.93,3.76,51.99
2026-07-13 06:16:59,22.47,402.1,62.08,17.7,13.79,24.4,12.28,13.44,49.05
2026-07-13 06:24:27,22.66,461.4,39.51,37.2,10.01,27.52,22.57,1.07,49.95
2026-07-13 06:34:42,22.02,400.7,59.12,21.1,6.61,24.3,13.17,7.76,51.91
2026-07-13 06:40:12,22.22,451.0,61.11,14.0,8.72,19.53,12.0,1.24,52.04
2026-07-13 06:54:40,22.11,498.3,60.39,33.0,12.27,32.93,16.6,4.68,50.37
2026-07-13 07:07:45,23.77,473.6,70.19,35.3,8.8,26.93,15.33,1.27,53.08
2026-07-13 07:21:42,23.3,508.3,69.0,11.4,12.53,37.67,12.67,0.39,52.08
2026-07-13 07:34:50,23.88,493.9,90.99,23.4,13.12,17.95,19.44,2.43,53.96
2026-07-13 07:40:47,22.42,522.8,61.48,5.6,14.49,13.1,12.18,0.47,50.35
2026-07-13 07:47:47,23.92,504.0,54.82,18.3,8.72,20.06,11.6,3.1,52.96
2026-07-13 07:58:04,24.02,557.5,77.7,18.8,11.82,25.88,15.88,1.82,54.14
2026-07-13 08:04:58,23.47,514.5,71.03,24.8,9.83,35.56,13.98,12.11,51.45
2026-07-13 08:17:36,23.3,509.4,69.4,17.7,12.8,22.24,17.3,3.36,56.6
2026-07-13 08:23:27,24.0,540.9,77.34,8.4,13.88,32.33,13.69,1.15,54.67
2026-07-13 08:38:22,23.15,554.4,87.39,38.8,7.57,27.1,8.9,10.11,53.66
2026-07-13 08:47:23,23.8,530.9,111.12,23.3,12.65,22.38,10.98,14.22,48.14
2026-07-13 08:52:41,24.04,507.7,93.41,37.2,5.26,19.9,23.44,24.71,52.69
2026-07-13 09:06:39,23.84,586.8,87.45,12.0,10.04,15.45,15.48,5.36,56.91
2026-07-13 09:14:33,23.68,562.0,103.01,35.5,9.76,29.5,8.82,2.43,55.62
2026-07-13 09:20:03,24.26,623.5,94.94,7.7,13.23,20.74,19.48,6.7,54.26
2026-07-13 09:34:50,24.95,592.5,107.01,6.3,8.52,22.08,15.46,3.42,53.35
2026-07-13 09:46:49,24.46,598.3,97.67,31.2,5.53,21.67,12.76,1.29,53.72
2026-07-13 10:01:07,24.29,640.3,103.91,33.5,8.88,34.87,25.27,3.72,56.27
2026-07-13 10:07:35,24.21,637.6,106.76,37.4,13.51,22.19,13.76,4.67,55.32
2026-07-13 10:18:45,25.39,600.5,119.68,6.5,14.78,20.54,17.78,1.17,55.67
2026-07-13 10:31:13,25.78,609.7,105.97,35.8,10.08,26.8,22.16,6.13,56.47
2026-07-13 10:36:54,24.43,671.1,110.67,9.9,8.61,27.77,9.47,2.83,55.02
2026-07-13 10:49:49,24.98,652.4,100.74,19.9,11.5,18.73,1.93,15.39,54.04
2026-07-13 11:02:14,25.23,652.8,109.72,35.0,12.26,29.36,17.28,3.22,53.47
2026-07-13 11:13:51,25.45,661.0,111.93,31.5,5.39,23.07,22.19,0.27,56.94
2026-07-13 11:27:22,25.14,628.4,109.58,33.1,14.7,31.49,13.12,18.81,57.7
2026-07-13 11:41:05,24.91,700.9,95.78,12.1,10.64,26.21,17.77,8.99,54.58
2026-07-13 11:53:23,25.17,645.7,118.57,35.2,6.76,30.66,9.73,9.66,56.45
2026-07-13 12:04:02,25.9,647.8,100.62,27.4,14.19,25.52,15.93,7.15,58.0
2026-07-13 12:11:13,25.09,613.1,108.36,31.5,11.18,25.78,18.52,5.7,53.44
2026-07-13 12:17:23,25.21,651.4,118.38,19.0,15.66,27.91,16.58,0.58,56.83
2026-07-13 12:24:26,25.5,610.4,120.53,23.2,8.68,32.14,11.78,12.0,51.02
2026-07-13 12:37:33,24.97,667.8,107.88,37.1,10.0,11.09,14.65,3.36,56.48
2026-07-13 12:47:30,25.0,644.9,99.11,27.4,10.54,25.84,13.96,0.18,56.13
2026-07-13 12:54:02,24.59,639.0,94.35,20.4,8.98,24.28,10.24,1.09,57.36
2026-07-13 13:05:23,24.91,645.6,99.79,12.5,12.42,23.09,13.69,10.12,58.7
2026-07-13 13:15:49,25.34,598.2,94.9,26.5,10.47,28.75,22.45,4.04,56.31
2026-07-13 13:22:09,24.47,609.3,97.7,39.5,10.2,37.16,9.06,1.97,57.06
2026-07-13 13:33:03,24.09,580.9,135.36,36.1,6.94,18.04,13.16,11.56,58.17
2026-07-13 13:43:28,24.69,714.4,109.01,39.0,14.12,26.47,14.72,6.25,55.55
2026-07-13 13:54:54,24.35,637.2,100.37,31.0,9.29,30.12,21.37,5.23,57.47
2026-07-13 14:08:14,24.14,569.4,92.81,18.3,11.47,37.42,16.06,1.41,54.01
2026-07-13 14:17:04,24.78,573.8,99.52,13.6,10.24,18.33,17.11,0.62,52.77
2026-07-13 14:23:40,25.16,624.3,83.54,28.9,10.46,27.89,20.94,4.94,57.57
2026-07-13 14:36:32,24.19,596.9,105.42,5.8,9.61,26.4,16.16,14.72,55.02
2026-07-13 14:50:55,24.32,635.8,93.83,37.7,14.6,32.8,12.44,7.61,58.29
2026-07-13 14:57:17,24.51,576.4,114.45,17.1,8.67,17.29,13.8,1.23,52.14
2026-07-13 15:11:22,23.96,579.7,78.26,36.0,6.87,21.83,14.97,6.31,52.44
2026-07-13 15:19:40,23.65,534.7,84.12,35.0,9.77,19.38,13.97,9.81,54.79
2026-07-13 15:34:21,24.34,587.7,103.37,34.8,4.84,19.78,17.99,10.23,54.63
2026-07-13 15:45:51,23.3,558.6,72.64,23.4,11.79,24.26,11.43,2.07,53.98
2026-07-13 15:51:24,23.64,488.9,80.92,30.5,12.51,19.43,16.75,3.48,51.91
2026-07-13 15:58:14,22.95,551.0,70.6,31.7,14.75,20.94,14.74,6.72,55.94
2026-07-13 16:06:36,22.79,511.6,66.72,9.8,9.9,30.11,14.26,2.02,54.29
2026-07-13 16:13:55,22.44,528.3,69.2,32.4,8.39,17.79,10.73,13.6,51.48
2026-07-13 16:24:37,23.55,438.4,73.07,22.8,8.95,17.83,8.47,1.78,53.58
2026-07-13 16:34:28,23.16,455.3,60.33,18.0,10.07,28.37,12.26,10.58,53.23
2026-07-13 16:43:44,23.22,423.7,76.12,30.8,10.86,21.51,10.45,0.09,50.41
2026-07-13 16:54:49,23.23,477.5,62.41,39.4,12.49,20.88,13.99,5.82,48.02
2026-07-13 17:07:49,23.22,506.2,54.66,8.7,8.22,26.48,8.51,5.38,50.0
2026-07-13 17:19:03,22.25,444.0,56.04,36.6,11.6,32.83,12.06,2.82,50.79
2026-07-13 17:26:39,23.25,460.7,59.97,32.4,17.42,17.29,8.98,2.53,51.06
2026-07-13 17:40:43,22.32,431.1,53.26,9.0,12.81,22.2,12.69,3.43,53.86
2026-07-13 17:49:43,21.74,434.5,55.68,17.8,5.02,21.97,11.63,2.05,52.51
2026-07-13 18:03:52,22.51,337.4,58.79,19.8,2.83,12.64,11.21,1.21,46.22
2026-07-13 18:14:33,22.77,359.9,40.68,35.1,6.92,28.05,8.51,2.2,48.34
2026-07-13 18:29:19,23.11,374.1,57.4,22.6,8.69,25.09,13.71,1.12,47.34
2026-07-13 18:42:06,21.53,340.0,70.84,16.2,12.28,30.89,10.35,1.26,47.65
2026-07-13 18:56:18,20.29,320.3,66.97,38.8,5.92,30.1,10.68,2.73,43.61
2026-07-13 19:11:06,20.9,390.6,49.15,24.1,9.6,24.12,18.26,7.8,49.18
2026-07-13 19:16:26,20.38,308.9,77.55,12.2,11.59,29.91,16.11,0.25,47.05
2026-07-13 19:31:19,20.63,297.5,66.58,12.6,7.98,23.4,12.82,0.01,47.01
2026-07-13 19:40:01,20.55,279.3,65.24,10.9,8.79,18.07,6.85,4.1,45.62
2026-07-13 19:50:21,20.21,274.4,100.85,23.2,10.05,19.85,11.11,6.89,47.82
2026-07-13 20:04:09,20.32,333.6,81.73,13.1,10.28,22.8,14.86,1.74,46.82
2026-07-13 20:10:00,19.88,264.7,90.03,30.5,7.95,27.08,19.38,4.09,47.19
2026-07-13 20:21:35,20.36,210.7,85.62,20.2,5.95,25.44,20.36,5.27,43.53
2026-07-13 20:29:03,20.1,223.8,82.99,34.9,9.45,31.4,13.17,5.45,48.64
2026-07-13 20:43:24,19.62,312.2,78.93,39.4,12.74,17.93,12.38,1.43,46.75
2026-07-13 20:52:53,19.54,212.4,94.24,10.0,9.68,24.53,17.24,7.9,47.51
2026-07-13 21:01:58,19.92,171.5,109.38,14.4,7.96,29.76,13.9,2.71,48.16
2026-07-13 21:07:58,19.8,240.0,92.4,39.5,10.68,27.49,15.44,5.47,44.53
2026-07-13 21:18:14,18.92,151.7,90.82,24.6,8.13,32.03,21.57,1.28,46.04
2026-07-13 21:28:57,20.19,188.6,94.45,39.3,9.51,23.37,10.36,1.79,45.06
2026-07-13 21:43:44,19.97,177.3,94.12,6.8,13.14,24.57,18.56,4.39,43.32
2026-07-13 21:50:16,18.45,173.9,115.98,28.2,7.43,18.96,15.98,8.08,43.07
2026-07-13 22:02:55,18.75,190.5,123.09,16.8,10.08,26.56,13.28,2.52,44.75
2026-07-13 22:17:04,18.57,182.2,111.7,26.1,10.68,30.05,15.72,2.29,46.81
2026-07-13 22:28:29,20.24,227.0,92.53,33.0,14.91,25.78,16.28,0.82,46.85
2026-07-13 22:41:12,19.1,143.1,110.33,8.5,9.34,26.19,12.41,0.49,46.86
2026-07-13 22:54:41,19.58,164.9,109.5,16.9,9.78,23.38,16.31,1.27,46.07
2026-07-13 22:59:45,18.67,180.7,109.2,14.2,10.74,27.96,17.02,10.13,46.58
2026-07-13 23:07:14,18.56,171.2,106.73,34.9,8.03,21.37,9.59,0.24,43.91
2026-07-13 23:21:38,19.38,161.9,108.97,6.4,15.35,23.97,13.8,8.67,43.55
2026-07-13 23:31:32,19.48,169.6,112.4,14.4,10.89,15.76,16.94,7.54,46.34
2026-07-13 23:37:45,18.69,164.2,100.27,26.0,9.2,27.31,17.5,4.79,44.18
2026-07-13 23:44:23,17.87,193.0,112.08,36.6,8.02,21.72,14.94,1.87,45.9
2026-07-13 23:51:38,18.48,96.8,112.74,30.2,10.61,26.0,19.77,0.83,45.25
2026-07-13 23:57:21,19.21,149.5,99.15,15.1,12.32,26.11,12.47,3.08,43.56
2026-07-14 00:04:18,19.53,177.1,108.78,14.9,11.35,26.29,13.57,0.99,47.52
2026-07-14 00:15:54,18.59,173.2,113.71,12.0,8.53,29.42,17.14,2.2,41.93
2026-07-14 00:24:04,18.98,181.4,118.38,16.6,11.95,29.47,15.86,1.39,44.54
2026-07-14 00:33:07,18.64,137.9,119.68,16.0,11.17,35.48,15.41,2.2,44.02
2026-07-14 00:38:14,18.08,150.6,99.34,22.1,9.8,25.17,13.45,0.37,44.27
2026-07-14 00:48:12,19.4,207.0,116.94,35.4,11.6,17.59,10.76,17.85,41.77
2026-07-14 00:58:09,19.76,148.3,104.84,29.4,10.49,32.0,11.62,6.62,45.98
2026-07-14 01:09:35,18.74,95.7,114.47,21.6,7.73,30.07,16.49,1.76,44.86
2026-07-14 01:15:19,19.35,165.2,106.37,14.5,8.13,27.39,14.99,4.95,40.82
2026-07-14 01:30:13,18.9,133.2,100.47,6.2,9.26,32.84,17.89,11.82,43.7
2026-07-14 01:38:43,19.65,129.5,104.11,8.4,8.47,22.98,12.04,1.42,45.74
2026-07-14 01:45:58,19.64,182.3,104.46,29.8,12.61,22.13,17.5,3.13,44.72
2026-07-14 01:51:50,19.32,214.9,83.67,9.2,10.31,21.12,10.84,5.11,45.35
2026-07-14 02:02:35,19.95,235.2,127.72,14.4,10.53,33.56,17.79,2.09,43.97
2026-07-14 02:14:13,18.83,157.0,95.21,33.2,14.39,16.45,11.41,3.18,43.14
2026-07-14 02:28:53,18.69,226.4,88.42,8.8,9.29,21.08,18.0,0.19,43.36
2026-07-14 02:35:21,19.3,207.6,70.63,32.1,10.35,33.47,16.25,2.13,45.61
2026-07-14 02:43:41,19.12,260.7,103.88,31.9,11.47,27.96,20.9,0.38,39.93
2026-07-14 02:54:54,18.96,195.3,103.63,6.0,5.57,19.49,14.8,2.16,45.06
2026-07-14 03:08:16,19.81,194.9,109.1,34.0,7.35,29.47,14.53,1.13,47.12
2026-07-14 03:19:14,19.59,214.7,71.99,39.7,10.23,24.56,14.83,0.06,47.38
2026-07-14 03:24:57,19.41,238.7,74.79,30.2,11.97,18.73,16.63,8.54,43.36
2026-07-14 03:31:56,20.63,310.7,83.75,28.0,11.3,16.01,19.71,3.59,47.39
2026-07-14 03:41:46,20.83,226.3,97.67,37.9,10.68,26.77,22.5,4.43,48.05
2026-07-14 03:48:52,20.53,219.7,74.68,7.4,9.07,25.32,15.72,5.86,47.75
2026-07-14 03:54:17,20.13,242.8,70.54,28.4,14.79,22.96,10.86,8.67,48.95
2026-07-14 04:02:16,19.82,320.4,87.11,21.2,8.85,19.38,16.35,4.14,46.42
2026-07-14 04:09:06,19.95,307.7,75.91,15.7,3.46,30.72,15.82,1.13,46.09
2026-07-14 04:17:02,21.31,254.3,87.44,29.0,15.52,24.45,17.21,8.46,48.9
2026-07-14 04:32:00,21.62,243.9,67.46,37.5,11.64,30.86,6.95,5.44,48.7
2026-07-14 04:39:45,20.19,325.3,57.33,17.3,12.69,26.42,9.1,10.57,49.44
2026-07-14 04:49:14,21.0,296.2,58.93,9.2,10.48,26.67,16.43,6.49,48.0
2026-07-14 04:59:44,21.76,371.9,64.34,26.3,3.9,35.31,20.34,14.51,47.13
2026-07-14 05:04:44,21.03,320.7,55.12,26.2,9.33,17.96,11.41,0.98,48.88
2026-07-14 05:12:27,21.48,367.7,65.7,29.4,12.46,21.7,13.0,8.3,48.22
2026-07-14 05:21:46,21.66,367.7,48.53,11.6,11.91,19.86,19.4,1.2,52.0
2026-07-14 05:31:12,22.01,348.9,58.52,16.2,8.75,26.66,16.9,3.25,46.18
2026-07-14 05:45:47,21.85,411.0,48.78,11.0,12.75,29.93,19.52,7.47,51.08
2026-07-14 05:54:57,21.82,379.0,51.44,24.5,5.17,30.61,12.19,2.3,48.96
2026-07-14 06:01:14,21.39,412.6,52.92,25.3,11.35,31.24,17.86,3.57,47.64
2026-07-14 06:08:29,23.1,418.8,39.62,14.7,8.96,15.52,10.28,5.23,52.61
2026-07-14 06:23:21,21.78,495.2,51.9,21.9,6.72,26.14,13.66,1.79,51.53
2026-07-14 06:37:35,22.6,430.5,67.69,16.2,7.92,29.79,14.49,2.01,50.25
2026-07-14 06:51:26,22.07,500.5,79.93,10.5,16.11,20.58,11.73,6.6,52.34
2026-07-14 07:03:21,23.43,485.2,57.62,17.3,4.61,30.11,14.89,0.53,52.96
2026-07-14 07:13:03,21.92,461.1,75.77,33.2,2.06,20.69,14.18,2.55,51.96
2026-07-14 07:21:16,22.68,521.2,64.07,14.5,10.34,23.33,14.85,0.79,51.73
2026-07-14 07:34:02,22.37,499.8,60.16,17.2,10.68,26.55,13.08,12.68,56.29
2026-07-14 07:45:07,23.34,517.1,65.25,35.7,6.91,20.46,20.3,1.2,51.57
2026-07-14 07:57:59,24.01,565.5,74.1,20.7,8.38,28.29,14.2,1.83,50.1
2026-07-14 08:09:17,23.59,549.5,87.26,22.5,11.55,21.67,14.1,0.49,53.69
2026-07-14 08:24:04,24.27,536.7,96.44,10.6,4.83,28.62,21.98,2.03,52.6
2026-07-14 08:35:57,24.34,584.7,106.37,38.7,11.33,21.0,14.98,6.18,55.74
2026-07-14 08:49:29,24.37,600.1,89.53,34.3,9.89,29.7,17.17,5.49,54.29
2026-07-14 09:04:14,24.65,630.0,81.53,33.1,15.07,20.75,14.65,6.38,57.35
2026-07-14 09:10:07,24.37,580.0,100.11,23.4,3.38,26.62,14.88,4.31,54.57
2026-07-14 09:22:04,24.08,591.1,101.27,14.1,10.1,22.89,18.89,0.9,58.59
2026-07-14 09:36:41,24.04,568.4,90.61,6.5,11.74,20.82,12.33,5.46,57.64
2026-07-14 09:43:21,24.9,618.3,95.24,11.7,8.53,20.25,10.41,0.76,57.74
2026-07-14 09:53:44,23.91,664.1,102.18,36.7,8.93,21.62,7.23,4.01,52.55
2026-07-14 10:02:12,24.87,584.8,88.25,24.2,5.71,21.87,18.16,4.49,58.46
2026-07-14 10:09:53,25.1,660.7,112.44,8.6,6.73,23.66,20.09,12.07,55.19
2026-07-14 10:18:43,24.95,619.3,104.9,7.9,13.07,13.31,13.6,4.3,53.53
2026-07-14 10:33:26,24.88,637.1,112.03,10.4,7.55,32.8,10.81,8.6,57.72
2026-07-14 10:38:48,24.91,638.1,102.54,26.7,7.45,24.84,13.05,3.5,58.22
2026-07-14 10:51:57,25.35,621.8,101.79,7.6,11.9,19.62,13.82,14.03,54.51
2026-07-14 11:02:32,24.68,585.2,121.84,16.4,8.91,23.56,6.33,5.92,58.32
2026-07-14 11:11:04,23.45,588.2,115.01,10.2,9.59,30.51,18.82,11.15,56.44
2026-07-14 11:16:05,25.05,629.1,113.89,8.6,4.96,30.89,15.92,1.34,51.74
2026-07-14 11:24:33,25.12,657.9,108.92,9.4,9.54,32.52,9.45,12.7,52.16
2026-07-14 11:36:58,25.72,626.4,110.28,13.5,10.08,24.3,16.93,9.01,57.12
2026-07-14 11:49:15,25.01,616.8,110.48,33.0,13.15,27.2,10.82,0.15,56.39
2026-07-14 12:02:20,24.31,635.0,95.57,27.2,7.88,19.34,9.42,12.04,55.37
2026-07-14 12:10:32,24.55,653.2,106.74,23.9,10.18,32.14,9.39,3.34,56.37
2026-07-14 12:23:54,25.09,627.8,104.62,15.2,9.77,24.06,18.07,10.71,53.28
2026-07-14 12:31:30,24.84,646.3,102.47,31.4,4.91,23.72,10.45,12.46,55.48
2026-07-14 12:43:41,25.49,663.0,107.49,11.4,6.45,33.56,8.27,22.45,57.3
2026-07-14 12:54:52,24.63,622.1,123.83,20.2,19.54,23.63,8.4,6.25,54.3
2026-07-14 13:06:34,24.66,645.2,119.23,8.6,4.93,22.18,12.4,2.4,55.66
2026-07-14 13:14:03,25.11,669.3,116.4,24.2,14.92,24.07,15.37,10.8,55.65
2026-07-14 13:25:43,24.65,649.6,124.46,17.3,14.43,20.57,15.58,4.61,58.0
2026-07-14 13:39:56,24.56,612.5,113.71,25.3,11.53,25.79,16.52,1.06,55.46
2026-07-14 13:45:24,25.47,610.1,94.76,33.5,20.08,23.24,19.57,0.03,55.43
2026-07-14 13:55:19,23.58,586.2,113.17,28.1,7.77,18.15,10.5,2.55,55.7
2026-07-14 14:05:03,24.02,558.4,100.85,19.5,10.26,21.34,21.7,12.15,53.66
2026-07-14 14:10:33,24.1,634.4,106.23,30.9,6.59,24.47,17.41,11.52,53.49
2026-07-14 14:15:40,24.27,618.8,118.14,11.6,12.61,25.96,18.04,4.36,55.67
2026-07-14 14:23:08,24.63,639.0,111.5,37.3,13.17,30.46,18.15,3.44,53.23
2026-07-14 14:36:25,24.96,640.4,94.05,20.0,7.71,27.71,7.45,2.04,51.72
2026-07-14 14:41:33,24.47,585.3,97.44,36.7,16.19,27.47,17.4,2.72,53.44
2026-07-14 14:49:39,23.3,585.4,83.51,38.6,14.57,26.93,20.57,0.95,51.94
2026-07-14 15:03:35,23.67,539.5,94.47,7.2,10.94,26.61,10.28,4.87,53.68
2026-07-14 15:09:45,23.21,526.9,106.55,28.6,9.7,15.25,14.07,8.6,55.06
2026-07-14 15:17:31,24.23,564.3,89.04,19.8,2.71,25.27,10.31,8.48,55.46
2026-07-14 15:22:42,24.09,563.7,82.46,39.7,10.43,25.55,11.04,18.25,53.37
2026-07-14 15:35:19,24.28,552.5,87.32,25.4,4.8,24.44,22.52,0.14,54.51
2026-07-14 15:46:21,23.09,526.6,83.0,29.7,7.81,36.76,13.7,12.49,50.37
2026-07-14 15:59:15,23.92,546.5,74.96,5.8,14.42,26.3,15.64,3.65,53.73
2026-07-14 16:09:42,23.37,489.3,69.5,20.6,10.52,21.86,15.19,4.66,51.17
2026-07-14 16:16:29,22.22,514.3,91.05,38.7,10.3,23.65,20.65,5.46,52.51
2026-07-14 16:29:32,23.96,487.3,78.14,6.5,6.1,32.74,16.13,2.51,50.75
2026-07-14 16:34:46,23.74,504.9,75.91,16.8,10.98,20.84,20.72,4.23,54.34
2026-07-14 16:41:51,23.61,487.8,34.27,29.0,11.51,27.62,19.07,9.85,51.51
2026-07-14 16:50:41,22.81,457.3,76.42,32.3,11.49,22.81,8.03,4.58,52.06
2026-07-14 17:03:22,21.55,414.3,59.46,36.7,11.55,19.79,10.75,2.32,51.8
2026-07-14 17:16:03,23.11,459.5,57.56,32.6,10.26,23.36,13.96,17.7,51.51
2026-07-14 17:28:26,22.96,421.7,53.89,14.7,9.16,25.21,11.58,1.92,52.87
2026-07-14 17:33:50,22.32,397.5,38.29,27.6,9.65,27.36,7.73,1.26,52.63
2026-07-14 17:43:58,22.64,403.9,43.64,39.1,7.13,17.75,14.84,4.92,49.88
2026-07-14 17:58:07,22.16,375.5,41.8,16.6,10.26,27.28,19.86,7.29,48.33
2026-07-14 18:08:34,21.79,366.4,38.53,6.2,14.56,19.52,9.5,4.38,47.77
2026-07-14 18:17:33,21.07,396.6,53.43,19.4,10.69,15.36,14.19,11.34,55.04
2026-07-14 18:32:02,21.66,361.2,32.68,7.6,7.96,29.37,13.58,5.8,48.1
2026-07-14 18:43:19,21.01,392.6,55.95,12.7,12.22,23.27,17.95,7.12,52.17
2026-07-14 18:55:15,21.48,384.0,56.56,28.7,5.53,27.11,10.12,17.89,48.52
2026-07-14 19:00:28,20.35,305.7,52.38,9.7,4.96,27.33,14.69,12.95,48.31
2026-07-14 19:09:55,20.56,357.2,79.2,37.4,14.99,26.14,12.5,0.35,51.36
2026-07-14 19:20:19,21.19,331.0,58.03,17.8,12.63,17.33,15.32,11.15,47.07
2026-07-14 19:26:50,22.08,357.7,74.21,15.9,6.9,27.53,11.94,1.6,47.59
2026-07-14 19:35:03,21.04,299.5,69.27,38.6,15.39,28.6,16.13,3.98,46.61
2026-07-14 19:46:08,20.71,307.8,77.26,21.2,10.39,21.43,17.46,0.24,49.18
2026-07-14 19:54:31,20.48,309.9,79.17,13.5,9.29,23.27,18.63,2.75,41.04
2026-07-14 20:09:13,20.11,302.9,71.66,14.0,11.7,18.01,15.17,0.29,43.94
2026-07-14 20:18:02,20.41,243.5,101.9,20.5,9.41,18.2,11.31,13.55,45.21
2026-07-14 20:29:58,20.01,264.4,81.35,21.3,9.25,30.99,22.38,1.06,49.24
2026-07-14 20:42:03,20.49,261.6,96.39,13.7,9.68,29.43,6.68,5.85,46.46
2026-07-14 20:49:07,19.78,242.8,84.48,17.9,14.83,29.47,17.81,1.39,46.49
2026-07-14 20:56:09,19.94,209.5,90.91,36.1,8.28,26.94,10.78,0.14,47.84
2026-07-14 21:03:31,18.64,220.4,86.61,9.8,13.65,28.93,16.16,8.62,46.55
2026-07-14 21:15:44,19.71,262.2,109.49,36.5,13.73,24.24,14.27,0.06,48.1
2026-07-14 21:22:03,20.18,202.9,90.84,32.4,8.99,27.02,20.34,1.54,46.74
2026-07-14 21:27:37,19.33,186.4,110.2,38.1,8.08,24.95,11.18,1.12,45.18
2026-07-14 21:34:31,19.86,209.4,93.24,34.1,13.54,29.8,12.26,6.28,42.75
2026-07-14 21:49:22,19.17,243.5,87.17,23.7,12.42,27.65,12.12,1.18,45.51
2026-07-14 21:57:22,17.73,161.2,125.9,19.1,12.99,30.13,11.65,1.57,46.66
2026-07-14 22:10:52,18.64,151.3,88.77,11.4,3.45,26.18,17.46,4.05,41.56
2026-07-14 22:20:54,18.76,136.5,103.3,38.2,9.65,17.99,16.74,3.65,43.7
2026-07-14 22:30:58,18.64,237.0,102.38,22.4,10.02,23.91,13.52,5.79,47.34
2026-07-14 22:36:30,18.62,186.1,97.18,32.6,12.91,15.1,12.96,6.04,45.66
2026-07-14 22:49:11,18.57,173.1,102.32,24.8,16.42,24.39,20.3,0.17,41.03
2026-07-14 22:58:30,19.51,172.5,108.22,24.9,14.78,16.91,11.12,0.67,45.82
2026-07-14 23:03:56,19.06,134.3,114.38,22.4,4.93,17.71,11.1,8.45,40.19
2026-07-14 23:16:08,18.64,193.4,98.0,18.3,8.57,23.64,22.67,0.12,44.65
2026-07-14 23:27:11,19.29,186.2,112.81,11.9,7.39,22.98,15.7,2.85,38.52
2026-07-14 23:37:01,18.33,194.8,95.16,9.9,8.46,22.18,20.05,2.53,44.53
2026-07-14 23:51:42,19.49,193.8,113.62,21.7,9.12,27.29,20.8,7.43,44.39
2026-07-15 00:02:40,19.47,147.1,104.16,28.8,8.6,18.8,15.12,3.55,46.84
2026-07-15 00:08:05,17.81,146.0,120.23,25.1,8.73,31.37,22.53,2.79,44.54
2026-07-15 00:19:52,18.44,193.8,102.86,30.4,7.23,32.67,9.74,2.19,41.99
2026-07-15 00:26:03,18.33,121.2,107.44,11.1,3.91,23.75,8.65,3.4,46.16
2026-07-15 00:38:02,18.5,198.5,95.56,20.4,11.7,27.23,20.45,1.64,40.33
2026-07-15 00:43:58,19.4,167.3,118.72,28.3,9.34,28.4,17.88,3.1,45.49
2026-07-15 00:57:21,18.9,211.0,110.97,39.2,8.8,36.15,13.03,0.42,45.82
2026-07-15 01:10:35,18.8,164.1,111.72,5.6,10.74,27.7,15.09,10.18,46.44
2026-07-15 01:21:52,19.77,192.8,115.98,27.7,8.83,20.9,10.59,13.45,47.16
2026-07-15 01:36:40,20.46,170.4,83.17,19.7,12.46,21.04,15.37,1.16,45.29
2026-07-15 01:50:19,20.09,197.4,119.56,33.7,13.31,24.82,14.75,2.9,43.62
2026-07-15 01:56:06,20.04,180.7,104.1,7.8,6.09,27.44,14.48,0.06,43.07
2026-07-15 02:03:06,19.82,194.2,97.82,11.8,8.42,22.26,19.86,15.67,44.79
2026-07-15 02:16:40,18.72,178.8,122.22,17.0,8.77,26.33,13.93,11.64,44.06
2026-07-15 02:23:07,19.6,224.0,99.74,24.6,8.97,24.33,14.05,8.3,45.27
2026-07-15 02:32:01,19.8,210.1,83.52,21.3,5.99,31.37,7.99,0.56,46.83
2026-07-15 02:38:01,20.1,240.4,118.95,37.9,9.82,18.97,25.52,0.87,47.14
2026-07-15 02:46:22,19.48,178.7,108.59,34.0,9.94,22.99,10.39,2.65,45.5
2026-07-15 02:54:08,19.81,241.9,95.59,6.0,8.08,20.28,21.63,0.65,42.18
2026-07-15 03:02:31,19.18,206.4,90.9,25.9,11.86,22.25,12.23,2.67,47.22
2026-07-15 03:07:59,20.03,259.4,95.18,26.7,10.78,18.13,13.28,0.61,41.13
2026-07-15 03:14:37,19.45,281.6,95.71,5.5,10.34,30.62,13.09,0.29,45.88
2026-07-15 03:23:36,20.12,192.1,73.47,21.3,17.44,25.92,14.8,1.25,45.19
2026-07-15 03:30:28,20.71,258.8,79.12,27.7,7.77,16.32,14.31,1.96,45.6
2026-07-15 03:36:40,19.82,298.8,84.51,25.1,12.22,27.59,12.83,2.88,50.07
2026-07-15 03:47:36,20.76,251.0,72.07,9.5,6.87,27.32,18.81,2.07,45.71
2026-07-15 03:56:38,20.39,278.1,75.56,15.8,12.1,24.28,8.57,1.96,45.79
2026-07-15 04:04:35,21.74,304.9,78.5,8.7,13.03,27.78,12.83,1.07,45.94
2026-07-15 04:14:08,21.63,333.8,59.94,8.7,11.44,13.98,13.17,2.98,43.25
2026-07-15 04:25:59,21.32,297.0,84.26,35.7,7.63,19.77,17.32,8.98,51.52
2026-07-15 04:40:51,20.56,352.9,66.48,20.6,4.52,16.36,18.44,8.33,48.98
2026-07-15 04:47:19,20.4,341.5,76.98,8.2,9.66,21.53,15.95,4.33,44.01
2026-07-15 04:55:27,20.91,339.9,77.86,7.5,12.1,30.52,16.39,6.75,47.66
2026-07-15 05:06:28,20.84,379.0,58.41,36.3,9.77,39.59,13.69,2.89,50.75
2026-07-15 05:16:10,21.48,345.1,72.52,25.6,9.14,26.21,10.65,2.5,48.73
2026-07-15 05:21:14,20.21,317.3,77.62,9.9,6.19,37.63,18.3,7.51,51.86
2026-07-15 05:31:01,21.44,386.5,55.7,38.3,15.06,23.05,17.81,11.08,50.53
2026-07-15 05:38:44,23.21,371.5,60.03,5.9,11.87,26.05,10.65,3.53,46.3
2026-07-15 05:50:51,21.46,406.0,57.45,29.7,12.16,32.86,14.66,3.88,49.9
2026-07-15 05:58:49,21.97,396.7,66.03,33.4,5.19,26.68,20.66,0.24,50.43
2026-07-15 06:11:05,22.11,430.9,48.3,33.7,15.51,23.58,10.16,0.67,51.92
2026-07-15 06:25:40,21.8,423.0,63.79,36.2,9.08,17.07,10.26,10.04,51.85
2026-07-15 06:31:14,21.53,467.1,60.12,6.5,13.39,26.6,16.7,1.63,50.47
2026-07-15 06:41:33,22.6,503.4,63.85,14.7,10.19,18.21,11.49,5.4,55.28
2026-07-15 06:55:28,22.66,450.8,73.94,20.3,7.72,18.98,17.26,3.5,49.82
2026-07-15 07:08:11,22.72,439.4,82.94,36.2,5.38,22.65,8.07,8.93,51.65
2026-07-15 07:22:23,22.67,459.1,79.38,20.0,7.54,24.39,10.44,0.35,51.53
2026-07-15 07:36:20,23.51,528.9,84.8,13.8,7.16,23.97,9.62,3.47,53.07
2026-07-15 07:42:08,23.59,501.3,88.84,7.9,11.08,27.87,16.57,8.99,56.54
2026-07-15 07:54:38,22.48,505.8,83.09,24.7,9.25,30.5,15.66,8.64,54.13
2026-07-15 08:02:32,24.81,520.0,79.46,30.1,12.2,23.76,15.8,12.86,51.0
2026-07-15 08:14:59,23.18,535.5,86.8,30.7,7.92,17.48,16.36,2.48,52.71
2026-07-15 08:28:13,24.3,526.0,82.26,8.0,13.71,29.42,14.72,5.29,51.69
2026-07-15 08:38:56,23.03,555.5,82.74,33.5,7.15,33.38,11.96,6.36,50.84
2026-07-15 08:51:14,24.69,533.1,91.94,24.7,12.49,29.18,14.71,5.12,52.25
2026-07-15 09:02:00,23.77,557.8,109.5,7.5,5.32,22.3,17.49,4.88,51.84
2026-07-15 09:11:13,24.15,548.2,87.89,39.9,7.52,25.84,14.61,2.82,55.63
2026-07-15 09:24:08,24.09,551.3,92.96,26.3,7.1,19.87,12.22,7.65,54.94
2026-07-15 09:37:11,25.04,600.1,90.86,7.2,10.51,22.39,6.26,1.13,57.46
2026-07-15 09:52:09,24.83,607.7,106.04,6.9,8.28,31.54,18.27,43.24,55.72
2026-07-15 09:58:29,24.25,634.3,82.46,8.8,14.61,31.52,14.93,2.18,55.58
2026-07-15 10:07:33,24.2,611.1,94.17,9.7,9.62,24.29,17.24,2.49,54.39
2026-07-15 10:15:02,25.03,587.0,109.62,13.9,2.86,28.47,15.38,3.02,56.14
2026-07-15 10:27:04,24.19,604.1,98.65,37.4,7.32,22.53,12.03,17.35,59.77
2026-07-15 10:37:50,24.5,568.6,114.58,28.0,11.66,34.18,13.76,6.2,53.07
2026-07-15 10:52:03,24.85,597.4,107.35,23.7,13.35,32.61,22.45,2.45,56.72
2026-07-15 11:00:41,24.97,602.0,99.22,8.9,12.14,17.68,20.48,13.61,58.67
2026-07-15 11:15:27,24.75,667.1,107.11,11.9,8.26,27.42,9.25,3.85,57.47
2026-07-15 11:21:50,25.42,626.9,112.94,38.8,6.91,26.41,7.98,10.88,54.41
2026-07-15 11:30:40,25.85,654.5,124.07,37.6,10.11,30.35,9.05,4.67,59.23
2026-07-15 11:43:04,25.31,596.3,96.34,30.9,13.75,17.82,18.79,3.03,60.59
2026-07-15 11:51:05,25.21,649.1,112.86,27.3,4.67,18.63,12.52,11.47,55.76
2026-07-15 11:57:23,24.51,665.4,93.68,30.3,8.35,26.58,18.88,2.77,56.44
2026-07-15 12:07:15,25.18,691.9,86.62,17.3,4.8,20.92,14.55,6.58,54.68
2026-07-15 12:17:48,25.29,633.3,105.95,14.7,10.4,32.15,11.24,4.52,60.41
2026-07-15 12:27:17,24.58,634.2,99.68,7.1,4.38,29.58,11.73,1.05,56.56
2026-07-15 12:34:27,24.92,636.4,111.02,38.4,6.03,20.18,15.05,0.28,57.21
2026-07-15 12:43:19,23.92,599.8,92.7,5.9,7.89,24.96,15.35,13.15,56.03
2026-07-15 12:52:20,25.03,609.2,100.78,8.4,7.94,23.71,12.1,13.96,58.54
2026-07-15 13:00:39,25.59,675.8,93.78,22.1,10.68,22.64,17.44,2.54,53.79
2026-07-15 13:13:46,25.06,606.7,108.06,16.2,8.67,24.16,13.23,11.99,55.88
2026-07-15 13:22:42,24.61,632.7,112.04,12.6,8.57,26.13,8.45,0.68,55.39
2026-07-15 13:28:07,25.34,638.1,107.35,7.4,14.01,27.59,15.81,9.62,57.04
2026-07-15 13:37:05,24.31,589.4,94.28,34.9,11.32,18.32,13.64,10.83,51.26
2026-07-15 13:46:25,24.66,627.8,93.23,12.5,12.9,20.72,17.66,4.63,53.0
2026-07-15 13:51:30,25.18,621.2,113.43,10.2,12.63,18.69,16.94,4.19,55.72
2026-07-15 13:56:56,24.2,603.6,98.75,15.1,12.23,33.01,23.03,1.03,57.78
2026-07-15 14:09:15,24.95,653.9,95.39,30.3,4.31,24.02,16.54,0.02,54.83
2026-07-15 14:23:07,24.81,546.6,111.35,18.7,9.49,28.33,18.71,8.26,57.8
2026-07-15 14:29:00,24.2,597.5,106.96,39.3,13.67,23.14,9.55,3.11,57.41
2026-07-15 14:40:20,25.21,613.0,93.31,22.5,8.59,30.05,20.38,11.64,55.41
2026-07-15 14:47:59,25.23,546.5,89.9,7.0,13.12,27.79,13.7,6.94,54.54
2026-07-15 14:53:04,24.27,520.1,82.44,28.3,11.95,38.22,11.46,2.76,57.08
2026-07-15 15:03:31,25.21,549.1,97.98,17.9,8.38,20.12,17.37,4.02,53.38
2026-07-15 15:09:44,24.56,587.3,92.16,33.1,8.63,22.32,13.24,2.18,50.48
2026-07-15 15:23:19,24.1,502.6,70.89,15.0,13.11,25.8,13.68,1.76,52.66
2026-07-15 15:34:11,23.96,561.6,91.66,12.1,14.97,23.57,16.98,0.57,51.38
2026-07-15 15:45:07,23.46,440.4,71.44,17.6,12.74,26.93,11.55,4.34,52.37
2026-07-15 16:00:00,23.96,586.6,85.96,37.3,11.88,23.23,16.28,0.83,56.24
2026-07-15 16:05:35,22.99,502.7,77.8,9.9,12.29,27.95,15.13,17.66,53.5
2026-07-15 16:18:00,23.45,500.6,85.12,37.1,6.18,17.87,16.84,1.31,55.29
2026-07-15 16:29:23,23.04,498.3,78.25,20.0,10.71,25.72,17.49,9.36,53.09
2026-07-15 16:35:49,23.14,491.3,66.12,25.7,10.34,25.7,15.69,7.08,50.31
2026-07-15 16:42:10,22.48,557.3,72.14,26.3,11.61,23.55,16.25,22.66,49.67
2026-07-15 16:53:15,21.85,410.8,58.47,24.5,15.36,26.45,12.37,8.3,49.07
2026-07-15 17:01:38,22.82,470.6,53.35,12.4,8.94,29.17,14.97,3.45,48.83
2026-07-15 17:13:32,22.79,527.2,70.75,22.7,8.87,29.68,18.86,1.85,50.98
2026-07-15 17:26:12,21.95,423.4,58.47,38.9,9.73,22.71,12.95,2.63,52.53
2026-07-15 17:35:48,22.96,396.2,69.24,23.5,9.03,27.71,15.98,4.23,48.6
2026-07-15 17:44:31,22.34,388.6,36.33,12.4,7.66,27.37,13.85,2.97,51.33
2026-07-15 17:54:11,21.55,389.0,45.29,34.0,6.81,28.24,13.73,3.21,47.07
2026-07-15 18:05:10,22.65,410.1,44.91,28.5,10.4,25.4,20.69,10.41,51.92
2026-07-15 18:12:28,21.77,409.5,58.88,37.8,8.55,32.71,11.2,19.64,51.33
2026-07-15 18:18:36,22.11,359.2,42.09,31.5,9.95,24.82,8.83,15.59,52.12
2026-07-15 18:30:05,21.36,407.6,81.2,26.1,16.27,24.01,15.15,7.96,46.2
2026-07-15 18:36:57,20.89,309.3,51.65,20.0,12.8,23.62,10.99,0.45,48.27
2026-07-15 18:45:53,21.07,401.1,39.74,13.0,6.63,16.64,10.18,0.65,48.14
2026-07-15 18:51:22,21.05,337.7,50.22,33.2,10.77,19.6,9.41,1.14,51.33
2026-07-15 19:03:32,21.04,344.1,52.49,26.3,10.46,22.95,13.92,13.32,47.33
2026-07-15 19:12:51,21.56,331.0,82.56,11.3,12.89,27.88,15.09,4.34,47.23
2026-07-15 19:19:10,21.25,339.0,67.03,33.9,7.03,19.23,13.57,0.02,46.48
2026-07-15 19:33:51,20.62,301.2,67.34,9.3,10.18,20.64,12.63,1.04,48.27
2026-07-15 19:42:20,20.43,293.4,77.4,34.7,10.14,32.37,9.53,2.54,48.18
2026-07-15 19:55:29,19.88,263.7,79.93,8.7,10.02,9.83,8.15,6.91,48.97
2026-07-15 20:05:25,20.3,233.7,102.27,12.4,10.35,13.19,17.89,1.49,44.9
2026-07-15 20:13:22,20.55,327.2,92.55,18.0,8.15,28.67,16.44,3.39,45.8
2026-07-15 20:21:35,20.37,220.4,87.67,36.4,8.79,19.9,16.47,17.11,47.36
2026-07-15 20:34:42,20.93,218.4,100.55,28.0,11.38,24.35,10.18,9.87,43.17
2026-07-15 20:49:30,19.76,228.9,105.81,27.5,10.88,28.05,19.49,0.06,47.9
2026-07-15 21:00:25,19.4,259.1,90.88,29.4,8.18,22.38,14.37,6.66,43.9
2026-07-15 21:06:47,20.46,204.7,99.81,27.9,11.73,25.8,15.34,3.15,46.54
2026-07-15 21:14:58,19.52,240.7,73.59,12.5,8.81,29.51,12.04,0.13,45.5
2026-07-15 21:27:27,19.44,197.8,98.73,33.1,13.36,24.55,17.37,6.68,43.11
2026-07-15 21:42:04,19.58,201.2,95.62,22.8,12.44,30.91,10.25,2.83,45.09
2026-07-15 21:49:53,19.57,217.9,112.61,15.5,4.59,25.95,17.56,9.73,44.47
2026-07-15 21:57:44,19.27,237.7,97.3,26.3,11.52,24.62,16.54,5.46,46.58
2026-07-15 22:06:02,19.44,173.5,113.82,22.6,11.28,28.55,18.93,1.32,43.79
2026-07-15 22:16:10,18.92,184.8,92.81,30.7,11.04,17.5,12.66,27.85,43.44
2026-07-15 22:22:25,18.87,151.3,88.69,16.9,7.36,24.73,14.9,3.44,44.3
2026-07-15 22:27:35,19.4,195.0,87.24,13.5,3.41,24.02,10.02,4.16,46.75
2026-07-15 22:38:11,19.71,188.5,103.31,17.6,11.48,26.57,16.42,2.79,43.02
2026-07-15 22:50:22,19.3,198.9,127.66,25.9,11.21,22.94,16.89,0.21,43.98
2026-07-15 23:01:19,19.27,121.4,111.08,14.6,15.14,22.27,14.14,5.52,42.02
2026-07-15 23:09:48,19.01,193.6,112.61,20.2,7.01,19.91,14.74,1.09,43.49
2026-07-15 23:18:18,18.8,215.2,104.08,34.0,5.83,27.37,20.61,3.92,44.55
2026-07-15 23:25:25,19.36,173.7,121.37,25.2,9.6,26.97,14.06,6.99,46.15
2026-07-15 23:39:17,18.24,145.4,118.54,32.9,7.37,28.1,19.33,2.06,42.5
2026-07-15 23:52:44,18.94,190.2,121.28,24.9,10.63,26.36,10.77,1.83,47.82
2026-07-16 00:05:21,19.49,183.1,101.81,32.9,11.19,27.08,15.1,6.09,44.18
2026-07-16 00:14:20,18.79,178.0,90.45,20.4,11.81,22.57,12.05,1.05,45.66
2026-07-16 00:23:24,19.57,137.1,120.31,29.1,6.42,23.78,8.42,2.24,42.83
2026-07-16 00:37:04,18.73,162.9,103.29,26.3,10.47,28.31,14.13,6.45,42.79
2026-07-16 00:48:02,18.06,152.7,104.41,36.5,15.42,26.72,15.22,5.48,46.49
2026-07-16 00:59:54,19.33,206.5,91.26,15.0,9.09,24.4,17.1,3.03,42.95
2026-07-16 01:06:24,18.94,164.8,97.68,28.7,11.51,27.71,20.75,2.69,45.77
2026-07-16 01:16:20,18.87,178.2,117.87,16.7,9.39,28.55,14.65,1.34,44.27
2026-07-16 01:26:17,19.24,163.1,109.55,34.8,8.33,26.74,14.82,1.52,45.11
2026-07-16 01:34:26,19.41,170.7,99.72,35.9,11.18,28.11,14.76,10.34,44.79
2026-07-16 01:43:30,19.6,209.8,94.68,11.4,10.59,29.66,18.15,2.26,44.92
2026-07-16 01:48:37,19.4,171.9,115.62,15.7,7.61,24.46,18.29,0.8,46.64
2026-07-16 02:03:19,19.68,190.0,114.6,15.3,6.88,22.65,13.36,0.42,48.15
2026-07-16 02:12:24,18.73,182.8,106.32,15.5,13.8,25.19,16.92,2.29,45.48
2026-07-16 02:25:31,19.79,236.9,97.02,31.3,8.83,22.6,14.96,0.98,47.14
2026-07-16 02:38:55,19.2,194.7,89.16,30.5,10.81,21.78,20.21,4.86,43.07
2026-07-16 02:47:00,19.66,224.5,81.83,9.1,10.01,25.32,7.89,1.51,46.32
2026-07-16 02:56:14,20.56,222.3,95.21,14.7,7.98,27.32,13.33,5.81,45.86
2026-07-16 03:05:43,20.38,172.6,95.99,11.0,9.11,27.95,20.7,0.48,47.33
2026-07-16 03:13:41,19.99,323.9,96.04,21.7,8.74,19.04,9.24,2.42,46.67
2026-07-16 03:27:19,20.44,304.4,92.57,7.5,9.64,30.15,9.17,4.46,47.75
2026-07-16 03:33:51,20.29,261.0,90.77,19.5,6.24,25.0,6.16,4.67,47.24
2026-07-16 03:43:04,20.12,271.8,80.94,37.0,6.19,20.53,18.54,2.76,47.04
2026-07-16 03:57:17,20.7,258.1,92.1,8.6,11.98,28.55,12.95,0.75,47.76
2026-07-16 04:02:27,20.51,345.1,85.55,31.7,13.29,38.16,19.67,4.85,51.0
2026-07-16 04:09:25,19.2,337.7,94.24,27.4,4.09,27.34,16.6,4.04,48.4
2026-07-16 04:22:25,20.5,289.2,62.85,9.9,13.25,26.27,11.91,4.64,48.71
2026-07-16 04:28:03,19.98,247.5,65.67,6.1,9.92,26.73,15.56,0.44,48.23
2026-07-16 04:38:05,20.72,282.4,79.99,12.8,7.75,25.28,19.97,0.35,44.19
2026-07-16 04:43:21,21.66,315.9,77.33,34.5,14.1,24.5,8.73,4.58,46.32
2026-07-16 04:52:06,21.24,298.2,69.51,36.3,13.74,20.33,13.1,1.3,47.47
2026-07-16 04:59:05,20.9,366.6,52.68,26.0,8.0,15.78,13.37,2.47,46.36
2026-07-16 05:04:08,21.5,339.4,60.01,17.9,10.47,28.91,14.13,0.02,47.72
2026-07-16 05:13:33,21.2,408.2,37.59,16.9,6.54,27.96,8.85,10.38,45.43
2026-07-16 05:25:20,21.38,335.5,48.84,38.7,9.53,25.39,12.96,1.84,48.16
2026-07-16 05:36:41,20.59,388.3,67.75,34.6,10.37,25.62,13.37,0.46,48.87
2026-07-16 05:42:35,22.24,366.0,46.35,34.3,9.69,27.28,21.94,9.64,50.04
2026-07-16 05:52:34,21.66,412.3,23.62,26.2,9.91,25.51,19.06,1.37,50.67
2026-07-16 05:58:30,22.31,399.8,67.73,31.7,12.53,23.49,17.84,2.7,47.07
2026-07-16 06:07:44,21.89,381.4,53.5,12.8,6.71,27.7,12.85,8.37,50.75
2026-07-16 06:16:12,21.76,432.0,51.41,7.7,11.29,28.94,17.09,1.72,48.11
2026-07-16 06:25:36,21.68,436.6,53.89,22.2,9.04,23.62,17.18,0.86,47.34
2026-07-16 06:31:13,22.51,467.3,50.46,24.7,10.63,9.48,13.88,7.72,51.86
2026-07-16 06:37:30,22.18,452.4,76.79,24.7,4.75,26.67,15.46,1.27,49.39
2026-07-16 06:45:04,22.54,437.2,63.04,14.2,13.3,28.47,16.83,0.77,51.69
2026-07-16 06:50:49,22.25,441.6,68.41,29.3,8.64,20.77,20.28,1.13,55.07
2026-07-16 06:58:16,22.39,444.1,70.35,10.6,9.75,26.87,17.91,0.92,53.07
2026-07-16 07:06:32,22.77,503.7,73.43,13.6,12.34,24.57,19.08,0.36,49.72
2026-07-16 07:15:57,22.61,483.4,74.45,11.3,7.94,28.12,9.0,5.38,49.65
2026-07-16 07:23:37,23.01,476.9,91.14,7.3,14.47,33.94,19.23,2.43,53.47
2026-07-16 07:35:42,23.19,522.2,58.27,13.1,7.1,24.86,14.04,1.79,54.82
2026-07-16 07:50:24,22.59,537.0,64.33,28.7,11.89,17.37,8.46,0.46,50.27
2026-07-16 08:02:43,23.64,538.6,82.21,36.8,12.18,25.73,9.46,6.42,54.67
2026-07-16 08:11:22,22.61,566.7,84.73,34.9,6.77,18.21,23.32,2.37,52.2
2026-07-16 08:17:20,24.02,527.4,81.44,13.8,11.41,24.44,11.14,1.44,56.85
2026-07-16 08:30:27,23.31,584.3,103.03,9.9,14.15,20.36,11.32,2.32,53.71
2026-07-16 08:42:24,24.11,519.0,77.68,11.7,10.01,32.27,16.96,5.68,52.96
2026-07-16 08:57:16,24.52,564.8,86.97,31.1,7.84,26.06,15.15,2.36,55.27
2026-07-16 09:06:57,24.21,575.5,91.9,20.4,9.46,20.7,21.63,1.76,54.33
2026-07-16 09:12:29,24.46,547.0,107.38,36.7,15.82,21.41,16.58,20.7,54.31
2026-07-16 09:24:43,23.95,617.0,108.28,34.2,8.0,23.2,16.49,2.87,56.11
2026-07-16 09:30:57,24.11,620.7,100.56,6.2,11.59,26.18,22.09,15.82,53.4
2026-07-16 09:45:17,24.48,585.4,101.04,18.1,10.99,28.55,20.1,11.22,54.77
2026-07-16 09:51:05,23.66,568.6,95.84,15.5,2.71,15.2,9.05,2.42,54.64
2026-07-16 10:02:31,23.92,651.8,108.64,25.4,7.85,33.48,13.16,1.77,53.83
2026-07-16 10:12:46,24.67,640.3,104.44,6.1,13.96,29.32,16.69,1.81,57.62
2026-07-16 10:23:31,25.58,641.1,94.99,22.3,8.47,27.87,20.44,3.49,53.24
2026-07-16 10:32:30,24.21,629.0,99.12,9.4,5.29,23.07,11.44,13.98,55.54
2026-07-16 10:47:08,24.16,628.6,96.49,10.0,8.27,21.43,17.01,3.5,55.99
2026-07-16 11:01:30,25.78,641.4,106.56,21.9,11.12,22.73,7.71,3.42,55.32
2026-07-16 11:14:59,25.91,657.0,110.81,19.5,10.45,29.14,14.88,0.68,53.22
2026-07-16 11:24:02,24.88,625.2,116.23,16.3,8.16,27.03,18.31,5.21,55.29
2026-07-16 11:31:11,24.2,628.0,103.72,9.4,7.19,23.1,13.19,12.66,53.77
2026-07-16 11:39:29,25.72,627.6,91.36,23.2,12.9,20.39,14.81,6.79,57.34
2026-07-16 11:53:20,25.28,663.1,97.07,7.8,6.62,28.04,12.05,0.22,55.16
2026-07-16 12:03:52,25.08,709.8,110.52,27.4,12.27,19.36,21.94,1.88,55.67
2026-07-16 12:10:49,24.76,657.3,106.05,25.5,8.33,26.64,20.89,13.38,59.2
2026-07-16 12:19:02,24.51,637.2,106.87,9.5,9.3,31.79,13.19,2.81,52.46
2026-07-16 12:30:07,24.58,667.8,101.46,31.6,12.83,20.41,10.39,4.23,55.14
2026-07-16 12:37:45,25.29,599.6,125.59,8.0,9.7,21.82,16.3,2.13,55.28
2026-07-16 12:49:27,24.94,626.9,99.05,35.6,11.89,24.79,12.04,0.41,57.97
2026-07-16 12:59:03,24.9,654.1,113.03,14.9,9.42,18.18,11.71,0.05,54.46
2026-07-16 13:09:31,24.89,661.1,115.86,25.0,6.84,24.92,9.08,0.09,56.36
2026-07-16 13:14:36,24.11,620.9,108.38,19.7,12.94,26.92,17.12,2.67,54.38
2026-07-16 13:26:28,25.25,605.6,98.59,20.9,6.22,30.11,17.75,1.85,57.95
2026-07-16 13:31:57,25.59,642.6,119.23,29.8,6.08,26.7,21.47,3.16,58.85
2026-07-16 13:38:49,24.83,605.3,115.96,29.8,8.45,32.25,10.13,1.96,57.72
2026-07-16 13:46:14,24.54,595.0,98.08,9.1,12.6,16.68,14.38,0.06,55.61
2026-07-16 13:58:42,25.97,666.6,102.62,35.0,7.76,17.95,12.16,2.66,57.82
2026-07-16 14:08:29,24.66,612.1,89.5,38.9,15.79,30.55,10.54,0.49,57.23
2026-07-16 14:18:13,24.22,628.2,104.9,26.1,10.75,21.81,11.94,1.3,56.19
2026-07-16 14:30:32,23.69,532.8,95.55,7.6,11.76,25.12,19.14,9.45,53.35
2026-07-16 14:40:57,24.1,603.9,96.39,28.9,6.35,19.89,12.32,22.07,52.24
2026-07-16 14:48:24,24.58,582.5,88.67,29.1,12.11,23.8,13.35,1.12,53.65
2026-07-16 14:53:27,23.39,607.0,104.59,38.3,8.42,29.8,19.61,0.24,56.0
2026-07-16 15:04:53,24.39,517.5,91.71,22.5,12.88,19.81,13.49,0.35,53.12
2026-07-16 15:15:31,23.16,546.5,96.73,34.9,9.02,31.03,18.37,8.03,54.78
2026-07-16 15:22:09,23.43,531.8,66.76,36.8,9.69,26.63,14.14,0.64,51.97
2026-07-16 15:33:11,23.51,510.0,92.65,13.6,9.54,19.94,12.53,2.13,55.25
2026-07-16 15:42:31,22.07,530.9,99.05,33.2,8.8,17.76,20.0,5.33,51.66
2026-07-16 15:49:56,22.97,479.1,75.32,36.1,13.72,23.28,12.1,7.54,52.65
2026-07-16 15:56:50,23.91,578.1,87.37,16.2,5.47,15.97,15.9,2.63,50.56
2026-07-16 16:10:00,23.88,513.7,90.17,34.5,8.49,28.8,16.69,12.36,47.83
2026-07-16 16:21:54,23.08,462.3,83.19,17.1,11.54,20.61,17.54,1.04,54.94
2026-07-16 16:32:57,22.91,461.2,59.1,31.7,14.88,22.87,15.16,0.08,50.28
2026-07-16 16:42:44,23.65,515.1,82.19,6.1,12.22,20.24,18.45,1.98,52.07
2026-07-16 16:55:36,22.97,430.7,64.39,39.8,9.89,25.07,20.51,11.67,55.0
2026-07-16 17:01:56,23.47,440.0,53.29,38.0,8.82,29.61,20.64,4.31,48.02
2026-07-16 17:12:35,23.06,430.9,65.53,10.7,14.3,25.79,16.14,3.5,54.65
2026-07-16 17:26:11,22.93,433.1,58.48,27.4,10.06,18.22,12.05,2.13,49.93
2026-07-16 17:34:05,21.97,446.8,38.83,34.6,7.05,21.93,18.04,8.54,51.01
2026-07-16 17:39:29,22.39,443.4,42.94,5.2,13.02,40.24,10.72,1.58,48.29
2026-07-16 17:53:10,22.38,358.7,48.46,13.4,7.33,17.89,10.3,3.82,49.92
2026-07-16 18:07:23,22.18,399.0,52.88,38.9,11.3,26.64,11.02,10.69,50.92
2026-07-16 18:15:36,22.09,348.6,54.27,6.7,12.62,25.91,15.64,0.47,49.72
2026-07-16 18:28:14,21.56,385.5,50.27,31.9,14.84,26.13,15.07,12.41,46.8
2026-07-16 18:41:23,20.32,386.6,55.72,23.2,12.14,23.54,8.72,1.32,50.15
2026-07-16 18:55:44,21.07,375.7,64.64,25.0,13.04,28.04,9.86,0.16,47.83
2026-07-16 19:09:42,20.97,357.7,75.48,38.1,9.19,26.3,15.37,15.98,49.16
2026-07-16 19:19:18,20.83,331.5,62.67,27.9,6.39,23.82,11.35,0.35,51.67
2026-07-16 19:30:28,21.41,297.1,67.46,17.4,8.45,32.89,12.87,4.31,47.14
2026-07-16 19:41:24,21.01,304.9,62.79,30.8,8.35,18.17,11.55,1.3,47.64
2026-07-16 19:48:16,20.26,259.5,74.38,19.7,4.25,26.94,20.52,8.9,47.92
2026-07-16 19:54:56,20.9,254.8,98.32,34.3,7.57,31.86,10.7,8.9,48.51
2026-07-16 20:04:40,20.49,214.6,63.46,24.3,7.59,24.13,12.17,0.11,44.37
2026-07-16 20:12:02,20.63,280.9,83.75,24.9,14.58,26.97,20.36,5.76,46.48
2026-07-16 20:26:22,20.24,235.2,92.18,22.8,12.43,21.07,13.01,0.42,47.83
2026-07-16 20:32:57,19.99,271.2,89.08,33.4,8.74,23.3,14.92,2.88,42.66
2026-07-16 20:45:10,20.32,201.6,90.13,39.6,11.1,16.03,9.9,7.2,45.06
2026-07-16 20:58:50,20.02,224.4,106.8,39.7,16.61,22.73,18.89,0.17,42.45
2026-07-16 21:10:21,19.77,240.8,108.11,5.5,7.46,27.41,10.42,4.51,45.74
2026-07-16 21:15:49,19.5,201.0,83.03,11.1,7.47,21.28,20.97,3.13,46.25
2026-07-16 21:23:12,20.15,186.6,91.7,38.2,9.57,22.89,14.89,3.01,43.61
2026-07-16 21:30:02,19.67,181.6,92.44,15.4,2.11,28.48,8.09,3.79,47.0
2026-07-16 21:40:47,19.5,195.3,84.82,38.2,9.15,24.3,18.69,14.81,46.66
2026-07-16 21:48:18,19.5,184.8,112.75,21.7,13.17,25.01,17.91,10.0,46.95
2026-07-16 22:03:13,19.63,183.4,112.52,39.8,9.37,23.58,8.13,22.98,46.83
2026-07-16 22:08:52,20.03,190.5,107.79,39.7,14.67,27.26,12.8,2.85,44.34
2026-07-16 22:20:02,18.98,146.9,105.51,20.0,10.04,32.01,14.81,2.36,40.27
2026-07-16 22:27:19,18.87,125.0,107.38,13.5,6.12,17.57,9.16,0.74,44.75
2026-07-16 22:40:18,18.64,160.6,113.78,35.8,8.24,29.81,5.3,0.72,43.42
2026-07-16 22:50:28,19.36,206.3,110.24,10.8,8.2,24.09,20.97,10.35,44.8
2026-07-16 22:58:24,19.28,196.9,115.61,28.5,10.68,17.16,11.67,2.37,40.16
2026-07-16 23:05:31,20.25,137.0,108.22,33.2,13.12,41.64,10.92,5.01,47.17
2026-07-16 23:13:29,19.18,111.7,135.07,21.4,10.23,16.66,13.6,0.5,42.18
2026-07-16 23:25:05,19.36,161.7,119.14,11.3,12.87,21.35,13.58,7.39,43.78
2026-07-16 23:36:08,18.71,182.0,108.01,22.9,8.04,15.5,15.71,1.03,40.12
2026-07-16 23:46:23,19.04,199.9,112.89,22.6,9.01,24.26,18.79,0.33,42.85
2026-07-17 00:00:17,18.93,124.2,107.04,37.3,10.16,28.88,23.41,2.13,44.1
2026-07-17 00:05:22,19.05,180.0,120.19,20.1,8.19,27.7,20.53,10.24,49.74
2026-07-17 00:17:06,19.09,116.5,101.79,38.3,9.12,26.77,17.24,6.26,41.93
2026-07-17 00:25:25,18.89,150.5,119.47,17.8,13.94,21.96,14.62,3.88,45.48
2026-07-17 00:33:37,18.79,151.5,122.9,15.4,6.55,29.97,6.96,3.86,43.46
2026-07-17 00:39:28,19.2,201.6,116.57,11.2,6.97,19.08,11.65,1.71,40.1
2026-07-17 00:52:53,19.29,170.8,115.14,18.9,10.22,34.77,14.68,3.17,44.72
2026-07-17 01:04:47,19.07,90.8,117.55,13.2,14.2,27.78,23.12,1.87,47.79
2026-07-17 01:11:03,19.43,158.2,127.52,22.5,6.17,21.95,1.66,1.47,47.27
2026-07-17 01:19:57,18.97,156.7,109.12,38.0,9.99,36.38,18.67,0.52,41.44
2026-07-17 01:34:06,19.7,101.0,117.08,39.0,7.18,24.28,14.36,6.93,45.2
2026-07-17 01:43:31,18.86,178.2,86.94,38.3,5.46,31.12,21.94,2.17,44.68
2026-07-17 01:52:53,19.12,214.0,103.08,19.9,14.74,26.84,16.0,6.73,41.42
2026-07-17 02:04:47,19.51,175.8,100.58,19.7,10.21,27.33,15.21,1.52,44.14
2026-07-17 02:16:00,19.23,221.1,87.45,36.8,8.78,14.67,17.3,0.38,46.32
2026-07-17 02:23:01,20.06,209.7,86.17,16.2,10.2,13.67,16.69,9.43,45.61
2026-07-17 02:37:37,19.84,178.5,113.02,36.9,9.05,35.54,15.79,2.13,42.78
2026-07-17 02:43:52,19.68,160.1,99.42,7.4,10.1,31.79,12.23,7.05,44.01
2026-07-17 02:48:54,19.45,243.2,107.43,5.9,6.07,34.5,19.14,2.94,45.94
2026-07-17 03:02:13,19.89,259.1,105.3,32.2,8.13,22.95,15.0,3.04,45.92
2026-07-17 03:15:06,19.55,240.8,85.88,24.7,11.17,18.97,18.38,4.33,48.93
2026-07-17 03:29:57,20.68,299.4,97.48,36.5,16.84,32.89,18.08,1.0,42.37
2026-07-17 03:37:05,20.19,252.8,80.11,34.6,12.64,20.49,20.35,2.7,49.01
2026-07-17 03:43:38,19.9,276.4,92.32,7.0,10.75,23.77,3.27,0.73,46.62
2026-07-17 03:56:22,19.78,281.1,94.36,13.4,10.14,37.9,15.01,6.77,45.0
2026-07-17 04:05:42,20.74,304.4,74.27,39.1,11.03,19.5,13.22,1.65,51.34
2026-07-17 04:16:57,21.01,370.0,67.95,34.4,7.02,25.57,14.77,4.48,50.06
2026-07-17 04:29:44,21.3,347.3,73.97,5.7,5.1,25.18,15.91,2.65,47.65
2026-07-17 04:43:53,21.24,279.8,64.7,34.0,9.22,24.16,14.66,18.36,48.39
2026-07-17 04:53:48,21.15,306.9,57.94,28.1,4.82,24.4,15.82,1.89,44.15
2026-07-17 05:03:29,20.88,323.0,66.04,7.1,12.17,26.23,14.77,1.32,51.13
2026-07-17 05:10:40,21.5,355.3,79.76,34.9,15.02,28.34,15.17,1.48,46.32
2026-07-17 05:25:03,22.01,339.3,58.92,38.2,6.43,29.55,12.28,1.74,49.2
2026-07-17 05:34:12,21.57,401.6,56.08,9.7,10.21,18.65,19.0,7.29,51.44
2026-07-17 05:46:27,21.1,383.9,59.3,24.5,8.11,24.12,12.26,5.1,49.49
2026-07-17 05:58:27,21.37,444.6,54.32,25.5,5.63,24.15,18.35,4.35,50.1
2026-07-17 06:03:48,21.79,433.1,51.93,32.1,6.15,36.91,10.71,2.82,52.26
2026-07-17 06:12:47,21.03,385.5,59.57,30.9,9.17,20.46,16.78,3.7,49.21
2026-07-17 06:27:04,22.42,447.4,46.09,13.7,10.11,29.93,14.39,10.57,53.43
2026-07-17 06:39:22,21.67,435.9,61.44,26.8,12.02,28.67,14.59,2.28,50.77
2026-07-17 06:44:39,21.54,416.7,68.77,23.8,8.93,27.6,17.62,10.59,47.57
2026-07-17 06:57:40,22.49,517.2,71.15,33.3,11.27,17.04,15.45,3.04,49.94
2026-07-17 07:02:42,23.51,482.2,85.29,20.7,7.66,25.92,10.3,4.29,50.14
2026-07-17 07:13:18,22.4,493.6,61.2,32.7,8.28,29.48,14.47,3.26,49.27
2026-07-17 07:18:49,23.21,537.5,82.86,28.2,10.33,21.24,13.5,11.37,53.13
2026-07-17 07:27:36,22.17,473.9,52.45,23.2,6.71,24.89,11.67,0.58,49.84
2026-07-17 07:32:57,22.01,477.4,86.34,14.7,10.75,30.53,14.46,0.55,51.19
2026-07-17 07:44:05,23.02,464.8,61.59,33.1,9.83,22.69,11.23,12.83,50.95
2026-07-17 07:50:47,23.12,491.9,77.45,19.4,9.59,26.78,19.87,2.02,53.27
2026-07-17 08:00:49,24.62,518.6,59.65,8.9,13.38,27.72,17.82,3.24,55.03
2026-07-17 08:08:52,24.39,511.4,79.97,32.0,10.97,22.45,9.87,5.13,53.33
2026-07-17 08:20:10,23.25,531.6,79.81,38.4,8.14,18.92,12.23,2.59,52.37
2026-07-17 08:26:01,23.47,537.4,76.62,40.0,11.09,14.95,17.21,0.32,56.53
2026-07-17 08:39:15,24.01,533.4,93.8,23.5,8.8,21.56,17.99,3.41,52.81
2026-07-17 08:50:39,24.04,562.6,71.57,13.9,8.55,15.61,14.55,0.02,55.75
2026-07-17 09:03:34,24.14,548.0,95.03,6.6,7.19,25.72,22.93,0.66,54.04
2026-07-17 09:11:32,23.79,582.8,83.71,39.7,6.04,25.57,12.65,6.6,54.26
2026-07-17 09:17:05,23.2,580.5,95.41,20.9,7.44,26.07,18.04,26.38,53.91
2026-07-17 09:31:03,23.75,590.1,92.08,35.2,14.41,31.47,19.01,1.08,53.67
2026-07-17 09:38:45,23.84,617.9,121.04,20.6,3.51,30.54,13.23,9.03,56.49
2026-07-17 09:50:31,23.86,675.4,90.97,13.5,6.72,15.5,21.47,1.95,53.02
2026-07-17 10:04:12,25.44,601.8,111.48,25.7,13.39,27.2,9.11,3.42,56.53
2026-07-17 10:13:56,24.98,613.9,102.96,27.2,3.19,26.76,14.06,16.49,53.89
2026-07-17 10:26:31,25.02,644.5,105.85,9.2,9.11,29.16,12.6,2.53,53.64
2026-07-17 10:36:35,24.82,505.1,110.95,20.3,16.18,24.39,9.43,5.83,54.17
2026-07-17 10:45:52,25.26,646.4,106.33,19.4,7.34,26.21,11.79,38.89,53.17
2026-07-17 10:55:04,25.05,625.3,106.24,15.3,5.79,24.48,8.64,3.1,56.02
2026-07-17 11:03:46,25.57,677.7,114.37,10.0,7.37,22.83,17.46,0.37,51.9
2026-07-17 11:18:02,23.76,612.5,105.04,15.8,4.5,29.96,17.92,8.75,57.38
2026-07-17 11:31:27,24.56,660.5,114.06,27.9,8.89,22.78,11.1,0.11,55.62
2026-07-17 11:40:45,24.76,627.5,94.68,6.1,11.16,20.39,17.83,6.05,56.59
2026-07-17 11:47:21,25.38,615.0,114.39,32.8,10.9,20.67,8.51,6.23,54.4
2026-07-17 12:00:47,25.36,664.2,108.47,5.1,10.42,32.06,14.03,5.28,58.77
2026-07-17 12:08:14,24.81,611.0,103.48,12.8,9.15,31.51,24.02,6.84,57.91
2026-07-17 12:17:17,24.7,624.9,101.61,36.1,10.5,38.03,18.53,1.27,56.34
2026-07-17 12:30:19,25.34,657.4,116.34,31.5,4.45,30.47,12.32,1.76,55.0
2026-07-17 12:41:57,25.37,614.2,113.76,6.1,14.88,25.57,9.27,0.04,51.02
2026-07-17 12:50:31,25.21,630.4,111.14,18.9,9.73,16.07,15.33,1.71,56.77
2026-07-17 13:03:59,25.12,666.9,101.97,34.3,13.69,23.72,12.74,13.57,56.27
2026-07-17 13:17:05,24.21,611.4,111.94,20.1,8.4,32.05,16.26,2.04,54.58
2026-07-17 13:26:07,25.18,572.8,107.68,25.6,10.15,17.3,9.76,1.12,58.62
2026-07-17 13:40:40,24.99,601.7,102.49,39.3,10.96,21.82,15.75,7.25,55.41
2026-07-17 13:48:18,25.68,607.9,103.09,7.3,13.14,24.79,16.43,1.57,56.46
2026-07-17 13:57:25,24.66,579.3,100.72,10.2,8.9,21.56,6.54,7.35,55.27
2026-07-17 14:03:07,25.49,637.6,112.33,14.2,12.37,21.23,14.74,19.62,52.77
2026-07-17 14:13:51,24.91,601.1,97.98,30.2,8.31,30.74,17.24,1.59,55.41
2026-07-17 14:21:32,23.82,628.0,88.95,13.6,10.83,12.9,8.58,10.0,53.77
2026-07-17 14:32:29,24.25,540.8,101.23,19.1,11.1,31.45,19.27,4.6,55.07
2026-07-17 14:43:56,24.28,597.6,88.35,24.0,4.92,19.41,12.2,22.67,57.1
2026-07-17 14:51:01,24.45,580.2,101.01,29.9,10.21,40.79,17.01,4.02,54.23
2026-07-17 15:01:15,23.34,590.3,86.58,39.3,9.32,20.57,10.98,5.35,51.74
2026-07-17 15:08:26,24.29,526.4,97.12,8.7,10.45,25.17,16.5,2.65,52.63
2026-07-17 15:19:18,24.16,571.2,89.52,27.3,13.99,35.58,13.93,2.97,55.93
2026-07-17 15:32:00,23.46,555.3,80.43,29.0,9.94,24.08,9.88,9.97,52.67
2026-07-17 15:43:48,23.87,482.5,88.62,26.8,12.34,17.17,14.27,6.44,57.67
2026-07-17 15:56:17,22.76,489.8,65.66,10.2,13.84,25.07,16.62,9.27,53.03
2026-07-17 16:09:40,22.92,539.2,76.11,30.0,13.5,18.91,11.4,9.85,54.27
2026-07-17 16:21:45,23.03,499.4,102.8,26.8,11.19,27.48,12.24,13.09,49.48
2026-07-17 16:35:10,22.73,483.5,76.2,14.5,12.87,26.21,19.45,4.15,49.97
2026-07-17 16:46:09,22.56,524.0,72.6,12.9,11.14,22.22,15.4,1.58,51.1
2026-07-17 16:51:55,21.49,496.9,62.9,8.3,10.53,27.1,16.62,2.26,55.71
2026-07-17 17:02:55,23.22,416.0,56.25,18.9,10.17,24.18,14.98,1.95,48.88
2026-07-17 17:14:58,22.58,418.3,85.83,23.1,7.11,30.19,21.84,5.62,49.47
2026-07-17 17:24:15,21.86,443.6,38.32,9.4,7.28,27.51,18.76,2.42,49.97
2026-07-17 17:35:08,22.55,380.3,72.69,19.5,12.08,29.31,14.17,2.67,49.64
2026-07-17 17:46:20,22.26,468.8,46.55,13.9,10.41,18.25,13.88,4.67,50.4
2026-07-17 17:54:29,21.62,357.8,77.31,34.2,12.25,17.17,23.5,7.65,51.04
2026-07-17 18:02:37,22.39,345.8,52.01,35.1,9.65,17.47,15.11,0.14,51.1
2026-07-17 18:16:17,22.1,387.1,52.79,31.2,7.92,19.49,14.69,2.27,50.99
2026-07-17 18:27:16,21.7,384.9,67.52,29.4,7.06,24.1,14.31,1.22,52.4
2026-07-17 18:40:16,21.23,384.6,69.02,34.3,9.92,11.98,18.54,10.97,46.73
2026-07-17 18:47:21,20.88,367.4,61.84,27.6,6.62,26.07,15.98,13.07,52.34
2026-07-17 19:00:35,21.71,327.2,77.68,22.8,10.07,30.62,11.26,7.86,47.74
2026-07-17 19:13:20,20.72,299.4,64.59,31.4,4.89,23.01,12.96,13.53,49.13
2026-07-17 19:22:42,20.84,297.8,82.95,37.9,11.61,27.85,10.66,3.24,50.52
2026-07-17 19:29:52,20.93,276.3,72.57,16.9,13.26,26.21,16.63,8.16,45.91
2026-07-17 19:36:11,20.71,360.9,87.36,14.9,6.44,40.25,15.56,3.79,49.49
2026-07-17 19:43:24,20.26,280.8,77.22,34.1,6.54,27.18,13.22,7.66,47.58
2026-07-17 19:54:18,19.68,279.6,87.38,29.1,8.58,18.78,11.44,3.5,46.43
2026-07-17 20:08:14,19.96,254.6,61.44,25.2,10.97,33.98,12.77,5.74,47.62
2026-07-17 20:14:15,20.75,296.7,93.57,10.3,12.58,24.27,8.47,6.24,48.84
2026-07-17 20:20:16,20.12,229.7,94.21,39.6,9.05,21.25,11.14,7.88,43.2
2026-07-17 20:32:27,20.05,220.4,85.82,30.1,9.97,22.98,15.82,4.82,48.89
2026-07-17 20:43:18,19.86,284.7,102.32,29.6,9.45,32.25,17.49,2.04,44.75
2026-07-17 20:57:39,20.04,181.1,73.0,6.8,7.55,21.23,9.8,0.74,45.91
2026-07-17 21:07:59,19.54,193.5,95.65,34.1,7.13,21.69,24.79,14.38,47.8
2026-07-17 21:19:30,19.19,174.3,89.1,24.4,6.3,18.29,15.22,3.99,45.03
2026-07-17 21:31:06,19.55,203.8,113.93,11.2,10.93,28.03,9.58,4.53,43.84
2026-07-17 21:45:12,19.77,188.9,107.84,16.9,9.92,31.61,15.04,6.01,44.42
2026-07-17 21:53:30,18.78,210.2,107.61,5.5,1.02,24.72,14.98,1.54,47.13
2026-07-17 22:01:23,19.17,172.6,102.74,10.5,12.71,33.79,17.69,18.64,43.81
2026-07-17 22:15:43,18.86,114.0,89.98,9.5,12.16,23.23,19.61,9.6,46.37
2026-07-17 22:22:59,19.13,143.2,108.17,10.4,9.07,27.74,16.8,1.15,48.84
2026-07-17 22:28:09,19.66,169.7,115.72,28.6,8.86,22.5,10.75,1.2,47.36
2026-07-17 22:40:09,18.68,211.3,119.45,31.9,6.63,23.85,20.65,0.05,45.24
2026-07-17 22:46:58,18.98,133.7,100.65,21.5,8.65,18.02,15.8,5.79,45.3
2026-07-17 22:56:29,19.66,199.1,104.83,37.9,14.03,24.63,11.89,2.51,44.42
2026-07-17 23:08:54,20.14,111.8,99.16,28.4,7.86,16.23,16.13,11.41,44.15
2026-07-17 23:23:46,18.48,163.2,103.11,31.9,7.87,28.86,13.34,22.82,42.83
2026-07-17 23:37:32,19.29,166.6,110.14,39.6,7.04,29.18,13.08,0.78,42.43
2026-07-17 23:43:54,19.48,151.8,89.05,22.1,9.81,25.66,21.63,6.85,43.38
2026-07-17 23:50:50,18.84,144.4,104.47,15.4,5.96,20.21,15.95,14.71,41.41
2026-07-18 00:01:45,19.38,177.7,107.64,18.3,9.7,32.72,15.65,2.59,42.69
2026-07-18 00:12:03,19.22,154.4,104.34,38.7,9.17,20.33,16.44,1.77,44.69
2026-07-18 00:26:13,20.01,187.1,111.7,27.0,11.56,20.73,17.8,0.08,43.97
2026-07-18 00:40:36,18.85,147.3,123.05,32.7,15.41,32.11,17.0,2.46,46.33
2026-07-18 00:48:36,19.27,218.5,89.82,33.3,10.58,23.61,12.27,0.57,48.3
2026-07-18 01:01:52,19.31,210.4,109.89,11.8,3.7,32.36,12.33,6.9,47.03
2026-07-18 01:16:10,19.14,150.4,100.92,10.6,15.52,20.08,15.52,4.35,41.65
2026-07-18 01:22:47,18.67,166.3,102.71,17.6,10.21,18.41,14.44,7.35,38.63
2026-07-18 01:31:45,19.47,155.2,84.27,18.4,10.68,13.51,12.14,1.01,47.24
2026-07-18 01:41:22,19.54,152.2,109.23,13.7,10.48,26.52,7.63,1.19,46.22
2026-07-18 01:51:24,19.78,206.3,120.4,19.7,11.26,28.16,15.38,1.69,40.84
2026-07-18 02:01:19,19.04,219.2,96.08,39.7,5.37,21.96,14.59,4.91,42.56
2026-07-18 02:14:48,20.07,181.1,108.27,8.0,1.82,30.83,11.63,0.85,46.92
2026-07-18 02:27:32,19.69,236.0,109.43,16.3,6.92,23.86,15.06,22.25,44.99
2026-07-18 02:37:48,19.7,188.6,81.65,24.1,11.28,22.72,21.44,2.21,43.8
2026-07-18 02:51:54,20.4,270.0,82.49,18.1,9.4,28.65,12.7,11.79,44.59
2026-07-18 02:58:11,19.52,257.7,89.2,28.2,12.08,20.26,9.88,1.94,47.29
2026-07-18 03:07:41,19.67,240.4,86.49,5.3,9.83,42.8,11.81,14.9,45.79
2026-07-18 03:19:07,19.9,177.8,82.06,21.8,7.88,27.47,18.42,0.13,45.39
2026-07-18 03:30:36,19.9,220.2,81.39,5.4,7.86,35.84,15.08,4.06,45.46
2026-07-18 03:36:11,19.76,214.1,75.17,14.1,8.78,25.01,16.16,7.39,48.87
2026-07-18 03:47:45,19.85,259.0,86.3,27.2,12.77,21.57,17.31,13.75,47.08
2026-07-18 04:02:29,21.44,235.5,85.36,19.3,10.98,37.24,7.97,0.85,45.2
2026-07-18 04:10:23,21.12,254.7,83.06,9.0,9.12,29.1,13.33,1.0,45.87
2026-07-18 04:19:16,20.75,324.2,67.88,15.1,8.97,29.07,17.77,0.04,49.77
2026-07-18 04:24:45,20.82,300.9,57.95,5.9,10.84,14.15,16.2,4.15,47.97
2026-07-18 04:36:44,21.1,289.4,82.0,20.8,13.05,24.24,19.91,6.76,48.1
2026-07-18 04:51:36,21.01,342.4,57.71,15.4,8.88,28.59,14.58,2.86,48.82
2026-07-18 04:58:36,21.72,308.5,64.37,20.8,8.48,32.9,13.49,5.31,46.71
2026-07-18 05:10:50,21.19,359.4,73.69,23.7,12.77,28.79,14.21,7.87,47.1
2026-07-18 05:21:36,21.2,378.9,56.52,24.8,11.44,30.18,10.45,1.35,49.31
2026-07-18 05:30:18,21.48,359.3,59.22,20.9,12.37,17.66,21.32,0.38,50.95
2026-07-18 05:38:21,21.17,422.3,48.39,34.1,7.15,25.93,10.03,9.43,47.79
2026-07-18 05:50:50,22.02,437.3,53.74,32.3,9.21,28.85,13.26,0.06,48.99
2026-07-18 06:01:35,22.81,373.9,53.97,24.3,9.43,29.31,10.25,1.62,48.96
2026-07-18 06:11:57,22.51,400.3,63.19,35.4,13.12,27.14,16.3,4.71,50.37
2026-07-18 06:25:38,23.36,504.5,66.0,19.2,10.24,29.81,17.11,2.3,46.7
2026-07-18 06:33:21,22.84,425.6,69.67,24.0,7.8,9.34,9.07,0.85,52.08
2026-07-18 06:38:36,23.21,384.2,47.45,23.4,5.26,21.87,12.95,5.27,53.0
2026-07-18 06:50:23,21.83,435.2,69.58,21.3,1.59,28.5,13.88,4.43,49.92
2026-07-18 07:00:33,22.84,439.3,56.19,13.7,7.27,26.89,19.64,4.21,51.95
2026-07-18 07:12:25,22.02,474.6,93.26,32.7,6.51,25.2,8.91,1.73,54.8
2026-07-18 07:23:39,23.04,469.5,73.16,19.0,15.99,21.42,13.62,6.74,46.85
2026-07-18 07:34:19,23.16,490.6,67.16,11.4,10.78,29.84,13.73,0.8,50.56
2026-07-18 07:47:17,23.3,504.0,78.18,26.7,7.65,17.81,13.19,3.07,53.16
2026-07-18 07:54:13,23.15,550.5,92.11,38.1,3.64,21.23,16.14,5.07,49.87
2026-07-18 08:06:00,23.31,476.4,70.95,24.4,5.93,12.54,13.38,3.41,51.64
2026-07-18 08:13:25,23.44,482.0,76.3,17.8,4.94,24.76,11.37,4.93,54.81
2026-07-18 08:18:27,24.17,585.6,66.44,6.2,5.55,27.23,16.64,1.05,53.52
2026-07-18 08:29:40,24.47,556.8,82.85,9.5,10.35,28.88,17.46,1.39,53.18
2026-07-18 08:43:51,24.0,588.0,84.35,38.1,11.97,23.62,8.34,7.37,52.37
2026-07-18 08:50:23,25.09,615.8,89.58,8.0,8.19,19.37,15.77,0.01,56.36
2026-07-18 08:59:20,23.61,517.4,84.63,23.5,9.23,24.75,9.35,3.48,53.12
2026-07-18 09:05:32,24.69,569.0,104.35,9.3,8.53,21.88,15.93,2.51,53.27
2026-07-18 09:18:55,24.72,613.7,91.07,18.0,13.54,22.41,12.16,12.27,55.03
2026-07-18 09:24:31,24.44,562.5,99.9,31.1,7.56,18.27,8.59,3.28,53.65
2026-07-18 09:38:19,24.05,603.8,99.06,16.5,12.27,17.6,11.19,3.97,52.23
2026-07-18 09:47:29,25.12,606.7,96.39,20.7,12.41,26.39,19.47,1.73,53.58
2026-07-18 09:56:20,25.01,627.5,111.27,10.4,10.51,24.67,14.13,7.78,57.02
2026-07-18 10:02:39,24.5,538.8,99.77,19.2,12.12,32.43,15.52,2.79,54.81
2026-07-18 10:08:39,24.43,596.0,110.94,18.4,8.0,26.4,13.66,2.9,58.35
2026-07-18 10:16:52,24.61,608.2,122.1,16.8,11.45,21.17,24.26,4.03,57.21
2026-07-18 10:30:53,25.31,682.2,108.38,25.0,7.15,14.6,10.91,1.84,57.36
2026-07-18 10:43:12,24.86,658.7,97.71,36.3,13.77,30.43,6.39,12.65,56.12
2026-07-18 10:55:03,25.6,635.5,114.4,15.3,11.15,27.31,10.53,12.4,58.37
2026-07-18 11:04:07,25.03,637.7,107.28,7.3,7.82,25.35,11.65,5.15,56.46
2026-07-18 11:11:53,25.3,600.1,95.44,27.1,9.25,20.09,15.08,7.36,58.6
2026-07-18 11:21:53,24.91,613.5,114.33,29.9,16.35,32.72,15.71,10.32,55.27
2026-07-18 11:36:09,23.99,591.5,105.24,22.4,11.32,28.76,13.06,2.36,58.86
2026-07-18 11:50:37,24.99,630.1,88.79,12.4,6.53,24.16,15.01,4.46,60.09
2026-07-18 11:58:51,24.8,714.5,105.2,36.9,15.07,31.36,15.71,1.74,58.78
2026-07-18 12:11:22,24.39,612.5,100.86,8.5,9.13,24.94,18.11,2.63,57.91
2026-07-18 12:19:57,24.98,641.2,115.55,17.2,8.62,26.23,11.14,2.51,57.34
2026-07-18 12:29:53,25.01,620.4,110.3,17.4,3.75,16.73,15.08,4.39,55.36
2026-07-18 12:35:53,25.34,647.5,110.11,24.7,4.75,24.69,21.32,5.28,58.89
2026-07-18 12:50:32,25.31,648.8,85.34,6.3,10.17,24.15,18.87,14.39,59.15
2026-07-18 12:58:05,25.37,636.5,97.28,36.4,7.1,33.42,14.85,1.03,56.75
2026-07-18 13:07:24,24.78,708.5,102.59,27.2,6.78,17.82,10.85,6.71,54.44
2026-07-18 13:12:27,26.28,626.3,121.74,34.4,10.44,22.65,16.25,3.11,58.88
2026-07-18 13:17:59,25.48,637.7,96.11,5.7,10.3,27.34,19.68,1.07,55.71
2026-07-18 13:28:13,25.28,614.3,110.97,36.5,11.82,18.2,22.19,1.65,55.62
2026-07-18 13:36:35,24.55,596.1,103.58,14.5,15.08,26.55,10.91,0.66,54.5
2026-07-18 13:49:27,24.99,600.8,111.47,8.0,11.79,33.72,12.92,0.46,55.82
2026-07-18 13:58:36,23.45,594.1,108.38,7.5,7.85,32.4,15.33,1.6,58.75
2026-07-18 14:08:55,25.51,592.8,105.09,21.8,13.04,25.21,9.48,3.57,54.36
2026-07-18 14:15:15,24.34,660.3,113.55,20.4,7.83,22.18,15.42,1.04,53.92
2026-07-18 14:27:05,25.12,609.0,110.79,22.1,14.49,21.83,15.05,0.86,56.85
2026-07-18 14:35:39,24.34,604.6,87.6,37.1,11.76,21.25,16.42,10.69,53.46
2026-07-18 14:44:48,24.77,565.7,95.0,27.2,9.21,29.75,20.61,3.06,53.98
2026-07-18 14:53:20,23.98,618.7,101.87,26.2,9.62,25.67,16.46,2.7,52.0
2026-07-18 15:01:35,24.97,602.2,108.97,30.5,12.3,21.6,14.51,16.61,57.89
2026-07-18 15:08:07,24.81,565.0,92.74,36.4,14.31,22.92,12.82,1.03,54.82
2026-07-18 15:22:02,24.38,591.2,79.06,12.2,12.56,28.41,17.97,0.21,53.96
2026-07-18 15:35:39,23.97,585.6,86.66,27.9,11.97,27.08,9.33,10.9,53.84
2026-07-18 15:43:15,23.74,515.6,88.61,33.6,11.73,29.39,7.17,10.25,52.43
2026-07-18 15:55:57,23.66,560.7,73.37,27.6,3.77,22.82,16.97,0.58,52.43
2026-07-18 16:06:50,24.46,544.9,70.68,24.0,12.87,28.21,14.89,1.91,53.71
2026-07-18 16:16:34,23.35,499.3,68.73,22.5,12.2,27.08,12.59,2.39,54.5
2026-07-18 16:24:31,23.4,527.0,71.26,39.6,10.76,27.48,18.04,5.1,50.67
2026-07-18 16:30:58,23.93,543.3,77.51,32.4,9.64,27.81,14.9,15.88,49.73
2026-07-18 16:44:26,23.3,526.7,63.44,16.8,11.49,24.29,18.07,0.4,52.56
2026-07-18 16:51:27,23.53,428.1,76.82,27.8,7.76,18.8,18.86,10.78,54.15
2026-07-18 17:01:45,23.02,428.3,56.01,11.4,13.55,23.32,11.63,19.72,52.48
2026-07-18 17:15:52,22.73,483.9,62.73,33.3,6.18,27.24,14.2,0.21,53.33
2026-07-18 17:30:51,22.23,443.5,69.34,39.1,12.11,27.02,15.25,4.83,51.14
2026-07-18 17:36:01,21.32,380.3,59.5,34.6,10.16,24.65,11.02,2.54,50.86
2026-07-18 17:48:47,22.17,431.8,66.18,15.0,8.76,34.11,18.41,3.71,48.95
2026-07-18 18:02:08,21.37,390.0,53.94,21.2,11.92,14.72,13.27,14.01,51.96
2026-07-18 18:15:21,22.52,388.6,59.12,20.9,6.66,13.37,14.48,1.76,50.09
2026-07-18 18:29:01,21.26,330.1,34.27,36.3,7.7,14.66,15.56,1.72,47.74
2026-07-18 18:41:19,21.01,336.2,65.67,26.0,9.06,25.46,9.43,8.86,49.36
2026-07-18 18:50:51,22.01,423.7,63.14,19.4,7.9,20.05,12.17,3.25,45.44
2026-07-18 19:05:26,22.28,307.3,55.12,14.8,13.27,21.92,11.33,0.07,47.85
2026-07-18 19:14:31,21.0,274.1,82.64,6.9,9.2,27.05,19.01,0.78,47.55
2026-07-18 19:19:58,20.84,323.0,79.67,25.6,7.55,24.99,15.49,7.08,48.91
2026-07-18 19:31:11,20.53,272.1,72.75,7.9,11.48,23.19,15.97,4.81,49.08
2026-07-18 19:44:17,21.76,299.7,82.5,34.7,1.95,30.83,16.44,5.8,45.54
2026-07-18 19:51:58,21.01,375.7,77.71,18.5,8.42,26.88,12.56,0.62,47.75
2026-07-18 20:06:08,20.52,258.0,79.56,8.7,11.17,25.83,9.85,4.36,47.72
2026-07-18 20:16:16,19.87,327.6,83.55,8.9,12.71,21.71,10.5,0.15,50.45
2026-07-18 20:25:22,20.7,315.5,86.88,31.5,7.44,32.46,15.86,2.22,45.06
2026-07-18 20:32:06,20.72,153.2,80.6,21.5,12.16,20.69,16.57,1.53,46.61
2026-07-18 20:45:05,21.22,253.1,94.75,37.5,5.03,23.57,13.2,2.53,46.16
2026-07-18 20:53:24,19.7,263.5,97.57,38.8,13.45,21.37,18.24,2.93,47.37
2026-07-18 20:58:53,20.1,264.4,95.12,22.4,10.56,27.45,8.94,13.29,45.87
2026-07-18 21:10:00,20.12,194.4,98.74,10.7,5.05,29.34,14.67,3.12,47.96
2026-07-18 21:20:21,19.34,273.8,83.8,25.8,9.32,20.07,13.94,0.52,41.46
2026-07-18 21:25:39,20.09,208.0,101.07,14.0,9.65,24.59,13.04,1.73,45.92
2026-07-18 21:36:45,19.17,189.0,104.97,19.6,11.38,35.87,18.98,12.83,44.29
2026-07-18 21:50:28,18.53,208.4,99.61,36.2,8.71,30.14,15.01,4.55,43.16
2026-07-18 22:02:56,20.5,170.0,91.89,21.6,10.77,22.0,17.04,19.68,44.83
2026-07-18 22:10:04,19.83,206.0,106.43,6.0,9.13,30.75,18.53,0.19,45.5
2026-07-18 22:21:45,19.43,186.9,111.38,8.2,14.05,22.92,12.41,0.15,42.77
2026-07-18 22:26:52,19.26,206.1,96.99,34.4,8.53,24.93,16.0,4.22,42.52
2026-07-18 22:39:34,18.34,234.5,96.91,15.2,12.07,28.67,22.94,2.88,45.86
2026-07-18 22:50:57,19.26,155.7,105.92,35.5,11.49,27.32,21.52,0.95,47.32
2026-07-18 23:04:11,18.9,198.4,92.31,13.9,12.62,24.96,13.96,2.87,46.12
2026-07-18 23:13:56,18.93,214.6,113.13,34.5,11.72,18.46,8.32,10.7,44.67
2026-07-18 23:23:47,19.18,222.4,119.97,14.2,13.41,27.04,20.13,2.14,43.23
2026-07-18 23:37:14,18.7,141.6,114.5,29.1,11.95,22.82,16.43,9.34,41.93
2026-07-18 23:50:27,19.02,137.2,125.04,13.2,14.73,22.25,14.1,0.05,47.52
2026-07-19 00:01:12,19.43,165.6,112.03,29.2,8.74,28.21,25.92,13.19,45.13
2026-07-19 00:11:04,19.22,140.6,97.21,31.0,11.05,18.14,15.03,3.43,43.7
2026-07-19 00:24:29,18.4,134.9,101.72,25.2,7.15,23.24,11.77,6.89,46.44
2026-07-19 00:32:51,19.24,164.5,102.27,5.5,13.52,29.64,8.04,5.09,40.16
2026-07-19 00:39:22,18.09,167.6,109.61,12.8,12.36,34.37,14.33,9.71,42.0
2026-07-19 00:47:04,19.17,158.7,107.15,28.3,7.16,24.94,16.96,1.38,42.5
2026-07-19 00:54:10,18.6,116.9,88.52,6.7,10.61,33.86,14.26,1.21,48.54
2026-07-19 01:03:03,19.24,189.0,113.66,18.9,7.06,22.61,10.96,2.22,41.65
2026-07-19 01:10:45,18.73,160.5,112.78,6.1,3.12,18.36,22.3,0.83,45.71
2026-07-19 01:15:53,19.32,169.0,96.94,22.7,8.38,27.05,18.95,11.12,42.44
2026-07-19 01:24:04,19.07,206.7,103.15,17.1,9.02,23.89,22.26,6.38,46.91
2026-07-19 01:29:29,18.89,204.5,101.38,30.9,3.69,24.15,11.34,3.8,42.91
2026-07-19 01:36:32,19.19,137.1,90.74,8.1,13.33,34.1,22.07,8.62,41.96
2026-07-19 01:49:04,19.5,137.4,91.0,10.2,10.81,22.38,15.09,2.0,45.49
2026-07-19 01:57:51,19.11,192.0,117.66,34.2,10.07,20.44,14.56,7.07,42.87
2026-07-19 02:09:45,19.69,179.7,86.36,38.5,9.86,28.23,16.2,6.16,42.66
2026-07-19 02:17:45,19.65,220.3,95.34,22.2,8.23,24.7,23.74,0.53,47.58
2026-07-19 02:27:51,19.11,230.5,98.64,6.2,4.69,19.08,14.74,3.55,47.11
2026-07-19 02:42:41,20.44,236.4,93.49,39.2,12.67,16.24,3.57,0.73,48.87
2026-07-19 02:53:25,19.59,234.2,113.67,27.4,14.99,19.49,11.64,9.43,44.78
2026-07-19 03:03:24,19.67,200.6,71.44,26.2,5.07,19.09,18.65,1.01,46.46
2026-07-19 03:14:47,20.66,220.6,91.79,30.3,16.19,32.45,15.33,4.37,45.27
2026-07-19 03:22:01,20.47,260.8,104.94,7.6,13.75,24.1,13.93,0.15,45.27
2026-07-19 03:29:31,20.59,253.9,83.73,35.4,6.75,28.69,22.25,8.37,45.26
2026-07-19 03:34:43,19.97,197.6,88.31,30.5,11.44,29.12,22.16,11.84,43.15
2026-07-19 03:43:05,20.0,238.8,82.46,29.6,10.36,23.36,15.77,4.28,43.25
2026-07-19 03:56:22,20.71,330.9,89.95,39.4,12.1,31.34,14.19,2.9,44.64
2026-07-19 04:08:59,20.52,297.7,84.42,39.6,3.55,30.54,12.92,5.24,46.82
2026-07-19 04:14:26,19.97,288.8,79.28,7.4,8.09,27.85,16.81,12.98,48.25
2026-07-19 04:26:00,20.45,295.9,61.7,32.5,11.25,19.12,16.85,20.87,50.3
2026-07-19 04:35:20,20.15,331.8,72.35,12.8,11.53,25.45,16.37,1.44,47.7
2026-07-19 04:42:01,21.3,334.1,62.78,6.1,13.84,16.88,18.5,1.32,48.17
2026-07-19 04:53:11,20.69,365.0,62.02,12.2,9.92,24.31,21.39,5.5,48.36
2026-07-19 05:00:53,21.11,320.2,63.39,27.8,11.04,40.53,23.63,6.53,50.09
2026-07-19 05:12:24,20.81,342.5,51.82,10.8,7.93,21.89,18.89,2.19,42.68
2026-07-19 05:25:29,21.89,341.1,62.87,16.2,14.27,15.18,15.22,7.39,49.6
2026-07-19 05:30:56,21.23,389.8,60.59,36.2,9.33,23.89,12.38,11.79,51.41
2026-07-19 05:38:15,22.06,424.6,54.44,29.4,19.03,24.9,11.94,1.24,48.45
2026-07-19 05:44:09,21.31,363.7,51.35,13.9,4.31,30.41,16.62,4.87,49.84
2026-07-19 05:58:16,21.96,430.7,46.82,27.1,10.75,30.02,16.96,10.56,47.5
2026-07-19 06:09:17,22.44,394.4,62.92,6.6,8.25,26.39,16.42,1.01,49.55
2026-07-19 06:21:54,23.61,414.4,63.52,24.6,12.04,23.44,10.49,1.94,53.27
2026-07-19 06:30:13,22.53,359.5,64.46,26.2,6.61,19.62,22.24,2.43,52.64
2026-07-19 06:38:02,22.22,429.2,55.94,33.5,16.51,24.09,14.99,2.12,50.46
2026-07-19 06:51:27,21.96,439.7,47.95,16.0,6.43,29.35,14.46,12.65,48.8
2026-07-19 06:56:37,22.58,459.2,46.86,34.7,4.78,22.79,17.86,1.94,50.82
2026-07-19 07:03:32,22.45,506.6,82.8,30.2,9.97,26.74,7.67,2.96,51.28
2026-07-19 07:11:39,23.22,496.0,66.82,37.4,5.73,16.84,23.9,12.84,51.09
2026-07-19 07:17:04,22.73,452.1,72.17,24.7,7.67,26.14,16.77,2.5,50.24
2026-07-19 07:23:02,23.07,481.1,56.23,6.2,11.15,24.77,20.97,0.41,49.47
2026-07-19 07:35:28,23.53,476.8,71.91,27.1,9.29,26.92,15.19,1.47,53.5
2026-07-19 07:47:07,22.14,485.0,86.36,5.2,10.82,25.43,14.77,6.25,53.11
2026-07-19 07:56:50,23.44,544.6,72.04,32.7,7.93,21.29,25.05,8.3,51.79
2026-07-19 08:07:09,23.96,620.9,85.34,24.3,5.3,18.93,13.29,2.93,53.81
2026-07-19 08:16:45,24.89,563.2,68.38,26.1,9.12,24.84,13.28,3.54,55.38
2026-07-19 08:27:51,24.72,551.4,76.41,11.2,9.42,23.53,13.26,2.0,51.88
2026-07-19 08:42:25,24.32,559.0,87.87,35.4,10.53,26.73,14.35,3.44,55.82
2026-07-19 08:48:33,24.24,549.3,114.29,21.9,10.49,17.04,13.04,7.36,54.86
2026-07-19 08:56:38,24.36,528.1,84.0,32.2,4.09,27.09,17.51,4.38,53.6
2026-07-19 09:06:46,24.28,524.1,113.11,8.5,3.26,24.3,14.06,1.66,56.99
2026-07-19 09:16:01,24.31,538.1,82.08,13.8,6.85,20.73,23.9,3.91,56.21
2026-07-19 09:23:42,25.3,597.6,98.23,33.0,10.16,30.41,21.66,5.74,58.06
2026-07-19 09:37:47,24.33,629.2,94.38,10.5,4.62,17.68,11.86,1.96,52.03
2026-07-19 09:48:01,24.16,595.5,119.19,39.0,13.31,21.48,12.12,4.27,58.97
2026-07-19 09:54:36,24.39,630.1,102.0,36.4,6.25,26.28,25.57,4.34,54.1
2026-07-19 09:59:38,24.27,604.4,83.9,22.3,17.49,26.44,15.06,5.48,52.9
2026-07-19 10:09:52,24.39,582.1,109.49,21.5,4.44,26.69,19.73,1.94,55.14
2026-07-19 10:22:06,25.01,628.9,107.55,23.8,11.12,26.81,10.78,2.91,54.94
2026-07-19 10:35:29,24.98,593.8,102.45,7.0,7.15,19.88,11.59,4.6,56.53
2026-07-19 10:43:41,24.65,634.8,102.24,25.2,8.77,22.24,7.42,3.43,56.94
2026-07-19 10:55:06,24.96,628.1,110.43,35.0,6.98,23.96,16.81,4.95,56.97
2026-07-19 11:08:50,24.48,645.9,91.08,30.7,6.77,17.38,13.94,1.8,56.16
2026-07-19 11:20:48,24.86,668.4,130.88,39.8,8.58,24.36,18.71,2.99,58.67
2026-07-19 11:33:52,23.99,712.8,118.59,39.9,10.0,17.27,8.46,1.48,59.91
2026-07-19 11:41:38,24.85,681.2,113.07,35.7,5.5,21.07,21.61,0.71,53.81
2026-07-19 11:52:20,25.45,566.6,111.41,14.3,9.95,21.04,13.12,5.53,57.55
2026-07-19 11:58:56,23.82,651.9,123.89,12.4,8.34,28.6,9.6,17.8,60.34
2026-07-19 12:10:24,25.02,579.1,144.65,36.4,14.99,22.41,14.07,13.19,54.91
2026-07-19 12:17:35,24.39,646.2,105.2,21.6,5.01,18.28,12.4,10.63,51.14
2026-07-19 12:32:18,24.99,551.1,98.96,34.5,13.2,18.83,12.42,2.58,54.27
2026-07-19 12:41:36,25.06,704.2,113.7,32.6,6.53,27.14,19.13,5.72,55.04
2026-07-19 12:53:58,25.51,601.2,95.09,38.7,10.82,21.13,14.56,16.16,55.27
2026-07-19 13:02:34,24.49,613.0,115.3,21.7,11.69,28.86,11.74,3.73,57.27
2026-07-19 13:13:03,25.3,606.3,110.95,39.8,7.45,22.43,18.98,2.03,54.98
2026-07-19 13:25:13,25.26,587.5,108.91,11.2,7.4,29.83,15.89,0.38,53.55
2026-07-19 13:37:47,24.99,657.7,110.02,10.0,14.22,27.45,16.43,1.22,55.57
2026-07-19 13:44:27,24.95,594.9,103.77,12.3,9.42,25.55,11.65,0.98,58.0
2026-07-19 13:53:39,24.59,600.7,86.39,14.8,9.25,31.22,18.29,4.3,56.33
2026-07-19 14:03:27,24.17,639.2,112.19,11.1,12.91,27.99,11.57,1.52,55.26
2026-07-19 14:17:44,26.01,561.6,96.25,39.8,11.94,22.82,19.6,0.5,53.6
2026-07-19 14:24:50,24.67,602.5,105.4,24.7,4.78,36.72,8.71,24.65,53.28
2026-07-19 14:38:19,24.02,556.1,100.7,25.3,12.22,30.38,21.72,4.08,52.97
2026-07-19 14:47:45,24.39,612.2,105.74,36.0,6.93,24.32,17.29,3.47,52.78
2026-07-19 14:59:45,24.51,545.0,93.72,24.2,10.17,23.36,15.29,6.57,57.94
2026-07-19 15:08:36,24.45,539.5,102.52,39.8,14.03,16.84,11.65,2.56,51.04
2026-07-19 15:15:25,24.93,548.6,95.38,19.9,8.75,23.11,18.77,1.82,51.73
2026-07-19 15:26:19,23.96,513.9,85.33,38.4,8.44,23.34,8.35,3.34,56.18
2026-07-19 15:37:53,23.21,566.9,76.67,34.1,10.78,23.44,17.32,2.87,55.66
2026-07-19 15:49:19,23.91,559.8,81.67,18.4,15.28,23.78,14.13,0.09,50.3
2026-07-19 16:01:07,24.19,527.7,66.61,35.3,12.83,23.7,17.73,0.53,56.01
2026-07-19 16:09:50,23.25,531.1,76.32,5.6,9.17,26.99,15.2,11.31,51.89
2026-07-19 16:24:39,23.28,534.2,80.06,33.2,10.02,32.64,3.51,0.99,54.06
2026-07-19 16:34:57,22.7,515.7,83.27,12.8,12.45,24.23,15.77,4.37,49.24
2026-07-19 16:48:53,23.71,470.2,66.43,9.0,8.87,28.8,8.89,15.44,54.2
2026-07-19 17:01:32,23.06,472.6,68.16,29.4,10.33,31.77,17.37,3.09,50.72
2026-07-19 17:11:13,22.55,477.9,59.88,38.3,13.55,7.49,24.59,6.11,51.48
2026-07-19 17:21:14,21.97,341.2,67.0,12.5,9.68,27.88,11.04,5.02,54.71
2026-07-19 17:29:11,22.67,442.0,54.88,35.8,9.55,27.98,19.15,19.43,53.93
2026-07-19 17:35:39,22.11,414.4,72.69,28.7,4.51,24.01,26.38,2.69,51.16
2026-07-19 17:44:27,22.68,411.0,69.42,19.9,8.49,26.76,10.39,18.62,47.23
2026-07-19 17:53:04,22.03,434.5,48.5,34.0,4.4,33.15,18.77,6.21,53.63
2026-07-19 18:01:28,22.16,425.3,47.83,7.9,9.1,28.41,16.77,14.39,50.39
2026-07-19 18:09:36,21.04,348.1,70.14,19.2,8.7,26.39,13.0,2.61,50.45
2026-07-19 18:20:50,20.86,372.1,47.58,37.4,10.42,8.12,11.75,9.4,48.18
2026-07-19 18:31:46,21.57,403.1,65.61,16.1,8.16,19.4,21.17,0.93,47.73
2026-07-19 18:37:00,22.45,362.7,49.76,35.7,7.6,18.44,13.34,6.53,49.53
2026-07-19 18:46:12,20.42,355.1,73.89,10.6,6.63,25.41,13.1,0.62,45.33
2026-07-19 18:52:44,20.97,354.3,65.43,38.8,11.18,25.26,7.98,2.0,48.67
2026-07-19 18:59:04,21.36,334.2,70.86,24.2,13.06,27.62,12.13,0.24,48.26
2026-07-19 19:11:19,21.5,380.2,55.76,14.8,15.24,35.21,14.85,2.59,49.29
2026-07-19 19:18:31,21.02,314.2,54.97,34.7,8.88,33.49,17.93,1.29,46.57
2026-07-19 19:28:15,20.24,371.6,69.81,19.4,9.95,31.93,16.19,0.77,47.73
2026-07-19 19:37:45,21.51,320.0,72.12,10.2,8.71,25.44,14.77,18.62,47.1
2026-07-19 19:47:47,20.48,286.8,74.54,23.7,11.72,22.96,12.12,5.57,49.04
2026-07-19 19:58:34,20.65,331.1,81.83,30.8,7.09,23.23,11.84,0.65,46.24
2026-07-19 20:13:23,20.41,320.4,87.09,20.1,14.96,29.56,8.51,0.59,47.61
2026-07-19 20:27:13,20.16,194.6,96.81,21.6,10.11,24.98,19.76,18.23,45.02
2026-07-19 20:34:30,20.54,219.4,85.4,21.9,10.97,19.92,8.91,4.63,46.49
2026-07-19 20:46:18,20.52,288.3,82.88,25.5,9.28,27.51,16.82,15.05,45.07
2026-07-19 20:57:01,19.75,211.2,100.22,11.2,7.74,29.36,15.73,8.82,47.88
2026-07-19 21:02:23,20.2,216.0,84.74,28.7,4.1,31.1,18.65,0.23,42.69
2026-07-19 21:15:31,19.24,235.9,80.85,27.0,10.58,18.39,21.9,3.88,40.57
2026-07-19 21:28:08,20.26,235.0,105.81,32.9,14.34,28.24,16.04,0.5,47.82
2026-07-19 21:37:25,19.62,232.6,100.94,33.8,11.11,25.46,10.25,6.32,46.78
2026-07-19 21:50:40,19.42,167.5,100.81,36.6,11.07,31.23,12.54,10.81,43.68
2026-07-19 22:04:23,19.07,140.2,115.98,31.4,7.15,27.03,19.06,8.18,44.53
2026-07-19 22:16:32,18.74,233.0,118.62,18.5,7.71,27.66,14.82,2.23,46.53
2026-07-19 22:27:49,19.19,111.2,106.82,33.3,8.62,22.88,17.64,8.18,43.14
2026-07-19 22:37:18,20.3,173.1,100.11,26.4,11.54,14.21,11.64,8.56,46.3
2026-07-19 22:49:00,18.17,194.2,98.2,8.4,13.57,15.64,12.84,0.62,43.04
2026-07-19 22:59:32,19.26,171.8,117.82,23.9,10.08,9.47,13.8,17.16,44.39
2026-07-19 23:12:38,19.85,179.2,96.69,38.4,10.1,20.98,20.75,1.88,45.31
2026-07-19 23:27:28,18.73,137.4,105.88,34.8,6.02,17.78,8.95,2.42,40.49
2026-07-19 23:38:17,18.63,162.0,119.38,32.9,9.27,30.48,14.01,8.87,43.61
2026-07-19 23:50:19,18.75,195.2,110.31,5.5,12.34,18.87,15.35,0.12,45.23
2026-07-19 23:56:01,18.57,89.0,135.73,5.2,10.88,24.46,21.27,11.37,42.31
2026-07-20 00:08:56,19.52,188.5,117.97,22.2,8.83,23.96,17.62,3.91,44.39
2026-07-20 00:18:08,18.39,171.7,117.57,18.4,6.47,24.61,15.92,2.11,41.9
2026-07-20 00:26:16,19.03,166.4,100.72,17.6,2.81,22.97,18.48,0.29,44.48
2026-07-20 00:33:18,19.3,149.6,110.25,20.3,5.53,24.52,18.65,6.36,43.83
2026-07-20 00:43:33,20.08,223.8,97.92,35.7,6.8,23.58,13.71,0.12,44.07
2026-07-20 00:58:26,18.17,172.7,109.35,30.0,11.58,19.81,14.21,1.61,43.76
2026-07-20 01:12:13,19.33,170.2,94.83,34.3,11.79,26.81,21.72,3.2,43.95
2026-07-20 01:22:40,18.92,181.1,93.5,36.3,7.17,22.26,7.39,1.13,44.12
2026-07-20 01:33:55,18.98,172.4,91.81,26.1,14.27,23.85,15.91,2.66,43.97
2026-07-20 01:39:19,19.36,204.2,108.62,33.5,12.44,28.98,12.41,0.45,43.48
2026-07-20 01:48:50,18.95,156.8,108.54,36.3,6.43,21.84,17.11,1.05,43.11
2026-07-20 01:55:56,20.62,162.5,115.05,7.9,8.3,32.69,10.8,18.43,49.58
2026-07-20 02:06:05,19.21,268.1,96.43,6.1,9.52,20.77,14.06,0.58,44.04
2026-07-20 02:14:36,20.25,216.9,77.74,8.8,6.41,27.04,10.92,1.3,45.27
2026-07-20 02:20:15,20.38,195.7,100.01,10.4,10.27,26.68,12.35,1.26,42.28
2026-07-20 02:30:12,19.54,212.6,112.29,18.5,10.31,20.6,10.14,0.83,43.21
2026-07-20 02:35:46,19.71,213.2,98.12,34.2,7.79,34.96,10.41,2.8,45.13
2026-07-20 02:46:35,19.89,203.0,94.95,6.5,11.39,28.67,14.44,15.22,42.79
2026-07-20 02:55:17,20.01,260.6,76.78,22.0,16.25,15.55,13.56,7.45,46.78
2026-07-20 03:10:09,19.93,259.6,108.79,24.7,14.04,26.26,19.99,1.74,45.84
2026-07-20 03:22:47,19.39,247.3,83.69,29.2,10.28,23.13,16.14,4.14,44.0
2026-07-20 03:34:03,19.35,221.3,67.81,34.4,6.98,28.48,17.46,5.23,46.32
2026-07-20 03:40:44,20.76,275.4,93.78,5.5,9.04,26.68,6.55,9.6,42.19
2026-07-20 03:54:00,20.4,334.9,89.79,22.0,14.62,27.34,16.27,5.57,47.92
2026-07-20 04:01:06,20.09,305.6,92.21,7.6,10.55,22.45,15.67,4.99,49.24
2026-07-20 04:08:44,21.0,308.8,47.29,20.5,10.18,26.42,17.55,4.09,47.71
2026-07-20 04:18:51,21.34,297.7,88.08,14.0,4.96,37.26,8.63,4.0,50.98
2026-07-20 04:27:57,21.07,365.6,66.52,23.7,11.1,29.85,16.42,12.5,45.24
2026-07-20 04:38:13,20.16,328.8,73.33,8.5,10.79,39.96,20.66,5.82,46.05
2026-07-20 04:51:49,21.36,325.2,59.47,16.2,6.03,17.0,9.0,1.26,48.67
2026-07-20 05:06:25,21.88,349.3,45.97,12.4,8.02,13.82,13.64,5.14,46.31
2026-07-20 05:18:16,22.43,357.1,65.68,19.6,12.62,20.73,11.71,11.28,48.94
2026-07-20 05:27:15,20.95,430.1,34.18,8.4,10.62,21.36,11.83,6.27,48.88
2026-07-20 05:33:46,21.94,428.3,53.52,28.4,8.76,26.76,9.61,16.83,49.63
2026-07-20 05:44:42,21.79,403.1,75.1,10.6,15.27,26.36,22.18,2.17,51.08
2026-07-20 05:56:31,21.52,388.8,52.06,15.8,16.56,25.97,8.72,2.56,49.48
2026-07-20 06:03:19,22.72,372.4,45.4,19.2,12.85,23.12,16.31,4.77,47.14
2026-07-20 06:17:40,22.29,432.9,46.79,9.4,13.63,20.77,14.02,4.13,51.93
2026-07-20 06:30:32,21.91,446.9,47.79,6.9,7.5,22.38,15.49,6.34,49.22
2026-07-20 06:41:34,22.6,436.7,61.56,16.0,10.21,22.68,10.73,12.9,50.84
2026-07-20 06:52:53,22.73,484.5,56.67,13.3,9.51,27.23,17.02,3.84,51.36
2026-07-20 07:01:13,22.18,481.4,72.96,35.8,6.87,27.74,10.47,11.2,52.8
2026-07-20 07:07:06,23.04,468.0,61.11,14.4,12.23,18.97,13.28,1.87,47.17
2026-07-20 07:20:53,23.09,466.6,52.34,25.3,7.09,28.06,14.75,2.54,51.92
2026-07-20 07:31:21,23.35,496.7,77.71,15.0,7.22,17.76,19.77,4.4,50.82
2026-07-20 07:37:54,23.4,506.6,61.99,35.0,14.04,25.27,11.61,5.48,53.27
2026-07-20 07:48:34,23.66,490.5,99.16,13.7,7.53,30.34,16.53,3.66,52.49
2026-07-20 08:01:28,24.01,486.7,63.58,30.5,12.82,19.48,19.13,12.11,56.11
2026-07-20 08:11:42,23.26,581.0,92.55,24.2,13.25,14.44,14.66,5.8,53.55
2026-07-20 08:20:34,23.57,540.6,77.84,8.8,12.9,24.75,15.61,10.89,51.44
2026-07-20 08:32:07,24.37,557.0,76.43,19.1,6.76,33.36,10.62,8.4,56.17
2026-07-20 08:44:45,24.38,556.7,103.64,17.5,12.92,23.43,19.97,25.54,58.9
2026-07-20 08:54:51,24.39,552.6,86.47,15.7,13.65,22.85,11.8,12.48,52.08
2026-07-20 09:01:11,23.15,594.9,95.89,11.7,6.52,25.03,15.96,27.57,53.6
2026-07-20 09:14:17,24.84,583.1,88.75,11.7,4.14,30.7,7.66,3.99,54.16
2026-07-20 09:25:46,23.89,534.9,84.23,22.3,7.18,35.6,16.19,0.36,56.11
2026-07-20 09:35:39,24.17,615.5,123.49,30.8,8.18,26.62,12.98,1.3,55.15
2026-07-20 09:49:48,24.31,623.1,96.77,13.1,11.91,22.99,17.1,16.04,54.82
2026-07-20 09:58:41,24.19,613.1,96.59,13.0,8.06,24.43,12.8,6.06,53.93
2026-07-20 10:11:17,25.12,552.8,113.07,22.5,8.48,21.8,14.11,9.72,53.72
2026-07-20 10:25:57,24.2,625.4,103.86,18.8,14.26,23.96,20.5,0.81,57.7
2026-07-20 10:31:19,24.17,578.1,104.61,15.4,9.6,24.72,6.86,5.38,56.86
2026-07-20 10:37:30,24.92,627.9,94.61,15.2,8.32,27.74,19.23,4.32,55.64
2026-07-20 10:47:03,25.34,627.0,112.05,22.6,6.84,27.74,19.37,7.45,55.14
2026-07-20 10:53:22,25.86,617.6,112.59,7.5,13.27,22.39,18.18,4.15,54.02
2026-07-20 11:03:10,24.71,654.0,98.17,14.1,9.19,39.8,17.9,0.62,54.65
2026-07-20 11:09:38,25.44,675.2,103.38,14.6,16.55,23.84,10.61,0.14,56.14
2026-07-20 11:20:11,24.44,629.7,105.95,30.7,6.54,21.29,14.07,2.99,57.61
2026-07-20 11:29:04,24.97,594.0,108.37,5.7,12.65,8.3,17.32,6.51,57.68
2026-07-20 11:40:08,25.41,651.5,111.82,7.5,6.65,29.42,19.87,0.41,57.62
2026-07-20 11:47:26,24.96,690.9,121.62,12.6,9.44,11.99,17.37,0.27,59.67
2026-07-20 11:55:11,25.35,600.7,114.8,38.1,9.24,17.98,18.6,1.23,55.19
2026-07-20 12:07:15,24.7,646.4,109.48,31.7,14.38,27.63,14.84,2.04,58.88
2026-07-20 12:18:53,26.02,602.7,110.12,13.9,6.57,25.32,9.89,9.41,53.53
2026-07-20 12:32:23,25.01,678.5,97.8,16.5,9.62,22.77,9.47,4.84,53.2
2026-07-20 12:43:59,24.29,648.9,121.1,8.8,7.18,24.43,14.11,8.21,59.88
2026-07-20 12:55:04,24.57,627.1,98.8,39.1,9.88,27.23,13.53,0.91,57.01
2026-07-20 13:04:36,24.12,661.8,108.84,37.1,13.23,29.16,12.87,13.19,55.21
2026-07-20 13:10:04,24.01,646.7,122.81,38.5,1.64,22.12,17.75,1.27,56.47
2026-07-20 13:22:12,24.76,601.3,95.75,32.1,14.0,28.2,10.34,2.0,52.76
2026-07-20 13:27:39,24.65,630.2,113.91,35.1,5.65,19.87,18.88,0.77,56.74
2026-07-20 13:37:33,23.88,622.9,98.73,23.5,8.54,31.42,7.28,8.62,53.86
2026-07-20 13:47:10,24.28,570.2,106.03,5.2,9.29,26.88,16.42,1.97,52.46
2026-07-20 13:58:18,24.55,646.0,89.78,11.8,9.83,24.75,21.77,9.0,52.77
2026-07-20 14:11:55,24.02,629.0,106.56,27.2,13.36,31.32,11.65,6.17,57.14
2026-07-20 14:24:45,24.16,570.1,82.69,32.1,12.85,34.92,12.97,1.08,52.82
2026-07-20 14:38:24,25.23,613.9,100.31,32.8,11.99,22.4,14.48,5.34,52.59
2026-07-20 14:53:22,24.37,579.6,97.93,35.1,8.65,31.93,14.23,0.61,57.84
2026-07-20 15:00:17,23.99,541.7,89.09,25.1,17.85,33.35,13.82,2.43,52.25
2026-07-20 15:08:49,23.49,560.5,90.55,25.1,15.13,21.12,15.46,5.47,51.93
2026-07-20 15:18:17,24.25,528.6,102.09,19.5,7.95,21.47,20.03,0.3,51.94
2026-07-20 15:31:17,22.87,552.5,89.9,36.8,11.77,13.59,19.16,3.02,54.95
2026-07-20 15:40:43,24.29,537.1,77.38,34.0,8.86,21.29,18.03,12.14,50.79
2026-07-20 15:53:06,22.96,520.1,66.49,32.9,14.69,23.44,17.99,1.59,53.69
2026-07-20 16:05:46,23.65,515.6,88.81,18.0,9.76,17.63,16.77,3.09,50.38
2026-07-20 16:19:10,23.63,510.9,52.82,17.7,8.11,25.85,18.68,3.27,54.76
