timestamp,T,CO2,VOC,NO2,PMS1,PMS10,PMS2_5,C2H5OH,H
2026-07-06 20:27:42,20.75,254.2,73.41,12.7,5.88,22.87,14.55,17.39,47.84
2026-07-06 20:36:21,21.13,300.3,101.39,18.6,10.36,27.73,17.65,13.91,45.47
2026-07-06 20:51:11,19.73,198.1,81.97,20.5,10.95,23.55,16.51,10.11,48.25
2026-07-06 20:59:29,20.27,263.0,98.71,36.8,10.53,21.52,13.39,5.0,46.68
2026-07-06 21:08:31,19.94,198.5,100.37,24.3,11.89,31.54,19.51,6.14,45.68
2026-07-06 21:16:22,20.12,238.1,98.71,11.7,9.66,24.07,11.93,0.71,42.99
2026-07-06 21:22:18,20.72,250.6,98.79,39.9,15.5,29.15,10.43,7.45,48.85
2026-07-06 21:36:37,19.79,164.8,95.13,35.5,5.34,22.13,12.52,6.93,45.89
2026-07-06 21:51:22,20.16,201.4,93.76,38.7,11.27,21.99,16.58,4.52,41.91
2026-07-06 22:05:27,18.74,177.4,112.38,38.1,6.27,21.78,15.37,16.29,42.13
2026-07-06 22:20:26,19.36,185.4,95.39,25.4,7.52,27.61,22.66,1.93,45.16
2026-07-06 22:28:50,18.9,205.4,101.34,9.5,9.21,18.3,18.82,1.06,41.78
2026-07-06 22:43:23,19.07,159.1,105.29,13.5,8.83,25.75,14.75,2.52,43.75
2026-07-06 22:49:50,19.44,190.6,119.08,38.3,16.69,18.27,16.64,4.08,44.68
2026-07-06 22:59:53,18.35,211.0,110.45,16.9,1.6,29.93,14.87,8.83,44.8
2026-07-06 23:12:06,18.15,212.9,100.52,26.2,12.52,30.57,16.54,4.52,39.62
2026-07-06 23:25:27,18.54,150.8,121.45,5.1,10.43,21.8,15.74,0.87,44.38
2026-07-06 23:34:16,19.04,110.7,106.58,23.6,12.78,19.31,16.4,5.92,43.61
2026-07-06 23:40:46,18.95,194.0,125.15,5.8,14.21,20.75,18.85,3.76,43.26
2026-07-06 23:53:18,18.7,163.4,96.04,5.3,13.43,19.17,19.33,8.53,47.48
2026-07-07 00:07:01,19.04,191.4,94.53,5.7,12.13,35.69,13.34,0.8,46.55
2026-07-07 00:14:38,18.96,146.6,104.89,23.6,15.27,29.04,15.73,0.51,43.2
2026-07-07 00:20:39,18.86,171.4,132.84,34.8,5.89,17.64,10.75,1.8,43.57
2026-07-07 00:29:34,19.04,201.6,104.11,29.5,6.09,21.33,22.22,2.6,42.91
2026-07-07 00:42:39,19.68,139.8,110.49,6.8,18.0,29.33,13.99,0.4,43.6
2026-07-07 00:56:31,18.21,160.9,100.41,9.7,10.59,29.34,15.86,0.41,43.06
2026-07-07 01:10:43,19.58,149.0,102.29,17.1,5.95,20.16,15.44,0.83,44.42
2026-07-07 01:19:22,19.44,185.4,84.84,18.0,7.91,23.04,12.02,1.5,48.22
2026-07-07 01:31:14,19.34,213.2,121.03,28.3,7.51,23.5,20.14,9.51,44.74
2026-07-07 01:43:45,19.29,214.0,103.38,20.3,2.77,24.06,16.32,1.26,41.51
2026-07-07 01:57:46,19.95,197.3,96.74,36.0,10.37,23.05,18.53,1.51,44.84
2026-07-07 02:06:47,19.78,236.4,113.83,8.6,10.86,30.83,13.26,0.78,44.56
2026-07-07 02:11:56,19.24,227.3,94.34,28.5,9.77,28.31,13.8,21.36,48.04
2026-07-07 02:19:03,18.72,186.3,108.36,12.5,11.65,24.68,20.06,11.96,47.81
2026-07-07 02:27:53,19.95,230.6,102.6,27.3,10.7,27.64,14.36,11.22,42.76
2026-07-07 02:36:17,20.37,224.2,80.24,20.8,15.09,25.67,19.44,2.21,47.13
2026-07-07 02:45:12,20.02,235.9,93.46,24.0,11.47,25.67,20.52,8.94,49.26
2026-07-07 02:54:41,19.39,213.5,81.26,13.7,13.3,29.01,14.7,3.64,47.77
2026-07-07 03:00:31,19.91,213.3,99.59,30.6,6.12,16.86,16.01,2.12,45.12
2026-07-07 03:09:45,19.79,251.7,81.42,38.3,9.28,19.86,17.8,8.08,47.79
2026-07-07 03:22:59,19.64,185.4,97.01,29.2,9.75,19.93,16.15,7.68,42.05
2026-07-07 03:32:35,19.76,225.2,97.23,27.4,13.67,26.58,19.11,3.03,49.63
2026-07-07 03:41:29,20.09,302.8,84.7,24.1,0.49,22.96,17.89,1.88,45.37
2026-07-07 03:48:44,20.65,286.1,68.92,39.9,11.39,25.61,11.05,1.42,46.85
2026-07-07 04:02:35,21.41,254.9,95.71,23.3,9.09,25.26,17.09,1.53,47.49
2026-07-07 04:09:25,20.5,276.6,94.07,13.0,11.25,22.93,11.81,19.7,44.85
2026-07-07 04:23:20,21.11,249.3,86.46,20.9,14.0,15.08,12.39,8.23,50.59
2026-07-07 04:34:46,21.14,320.1,72.84,11.7,15.06,27.67,7.54,6.41,48.67
2026-07-07 04:49:03,20.91,314.8,76.31,11.8,11.5,25.15,20.01,0.32,46.52
2026-07-07 04:56:19,20.98,297.4,86.06,20.0,10.81,27.17,17.81,0.37,49.73
2026-07-07 05:04:09,20.87,336.7,64.43,18.6,9.0,28.82,12.55,6.12,45.95
2026-07-07 05:13:23,21.68,372.9,37.55,28.3,14.69,23.82,13.22,0.45,50.59
2026-07-07 05:27:34,22.01,364.9,73.61,34.4,5.11,21.04,15.35,7.68,50.7
2026-07-07 05:37:36,21.87,361.6,61.56,20.7,14.68,22.04,13.6,0.14,49.43
2026-07-07 05:45:45,21.39,373.0,56.82,27.3,9.47,26.27,18.51,3.22,49.69
2026-07-07 05:54:12,22.26,403.4,47.77,11.8,8.87,28.75,13.4,14.17,48.8
2026-07-07 06:01:03,22.05,410.1,49.43,22.3,10.2,22.75,16.1,8.12,49.68
2026-07-07 06:11:19,22.05,412.0,60.24,18.8,10.42,23.68,21.39,5.15,52.33
2026-07-07 06:26:19,21.84,440.1,50.58,18.5,8.53,23.63,15.5,2.04,50.85
2026-07-07 06:37:18,21.66,417.6,55.58,39.3,12.35,24.48,14.62,5.26,50.24
2026-07-07 06:45:09,23.18,468.1,66.66,26.3,13.54,22.34,14.14,5.34,52.3
2026-07-07 06:54:37,23.04,484.4,58.7,15.7,10.74,18.16,14.75,5.02,53.24
2026-07-07 07:02:31,23.15,434.5,68.7,18.4,9.75,25.41,17.89,0.07,49.68
2026-07-07 07:12:31,22.31,414.1,87.18,36.9,8.59,23.97,22.23,1.43,50.12
2026-07-07 07:19:40,23.15,506.3,73.81,14.4,6.45,25.59,17.46,7.13,51.95
2026-07-07 07:31:40,23.55,467.5,81.68,19.2,7.94,22.96,20.98,10.42,50.43
2026-07-07 07:40:49,22.93,478.2,96.07,26.4,15.37,21.38,18.42,5.27,54.83
2026-07-07 07:55:13,23.51,526.1,72.11,8.3,6.45,16.44,15.96,0.08,52.82
2026-07-07 08:01:23,23.45,483.6,85.66,20.4,9.8,26.15,15.38,5.95,51.84
2026-07-07 08:15:56,23.61,573.0,101.04,25.5,9.66,23.23,2.81,3.35,54.26
2026-07-07 08:30:25,23.11,511.3,103.62,5.6,11.08,24.55,14.31,9.22,52.23
2026-07-07 08:44:51,23.22,508.7,73.99,31.4,5.29,29.23,9.54,5.85,54.92
2026-07-07 08:54:38,23.96,569.1,83.02,10.0,11.72,22.52,15.84,2.66,53.5
2026-07-07 09:07:21,24.1,581.1,90.65,32.7,12.34,20.56,13.3,11.88,53.47
2026-07-07 09:12:48,24.44,524.7,91.12,33.5,16.63,31.49,12.2,3.46,52.73
2026-07-07 09:19:57,24.67,574.7,100.04,19.8,5.96,23.82,19.02,5.13,53.11
2026-07-07 09:32:25,24.35,620.7,110.67,38.6,7.51,28.46,8.99,5.23,56.79
2026-07-07 09:40:46,24.23,612.4,86.48,20.6,9.85,27.35,16.95,0.21,55.71
2026-07-07 09:47:49,25.11,595.1,111.07,7.4,8.61,37.52,14.88,5.02,54.8
2026-07-07 10:02:07,24.31,573.8,89.75,12.4,11.37,9.88,14.03,0.14,56.68
2026-07-07 10:15:31,23.9,611.6,108.67,36.3,12.3,33.72,22.24,5.43,53.62
2026-07-07 10:28:19,24.64,666.3,122.17,12.6,12.47,23.71,16.13,0.41,56.83
2026-07-07 10:34:19,25.09,604.7,111.28,20.8,6.39,23.78,7.6,1.49,53.58
2026-07-07 10:46:03,24.35,594.2,101.54,22.9,8.81,22.0,16.59,0.96,52.64
2026-07-07 10:59:07,24.8,637.1,113.94,35.5,6.47,21.9,21.26,0.91,53.95
2026-07-07 11:10:45,24.89,591.8,90.45,34.2,8.02,19.47,8.98,12.68,55.17
2026-07-07 11:24:57,24.94,648.9,97.2,7.8,11.48,30.96,13.87,2.68,55.51
2026-07-07 11:36:04,25.51,642.0,109.7,10.8,10.69,23.0,10.72,10.69,55.1
2026-07-07 11:49:56,24.17,667.7,109.6,10.2,6.24,16.72,11.85,0.29,56.92
2026-07-07 12:01:13,25.2,633.9,109.87,32.2,9.23,24.67,17.19,0.94,54.99
2026-07-07 12:12:35,24.08,633.3,100.6,27.6,10.65,24.0,10.67,0.81,52.23
2026-07-07 12:23:52,24.96,634.6,108.37,19.7,13.44,20.69,12.83,10.77,54.16
2026-07-07 12:32:47,25.11,718.9,112.3,10.3,9.58,22.61,10.75,2.66,52.49
2026-07-07 12:42:54,25.2,615.4,111.47,26.4,7.54,23.19,19.33,6.0,53.8
2026-07-07 12:51:01,24.56,611.0,114.95,25.7,6.8,28.1,17.08,6.27,57.75
2026-07-07 12:59:02,25.79,592.8,107.44,24.8,10.38,36.67,19.35,1.6,53.73
2026-07-07 13:11:55,25.52,679.9,105.29,24.3,15.33,18.1,16.12,2.62,54.84
2026-07-07 13:21:51,24.95,592.5,103.82,31.1,10.51,25.56,13.74,9.27,55.32
2026-07-07 13:26:55,24.26,628.3,115.02,16.3,8.35,20.58,8.72,11.1,51.07
2026-07-07 13:37:09,23.82,610.0,109.95,6.5,9.58,32.24,8.0,0.37,54.42
2026-07-07 13:51:43,24.22,635.7,94.43,38.1,4.61,31.72,12.76,1.31,51.77
2026-07-07 14:05:17,24.69,632.6,118.0,32.9,17.05,27.12,11.56,0.64,57.68
2026-07-07 14:19:18,24.57,551.2,119.85,6.1,13.11,19.46,11.84,0.96,56.51
2026-07-07 14:27:21,23.94,647.1,96.2,23.3,11.28,24.37,14.27,1.05,53.98
2026-07-07 14:40:21,24.02,616.1,76.66,8.0,11.7,26.73,13.91,0.3,53.34
2026-07-07 14:45:36,23.52,601.9,84.05,22.9,6.79,20.7,17.5,5.36,53.81
2026-07-07 14:59:07,23.94,594.4,91.02,37.5,12.95,21.41,12.31,8.78,56.75
2026-07-07 15:12:53,23.5,579.2,92.05,20.5,7.4,28.54,22.38,2.11,50.09
2026-07-07 15:19:55,24.77,532.4,79.86,29.3,9.69,28.74,9.46,14.11,54.44
2026-07-07 15:26:36,23.3,564.7,82.31,32.0,6.96,24.15,13.07,1.8,57.43
2026-07-07 15:34:26,23.71,594.4,79.84,17.3,12.25,25.31,16.4,0.22,54.92
2026-07-07 15:44:48,24.06,499.7,89.15,29.7,7.4,35.96,10.72,0.37,53.7
2026-07-07 15:54:07,22.3,514.1,85.69,9.6,12.59,29.17,17.35,1.13,51.32
2026-07-07 16:00:54,23.13,520.0,90.96,5.3,7.61,18.08,12.1,8.54,55.49
2026-07-07 16:10:54,22.52,540.5,75.04,11.0,13.86,26.52,11.42,2.01,53.45
2026-07-07 16:25:03,22.21,517.1,91.14,35.2,10.43,25.98,16.57,18.67,51.39
2026-07-07 16:39:44,22.93,418.4,69.79,35.8,8.4,24.89,11.74,4.78,54.69
2026-07-07 16:46:09,23.46,473.0,71.55,6.7,12.36,18.66,13.21,5.44,51.47
2026-07-07 16:55:43,22.53,431.8,78.79,6.4,11.47,19.64,16.64,6.49,48.57
2026-07-07 17:04:49,21.96,395.5,55.13,12.1,9.18,29.61,15.36,6.29,51.58
2026-07-07 17:17:18,23.28,407.3,46.73,11.2,11.37,24.48,16.39,6.99,48.7
2026-07-07 17:25:40,22.13,449.8,43.76,27.5,10.37,19.46,21.22,1.59,54.82
2026-07-07 17:35:01,22.79,409.7,56.69,36.2,10.18,32.05,22.45,6.64,48.12
2026-07-07 17:44:35,22.27,452.4,60.09,28.8,12.67,30.14,22.11,2.59,51.05
2026-07-07 17:59:35,21.63,399.2,55.05,23.7,7.97,29.02,13.95,5.41,51.21
2026-07-07 18:05:09,21.8,430.5,49.84,30.5,10.45,27.0,17.62,6.52,48.48
2026-07-07 18:19:16,22.02,415.0,46.35,32.8,10.5,28.75,13.27,1.27,50.71
2026-07-07 18:32:02,22.63,404.8,68.93,37.6,12.76,27.45,18.23,19.09,52.94
2026-07-07 18:37:29,21.41,320.1,67.76,20.1,10.53,33.15,6.59,2.44,50.95
2026-07-07 18:47:22,21.14,341.2,72.99,15.1,11.16,13.64,17.96,0.58,45.75
2026-07-07 18:53:57,20.62,350.8,46.41,22.1,10.55,24.16,14.48,8.01,46.98
2026-07-07 19:05:45,21.01,327.3,61.19,20.8,12.22,27.91,18.91,6.06,47.05
2026-07-07 19:18:20,20.2,330.3,74.78,7.9,14.85,28.69,14.99,0.18,51.79
2026-07-07 19:32:36,21.18,288.0,77.99,10.7,11.42,29.35,7.95,5.14,43.24
2026-07-07 19:44:16,20.4,226.0,80.14,26.8,6.89,31.02,9.68,7.79,47.9
2026-07-07 19:53:24,21.13,316.1,77.82,32.9,10.72,17.29,13.14,2.9,47.41
2026-07-07 20:05:32,20.96,266.8,91.7,7.4,9.43,27.27,18.46,0.5,46.61
2026-07-07 20:14:39,20.87,238.1,80.22,29.1,9.24,24.3,6.27,22.8,48.25
2026-07-07 20:29:04,21.72,197.0,88.84,30.4,10.89,30.8,20.65,0.66,44.8
2026-07-07 20:38:40,19.72,243.9,86.57,34.5,10.1,19.46,18.27,1.14,47.53
2026-07-07 20:48:00,19.98,278.2,101.4,10.1,14.63,19.84,15.31,0.48,42.34
2026-07-07 20:56:31,20.23,258.6,92.18,17.2,11.46,24.7,16.88,6.67,45.93
2026-07-07 21:09:32,19.23,221.1,94.07,14.5,10.48,17.82,9.7,9.04,44.7
2026-07-07 21:24:26,19.73,204.8,87.51,27.7,14.81,22.95,21.81,17.52,48.77
2026-07-07 21:34:08,18.7,209.6,103.75,17.5,9.71,21.52,14.9,20.62,44.86
2026-07-07 21:40:19,19.36,155.3,100.01,25.2,7.26,27.52,15.99,1.9,44.02
2026-07-07 21:47:52,20.2,222.8,97.52,39.8,7.12,23.42,14.22,0.73,44.44
2026-07-07 22:01:51,18.84,174.1,115.53,17.3,5.81,19.44,11.8,2.79,39.55
2026-07-07 22:08:25,18.96,164.1,108.38,31.4,9.33,31.49,2.95,0.88,42.87
2026-07-07 22:14:31,18.59,178.6,104.53,14.2,11.35,27.49,12.49,4.75,42.69
2026-07-07 22:26:39,19.2,204.2,116.09,29.5,9.95,29.13,12.6,7.29,42.37
2026-07-07 22:39:04,19.23,127.7,108.19,29.4,9.29,24.84,13.79,17.57,45.76
2026-07-07 22:45:20,19.26,219.4,98.7,32.2,11.75,23.89,9.56,9.86,45.37
2026-07-07 22:52:18,19.46,233.2,126.43,17.4,6.56,28.61,20.54,7.94,45.2
2026-07-07 23:05:54,19.72,170.3,118.16,16.9,11.14,18.12,11.33,5.8,46.95
2026-07-07 23:16:44,18.88,188.2,96.0,10.2,11.02,28.16,13.41,6.7,45.73
2026-07-07 23:24:17,18.8,147.8,124.58,5.4,8.66,28.49,19.3,11.41,48.31
2026-07-07 23:38:33,18.63,159.0,113.03,36.5,2.66,23.71,17.1,20.8,41.55
2026-07-07 23:50:49,18.88,124.4,111.87,10.0,9.18,25.07,10.49,7.86,45.72
2026-07-07 23:57:34,19.12,143.1,125.43,19.4,11.33,24.15,10.38,1.92,43.64
2026-07-08 00:09:27,19.55,195.6,102.11,14.6,7.4,31.81,18.93,5.34,45.0
2026-07-08 00:20:24,18.6,187.0,103.05,22.2,7.79,27.18,12.85,7.48,45.08
2026-07-08 00:26:17,19.19,184.8,113.46,15.9,6.28,29.58,9.82,0.32,43.77
2026-07-08 00:35:35,19.36,129.8,121.63,7.8,14.74,24.96,15.72,5.12,43.54
2026-07-08 00:45:58,18.98,148.0,97.61,36.8,2.69,15.98,18.85,4.82,43.17
2026-07-08 01:00:03,19.23,171.3,115.96,30.1,9.85,14.5,17.86,0.34,38.28
2026-07-08 01:09:16,18.89,213.5,120.54,38.1,11.09,19.83,19.96,13.08,43.03
2026-07-08 01:17:17,19.45,140.1,97.11,38.8,13.97,21.12,16.63,5.7,43.18
2026-07-08 01:27:32,18.4,165.2,76.65,11.0,11.16,27.75,19.23,2.8,45.94
2026-07-08 01:33:16,19.27,167.3,115.71,7.5,8.09,27.73,22.83,0.27,46.14
2026-07-08 01:44:03,19.46,186.5,108.68,30.6,9.17,25.49,8.68,1.91,43.74
2026-07-08 01:58:06,18.71,206.5,106.0,6.1,10.25,27.05,17.2,6.11,45.41
2026-07-08 02:06:30,19.96,238.1,93.32,38.2,8.65,25.6,17.1,20.06,47.8
2026-07-08 02:17:57,20.2,161.8,107.5,38.5,13.7,26.8,13.09,7.1,46.87
2026-07-08 02:28:05,19.67,150.8,97.93,10.3,9.75,16.5,12.88,0.36,46.8
2026-07-08 02:33:48,18.96,206.8,95.29,17.6,11.64,29.01,21.62,2.31,47.39
2026-07-08 02:44:25,19.95,172.8,72.99,20.6,11.55,30.48,11.27,0.33,49.7
2026-07-08 02:51:27,20.15,247.6,103.24,21.5,9.2,30.15,15.78,14.85,45.44
2026-07-08 03:02:50,19.32,199.9,91.86,16.2,14.2,21.69,17.46,10.47,49.02
2026-07-08 03:08:00,19.8,291.0,86.07,30.7,2.92,35.46,18.09,8.44,44.19
2026-07-08 03:22:57,19.87,242.2,90.16,14.2,11.05,13.19,13.0,2.68,44.94
2026-07-08 03:30:09,20.17,244.1,93.72,24.1,10.26,12.19,13.11,7.33,43.19
2026-07-08 03:37:33,20.73,244.8,95.23,35.0,3.69,19.83,20.95,3.36,47.31
2026-07-08 03:43:42,19.9,294.7,95.69,14.9,15.96,22.34,16.71,0.17,43.97
2026-07-08 03:52:39,20.98,257.2,78.93,30.0,6.96,20.75,12.68,4.77,46.9
2026-07-08 04:01:49,21.31,272.3,59.2,27.3,12.47,27.67,14.16,11.65,47.85
2026-07-08 04:11:39,21.21,291.7,63.91,29.0,5.8,27.03,16.6,0.05,44.84
2026-07-08 04:20:03,21.07,269.0,74.58,6.7,9.29,19.52,13.25,0.49,45.47
2026-07-08 04:33:18,20.2,359.4,47.87,11.6,16.38,22.63,10.71,1.85,41.43
2026-07-08 04:44:47,22.05,285.4,58.6,34.2,4.85,27.4,10.46,25.75,45.93
2026-07-08 04:58:08,21.12,296.6,77.76,37.3,13.31,29.26,15.63,4.82,50.28
2026-07-08 05:03:32,21.23,361.7,65.54,9.5,13.07,16.92,15.19,5.93,47.45
2026-07-08 05:16:20,21.41,344.2,77.5,5.9,13.36,23.72,15.21,1.29,49.54
2026-07-08 05:22:12,21.26,302.7,72.06,19.7,7.78,21.33,9.82,2.95,45.32
2026-07-08 05:32:34,22.82,373.1,67.38,39.4,11.91,16.29,8.22,0.04,46.89
2026-07-08 05:43:00,20.89,358.1,47.44,11.0,8.09,39.74,13.95,9.3,50.4
2026-07-08 05:51:51,20.76,413.3,50.82,32.8,18.93,32.57,18.99,0.4,51.15
2026-07-08 06:00:49,22.11,380.8,43.45,22.2,8.1,21.79,9.32,16.61,49.38
2026-07-08 06:09:51,21.86,388.8,45.57,26.9,8.66,23.96,18.79,2.81,48.15
2026-07-08 06:16:40,22.58,396.6,65.18,35.1,9.28,22.04,12.82,13.66,51.22
2026-07-08 06:31:37,21.76,377.8,61.22,7.8,18.49,29.38,16.49,2.2,50.7
2026-07-08 06:42:06,22.78,386.7,74.89,20.1,11.13,22.11,16.44,2.12,56.12
2026-07-08 06:53:09,23.43,473.0,55.06,14.7,8.77,31.22,21.08,4.08,49.62
2026-07-08 07:02:19,22.93,471.1,36.7,13.6,9.42,24.03,10.05,11.11,50.22
2026-07-08 07:13:02,23.5,524.5,78.97,9.1,11.5,23.05,17.09,14.01,52.03
2026-07-08 07:18:40,23.78,499.7,46.78,32.5,11.27,26.62,15.71,4.34,48.47
2026-07-08 07:32:05,22.52,454.3,72.89,19.7,3.76,19.84,12.8,3.18,54.19
2026-07-08 07:37:13,22.71,484.2,80.13,5.8,10.35,34.71,8.34,3.67,51.64
2026-07-08 07:47:39,23.39,488.4,73.2,12.9,9.22,22.32,11.02,2.2,52.79
2026-07-08 08:01:45,23.09,521.3,104.58,22.1,8.21,22.61,17.14,1.17,54.61
2026-07-08 08:11:10,23.65,518.7,89.0,10.4,10.36,27.95,0.63,1.78,54.13
2026-07-08 08:19:45,23.95,559.8,80.19,34.4,11.53,25.95,14.59,1.47,52.51
2026-07-08 08:28:36,23.8,561.9,82.36,9.8,11.2,31.25,17.51,18.42,55.31
2026-07-08 08:39:09,23.94,566.0,90.59,28.6,6.92,29.53,12.76,9.06,51.81
2026-07-08 08:50:42,24.74,557.8,97.22,23.2,8.27,25.41,8.21,6.72,55.83
2026-07-08 08:55:59,23.78,586.9,73.0,29.4,14.83,18.95,15.32,4.33,53.71
2026-07-08 09:03:34,23.84,561.1,78.57,6.5,12.27,23.04,15.3,2.29,57.7
2026-07-08 09:16:39,24.78,543.2,78.69,39.9,12.38,24.06,15.4,1.91,53.84
2026-07-08 09:29:20,24.23,568.8,118.51,10.7,14.02,29.84,21.4,1.78,56.13
2026-07-08 09:35:19,24.35,570.0,101.37,15.8,8.25,18.14,20.76,1.25,51.9
2026-07-08 09:44:12,24.19,589.3,85.28,38.5,10.51,22.26,13.71,11.45,55.99
2026-07-08 09:53:10,24.91,599.4,89.77,15.4,11.81,31.48,15.08,1.7,54.38
2026-07-08 10:04:31,24.59,660.5,109.28,15.0,11.96,23.75,13.1,0.2,53.95
2026-07-08 10:19:23,25.21,598.7,111.36,24.0,7.95,30.54,22.03,5.05,57.92
2026-07-08 10:25:22,23.73,592.9,106.41,21.1,12.33,28.65,13.69,4.8,53.15
2026-07-08 10:38:22,25.62,605.3,103.87,26.3,10.2,22.67,15.15,0.36,52.05
2026-07-08 10:47:20,25.49,589.9,109.37,34.3,8.48,27.79,16.27,9.66,55.81
2026-07-08 10:55:37,24.65,674.6,99.3,38.6,12.43,21.72,13.91,7.82,56.45
2026-07-08 11:05:52,23.99,648.9,110.28,32.8,10.44,21.84,10.89,8.44,56.0
2026-07-08 11:12:49,25.15,570.6,117.62,9.9,9.82,25.0,19.08,8.09,56.61
2026-07-08 11:27:10,25.01,596.4,95.49,21.8,8.69,28.79,12.79,3.7,59.34
2026-07-08 11:33:03,25.18,676.3,96.52,35.8,16.52,29.09,11.98,15.49,56.93
2026-07-08 11:46:08,25.85,666.7,92.17,18.2,4.87,31.21,21.49,7.36,61.0
2026-07-08 11:58:57,24.46,601.2,121.4,25.1,9.5,32.5,11.57,13.43,56.79
2026-07-08 12:13:18,24.08,616.7,118.32,24.5,10.24,21.36,18.42,1.19,54.16
2026-07-08 12:21:12,25.49,601.9,117.73,26.7,13.22,27.01,10.9,0.69,56.28
2026-07-08 12:31:21,25.41,700.3,122.8,19.2,11.02,33.73,24.17,10.89,55.67
2026-07-08 12:36:33,25.07,653.2,109.64,6.3,11.48,21.74,5.71,3.66,56.64
2026-07-08 12:47:10,25.09,649.2,114.78,16.2,11.86,17.33,9.45,3.42,57.58
2026-07-08 12:52:14,24.51,589.7,107.99,21.9,8.45,42.68,15.43,3.26,57.84
2026-07-08 13:05:41,24.69,600.1,120.19,35.6,7.55,32.09,10.27,2.92,57.68
2026-07-08 13:15:28,23.77,644.0,95.37,6.4,4.8,30.59,13.67,4.3,53.15
2026-07-08 13:23:05,24.8,655.0,104.34,11.5,10.57,30.74,14.75,0.79,56.92
2026-07-08 13:36:47,25.38,610.5,125.91,30.9,16.27,20.5,15.24,0.82,56.1
2026-07-08 13:47:36,24.98,636.6,104.58,7.6,12.58,19.5,13.91,3.37,56.88
2026-07-08 13:59:42,24.43,573.3,96.58,9.2,7.15,23.9,15.02,4.34,55.0
2026-07-08 14:09:33,23.16,589.5,115.01,25.5,7.45,25.35,15.75,4.56,54.37
2026-07-08 14:19:51,25.25,598.3,95.65,34.1,12.68,23.58,17.48,6.18,56.25
2026-07-08 14:34:47,24.2,581.3,107.58,17.3,17.06,27.83,17.69,11.57,54.77
2026-07-08 14:47:36,23.91,535.0,90.58,21.3,11.5,32.74,15.88,0.96,54.0
2026-07-08 15:01:06,24.66,561.1,116.68,13.7,7.81,26.83,13.69,5.16,55.89
2026-07-08 15:07:48,23.64,572.1,100.96,6.4,8.87,18.27,11.33,6.63,53.99
2026-07-08 15:20:26,22.68,589.9,90.87,5.8,14.17,18.05,14.87,3.68,53.92
2026-07-08 15:27:52,24.13,507.2,82.8,37.6,3.88,29.13,24.39,0.2,53.9
2026-07-08 15:37:28,23.09,514.7,61.11,23.7,11.62,24.2,14.96,5.52,52.18
2026-07-08 15:50:44,22.98,496.2,98.21,13.1,4.63,19.67,14.18,2.97,55.77
2026-07-08 16:01:07,23.52,524.2,79.45,24.2,15.38,22.41,16.74,18.38,51.88
2026-07-08 16:12:06,24.28,582.7,87.12,21.0,9.5,22.88,7.57,1.49,53.89
2026-07-08 16:18:31,23.67,525.3,81.06,22.9,7.88,20.42,11.95,1.24,50.92
2026-07-08 16:29:12,22.86,497.7,75.29,26.9,9.07,31.99,8.29,2.26,51.86
2026-07-08 16:36:30,23.29,467.9,81.59,36.5,7.88,25.42,19.04,0.99,53.55
2026-07-08 16:48:12,23.03,509.4,82.85,15.7,8.95,25.09,11.9,0.63,49.34
2026-07-08 17:00:46,22.42,443.9,68.34,15.4,10.51,17.08,21.99,0.18,53.41
2026-07-08 17:14:03,22.62,476.8,51.42,38.5,13.63,21.09,20.47,1.09,48.39
2026-07-08 17:25:55,22.07,385.4,63.3,30.4,11.85,28.16,14.0,3.43,51.81
2026-07-08 17:34:17,22.05,369.7,57.16,19.3,9.69,33.05,13.97,0.53,53.88
2026-07-08 17:48:27,21.84,392.1,57.83,23.7,6.13,19.85,8.47,0.91,51.69
2026-07-08 18:02:30,22.84,364.6,24.99,33.9,14.49,27.51,10.14,5.6,48.17
2026-07-08 18:16:17,20.92,419.7,57.94,36.7,10.62,30.09,10.0,2.15,55.91
2026-07-08 18:27:28,21.58,390.6,40.0,6.9,7.01,26.31,10.47,14.3,49.78
2026-07-08 18:35:53,21.92,403.6,51.57,9.6,9.82,24.22,18.82,0.74,51.06
2026-07-08 18:48:14,22.02,344.0,58.78,21.7,8.55,25.01,9.52,6.52,51.07
2026-07-08 19:02:18,21.74,326.0,59.1,20.3,12.42,30.2,15.57,0.35,48.37
2026-07-08 19:09:19,21.36,333.9,76.29,28.7,11.78,26.26,18.25,0.64,47.15
2026-07-08 19:14:56,21.66,274.8,85.51,18.6,9.41,24.06,18.55,3.5,51.12
2026-07-08 19:21:11,20.99,316.6,74.41,9.4,9.64,29.68,6.63,1.84,52.09
2026-07-08 19:33:39,20.5,317.7,60.03,12.6,10.92,19.37,14.67,8.3,49.21
2026-07-08 19:41:53,19.91,306.3,82.08,31.4,12.53,18.33,19.25,0.12,47.1
2026-07-08 19:50:50,19.74,271.6,80.12,10.1,12.42,24.35,13.61,0.31,48.35
2026-07-08 20:03:30,21.2,218.5,80.6,28.7,12.11,28.33,15.23,0.72,45.08
2026-07-08 20:15:30,19.69,251.5,96.44,22.7,5.31,25.58,15.45,0.54,48.8
2026-07-08 20:28:26,20.54,280.4,83.83,38.0,10.67,22.95,23.35,0.34,46.36
2026-07-08 20:37:53,20.28,259.4,74.9,5.2,7.5,24.42,13.83,7.74,45.67
2026-07-08 20:48:04,19.14,221.2,95.18,19.6,9.05,19.6,12.38,4.24,45.89
2026-07-08 21:01:22,20.05,259.7,94.05,12.5,14.0,28.33,10.75,2.28,43.29
2026-07-08 21:10:02,20.02,191.9,91.44,39.5,6.52,25.45,17.82,1.73,46.7
2026-07-08 21:21:27,19.26,202.2,96.64,14.2,11.71,21.15,17.48,0.56,42.62
2026-07-08 21:30:41,19.47,192.7,108.59,26.5,14.15,25.08,13.34,0.87,42.48
2026-07-08 21:40:02,19.64,222.3,90.53,5.7,8.14,24.45,17.11,0.1,45.72
2026-07-08 21:45:30,19.07,246.8,107.18,23.9,14.18,27.3,19.64,1.36,40.09
2026-07-08 21:51:37,19.66,237.4,98.28,17.0,13.34,28.34,19.35,14.56,46.76
2026-07-08 22:01:47,18.88,231.9,94.29,18.9,4.45,26.43,13.05,7.04,43.93
2026-07-08 22:07:37,18.57,166.7,105.31,23.9,8.82,25.77,11.21,10.01,44.71
2026-07-08 22:14:34,19.87,191.8,95.73,7.9,16.88,26.48,13.44,2.97,42.93
2026-07-08 22:23:57,19.38,210.4,121.2,35.7,9.02,28.87,12.05,3.09,43.06
2026-07-08 22:34:48,18.37,163.6,106.55,16.5,9.13,21.15,18.42,14.54,46.83
2026-07-08 22:42:05,19.07,167.6,122.07,17.9,8.81,14.88,16.25,8.27,46.65
2026-07-08 22:47:59,20.02,207.0,96.06,29.3,6.74,28.21,8.15,0.27,43.76
2026-07-08 22:57:35,18.76,158.0,101.6,38.1,14.38,26.7,12.91,0.54,42.2
2026-07-08 23:04:33,19.19,161.2,102.58,32.5,9.48,32.21,14.98,0.36,44.98
2026-07-08 23:18:49,19.06,165.9,104.74,22.3,8.86,30.09,16.5,11.28,43.57
2026-07-08 23:33:45,19.12,203.9,106.53,31.9,10.9,27.1,18.12,13.39,43.61
2026-07-08 23:44:21,19.31,125.4,110.73,14.1,6.84,26.82,15.12,0.78,40.45
2026-07-08 23:52:52,18.43,140.2,118.34,17.2,10.95,20.79,8.5,13.47,40.44
2026-07-09 00:03:23,18.38,184.3,114.27,34.8,11.25,35.09,15.39,2.72,43.25
2026-07-09 00:10:53,19.4,169.0,108.71,28.2,15.32,26.14,14.01,4.53,46.77
2026-07-09 00:21:36,18.72,157.6,99.35,21.6,4.96,30.62,11.9,1.21,42.28
2026-07-09 00:32:56,19.61,170.5,114.83,24.5,9.97,35.77,19.19,3.93,46.28
2026-07-09 00:42:25,19.87,167.9,118.28,22.0,11.15,32.11,12.76,15.33,41.77
2026-07-09 00:54:44,18.91,147.6,104.43,12.4,7.71,16.16,14.06,1.06,40.77
2026-07-09 01:06:03,18.29,118.6,92.22,9.7,10.02,23.43,14.51,1.23,40.9
2026-07-09 01:11:39,19.1,197.2,97.82,23.5,10.47,21.27,7.28,0.49,40.95
2026-07-09 01:17:48,19.25,187.4,102.58,13.2,8.28,25.82,16.73,12.42,46.3
2026-07-09 01:29:34,19.39,214.4,120.35,15.7,12.82,25.77,19.09,7.14,41.95
2026-07-09 01:42:59,19.29,138.8,116.06,26.5,8.68,26.27,25.39,1.18,43.59
2026-07-09 01:50:24,18.82,176.5,96.92,31.1,15.29,28.42,9.76,8.9,43.84
2026-07-09 01:57:27,18.85,171.6,97.63,22.6,6.38,23.75,19.72,0.06,46.46
2026-07-09 02:12:24,19.33,180.6,108.64,14.6,8.17,34.17,18.22,0.27,43.43
2026-07-09 02:21:41,19.12,219.2,91.14,23.3,10.55,33.82,17.79,3.78,41.41
2026-07-09 02:32:47,18.7,244.4,91.75,39.0,11.28,26.74,13.55,2.93,47.99
2026-07-09 02:39:47,19.85,257.0,79.61,25.0,11.43,25.06,15.78,1.47,44.84
2026-07-09 02:48:00,19.82,221.8,95.92,39.7,9.6,25.32,14.76,11.33,46.49
2026-07-09 02:54:51,19.77,185.7,76.32,20.9,11.05,30.92,11.33,1.22,46.3
2026-07-09 03:08:23,19.97,259.3,105.54,39.2,11.72,24.09,20.77,2.29,42.65
2026-07-09 03:16:00,19.84,241.1,82.39,9.5,9.11,28.15,16.27,5.98,43.3
2026-07-09 03:22:56,20.06,256.9,86.18,19.2,14.1,17.27,22.09,0.42,46.51
2026-07-09 03:31:38,20.19,228.3,92.19,13.8,9.85,30.67,12.65,6.77,49.11
2026-07-09 03:41:06,20.09,231.7,98.59,30.4,6.73,22.58,12.03,17.83,44.2
2026-07-09 03:53:51,19.95,313.1,78.12,15.3,12.66,28.54,10.64,11.38,44.53
2026-07-09 04:00:35,19.8,290.8,94.82,7.3,14.58,27.49,8.88,1.32,45.24
2026-07-09 04:14:28,20.38,315.3,85.84,5.9,7.06,17.72,16.14,2.46,49.21
2026-07-09 04:22:42,19.9,331.3,58.5,30.6,8.8,23.24,14.24,0.41,44.86
2026-07-09 04:30:48,21.52,266.4,60.69,21.8,4.7,20.84,22.4,3.01,43.77
2026-07-09 04:37:05,21.05,323.7,75.91,19.5,15.85,18.07,16.85,37.43,47.58
2026-07-09 04:42:47,21.49,344.5,80.14,34.2,18.09,23.76,16.59,3.39,50.87
2026-07-09 04:54:11,21.63,356.4,78.84,16.2,11.25,30.09,13.29,1.86,47.22
2026-07-09 05:03:26,21.49,347.4,62.89,38.6,8.08,25.83,11.43,4.82,47.16
2026-07-09 05:12:13,21.64,349.6,64.63,16.5,7.01,22.08,12.31,10.67,48.33
2026-07-09 05:19:06,21.74,387.7,64.73,5.5,9.67,19.78,15.9,2.09,50.79
2026-07-09 05:30:12,21.73,370.6,56.6,27.9,10.46,24.15,11.03,2.13,48.74
2026-07-09 05:42:52,21.92,396.1,48.49,27.5,15.37,30.59,22.03,3.13,50.24
2026-07-09 05:55:45,21.59,311.0,47.43,15.4,10.94,24.82,18.62,0.74,50.8
2026-07-09 06:07:23,21.76,440.3,53.13,34.6,14.79,14.55,13.52,5.84,48.4
2026-07-09 06:16:53,21.26,411.9,57.47,24.9,12.19,30.76,14.35,1.24,52.33
2026-07-09 06:23:18,22.96,429.0,54.4,5.9,3.16,17.74,15.39,12.53,51.02
2026-07-09 06:30:49,22.85,466.5,68.05,38.7,6.42,26.13,14.43,6.75,50.93
2026-07-09 06:39:50,22.82,475.5,53.64,24.5,10.06,26.75,17.71,0.08,50.82
2026-07-09 06:52:49,23.18,443.3,59.94,17.3,12.82,28.21,13.66,0.16,55.16
2026-07-09 07:01:06,21.77,384.5,79.32,34.6,6.4,20.32,14.64,1.06,48.68
2026-07-09 07:13:44,23.29,455.2,56.8,19.6,11.86,25.13,20.13,16.32,52.19
2026-07-09 07:27:38,21.95,475.6,68.94,7.0,6.82,23.21,18.82,16.33,50.21
2026-07-09 07:39:23,24.14,498.5,77.81,23.9,3.78,24.96,16.51,0.35,54.71
2026-07-09 07:44:54,23.42,485.8,74.76,32.6,11.23,20.82,14.58,0.71,52.68
2026-07-09 07:53:52,23.33,506.1,68.27,7.0,10.69,19.23,17.04,0.75,51.47
2026-07-09 08:04:43,24.23,553.5,84.2,36.3,18.09,35.26,14.07,3.33,53.74
2026-07-09 08:10:17,23.39,496.0,97.25,22.7,8.65,28.39,14.04,0.94,54.51
2026-07-09 08:15:34,23.25,501.3,100.86,17.4,8.58,25.73,22.67,1.3,57.64
2026-07-09 08:28:14,24.02,536.6,78.94,11.6,9.34,24.44,19.58,1.6,51.9
2026-07-09 08:39:58,23.92,569.1,83.07,32.0,10.15,28.29,21.16,0.74,55.19
2026-07-09 08:48:49,24.8,565.3,106.6,36.2,12.16,25.19,11.15,0.74,51.84
2026-07-09 08:59:19,23.49,568.6,89.48,28.7,4.72,33.17,14.81,0.15,53.5
2026-07-09 09:08:41,23.99,530.5,101.7,6.1,11.28,21.48,20.27,2.44,51.88
2026-07-09 09:16:44,23.63,559.1,80.05,21.2,10.12,26.04,17.03,3.99,55.55
2026-07-09 09:24:01,25.0,519.5,100.81,30.6,11.98,29.28,8.9,9.64,59.85
2026-07-09 09:38:07,23.47,606.0,84.13,5.7,9.59,23.69,8.85,1.26,53.16
2026-07-09 09:52:57,24.22,599.5,76.01,11.6,11.55,35.62,15.31,2.86,52.2
2026-07-09 10:03:49,25.11,582.8,105.23,35.8,10.49,29.5,17.76,1.92,54.29
2026-07-09 10:11:04,23.91,619.3,89.22,22.4,10.66,25.07,23.06,0.95,53.42
2026-07-09 10:19:43,25.01,672.3,106.12,15.0,6.19,29.39,16.9,4.63,52.53
2026-07-09 10:31:16,24.82,623.6,118.19,13.2,9.19,17.68,20.6,17.22,54.66
2026-07-09 10:41:12,24.46,593.0,110.09,16.5,7.0,30.45,17.23,4.55,57.39
2026-07-09 10:46:54,25.43,634.3,107.98,6.4,12.41,27.31,14.64,7.09,55.93
2026-07-09 10:58:55,24.9,606.6,105.68,12.7,10.06,17.75,12.9,3.44,54.21
2026-07-09 11:05:03,24.95,617.3,128.3,5.8,11.74,20.13,15.91,2.31,56.84
2026-07-09 11:18:39,25.0,670.3,103.69,29.2,11.21,25.31,10.96,13.06,56.09
2026-07-09 11:32:26,24.82,648.5,104.59,37.0,11.7,18.82,18.55,2.27,57.67
2026-07-09 11:43:52,24.54,639.2,123.66,37.9,8.69,20.59,16.52,4.6,57.23
2026-07-09 11:53:08,24.85,636.0,125.0,22.2,10.9,28.52,14.29,4.46,53.37
2026-07-09 12:00:35,25.32,633.7,109.75,31.9,12.96,25.81,10.95,10.46,55.41
2026-07-09 12:05:46,25.39,645.6,117.36,36.7,15.74,11.3,10.82,12.06,59.42
2026-07-09 12:17:34,24.94,636.5,98.09,22.2,7.59,29.51,11.44,22.35,54.61
2026-07-09 12:23:22,25.75,608.1,116.73,5.8,7.42,25.23,12.83,3.07,52.85
2026-07-09 12:35:53,25.36,660.8,107.26,39.9,10.17,24.38,15.99,2.79,54.87
2026-07-09 12:47:36,24.98,690.4,118.42,28.8,10.23,23.51,19.33,2.22,56.05
2026-07-09 13:01:03,24.37,634.1,99.19,23.3,12.03,23.47,11.86,7.26,55.01
2026-07-09 13:12:54,24.33,663.7,92.23,18.3,11.48,29.38,13.73,5.59,53.84
2026-07-09 13:20:02,23.8,646.8,100.69,38.4,10.84,31.72,6.45,20.96,52.19
2026-07-09 13:26:49,24.83,575.6,107.64,38.9,9.96,28.81,10.79,2.52,58.53
2026-07-09 13:32:02,25.43,605.9,114.64,31.2,14.89,19.11,11.4,0.66,54.42
2026-07-09 13:45:57,25.09,585.7,118.64,38.6,8.77,23.16,13.99,1.05,54.48
2026-07-09 13:55:55,25.1,646.0,118.24,20.2,10.32,18.28,16.04,11.57,52.78
2026-07-09 14:05:11,24.34,607.5,98.06,26.9,7.11,26.11,13.77,11.82,54.14
2026-07-09 14:13:01,24.73,643.7,117.4,13.0,14.18,24.95,13.95,5.84,53.1
2026-07-09 14:20:18,24.08,603.7,95.77,33.6,12.57,33.61,21.22,0.12,56.3
2026-07-09 14:35:10,23.76,588.5,105.66,11.1,7.34,26.05,24.24,5.14,52.67
2026-07-09 14:45:35,25.53,567.6,97.62,17.0,9.61,18.41,12.74,1.06,52.53
2026-07-09 14:54:42,24.23,571.1,89.6,7.2,9.86,26.26,13.57,1.54,53.21
2026-07-09 15:09:29,23.54,557.2,79.42,18.2,10.97,18.3,4.32,1.71,58.55
2026-07-09 15:16:27,24.15,592.0,82.87,6.6,10.56,18.47,17.11,1.8,49.23
2026-07-09 15:21:45,24.77,582.4,94.17,21.0,8.62,22.02,12.24,1.57,53.1
2026-07-09 15:33:59,23.69,560.4,88.33,33.6,7.21,19.24,12.88,0.96,53.61
2026-07-09 15:41:43,23.54,501.6,74.57,16.6,10.95,23.89,20.55,3.02,53.44
2026-07-09 15:47:59,23.87,507.7,92.13,35.5,8.76,28.85,16.14,2.18,52.72
2026-07-09 15:56:59,23.5,618.0,74.61,32.6,1.41,23.3,12.48,0.53,53.42
2026-07-09 16:07:04,23.67,513.0,81.86,6.2,12.95,28.34,15.15,0.55,53.99
2026-07-09 16:18:10,24.08,495.8,70.98,32.5,10.62,24.83,16.24,11.18,50.91
2026-07-09 16:30:28,22.64,490.1,78.55,33.0,2.79,35.85,20.18,0.76,48.79
2026-07-09 16:42:56,22.75,488.7,62.79,20.3,9.44,25.78,11.65,1.43,54.03
2026-07-09 16:50:41,22.81,462.9,55.49,21.8,8.97,22.03,6.97,2.11,50.38
2026-07-09 16:58:36,22.74,456.9,70.63,14.4,9.03,23.69,19.19,1.34,50.16
2026-07-09 17:13:02,21.98,438.1,67.4,26.7,13.28,20.55,13.61,3.59,50.78
2026-07-09 17:21:20,21.87,465.6,52.97,12.1,8.17,17.53,12.02,3.68,49.73
2026-07-09 17:36:04,23.48,439.7,49.57,28.1,14.11,21.12,17.02,0.63,47.51
2026-07-09 17:42:04,22.96,461.5,53.46,15.6,0.94,27.29,12.71,10.07,51.56
2026-07-09 17:47:50,22.25,408.9,75.13,27.7,12.18,16.03,14.74,0.75,50.28
2026-07-09 17:57:08,21.55,386.6,66.27,10.5,10.36,23.51,11.56,9.12,49.7
2026-07-09 18:09:20,21.63,421.2,50.39,23.7,9.8,22.23,18.2,0.95,51.24
2026-07-09 18:21:41,21.67,436.4,44.81,11.3,5.53,30.67,9.33,0.18,50.65
2026-07-09 18:32:32,22.66,449.9,62.06,28.5,9.48,24.12,9.51,10.26,50.04
2026-07-09 18:38:15,21.47,396.0,56.23,38.1,7.94,22.19,13.7,2.36,49.28
2026-07-09 18:43:54,21.11,345.5,63.49,11.8,11.49,13.71,15.55,2.55,48.06
2026-07-09 18:52:02,21.65,355.0,62.57,31.3,13.41,24.69,16.27,0.93,49.24
2026-07-09 18:59:30,21.39,325.2,59.18,18.8,10.42,30.55,13.69,5.53,46.53
2026-07-09 19:08:16,20.63,393.2,39.04,24.9,8.8,21.85,23.69,0.08,47.87
2026-07-09 19:18:47,20.85,283.6,70.32,25.5,12.48,25.01,17.19,7.59,48.76
2026-07-09 19:29:03,20.67,337.0,85.9,39.7,9.61,11.22,22.28,4.47,47.07
2026-07-09 19:36:24,21.15,278.3,81.08,12.1,12.18,17.97,14.94,0.44,50.01
2026-07-09 19:51:07,21.42,307.2,79.02,12.8,5.82,26.22,17.82,10.06,44.54
2026-07-09 20:03:33,21.36,284.5,97.99,11.8,9.49,23.76,19.32,1.41,48.23
2026-07-09 20:18:19,19.93,285.5,95.24,12.1,13.37,28.62,11.87,5.51,48.96
2026-07-09 20:27:11,21.13,215.4,83.45,32.4,10.99,27.12,13.38,7.41,45.34
2026-07-09 20:41:33,19.48,219.2,92.21,38.6,10.43,20.14,14.32,0.71,44.74
2026-07-09 20:56:16,19.77,214.0,98.1,38.6,5.73,15.89,11.03,0.55,45.11
2026-07-09 21:05:33,20.3,221.1,100.28,5.3,13.9,28.76,15.76,2.04,48.27
2026-07-09 21:17:54,19.94,297.8,97.45,28.2,11.49,19.03,20.72,0.07,46.57
2026-07-09 21:28:13,20.18,167.3,96.8,23.7,10.52,29.87,10.96,0.32,48.76
2026-07-09 21:39:22,20.08,171.9,99.92,37.5,7.04,31.09,13.08,0.35,46.06
2026-07-09 21:44:55,19.28,159.9,108.65,18.4,10.9,20.31,13.23,5.58,45.71
2026-07-09 21:50:10,19.04,198.7,107.24,11.3,12.37,24.53,16.06,2.85,41.9
2026-07-09 22:00:03,19.17,157.8,102.24,35.7,13.78,21.61,11.21,4.52,44.21
2026-07-09 22:09:47,19.18,188.5,85.54,15.5,11.91,27.32,14.96,11.63,48.04
2026-07-09 22:17:11,19.38,136.8,90.5,8.8,13.6,21.77,20.43,7.63,47.67
2026-07-09 22:27:14,19.12,140.8,107.44,13.6,5.11,24.41,12.91,5.04,46.51
2026-07-09 22:36:45,19.29,99.1,105.61,12.8,6.46,32.27,12.23,2.46,45.46
2026-07-09 22:46:42,19.67,144.0,122.59,29.6,8.19,29.4,13.38,5.25,47.54
2026-07-09 23:00:10,18.71,165.0,108.76,5.6,9.62,30.3,14.46,6.61,43.9
2026-07-09 23:13:40,19.98,210.1,119.3,26.8,12.22,32.0,15.11,7.96,44.1
2026-07-09 23:21:21,18.74,159.3,119.45,20.7,7.12,27.73,17.41,2.24,40.4
2026-07-09 23:31:25,19.05,212.8,107.04,34.3,3.94,33.47,18.63,6.57,44.27
2026-07-09 23:39:50,19.6,182.2,126.09,39.8,11.58,28.58,10.24,4.35,42.55
2026-07-09 23:50:05,18.58,218.0,101.35,39.7,10.13,30.22,17.63,2.75,44.88
2026-07-10 00:03:37,18.56,172.4,107.47,18.9,10.52,21.92,10.28,4.45,43.06
2026-07-10 00:12:20,18.97,197.4,98.44,38.5,8.32,22.49,20.82,12.24,46.39
2026-07-10 00:21:50,19.62,150.9,100.98,23.2,14.27,33.33,21.07,0.88,44.22
2026-07-10 00:29:40,19.12,187.2,129.79,6.3,9.71,29.53,14.2,0.2,42.07
2026-07-10 00:43:40,18.34,123.2,101.98,23.1,11.75,25.56,9.7,0.23,45.68
2026-07-10 00:56:14,18.78,169.6,105.08,22.3,12.14,31.64,15.02,2.93,42.42
2026-07-10 01:09:02,18.43,141.3,93.73,7.5,11.37,26.03,16.18,13.01,45.1
2026-07-10 01:16:34,18.38,162.9,94.9,30.1,9.21,31.17,17.98,2.49,46.87
2026-07-10 01:27:09,18.95,127.2,108.21,9.9,14.47,17.97,20.54,3.78,40.89
2026-07-10 01:35:50,19.41,157.4,114.87,8.2,9.48,17.33,12.21,1.91,42.92
2026-07-10 01:45:57,19.04,182.9,85.4,28.8,11.44,20.17,20.52,1.48,44.8
2026-07-10 02:00:27,19.18,150.7,122.89,18.5,13.01,28.26,17.5,0.37,42.63
2026-07-10 02:11:44,18.56,240.4,85.36,12.6,11.86,23.15,20.04,0.58,46.66
2026-07-10 02:18:27,19.12,225.9,117.56,8.6,11.39,18.97,20.87,0.06,47.21
2026-07-10 02:23:55,19.77,174.6,103.35,18.3,8.85,20.76,6.58,27.39,47.41
2026-07-10 02:31:35,19.76,203.5,101.81,39.9,7.9,31.0,16.61,12.69,46.88
2026-07-10 02:45:10,19.67,215.7,99.59,33.1,8.16,24.95,3.86,4.87,46.11
2026-07-10 02:50:37,20.07,161.9,91.37,34.6,9.18,29.95,13.44,7.19,46.59
2026-07-10 03:03:22,19.28,245.0,98.62,31.1,10.73,20.82,11.23,6.01,44.43
2026-07-10 03:15:14,19.86,252.5,96.42,37.0,9.54,21.08,19.22,1.1,45.92
2026-07-10 03:24:47,20.99,280.1,112.58,24.2,12.95,28.05,12.56,6.84,47.14
2026-07-10 03:37:48,20.3,228.0,95.48,31.3,7.3,25.02,9.37,1.0,45.16
2026-07-10 03:49:17,19.94,236.5,81.1,16.5,8.31,20.39,15.85,0.49,46.1
2026-07-10 03:56:55,20.44,245.2,67.97,38.4,12.03,31.04,18.7,8.48,44.38
2026-07-10 04:07:02,20.86,303.7,66.35,37.7,2.82,27.67,15.51,2.19,46.11
2026-07-10 04:17:08,20.45,269.9,65.52,36.9,8.07,24.1,16.74,1.68,46.12
2026-07-10 04:22:12,20.55,306.8,81.66,31.3,12.81,19.9,16.73,0.15,45.57
2026-07-10 04:28:24,21.92,335.5,63.93,29.0,10.13,18.28,12.14,3.42,48.87
2026-07-10 04:41:01,20.41,340.4,66.74,26.8,14.16,24.85,15.99,4.75,48.24
2026-07-10 04:50:16,21.44,302.1,59.94,14.9,16.26,26.33,13.05,2.39,48.98
2026-07-10 04:55:46,20.76,393.2,50.71,9.7,5.29,19.45,17.95,4.42,49.99
2026-07-10 05:06:07,20.53,348.1,80.36,11.3,11.91,20.96,14.79,8.44,49.65
2026-07-10 05:18:50,21.22,349.0,57.26,19.1,17.5,31.51,14.75,5.1,51.48
2026-07-10 05:28:31,21.23,349.0,64.01,38.3,12.79,26.69,10.37,0.05,48.55
2026-07-10 05:41:26,22.11,370.0,55.15,35.1,15.16,20.71,10.7,1.35,48.67
2026-07-10 05:55:50,21.8,353.5,55.18,9.5,7.11,28.31,9.03,5.21,50.09
2026-07-10 06:10:49,22.63,407.6,69.77,20.8,12.27,29.99,15.9,5.4,50.98
2026-07-10 06:18:07,22.22,380.5,62.22,32.2,14.51,25.03,15.8,4.2,50.52
2026-07-10 06:30:09,21.84,466.4,79.86,15.5,5.22,28.16,14.86,20.22,55.43
2026-07-10 06:41:03,22.37,385.7,81.12,19.5,8.47,13.43,14.55,1.63,52.32
2026-07-10 06:54:45,23.22,478.1,72.36,12.6,10.2,16.61,12.67,8.26,55.32
2026-07-10 07:07:25,23.15,499.1,55.95,14.3,7.38,17.51,15.83,3.18,51.45
2026-07-10 07:16:56,23.53,465.8,69.51,5.9,5.81,31.37,14.19,8.8,49.47
2026-07-10 07:29:34,23.78,472.5,75.06,15.4,13.09,31.57,16.61,5.02,49.85
2026-07-10 07:38:48,23.05,522.3,69.9,29.6,14.21,26.61,13.03,3.86,51.5
2026-07-10 07:43:53,23.16,532.2,61.64,13.2,8.8,35.2,24.69,0.34,53.32
2026-07-10 07:49:11,23.26,517.9,77.33,11.5,15.23,21.28,17.31,1.21,53.83
2026-07-10 08:01:45,23.48,567.3,51.92,27.1,12.33,26.0,12.09,2.42,53.28
2026-07-10 08:09:16,23.24,469.9,80.29,16.9,6.09,21.35,10.21,3.72,54.72
2026-07-10 08:19:04,23.9,580.4,97.16,29.2,6.86,31.18,18.82,0.52,50.78
2026-07-10 08:29:58,24.25,550.3,76.4,14.8,8.55,30.56,16.91,1.4,52.46
2026-07-10 08:37:21,23.63,567.5,66.63,31.8,9.37,27.49,13.65,2.96,58.43
2026-07-10 08:52:10,24.0,593.3,82.17,21.5,7.88,26.0,11.61,0.99,53.74
2026-07-10 09:04:40,24.25,547.3,110.67,6.4,12.1,28.39,18.28,0.47,57.11
2026-07-10 09:13:01,24.48,615.0,81.97,18.6,10.17,33.25,22.98,8.4,56.93
2026-07-10 09:25:23,24.15,598.4,96.3,35.0,13.98,27.61,16.35,1.0,57.52
2026-07-10 09:38:56,24.43,586.8,93.04,28.2,9.9,27.53,11.67,1.48,52.86
2026-07-10 09:52:43,24.29,595.9,86.92,16.2,12.47,29.9,17.99,6.01,55.74
2026-07-10 10:03:34,24.57,617.8,108.02,12.4,7.65,32.78,17.98,6.78,57.8
2026-07-10 10:17:49,24.08,605.1,99.11,37.4,10.93,31.99,23.15,3.99,56.05
2026-07-10 10:29:08,24.38,627.0,121.5,25.8,10.1,24.24,14.03,1.92,55.08
2026-07-10 10:40:58,25.45,674.6,101.74,29.4,9.83,15.77,12.46,2.71,56.26
2026-07-10 10:48:07,25.2,600.2,120.64,30.8,10.02,25.19,12.78,6.98,57.81
2026-07-10 11:00:46,24.89,635.7,86.6,17.8,5.26,28.0,18.66,3.2,54.06
2026-07-10 11:12:13,24.46,646.4,112.83,11.5,9.58,20.98,16.09,3.88,53.65
2026-07-10 11:17:18,24.92,647.5,103.83,15.4,10.61,30.35,15.69,6.47,53.76
2026-07-10 11:29:37,24.4,596.6,114.29,27.1,11.28,24.16,5.69,1.78,55.38
2026-07-10 11:36:47,25.29,580.7,100.83,25.9,11.32,24.91,12.4,4.24,61.0
2026-07-10 11:50:46,25.18,679.2,127.06,36.9,18.77,30.1,13.13,6.03,54.27
2026-07-10 11:58:04,25.62,604.6,106.45,29.0,11.52,25.19,12.94,0.31,61.87
2026-07-10 12:07:31,24.73,584.2,108.13,33.2,12.28,19.04,15.13,11.63,56.93
2026-07-10 12:21:40,24.9,613.4,100.08,25.7,9.58,24.64,6.84,0.13,55.33
2026-07-10 12:27:27,25.03,624.2,97.32,16.8,11.15,22.96,16.7,0.04,53.92
2026-07-10 12:42:26,24.49,653.5,105.05,22.9,13.33,25.75,14.92,4.92,53.44
2026-07-10 12:51:19,25.38,688.2,107.35,20.1,12.29,23.88,21.13,10.57,52.59
2026-07-10 13:01:20,26.04,628.2,96.27,25.5,11.45,29.31,14.45,11.34,58.31
2026-07-10 13:08:55,24.37,617.8,111.87,10.1,6.2,25.3,12.39,11.65,53.76
2026-07-10 13:22:04,24.44,582.1,112.21,33.3,7.69,22.27,10.75,0.86,56.52
2026-07-10 13:36:24,24.21,627.6,91.67,19.3,6.87,23.04,6.83,2.61,55.9
2026-07-10 13:45:50,24.71,603.7,119.83,6.8,14.73,30.58,11.01,4.32,57.09
2026-07-10 13:57:30,25.22,620.5,123.27,31.9,10.44,25.98,14.81,2.97,54.03
2026-07-10 14:12:19,24.53,598.6,103.96,31.7,9.58,16.74,15.59,0.22,52.9
2026-07-10 14:17:56,24.25,600.1,115.68,19.8,8.88,25.2,12.51,8.49,55.54
2026-07-10 14:29:15,25.95,585.3,98.43,30.2,14.19,26.97,18.0,15.53,56.02
2026-07-10 14:42:16,24.47,542.6,91.8,20.5,9.95,25.19,15.52,12.9,54.35
2026-07-10 14:50:22,24.55,629.4,95.72,6.3,3.91,29.23,17.55,9.02,53.45
2026-07-10 14:58:51,24.16,638.2,104.3,23.9,6.45,22.62,12.9,0.27,50.32
2026-07-10 15:05:10,24.59,613.7,88.06,7.3,13.41,21.95,17.39,1.09,53.94
2026-07-10 15:11:53,24.49,541.7,81.89,39.9,9.4,18.58,13.37,4.23,56.38
2026-07-10 15:22:01,24.21,572.3,68.83,29.8,9.75,30.0,12.66,2.3,52.58
2026-07-10 15:36:28,24.65,494.6,73.47,21.2,10.73,23.91,17.23,5.29,53.27
2026-07-10 15:47:16,22.97,541.0,69.13,18.4,10.41,25.06,17.02,13.22,52.28
2026-07-10 15:55:08,22.93,499.1,99.36,6.1,3.78,21.47,13.86,8.21,53.44
2026-07-10 16:00:12,23.62,526.1,90.93,18.8,0.38,25.62,17.34,0.83,55.07
2026-07-10 16:09:41,23.29,531.8,72.01,33.1,9.42,21.25,13.68,5.01,53.79
2026-07-10 16:17:57,23.14,491.6,73.29,17.1,15.95,27.03,20.32,4.94,49.87
2026-07-10 16:24:41,23.45,491.6,69.46,6.2,8.37,38.15,20.09,0.92,55.86
2026-07-10 16:36:11,23.75,477.0,74.54,28.7,8.35,24.12,9.05,2.4,49.64
2026-07-10 16:46:55,23.35,507.3,69.58,9.2,12.71,22.68,10.16,2.54,55.9
2026-07-10 16:52:54,23.26,485.7,73.86,17.7,8.86,16.49,12.67,3.92,56.48
2026-07-10 17:05:01,23.15,452.5,61.38,19.0,13.09,25.97,12.27,3.27,48.33
2026-07-10 17:13:29,22.82,407.9,66.3,6.4,12.97,27.25,8.75,9.71,46.9
2026-07-10 17:27:22,22.15,460.5,52.66,13.6,5.06,18.28,12.82,14.63,50.9
2026-07-10 17:36:16,22.34,464.8,57.84,28.8,9.85,24.09,10.35,3.75,52.62
2026-07-10 17:46:28,23.07,366.1,45.23,11.9,14.4,25.31,13.54,2.01,49.73
2026-07-10 17:59:33,21.89,405.3,48.84,8.6,13.41,26.78,19.29,5.48,51.38
2026-07-10 18:11:50,21.9,327.2,51.77,22.0,11.8,26.16,21.1,13.95,50.76
2026-07-10 18:24:52,22.13,364.6,53.52,24.0,8.82,31.15,13.15,11.9,51.03
2026-07-10 18:30:31,21.76,384.4,70.43,14.2,10.44,29.63,10.76,1.13,45.69
2026-07-10 18:44:51,21.65,393.1,58.77,27.6,8.1,27.67,16.24,1.8,49.17
2026-07-10 18:58:19,20.98,297.4,63.65,12.1,9.25,21.72,12.96,0.75,47.43
2026-07-10 19:07:09,20.61,332.5,48.82,33.8,6.97,22.35,10.92,5.32,46.99
2026-07-10 19:19:29,22.01,322.1,69.14,27.2,8.48,24.78,21.46,12.01,48.6
2026-07-10 19:25:07,20.9,308.2,69.99,19.7,6.2,20.51,18.33,2.07,49.15
2026-07-10 19:31:09,20.81,294.5,68.24,13.5,8.55,20.01,13.71,7.59,49.79
2026-07-10 19:41:08,20.46,265.4,78.5,11.9,9.71,35.0,14.16,1.14,48.17
2026-07-10 19:51:39,21.36,273.8,87.22,16.0,11.38,37.34,16.64,14.25,46.82
2026-07-10 20:01:11,20.63,250.3,85.17,32.0,5.4,14.97,12.03,1.7,49.01
2026-07-10 20:09:18,19.84,200.7,89.56,19.4,11.91,21.61,15.36,1.56,46.53
2026-07-10 20:23:42,19.72,215.7,85.24,20.4,9.75,25.98,24.07,2.57,45.71
2026-07-10 20:35:25,19.94,261.2,83.76,23.1,11.89,25.52,14.78,4.43,46.56
2026-07-10 20:41:36,19.86,245.8,89.45,11.5,9.84,25.57,20.62,6.07,48.73
2026-07-10 20:49:52,19.92,246.4,80.36,19.6,12.33,19.93,19.94,1.61,44.59
2026-07-10 20:58:59,19.86,190.9,86.48,8.2,6.75,25.89,13.73,10.45,46.95
2026-07-10 21:12:47,19.84,177.8,84.9,15.2,10.84,27.68,15.79,1.14,47.16
2026-07-10 21:21:54,20.29,252.5,101.35,6.3,8.5,26.49,15.48,6.58,46.29
2026-07-10 21:28:41,20.02,218.1,97.3,9.5,10.06,25.28,12.51,5.14,47.29
2026-07-10 21:36:26,19.68,206.9,93.02,5.7,10.5,23.49,11.66,2.49,45.71
2026-07-10 21:43:37,20.1,172.4,104.01,10.7,12.13,16.94,14.52,1.65,47.48
2026-07-10 21:57:52,19.54,251.9,108.75,17.3,10.09,14.5,19.64,2.67,48.09
2026-07-10 22:04:40,19.45,224.8,101.63,31.8,13.85,21.99,12.98,1.4,46.72
2026-07-10 22:17:21,18.84,194.8,111.69,24.2,9.64,25.76,20.22,1.6,45.61
2026-07-10 22:31:25,18.96,126.0,105.65,26.6,8.03,33.28,15.09,0.15,48.25
2026-07-10 22:43:46,19.23,210.0,94.02,10.7,10.68,22.17,13.07,7.59,43.93
2026-07-10 22:55:09,18.57,129.9,106.4,36.1,10.07,18.81,13.59,5.99,47.71
2026-07-10 23:05:04,18.24,156.2,115.36,28.6,8.07,21.82,14.97,3.94,43.78
2026-07-10 23:17:26,19.22,164.8,105.79,15.0,11.99,27.12,7.67,2.23,42.81
2026-07-10 23:25:48,19.94,198.6,97.53,14.2,14.74,33.16,11.31,1.04,46.44
2026-07-10 23:33:08,18.03,156.5,109.39,26.5,9.32,17.03,7.32,3.97,42.85
2026-07-10 23:42:56,18.85,212.8,105.11,14.3,7.53,30.93,20.4,2.65,43.43
2026-07-10 23:51:47,18.96,150.0,111.66,17.0,6.5,29.86,22.81,0.77,43.29
2026-07-11 00:00:41,18.79,130.7,114.29,17.7,12.9,30.34,19.1,5.35,46.53
2026-07-11 00:14:42,19.66,166.2,124.43,34.8,11.58,24.6,13.83,1.76,47.01
2026-07-11 00:23:58,19.7,141.4,89.19,25.3,11.29,24.01,23.14,1.63,45.19
2026-07-11 00:36:45,19.24,164.5,112.62,29.7,9.43,29.03,14.97,6.43,43.93
2026-07-11 00:43:57,19.0,164.4,108.03,18.5,5.46,28.39,18.91,12.43,47.13
2026-07-11 00:50:24,19.34,208.7,99.77,8.8,7.73,26.81,21.42,7.49,45.25
2026-07-11 00:56:22,19.38,189.4,108.48,26.7,6.98,20.83,11.58,0.08,44.54
2026-07-11 01:07:45,18.51,177.8,103.66,23.4,6.05,23.26,7.82,1.99,47.33
2026-07-11 01:19:55,19.34,179.2,103.76,38.7,14.69,12.46,7.85,0.3,44.44
2026-07-11 01:27:41,19.01,181.4,99.57,30.6,8.26,25.48,15.51,0.78,42.71
2026-07-11 01:38:18,19.73,196.1,86.34,12.4,12.04,30.16,11.72,3.3,42.55
2026-07-11 01:44:08,19.54,173.9,91.12,29.0,8.0,23.76,8.02,5.4,43.3
2026-07-11 01:57:55,18.99,223.1,97.81,33.5,10.49,30.31,17.36,11.8,44.22
2026-07-11 02:07:45,19.07,181.3,100.45,30.6,13.18,25.6,16.14,9.12,47.66
2026-07-11 02:18:32,19.49,234.7,95.05,20.5,5.05,27.26,22.37,6.87,46.66
2026-07-11 02:28:36,19.93,185.6,110.44,26.5,9.25,25.92,14.24,6.0,44.21
2026-07-11 02:42:28,19.51,203.9,92.91,33.9,8.46,29.22,15.62,26.47,47.2
2026-07-11 02:56:28,19.81,213.3,88.91,34.6,11.91,27.0,15.62,4.58,44.09
2026-07-11 03:08:21,19.87,188.4,92.06,15.0,15.53,23.38,12.11,0.43,45.23
2026-07-11 03:14:22,20.24,254.5,83.55,32.2,9.6,17.43,17.08,1.23,46.97
2026-07-11 03:26:09,20.55,239.4,108.72,18.4,12.38,19.98,7.41,4.43,48.1
2026-07-11 03:31:49,20.12,275.9,89.12,32.2,8.38,28.28,21.97,5.36,46.36
2026-07-11 03:42:46,21.29,333.3,89.01,10.3,13.65,25.18,22.55,17.92,48.74
2026-07-11 03:52:53,20.33,244.3,87.07,27.6,8.57,21.77,16.99,0.77,45.07
2026-07-11 04:04:47,20.0,308.9,60.09,6.6,10.26,25.51,12.91,0.95,47.2
2026-07-11 04:14:36,20.85,250.6,80.44,25.6,8.85,16.64,15.54,15.91,44.02
2026-07-11 04:23:47,20.91,307.9,69.19,35.1,11.85,19.54,18.46,0.5,47.6
2026-07-11 04:30:12,19.88,251.1,75.2,24.7,3.65,22.42,18.83,5.15,50.58
2026-07-11 04:43:29,20.72,311.9,74.92,8.2,10.99,27.5,7.92,4.81,45.77
2026-07-11 04:57:13,21.22,304.0,64.8,11.4,16.3,16.71,14.41,2.62,47.55
2026-07-11 05:07:33,20.76,362.5,39.91,18.5,15.29,21.3,10.04,1.67,47.45
2026-07-11 05:18:52,22.04,406.0,61.48,37.6,11.49,28.92,9.42,4.99,51.33
2026-07-11 05:28:58,21.42,311.9,48.23,33.1,7.65,12.58,13.2,3.18,52.18
2026-07-11 05:43:08,22.17,390.2,48.29,29.8,10.54,33.53,15.72,1.4,50.49
2026-07-11 05:52:59,22.46,422.7,47.61,6.8,6.79,24.25,11.77,1.85,51.62
2026-07-11 05:58:16,21.56,455.3,41.12,25.0,6.8,17.08,14.04,4.67,52.53
2026-07-11 06:09:11,22.43,421.2,51.52,21.6,7.87,21.06,12.42,18.02,50.18
2026-07-11 06:14:18,22.21,392.1,46.94,6.8,7.8,26.76,17.74,0.15,50.42
2026-07-11 06:20:56,22.28,386.6,41.07,8.0,12.14,29.78,14.08,6.75,50.06
2026-07-11 06:28:12,22.46,421.1,69.8,12.5,12.43,24.71,16.93,5.41,48.57
2026-07-11 06:39:16,22.84,456.6,52.75,13.5,17.32,25.87,5.79,9.13,49.85
2026-07-11 06:44:28,23.23,435.7,44.49,17.3,11.33,27.84,16.36,0.3,53.53
2026-07-11 06:53:56,23.18,413.5,49.89,22.9,10.12,34.38,17.17,1.17,49.84
2026-07-11 07:08:52,21.84,491.0,67.99,5.1,13.98,22.53,16.48,3.1,50.04
2026-07-11 07:15:23,22.65,490.3,63.57,22.7,6.83,30.58,18.82,4.53,48.45
2026-07-11 07:25:18,23.19,508.4,71.49,10.1,13.18,29.21,20.26,0.62,53.09
2026-07-11 07:39:54,22.77,478.4,84.98,24.4,13.48,29.77,11.43,11.7,56.3
2026-07-11 07:46:11,23.2,499.4,90.48,26.5,11.1,21.99,6.99,11.72,56.21
2026-07-11 07:53:05,22.86,488.3,74.09,26.5,10.7,35.38,16.88,3.67,54.77
2026-07-11 08:07:11,24.29,561.2,97.09,24.3,9.49,21.94,11.89,1.97,54.73
2026-07-11 08:17:05,23.42,535.4,80.56,9.6,7.48,24.23,14.27,0.33,49.11
2026-07-11 08:25:14,23.47,559.0,76.26,6.6,7.89,21.84,15.92,3.43,50.04
2026-07-11 08:35:38,23.07,554.2,97.14,32.4,7.56,21.81,15.46,0.05,51.17
2026-07-11 08:47:46,23.34,519.0,89.73,9.6,12.59,22.49,13.12,2.04,54.47
2026-07-11 08:53:45,23.43,562.5,83.46,22.5,12.27,26.21,8.3,18.26,50.92
2026-07-11 09:03:01,24.72,551.4,84.83,7.3,8.49,17.1,15.45,1.23,54.17
2026-07-11 09:11:27,24.93,599.9,93.39,12.2,10.97,24.67,14.9,2.18,54.97
2026-07-11 09:20:21,24.75,587.6,95.24,17.6,7.17,24.01,17.24,1.93,57.43
2026-07-11 09:32:48,24.72,576.0,101.52,7.4,12.45,34.52,10.53,30.84,52.53
2026-07-11 09:46:12,24.72,615.0,124.8,33.0,8.95,26.45,4.2,1.03,54.26
2026-07-11 09:59:40,24.11,642.4,96.84,29.5,9.89,18.65,11.48,7.02,54.01
2026-07-11 10:09:07,24.28,609.1,119.15,31.6,5.8,20.35,12.21,6.29,55.99
2026-07-11 10:14:46,24.14,676.3,119.99,28.8,10.66,24.54,13.53,13.34,58.5
2026-07-11 10:23:27,24.31,613.2,92.03,22.8,9.04,19.25,13.39,1.64,58.54
2026-07-11 10:29:38,25.81,614.7,95.12,33.9,13.61,23.79,17.35,4.47,54.73
2026-07-11 10:41:20,24.61,642.9,114.91,25.4,13.19,31.63,16.14,11.34,58.87
2026-07-11 10:56:15,24.68,617.8,118.22,23.9,9.48,20.64,13.8,0.52,58.77
2026-07-11 11:05:40,25.12,639.7,121.58,7.7,12.25,33.43,9.89,0.12,59.24
2026-07-11 11:19:01,24.99,611.6,119.98,22.8,5.79,30.0,20.4,7.93,60.0
2026-07-11 11:27:51,25.09,610.8,101.57,24.5,14.1,18.6,17.23,9.37,55.14
2026-07-11 11:34:01,24.67,623.9,103.17,24.0,7.67,23.35,16.71,5.45,58.04
2026-07-11 11:42:11,25.78,649.8,96.99,8.8,10.43,12.28,18.72,1.91,52.62
2026-07-11 11:56:53,25.23,586.2,127.02,19.3,8.24,28.01,11.23,0.88,56.71
2026-07-11 12:07:08,25.01,608.1,114.53,24.5,10.88,18.39,15.76,1.24,57.25
2026-07-11 12:18:04,25.08,627.0,114.83,37.1,8.82,30.56,14.35,6.32,56.21
2026-07-11 12:27:05,24.77,614.7,108.01,22.3,9.51,24.56,16.08,9.46,56.7
2026-07-11 12:38:35,24.8,674.5,132.98,17.0,12.88,22.38,19.34,3.57,54.92
2026-07-11 12:52:37,25.42,719.8,104.15,5.8,13.03,32.59,19.23,8.81,55.25
2026-07-11 13:02:44,25.31,619.6,124.66,27.4,11.37,27.29,20.76,7.52,61.15
2026-07-11 13:11:40,24.86,558.8,120.41,34.3,8.51,19.26,14.09,6.2,56.26
2026-07-11 13:24:29,25.44,607.3,104.79,7.4,8.04,20.45,14.16,12.68,56.56
2026-07-11 13:30:25,24.89,697.4,82.72,31.1,10.96,21.19,12.81,0.56,57.77
2026-07-11 13:42:53,24.97,575.1,112.59,35.6,14.84,33.91,16.0,13.6,56.53
2026-07-11 13:48:33,24.8,610.9,105.71,26.0,13.03,27.73,20.62,4.15,53.91
2026-07-11 13:55:11,25.91,620.5,87.42,5.4,10.99,28.18,14.88,1.95,55.58
2026-07-11 14:02:30,24.46,657.6,94.65,16.7,14.03,28.57,16.89,0.19,52.45
2026-07-11 14:14:39,24.25,589.1,110.09,12.7,5.68,30.69,10.77,5.13,52.78
2026-07-11 14:27:22,24.46,586.1,84.13,19.7,12.68,26.49,8.68,0.68,51.96
2026-07-11 14:41:47,24.56,639.0,101.27,13.6,4.24,27.02,15.77,6.58,53.5
2026-07-11 14:53:37,24.71,611.0,112.38,8.0,8.99,19.04,15.49,15.29,53.44
2026-07-11 14:58:59,23.83,529.5,92.35,26.3,11.14,22.05,16.47,0.07,54.01
2026-07-11 15:05:18,25.01,546.1,79.57,23.2,10.41,29.32,22.81,18.41,55.27
2026-07-11 15:16:42,23.47,527.2,89.74,26.2,12.24,32.1,9.52,0.53,53.82
2026-07-11 15:29:55,23.37,537.3,94.19,23.9,9.15,25.9,11.61,6.69,50.52
2026-07-11 15:41:36,23.26,537.7,101.29,7.1,7.88,25.98,16.18,9.86,52.35
2026-07-11 15:55:28,23.37,571.8,80.62,32.6,10.95,25.22,10.63,8.0,54.36
2026-07-11 16:02:43,23.82,519.9,83.94,16.8,6.67,26.28,16.65,1.44,51.24
2026-07-11 16:14:20,23.42,536.0,55.87,35.3,13.51,15.8,17.39,18.74,54.21
2026-07-11 16:28:18,23.24,510.7,81.02,5.3,12.1,21.44,21.09,5.57,49.61
2026-07-11 16:38:44,23.76,492.6,72.26,24.7,7.13,19.94,17.36,0.99,49.63
2026-07-11 16:49:24,23.3,380.0,64.8,31.7,14.0,26.01,15.08,1.72,51.27
2026-07-11 16:57:13,22.95,454.8,70.48,36.4,13.35,33.03,7.68,4.39,54.31
2026-07-11 17:08:37,22.32,481.1,70.72,15.7,5.21,20.79,9.48,1.44,51.12
2026-07-11 17:17:22,23.21,421.5,64.56,35.2,4.42,23.46,12.38,5.33,50.05
2026-07-11 17:25:25,21.96,436.2,55.61,35.6,10.52,29.77,18.08,9.56,53.6
2026-07-11 17:38:56,21.6,384.7,60.96,31.7,9.63,24.5,10.64,0.83,51.85
2026-07-11 17:53:13,22.41,411.2,44.38,21.3,12.28,27.79,12.31,0.61,51.14
2026-07-11 18:03:19,21.73,347.0,35.3,26.9,9.75,20.79,16.66,0.15,45.68
2026-07-11 18:11:28,21.45,399.1,20.88,22.9,12.69,28.57,17.01,2.32,49.85
2026-07-11 18:25:47,22.29,303.4,61.58,38.0,8.13,18.28,16.39,13.14,48.53
2026-07-11 18:33:41,20.98,365.5,56.94,10.7,11.69,27.92,3.16,7.58,48.99
2026-07-11 18:47:09,20.5,365.3,62.58,16.3,11.7,23.71,18.8,7.11,50.83
2026-07-11 18:55:09,22.01,391.5,63.85,25.6,11.38,24.12,11.5,3.58,50.03
2026-07-11 19:07:46,22.09,363.2,72.43,19.4,10.68,25.08,14.59,1.57,47.33
2026-07-11 19:19:03,21.31,325.3,95.1,13.6,6.1,26.66,18.69,0.18,48.98
2026-07-11 19:33:17,20.08,335.5,87.25,28.8,10.35,26.83,18.54,2.66,44.74
2026-07-11 19:40:05,21.07,275.0,78.7,34.7,11.97,23.31,16.65,1.33,48.35
2026-07-11 19:50:02,20.65,280.6,80.52,7.0,15.18,26.9,15.93,4.35,49.32
2026-07-11 20:04:18,20.47,258.9,86.4,5.3,16.63,19.88,20.33,2.21,50.34
2026-07-11 20:15:59,20.75,244.7,71.46,12.9,11.78,23.76,15.68,8.29,45.97
2026-07-11 20:25:19,20.46,246.9,86.31,38.9,9.75,27.32,10.2,0.44,45.98
2026-07-11 20:33:29,20.17,210.7,80.19,11.5,5.69,25.57,16.05,2.05,44.14
2026-07-11 20:45:59,19.57,242.4,82.4,18.9,7.6,26.46,16.14,2.99,45.31
2026-07-11 20:55:05,19.12,257.2,91.18,8.8,11.49,20.98,12.82,9.3,50.58
2026-07-11 21:05:41,20.61,183.6,79.83,26.0,16.77,29.8,23.67,0.39,47.18
2026-07-11 21:11:27,20.27,256.1,90.61,5.5,11.57,26.77,13.55,1.59,43.84
2026-07-11 21:26:08,19.57,244.5,99.2,14.2,11.68,25.77,13.19,6.36,44.36
2026-07-11 21:41:08,20.2,184.8,96.44,6.5,5.62,28.36,17.15,17.91,46.42
2026-07-11 21:48:15,19.44,230.5,92.65,7.4,14.81,25.74,16.22,3.76,45.75
2026-07-11 21:59:10,19.8,215.5,112.74,20.8,8.57,23.83,15.34,0.17,43.51
2026-07-11 22:05:28,18.72,132.5,98.47,12.6,9.11,20.91,7.71,12.54,47.89
2026-07-11 22:13:32,19.77,194.9,98.63,30.2,11.37,24.86,8.43,2.13,43.51
2026-07-11 22:19:25,20.23,216.2,84.74,29.3,8.44,27.65,14.0,0.64,43.91
2026-07-11 22:33:02,19.52,216.7,113.82,12.6,8.01,21.75,18.27,10.95,44.7
2026-07-11 22:45:59,18.46,131.6,104.24,8.3,4.08,27.23,11.6,1.3,41.99
2026-07-11 22:58:25,19.52,128.2,113.2,23.2,11.37,24.35,13.06,6.45,44.44
2026-07-11 23:05:27,19.39,148.4,99.39,10.7,8.25,28.4,13.6,9.88,42.82
2026-07-11 23:12:29,19.34,139.6,103.21,22.1,14.62,21.3,12.14,2.54,40.76
2026-07-11 23:25:31,18.59,143.5,107.89,26.4,8.28,25.79,13.84,4.84,44.81
2026-07-11 23:40:09,19.19,168.9,112.93,36.5,13.28,23.06,13.98,11.28,45.6
2026-07-11 23:51:44,18.3,148.1,112.25,15.5,7.94,27.57,15.66,6.46,43.84
2026-07-12 00:05:08,19.01,224.1,116.41,24.8,2.72,26.3,12.13,1.29,42.5
2026-07-12 00:15:20,19.19,171.7,100.22,37.2,16.63,27.66,11.17,0.59,40.48
2026-07-12 00:26:20,19.7,106.2,117.7,38.2,12.78,27.05,16.29,1.55,44.0
2026-07-12 00:34:20,18.7,194.8,102.26,23.3,5.5,19.98,9.23,8.08,43.96
2026-07-12 00:42:12,19.32,129.0,127.08,30.7,9.93,19.02,14.04,3.49,45.91
2026-07-12 00:52:54,17.67,133.4,107.2,19.6,11.37,29.36,11.9,2.69,46.21
2026-07-12 00:58:30,18.92,239.5,103.82,17.0,12.7,33.41,18.76,3.87,45.41
2026-07-12 01:13:09,19.22,190.6,115.59,23.9,11.39,28.99,17.61,2.31,45.45
2026-07-12 01:18:24,18.76,150.7,131.18,23.5,7.31,31.97,7.43,0.33,41.95
2026-07-12 01:26:22,19.03,219.0,85.02,31.2,16.12,19.97,13.56,6.0,43.22
2026-07-12 01:39:19,20.15,193.7,113.1,11.5,13.02,19.95,15.73,0.73,44.58
2026-07-12 01:46:40,19.61,195.4,113.03,34.9,16.15,19.37,23.5,2.58,43.72
2026-07-12 01:57:46,19.37,187.6,101.31,24.2,14.72,23.26,12.73,0.6,45.0
2026-07-12 02:03:51,19.13,174.6,106.1,31.9,11.23,23.16,16.46,2.34,43.83
2026-07-12 02:18:24,19.26,181.3,72.95,5.9,14.96,30.64,11.83,2.85,41.9
2026-07-12 02:24:20,18.67,161.3,87.32,21.4,7.08,23.09,22.13,3.88,46.7
2026-07-12 02:34:06,20.35,219.0,115.96,10.6,8.48,30.47,14.91,2.84,47.24
2026-07-12 02:45:47,19.86,199.8,89.04,18.7,6.88,18.7,16.62,0.37,45.45
2026-07-12 02:55:03,19.15,242.0,86.28,16.3,14.26,30.29,9.42,7.9,47.01
2026-07-12 03:09:19,19.69,277.2,94.95,27.2,9.21,24.01,18.06,0.74,47.43
2026-07-12 03:21:22,19.99,195.3,105.59,25.3,11.64,33.43,14.07,12.99,46.91
2026-07-12 03:33:29,19.45,242.6,92.51,35.6,15.23,17.5,11.18,0.11,46.26
2026-07-12 03:46:45,19.95,190.7,91.05,21.4,11.61,23.91,23.02,3.44,47.31
2026-07-12 03:53:23,19.15,294.7,72.64,38.2,18.81,21.4,8.5,12.82,49.06
2026-07-12 04:07:50,20.77,214.4,71.94,13.3,16.36,33.76,10.68,2.1,46.82
2026-07-12 04:13:37,20.59,320.3,85.47,36.5,8.43,20.43,10.06,17.18,49.15
2026-07-12 04:20:18,21.12,247.5,72.64,34.1,8.19,22.68,9.64,0.72,46.37
2026-07-12 04:33:12,20.76,244.8,69.38,33.2,8.81,18.11,21.27,7.72,47.81
2026-07-12 04:41:20,21.36,371.5,84.27,21.6,6.63,22.39,21.58,11.92,52.36
2026-07-12 04:53:05,21.33,323.2,46.85,26.8,11.28,33.48,17.29,13.84,50.15
2026-07-12 05:03:11,20.95,324.9,52.34,13.3,10.73,33.45,9.43,5.88,46.21
2026-07-12 05:08:27,21.22,279.0,74.66,36.6,7.32,25.79,17.97,1.02,46.38
2026-07-12 05:14:40,21.93,376.5,64.92,16.9,10.77,25.65,11.52,0.66,47.81
2026-07-12 05:20:08,22.08,350.0,64.6,15.3,7.95,15.89,15.26,3.54,46.95
2026-07-12 05:26:43,20.79,386.8,60.14,36.6,9.54,25.42,10.57,1.47,49.28
2026-07-12 05:34:34,20.92,322.6,59.38,17.3,6.88,22.15,17.09,7.06,48.69
2026-07-12 05:49:33,21.45,367.5,63.96,13.6,6.52,23.8,11.87,3.95,49.0
2026-07-12 05:58:17,22.29,398.5,64.23,19.8,10.38,22.41,16.71,6.16,46.99
2026-07-12 06:12:19,22.17,396.8,40.34,24.8,13.0,30.53,12.94,1.22,50.49
2026-07-12 06:17:59,21.99,459.6,58.98,29.2,8.93,22.37,23.76,5.06,48.98
2026-07-12 06:29:37,22.45,414.1,65.98,26.5,7.48,27.42,9.13,0.34,54.48
2026-07-12 06:35:53,22.31,425.5,52.07,32.4,7.97,25.32,17.07,2.48,51.7
2026-07-12 06:42:24,22.46,484.3,57.4,14.8,11.21,26.54,19.03,2.06,53.93
2026-07-12 06:51:27,22.86,476.6,61.55,17.2,11.42,26.1,18.32,5.02,48.76
2026-07-12 06:58:58,22.01,448.8,62.09,23.4,7.25,24.23,18.25,0.01,54.54
2026-07-12 07:06:10,22.3,434.2,56.26,18.8,7.32,30.42,16.57,4.25,51.53
2026-07-12 07:15:19,23.82,488.5,85.97,5.2,12.83,28.34,16.14,3.58,53.16
2026-07-12 07:21:51,23.49,488.6,77.17,32.1,11.65,22.08,18.7,2.71,53.04
2026-07-12 07:32:56,23.13,494.2,76.98,10.7,13.46,25.11,12.79,1.92,50.04
2026-07-12 07:39:30,22.99,461.4,68.36,12.3,14.16,28.56,16.22,2.62,52.51
2026-07-12 07:54:25,24.21,530.5,72.33,39.5,10.14,31.3,16.03,4.38,52.3
2026-07-12 07:59:48,22.71,510.5,85.37,6.8,7.36,32.26,12.86,20.03,52.8
2026-07-12 08:08:59,24.07,551.7,60.08,36.1,12.71,26.05,17.02,1.15,55.56
2026-07-12 08:17:29,23.07,546.5,76.61,33.7,9.9,22.89,16.09,21.82,51.22
2026-07-12 08:26:09,23.4,591.1,83.2,29.4,13.09,27.25,12.45,0.49,55.78
2026-07-12 08:35:18,23.8,565.4,86.05,33.5,7.94,31.18,11.74,1.89,55.09
2026-07-12 08:46:44,24.09,546.9,85.24,35.9,15.11,20.81,15.71,2.52,52.3
2026-07-12 08:58:06,25.14,531.9,79.21,38.4,10.49,28.99,16.9,6.67,54.29
2026-07-12 09:10:56,24.38,563.1,79.18,30.8,4.45,27.89,7.68,20.48,55.43
2026-07-12 09:16:28,24.8,560.3,74.76,8.5,9.76,19.81,14.69,11.21,51.94
2026-07-12 09:23:22,23.74,538.4,82.37,20.2,10.47,29.16,14.97,5.45,51.96
2026-07-12 09:38:04,24.56,577.5,103.46,16.1,11.5,28.07,17.34,16.31,57.99
2026-07-12 09:47:28,25.04,598.9,110.55,27.1,10.18,31.17,24.29,6.48,52.96
2026-07-12 09:53:09,24.58,615.7,94.43,38.3,9.7,31.52,14.59,1.21,53.77
2026-07-12 09:58:39,25.25,612.1,85.28,26.3,4.6,25.7,18.11,3.13,55.62
2026-07-12 10:12:43,25.11,675.7,120.07,36.2,7.19,35.11,14.08,1.44,58.85
2026-07-12 10:27:28,24.79,633.2,95.73,34.4,9.95,23.87,21.17,7.0,55.23
2026-07-12 10:41:41,24.68,612.7,123.29,5.7,14.2,21.95,12.9,9.25,54.83
2026-07-12 10:56:24,24.88,618.7,118.98,7.4,14.49,19.79,16.88,8.37,57.47
2026-07-12 11:10:11,24.92,659.0,92.17,7.4,9.12,32.17,11.06,6.57,56.66
2026-07-12 11:20:01,24.93,638.9,107.36,26.4,14.62,22.12,18.33,8.75,54.85
2026-07-12 11:34:44,25.3,648.1,111.2,34.2,12.68,17.25,10.43,1.5,56.08
2026-07-12 11:42:04,25.26,635.3,95.46,32.3,11.23,32.53,16.75,11.09,54.78
2026-07-12 11:52:09,23.73,650.3,111.46,30.6,6.86,26.22,13.4,4.51,55.92
2026-07-12 12:02:26,24.35,584.4,120.09,10.8,6.99,15.3,8.8,1.11,57.18
2026-07-12 12:14:42,24.25,626.8,100.63,13.2,4.52,23.09,21.49,0.21,56.89
2026-07-12 12:29:32,24.78,691.8,104.38,28.2,14.71,25.45,20.39,4.95,54.05
2026-07-12 12:42:17,24.59,596.8,99.86,7.3,10.83,30.02,20.24,12.33,55.35
2026-07-12 12:51:49,25.25,556.6,94.72,12.1,6.36,30.46,12.16,1.51,56.46
2026-07-12 12:59:22,24.94,639.2,107.21,5.0,7.14,27.85,13.89,14.89,56.0
2026-07-12 13:06:25,25.54,659.1,118.94,12.8,8.92,29.6,18.74,2.76,55.32
2026-07-12 13:12:21,25.73,636.0,109.06,19.9,9.32,24.36,16.22,6.92,55.94
2026-07-12 13:18:23,24.43,694.5,94.68,34.3,9.03,29.86,12.56,0.49,56.97
2026-07-12 13:29:51,24.63,607.4,105.9,39.5,10.96,21.68,14.57,7.82,52.97
2026-07-12 13:35:34,24.4,639.8,100.77,15.4,5.37,39.46,18.33,5.18,55.93
2026-07-12 13:47:20,25.01,651.0,83.4,5.7,9.43,21.89,4.8,5.76,54.66
2026-07-12 14:01:05,26.12,609.9,101.88,39.7,1.51,31.29,10.93,4.55,54.11
2026-07-12 14:11:39,24.73,676.6,93.44,36.9,10.96,21.97,17.37,18.28,57.79
2026-07-12 14:25:11,25.4,611.2,86.55,34.1,4.71,23.69,13.56,3.33,52.84
2026-07-12 14:37:09,24.79,515.0,79.71,22.5,7.21,31.41,12.85,17.14,55.37
2026-07-12 14:46:11,24.68,618.1,107.74,28.3,9.59,20.7,15.88,0.17,51.54
2026-07-12 14:52:15,23.98,544.8,93.04,21.0,11.1,8.98,12.55,0.18,54.36
2026-07-12 14:57:53,23.72,561.4,93.89,14.1,8.48,27.65,12.32,1.56,51.51
2026-07-12 15:10:04,24.36,519.7,91.08,28.9,10.22,31.71,24.49,3.41,53.65
2026-07-12 15:23:30,23.77,600.8,82.35,35.0,9.24,19.44,13.9,7.98,50.46
2026-07-12 15:33:57,23.31,496.0,83.48,29.7,10.74,26.83,8.79,2.24,53.75
2026-07-12 15:43:58,24.0,548.7,89.67,9.7,10.97,23.56,17.68,2.5,52.43
2026-07-12 15:53:51,24.34,514.3,56.87,10.8,9.03,30.91,12.15,8.72,54.56
2026-07-12 16:02:08,23.67,528.0,91.79,27.9,6.63,17.45,14.69,3.64,52.16
2026-07-12 16:15:06,23.39,475.8,74.93,22.9,8.4,23.93,15.11,6.14,52.02
2026-07-12 16:27:43,22.47,473.9,69.16,15.2,9.6,23.08,12.71,5.18,53.27
2026-07-12 16:36:19,23.05,476.7,75.74,20.5,11.84,27.63,16.8,0.85,51.81
2026-07-12 16:47:12,24.03,501.5,43.06,20.3,8.55,34.68,11.87,1.51,52.1
2026-07-12 16:53:24,22.63,465.7,67.97,27.1,7.17,19.52,8.83,7.2,53.59
2026-07-12 17:04:43,22.6,514.2,75.28,10.0,2.78,24.12,19.87,0.75,50.2
2026-07-12 17:14:00,22.38,441.0,70.8,38.8,11.55,22.85,14.87,5.31,53.03
2026-07-12 17:21:22,22.59,477.7,53.35,12.8,11.55,26.05,12.57,2.0,52.51
2026-07-12 17:28:25,22.04,416.2,53.18,31.9,8.91,33.28,14.28,1.96,50.7
2026-07-12 17:38:36,22.31,379.4,64.02,15.3,12.61,30.26,19.66,4.19,47.47
2026-07-12 17:44:10,22.46,377.9,38.71,20.6,12.76,33.59,9.61,0.22,50.3
2026-07-12 17:55:39,21.96,446.0,61.16,29.6,9.81,24.66,16.81,5.48,51.17
2026-07-12 18:01:19,21.99,446.1,52.76,30.2,14.52,24.8,17.73,2.81,51.12
2026-07-12 18:09:58,21.47,398.1,42.73,29.7,14.35,18.39,18.51,16.8,50.74
2026-07-12 18:15:45,22.02,406.8,72.74,10.9,6.32,35.68,12.8,5.06,51.51
2026-07-12 18:29:20,22.22,346.9,55.75,25.0,9.23,17.34,23.22,2.39,50.56
2026-07-12 18:44:12,21.95,365.3,68.8,5.1,15.6,29.46,13.89,0.16,46.13
2026-07-12 18:57:59,21.44,413.4,74.29,34.0,5.21,29.91,10.79,2.09,50.75
2026-07-12 19:10:36,20.93,292.2,67.61,17.8,8.93,31.49,12.89,0.84,47.93
2026-07-12 19:15:42,20.74,326.8,78.85,14.5,7.49,19.21,11.94,1.92,50.79
2026-07-12 19:21:11,21.74,306.8,60.28,6.8,3.02,26.49,12.11,3.75,43.79
2026-07-12 19:26:22,21.57,294.9,85.48,32.8,4.33,19.66,13.59,6.17,46.39
2026-07-12 19:40:24,20.29,261.2,70.53,23.3,8.88,22.16,13.57,3.76,45.92
2026-07-12 19:52:28,20.06,273.3,77.91,29.9,6.56,30.58,15.47,1.93,47.81
2026-07-12 19:58:10,20.14,289.9,84.55,15.1,8.96,24.62,17.19,4.13,47.51
2026-07-12 20:08:53,20.23,253.3,81.2,16.8,11.53,26.45,6.18,17.0,50.23
2026-07-12 20:16:48,20.98,283.2,88.01,26.2,12.94,26.59,13.51,2.84,45.72
2026-07-12 20:26:09,19.62,240.9,88.34,9.5,9.04,26.13,14.23,6.22,46.93
2026-07-12 20:34:26,20.1,261.0,88.75,28.7,9.95,20.93,22.92,10.93,43.69
2026-07-12 20:43:46,20.41,232.4,85.87,37.1,4.29,26.36,15.81,0.11,47.99
2026-07-12 20:52:09,19.83,237.9,93.49,28.1,8.46,29.94,13.58,2.59,44.95
2026-07-12 21:03:04,20.64,203.2,97.63,25.8,9.94,25.83,12.65,0.69,42.34
2026-07-12 21:16:10,19.54,209.7,95.62,33.4,12.65,29.07,18.13,13.04,43.72
2026-07-12 21:23:06,19.1,214.8,82.54,33.7,10.91,23.97,13.18,2.35,45.96
2026-07-12 21:32:33,19.35,193.7,103.12,29.7,8.17,32.84,9.55,9.14,45.11
2026-07-12 21:37:35,19.65,190.3,91.98,12.0,10.28,35.45,8.12,9.4,47.4
2026-07-12 21:48:01,19.92,233.0,108.22,15.8,12.62,27.11,13.59,0.6,45.32
2026-07-12 21:57:11,19.68,135.1,104.22,35.2,8.38,23.37,16.34,25.12,45.5
2026-07-12 22:11:33,18.96,200.8,103.56,37.9,7.03,29.97,12.33,7.8,44.6
2026-07-12 22:17:11,19.03,156.4,98.87,29.6,12.21,20.23,19.68,1.4,45.05
2026-07-12 22:32:01,19.62,143.9,103.76,28.1,10.46,28.09,13.99,1.9,42.98
2026-07-12 22:41:15,19.18,174.0,93.88,23.8,11.68,22.63,11.29,1.23,44.73
2026-07-12 22:48:18,18.51,145.8,98.6,38.0,7.04,20.58,23.16,11.71,44.46
2026-07-12 22:54:07,20.22,176.3,113.24,14.3,8.42,22.29,22.8,1.98,44.01
2026-07-12 23:00:32,19.75,172.9,99.79,15.6,9.59,26.2,19.73,0.1,43.5
2026-07-12 23:14:09,19.41,164.2,94.03,11.2,10.29,24.92,15.86,7.01,42.22
2026-07-12 23:25:29,17.6,133.7,127.18,32.7,8.91,23.2,11.39,4.55,40.18
2026-07-12 23:32:13,19.74,145.5,116.38,10.2,10.1,23.36,19.05,1.14,45.43
2026-07-12 23:41:55,20.4,191.5,127.27,35.5,8.81,24.88,14.39,6.0,45.59
2026-07-12 23:56:34,18.8,149.1,119.59,16.8,7.88,31.04,16.29,1.25,42.94
2026-07-13 00:03:31,19.51,153.5,118.57,26.3,9.55,30.04,19.03,4.05,45.05
2026-07-13 00:18:22,19.4,137.2,109.09,6.2,4.65,14.77,12.51,2.11,41.71
2026-07-13 00:27:36,18.61,120.2,108.02,8.6,5.57,23.52,18.29,5.82,46.9
2026-07-13 00:41:37,18.94,156.0,108.58,30.7,7.98,14.58,11.74,7.62,46.16
2026-07-13 00:47:43,18.73,179.8,107.5,18.0,12.6,21.08,13.94,2.7,46.22
2026-07-13 01:01:24,19.71,153.4,119.2,13.9,8.64,23.58,16.14,5.81,44.39
2026-07-13 01:09:09,19.06,175.1,115.01,28.6,12.79,19.9,16.72,3.41,44.12
2026-07-13 01:14:11,18.49,210.1,110.78,21.3,10.05,30.44,12.83,7.54,45.86
2026-07-13 01:20:07,18.88,156.9,108.06,25.9,14.5,33.32,6.02,2.94,46.05
2026-07-13 01:26:34,19.49,184.0,99.55,11.3,15.53,23.98,20.04,0.91,43.97
2026-07-13 01:38:26,19.81,152.8,90.72,12.0,9.03,21.11,10.19,8.65,42.7
2026-07-13 01:50:54,20.06,220.0,102.24,9.6,9.17,26.81,22.1,1.98,46.56
2026-07-13 02:04:44,19.41,177.7,105.27,12.2,10.17,14.1,13.66,3.23,41.95
2026-07-13 02:18:46,19.69,180.2,111.65,6.8,4.36,19.41,15.07,0.44,46.44
2026-07-13 02:30:47,19.76,228.9,82.02,29.3,13.05,21.22,11.01,0.25,43.26
2026-07-13 02:45:37,19.5,253.1,111.72,18.9,10.14,21.08,12.77,2.31,48.44
2026-07-13 03:00:35,20.44,233.7,113.74,30.8,10.5,29.76,15.0,6.86,45.36
2026-07-13 03:06:53,20.5,262.4,79.64,37.0,12.31,29.23,14.82,6.15,43.32
2026-07-13 03:15:45,19.7,264.9,95.96,13.9,7.93,21.7,12.41,7.08,44.11
2026-07-13 03:22:23,19.65,212.3,80.63,14.9,14.0,28.75,17.62,0.51,42.29
2026-07-13 03:29:43,19.59,247.4,82.16,26.7,6.6,33.45,21.27,2.05,48.65
2026-07-13 03:36:03,20.68,297.0,86.4,13.9,12.7,23.49,7.22,6.37,45.59
2026-07-13 03:50:55,20.39,269.2,65.66,6.2,12.86,29.83,13.01,2.83,46.85
2026-07-13 04:05:50,21.35,277.4,103.58,12.8,15.35,26.79,12.5,0.46,47.45
2026-07-13 04:13:09,20.88,311.9,68.54,39.6,5.78,21.35,14.3,15.73,46.0
2026-07-13 04:19:34,20.46,306.7,63.76,9.2,9.04,24.49,23.09,2.17,46.96
2026-07-13 04:25:35,21.3,378.1,94.99,30.4,14.96,36.41,16.03,17.48,43.97
2026-07-13 04:37:44,21.41,289.5,74.66,31.3,5.79,31.12,9.68,1.49,46.63
2026-07-13 04:50:56,21.12,298.4,73.52,23.7,8.11,14.55,14.89,13.09,49.97
2026-07-13 05:00:18,20.52,388.7,86.88,32.2,5.17,28.82,15.5,1.05,48.79
2026-07-13 05:05:37,20.35,329.1,65.45,38.4,10.15,29.48,17.69,0.61,50.24
2026-07-13 05:17:40,20.66,317.2,51.69,19.4,12.35,30.49,15.57,15.76,44.76
2026-07-13 05:27:40,21.95,383.3,62.32,31.4,10.27,28.53,25.32,9.13,48.78
2026-07-13 05:42:40,21.6,355.0,58.4,39.9,7.0,28.65,8.74,4.04,48.79
2026-07-13 05:57:36,22.09,334.7,52.87,19.3,5.21,38.24,15.13,8.74,48.72
2026-07-13 06:03:42,20.95,414.5,30.66,37.7,10.13,25.9,14.18,4.54,49.21
2026-07-13 06:14:13,21.99,424.2,56.78,32.8,8.22,21.32,23.44,3.28,50.76
2026-07-13 06:21:14,21.97,405.7,61.82,24.4,12.35,22.87,16.8,4.4,51.44
2026-07-13 06:32:07,23.1,431.6,63.15,11.0,10.09,25.37,25.15,5.7,55.35
2026-07-13 06:43:59,22.65,476.5,69.1,20.7,10.78,37.15,10.27,1.82,50.17
2026-07-13 06:54:25,23.14,425.0,63.64,28.0,10.06,29.98,8.34,11.75,53.45
2026-07-13 07:01:21,22.57,478.3,53.32,6.7,9.94,26.68,8.28,7.24,55.05
2026-07-13 07:12:15,22.62,473.7,75.85,36.7,10.61,21.79,10.32,4.94,53.06
2026-07-13 07:19:10,22.39,484.3,53.42,15.2,12.07,29.67,9.63,1.25,50.24
2026-07-13 07:27:39,22.85,529.1,79.21,22.8,11.61,27.98,13.85,0.92,53.1
2026-07-13 07:37:42,24.25,535.2,80.25,24.2,3.98,33.97,12.63,2.53,52.36
2026-07-13 07:49:26,23.74,505.0,74.29,35.6,10.52,25.81,16.7,3.37,52.24
2026-07-13 07:56:56,23.7,480.8,83.14,13.7,5.79,36.17,23.87,13.64,51.85
2026-07-13 08:11:01,23.17,496.9,80.19,32.6,12.48,21.59,13.02,3.73,52.56
2026-07-13 08:23:21,24.04,537.3,89.51,37.4,6.53,22.99,20.89,3.06,55.83
2026-07-13 08:32:49,24.43,561.2,74.72,17.8,11.67,29.6,15.94,0.14,54.87
2026-07-13 08:47:00,24.38,551.3,72.77,15.5,13.22,26.16,19.23,0.42,50.67
2026-07-13 09:00:37,24.56,568.3,92.95,33.5,14.94,25.83,16.72,1.33,53.94
2026-07-13 09:10:55,25.31,547.6,87.94,25.3,11.02,27.33,20.11,3.96,56.33
2026-07-13 09:17:20,24.8,590.4,109.62,22.8,5.35,25.73,11.51,8.09,53.96
2026-07-13 09:25:39,24.19,560.4,88.75,28.6,13.1,32.01,1.7,33.03,56.29
2026-07-13 09:36:50,24.92,549.5,105.17,23.6,9.17,25.52,19.63,8.9,52.99
2026-07-13 09:43:05,24.7,587.3,101.57,18.9,7.87,31.28,18.76,2.06,55.8
2026-07-13 09:53:18,24.67,688.5,116.25,31.5,5.91,32.28,15.48,3.82,51.01
2026-07-13 10:03:38,25.3,672.1,116.83,13.9,8.74,20.13,18.36,5.34,55.45
2026-07-13 10:15:52,25.28,619.8,98.65,38.0,11.19,20.85,8.75,2.35,58.87
2026-07-13 10:23:00,25.73,650.3,107.63,21.0,11.91,30.6,18.43,14.27,52.68
2026-07-13 10:29:12,24.43,615.7,100.36,5.5,6.4,18.17,19.36,4.17,56.22
2026-07-13 10:39:07,24.88,600.9,101.37,16.4,10.96,26.21,13.26,10.33,58.57
2026-07-13 10:46:06,24.71,663.9,88.25,19.2,11.58,27.31,20.88,6.56,55.79
2026-07-13 10:52:24,24.61,627.9,107.84,34.7,8.78,25.81,17.78,2.11,57.27
2026-07-13 11:02:35,25.58,641.9,120.74,19.0,7.78,25.34,14.71,4.46,56.57
2026-07-13 11:14:01,25.55,656.1,111.44,15.9,7.24,32.22,17.13,1.85,58.51
2026-07-13 11:21:16,25.11,646.2,100.58,8.4,13.02,19.73,20.03,3.24,58.48
2026-07-13 11:28:06,24.91,654.5,112.98,34.2,2.19,29.8,12.92,8.79,54.44
2026-07-13 11:40:06,25.45,608.9,113.26,36.1,9.9,21.38,12.35,3.94,55.92
2026-07-13 11:49:40,25.19,655.7,96.74,38.3,8.94,23.47,20.5,6.8,57.24
2026-07-13 11:57:44,25.17,615.3,92.61,14.8,8.7,29.01,22.28,0.62,57.64
2026-07-13 12:10:30,25.65,671.1,97.55,23.8,9.97,21.96,18.08,10.62,57.03
2026-07-13 12:24:19,24.28,647.3,99.03,37.0,16.77,25.56,16.71,1.93,55.11
2026-07-13 12:34:02,24.27,652.3,105.1,36.9,9.23,32.74,14.84,0.31,54.66
2026-07-13 12:42:46,23.64,652.7,97.32,16.6,5.72,32.43,10.2,4.38,54.95
2026-07-13 12:50:57,24.3,628.2,124.77,31.0,9.53,23.08,11.91,1.4,54.26
2026-07-13 13:04:01,24.92,610.0,99.37,30.8,8.53,28.37,15.76,2.34,53.29
2026-07-13 13:09:17,26.24,624.2,114.01,19.8,13.08,20.7,17.97,5.56,56.44
2026-07-13 13:23:33,25.13,608.2,112.75,16.2,11.36,26.95,19.36,7.19,57.28
2026-07-13 13:35:26,25.14,641.5,110.02,12.9,10.21,24.63,15.4,2.71,55.99
2026-07-13 13:45:18,25.0,615.0,95.69,25.1,6.84,22.97,16.59,12.02,56.04
2026-07-13 13:53:49,25.82,650.9,113.77,17.8,7.3,22.0,23.53,1.13,53.67
2026-07-13 14:00:39,24.02,601.1,123.53,29.7,11.53,17.78,7.93,3.09,54.43
2026-07-13 14:15:27,24.76,610.1,82.82,34.2,9.08,20.95,16.37,1.29,54.34
2026-07-13 14:29:39,23.54,567.5,101.68,29.7,5.12,27.41,9.82,1.64,53.49
2026-07-13 14:38:52,23.97,519.1,95.38,10.3,11.57,26.52,25.39,0.4,57.65
2026-07-13 14:52:12,24.79,585.7,100.28,24.0,5.75,24.12,16.06,2.61,51.94
2026-07-13 14:57:37,24.78,587.0,85.35,34.1,8.53,15.26,21.34,1.79,54.79
2026-07-13 15:07:23,23.44,615.5,105.02,18.7,6.44,19.52,18.08,8.23,52.41
2026-07-13 15:20:21,23.97,548.8,88.66,21.8,6.09,20.26,16.56,13.5,55.34
2026-07-13 15:26:56,23.81,590.2,76.98,36.2,9.08,20.58,13.36,0.24,52.43
2026-07-13 15:38:20,24.0,530.0,76.52,24.5,16.25,26.75,9.71,2.14,57.21
2026-07-13 15:49:11,23.65,498.7,82.86,8.9,7.29,36.76,13.38,6.19,51.01
2026-07-13 16:03:40,23.71,502.8,74.12,14.7,8.69,30.15,21.25,5.17,50.11
2026-07-13 16:11:26,22.26,504.4,75.97,37.9,9.01,26.76,12.36,0.73,51.75
2026-07-13 16:17:30,24.06,530.3,74.98,38.6,17.56,19.02,16.67,11.66,53.14
2026-07-13 16:29:24,23.12,528.7,70.52,10.0,8.88,24.79,9.4,2.29,52.7
2026-07-13 16:43:03,22.93,451.3,74.32,16.7,6.53,22.02,14.83,34.72,50.86
2026-07-13 16:52:46,23.39,483.3,66.19,18.8,12.88,31.06,14.14,2.33,50.8
2026-07-13 17:03:16,22.57,416.9,62.46,8.2,8.98,19.9,13.44,0.49,48.01
2026-07-13 17:13:25,20.29,443.3,65.67,9.6,8.92,30.7,16.15,1.87,52.34
2026-07-13 17:22:37,23.04,389.8,50.5,16.6,9.86,23.55,7.43,1.43,44.33
2026-07-13 17:35:08,21.85,402.5,35.74,24.5,11.74,23.38,17.9,0.76,55.15
2026-07-13 17:47:32,22.3,402.4,57.02,6.9,4.3,25.1,16.24,2.18,50.24
2026-07-13 17:59:25,21.71,413.1,62.02,8.1,3.5,22.43,9.74,29.58,52.61
2026-07-13 18:13:34,22.05,405.6,62.09,11.0,7.1,24.99,16.04,4.45,46.35
2026-07-13 18:18:34,21.13,387.0,54.16,23.3,15.91,29.73,21.39,3.71,51.85
2026-07-13 18:31:54,21.95,379.6,62.09,32.4,11.4,20.73,10.27,7.3,49.52
2026-07-13 18:46:25,20.9,324.5,56.77,11.2,10.66,26.53,13.57,28.03,48.34
2026-07-13 18:58:56,20.12,314.8,56.72,33.6,9.11,24.94,17.44,3.58,50.67
2026-07-13 19:06:58,20.78,316.7,57.97,20.4,8.71,27.37,17.77,11.6,45.42
2026-07-13 19:16:57,21.92,297.9,61.53,21.6,11.87,30.69,12.58,3.82,48.33
2026-07-13 19:24:46,20.49,302.5,56.19,16.6,12.23,24.05,16.27,2.82,46.14
2026-07-13 19:34:44,21.31,307.4,81.77,39.6,6.66,21.24,13.68,3.9,48.58
2026-07-13 19:43:26,20.96,280.0,99.21,40.0,2.81,25.04,18.56,3.58,50.45
2026-07-13 19:53:05,20.2,260.9,87.61,33.4,8.11,19.4,13.29,0.55,47.59
2026-07-13 20:02:38,20.37,306.0,97.63,19.9,12.93,20.64,15.75,2.65,44.92
2026-07-13 20:09:18,19.5,322.1,94.36,20.8,6.79,31.11,12.72,0.23,50.3
2026-07-13 20:18:16,19.85,271.5,66.09,13.6,15.28,35.34,14.85,4.15,46.27
2026-07-13 20:32:21,20.71,232.2,75.57,33.7,10.91,25.42,14.5,9.33,46.99
2026-07-13 20:43:07,19.99,240.2,89.28,5.3,9.18,16.31,15.06,6.21,44.62
2026-07-13 20:51:34,19.92,196.1,104.14,23.4,14.16,28.96,12.97,3.21,48.09
2026-07-13 21:01:05,20.2,227.9,101.95,14.0,4.2,16.07,20.65,1.43,45.55
2026-07-13 21:08:38,19.62,258.2,92.46,20.5,7.87,25.66,10.97,7.25,42.5
2026-07-13 21:16:22,19.89,224.7,73.31,27.1,9.74,23.65,15.5,2.46,47.04
2026-07-13 21:30:52,20.3,246.0,104.36,36.4,8.97,36.62,14.35,14.47,45.48
2026-07-13 21:43:06,20.16,164.4,99.74,6.2,9.97,26.28,15.42,0.05,47.43
2026-07-13 21:49:18,19.62,239.2,119.81,29.1,12.95,36.38,18.93,7.84,46.84
2026-07-13 22:03:29,19.7,157.3,114.69,26.2,6.65,17.24,11.46,0.89,45.97
2026-07-13 22:12:15,19.74,166.1,95.59,29.6,8.5,28.49,20.46,7.44,45.28
2026-07-13 22:23:10,19.07,142.7,103.18,17.3,11.63,22.88,13.8,0.91,47.24
2026-07-13 22:37:32,19.02,202.9,91.17,5.9,12.78,15.28,22.74,2.11,43.18
2026-07-13 22:45:26,19.26,200.7,127.26,22.8,7.05,27.13,12.92,8.74,47.71
2026-07-13 22:59:18,19.32,115.8,113.09,15.7,12.7,27.67,16.72,1.69,43.45
2026-07-13 23:13:16,18.77,199.4,103.72,33.7,14.11,17.52,8.92,3.27,46.64
2026-07-13 23:22:26,19.38,135.5,96.94,19.7,9.53,19.22,12.78,0.94,46.37
2026-07-13 23:29:04,19.31,137.0,111.52,31.9,9.1,19.2,6.69,1.99,44.89
2026-07-13 23:42:49,19.05,143.5,129.37,5.5,9.89,25.89,24.21,5.12,47.1
2026-07-13 23:48:25,18.36,170.8,121.9,23.5,12.3,23.23,15.77,0.64,45.67
2026-07-13 23:54:23,18.57,139.5,104.25,6.3,8.81,26.09,19.7,6.83,45.42
2026-07-14 00:00:49,18.85,105.0,108.22,29.3,11.75,23.77,16.94,2.24,41.38
2026-07-14 00:09:16,19.22,192.0,125.61,18.6,7.16,20.35,19.71,1.64,42.31
2026-07-14 00:22:20,18.92,198.5,122.96,16.1,10.3,19.28,11.39,3.65,45.21
2026-07-14 00:31:05,18.37,179.5,90.57,25.3,14.57,24.36,4.14,3.51,46.78
2026-07-14 00:44:43,18.46,135.3,114.32,33.8,9.98,29.73,18.27,3.47,45.84
2026-07-14 00:57:09,20.26,148.4,104.15,33.6,19.04,23.5,16.73,4.55,45.97
2026-07-14 01:02:40,19.08,144.1,109.43,25.8,12.46,24.53,14.5,2.07,43.42
2026-07-14 01:13:41,19.58,113.7,102.84,10.5,8.57,21.82,11.01,7.45,43.43
2026-07-14 01:27:48,19.85,171.9,115.18,35.0,8.02,37.1,8.13,0.78,43.29
2026-07-14 01:37:53,19.27,196.3,112.55,39.8,12.64,22.93,18.24,4.04,42.98
2026-07-14 01:48:38,20.19,210.0,108.68,15.7,11.51,22.45,13.84,8.88,45.72
2026-07-14 01:56:00,20.73,140.7,102.42,12.6,7.83,29.49,16.14,5.3,48.22
2026-07-14 02:10:57,19.73,219.4,98.42,27.6,7.62,23.33,14.18,8.6,44.84
2026-07-14 02:23:01,20.05,174.5,110.91,12.8,6.99,23.98,14.06,0.25,44.99
2026-07-14 02:32:44,19.22,217.6,101.76,21.2,11.31,30.46,17.2,2.9,49.17
2026-07-14 02:47:07,20.34,217.2,92.94,11.9,11.82,22.79,10.76,3.22,42.19
2026-07-14 02:58:45,20.41,222.8,97.45,9.5,12.65,18.65,9.96,4.0,47.95
2026-07-14 03:04:07,19.38,297.0,90.33,19.8,10.04,23.62,11.04,4.68,42.06
2026-07-14 03:11:10,19.75,279.4,83.93,24.1,12.07,25.66,13.56,6.98,44.42
2026-07-14 03:24:47,19.71,266.7,86.42,35.0,13.75,26.23,18.57,3.41,47.83
2026-07-14 03:32:29,20.44,255.5,79.16,13.6,5.94,31.83,15.07,2.74,44.09
2026-07-14 03:43:13,20.17,270.4,66.44,24.1,6.47,21.48,17.24,13.24,47.3
2026-07-14 03:56:33,20.81,298.8,93.47,24.4,17.49,22.12,15.54,3.05,47.7
2026-07-14 04:07:07,21.51,273.6,69.52,12.4,10.44,22.49,21.46,18.03,46.49
2026-07-14 04:13:26,21.01,285.8,85.19,35.5,9.65,33.66,17.36,0.08,46.47
2026-07-14 04:26:48,21.7,318.0,65.78,24.6,11.43,34.5,13.86,1.09,45.85
2026-07-14 04:40:51,21.43,270.6,60.96,35.9,12.94,18.66,7.82,4.2,45.5
2026-07-14 04:49:39,22.01,319.5,54.08,19.9,8.77,25.37,15.99,13.11,47.48
2026-07-14 04:55:55,20.55,282.1,73.47,20.8,14.11,26.76,15.51,1.23,48.32
2026-07-14 05:04:53,21.06,310.9,56.72,11.0,11.18,27.89,12.34,8.89,45.68
2026-07-14 05:09:57,21.09,425.0,57.75,37.5,7.89,27.69,14.33,2.73,48.62
2026-07-14 05:22:09,21.47,381.3,51.46,23.7,3.47,30.18,18.67,1.7,48.13
2026-07-14 05:32:52,21.22,326.3,59.68,22.1,9.57,25.85,20.72,5.62,46.83
2026-07-14 05:43:52,21.26,393.0,52.11,24.2,7.74,22.82,20.57,6.64,51.29
2026-07-14 05:51:18,21.92,390.2,51.57,7.6,11.99,27.42,16.42,12.2,48.44
2026-07-14 06:01:45,22.45,478.7,44.68,36.2,9.42,29.97,11.05,1.97,50.1
2026-07-14 06:06:59,22.62,411.2,44.41,13.1,6.76,27.79,17.32,0.76,50.05
2026-07-14 06:18:40,22.3,370.7,51.04,40.0,12.25,27.04,12.17,5.87,49.79
2026-07-14 06:31:26,22.92,381.3,70.21,19.8,7.23,29.64,13.97,1.48,51.61
2026-07-14 06:42:31,22.92,453.6,65.61,22.5,12.14,25.52,15.17,4.22,51.22
2026-07-14 06:57:23,22.27,421.8,72.73,24.6,9.33,27.17,10.94,2.76,52.75
2026-07-14 07:05:40,22.2,414.3,72.56,37.5,10.1,22.02,19.1,3.03,53.16
2026-07-14 07:18:38,23.14,470.6,64.61,34.3,6.28,40.27,12.9,0.89,47.22
2026-07-14 07:33:31,23.05,417.4,86.9,33.9,13.07,19.88,15.49,5.38,58.58
2026-07-14 07:41:48,24.12,528.6,64.49,33.7,8.2,30.81,11.96,0.56,51.79
2026-07-14 07:47:50,23.42,470.1,75.37,10.8,10.43,32.81,13.73,2.11,53.49
2026-07-14 07:58:41,24.21,526.3,61.26,19.1,6.8,23.54,15.48,8.39,54.4
2026-07-14 08:09:44,23.46,509.1,71.5,11.0,2.35,26.25,18.58,2.82,50.69
2026-07-14 08:18:50,24.51,548.8,93.04,37.0,11.7,14.76,19.81,0.64,53.34
2026-07-14 08:24:26,23.58,534.1,63.05,14.4,7.73,29.02,8.55,9.88,50.95
2026-07-14 08:38:47,23.51,496.1,91.21,8.5,15.61,25.59,15.63,7.96,51.84
2026-07-14 08:47:59,24.03,583.8,88.97,14.3,12.3,27.34,16.55,1.93,54.6
2026-07-14 09:00:49,25.13,536.2,89.84,28.2,8.84,24.73,11.81,5.6,57.03
2026-07-14 09:07:26,24.68,607.0,98.73,20.6,7.06,34.75,17.06,6.62,57.02
2026-07-14 09:22:12,24.08,523.0,103.44,29.6,9.87,21.45,10.23,3.36,56.3
2026-07-14 09:36:07,24.04,602.3,102.63,18.4,8.46,35.25,18.49,0.98,55.8
2026-07-14 09:41:52,24.16,589.5,99.03,26.4,12.38,18.91,15.83,6.88,58.67
2026-07-14 09:53:26,24.74,604.9,94.45,10.4,2.53,18.61,11.4,3.83,55.96
2026-07-14 09:58:50,25.19,593.5,110.5,5.6,6.4,21.07,23.58,7.01,61.01
2026-07-14 10:13:43,25.11,564.4,103.87,13.4,13.34,19.35,11.27,2.54,57.85
2026-07-14 10:24:43,24.69,566.9,101.31,22.5,11.27,28.94,22.89,8.46,54.99
2026-07-14 10:34:34,25.1,608.0,115.91,24.4,9.39,22.7,18.47,0.06,58.84
2026-07-14 10:40:37,24.68,653.8,104.84,23.0,7.96,18.56,14.28,6.35,55.71
2026-07-14 10:54:59,24.33,684.5,122.95,28.9,16.09,17.61,13.52,1.79,55.4
2026-07-14 11:06:16,24.32,680.6,110.67,9.3,14.67,24.51,19.76,5.15,55.09
2026-07-14 11:13:43,23.51,639.4,90.19,22.1,13.14,30.45,13.14,7.69,55.84
2026-07-14 11:20:12,24.65,653.7,118.75,33.1,7.62,30.2,13.47,1.02,55.8
2026-07-14 11:34:04,25.52,645.4,103.34,29.3,10.75,27.19,21.55,1.71,52.66
2026-07-14 11:43:41,24.84,633.9,102.22,5.5,11.95,19.24,14.26,2.54,56.33
2026-07-14 11:58:38,25.09,678.4,109.91,38.0,11.47,36.17,20.16,3.16,56.51
2026-07-14 12:06:16,25.05,666.2,97.32,11.2,8.55,24.54,15.82,0.77,58.87
2026-07-14 12:16:50,24.76,659.9,120.31,17.3,10.98,23.88,12.04,6.43,57.78
2026-07-14 12:27:25,25.41,630.6,111.52,20.6,7.93,25.93,9.21,0.22,53.1
2026-07-14 12:35:32,25.54,613.2,107.96,26.5,8.48,26.63,16.59,1.04,53.66
2026-07-14 12:46:18,25.11,673.5,99.55,21.7,8.33,28.23,14.13,0.26,56.85
2026-07-14 12:54:56,25.58,616.8,113.59,16.3,6.86,21.47,19.3,1.83,55.0
2026-07-14 13:02:04,25.44,675.9,87.04,23.8,11.88,26.94,20.87,1.07,56.01
2026-07-14 13:14:54,23.07,660.8,97.37,28.5,14.96,25.95,16.42,6.13,55.22
2026-07-14 13:27:06,24.83,665.5,129.29,23.7,20.34,26.31,18.98,0.53,54.99
2026-07-14 13:35:43,23.98,640.9,113.68,15.1,10.14,27.12,15.65,3.52,55.63
2026-07-14 13:49:18,25.36,657.2,98.51,8.3,9.81,26.98,18.93,0.95,51.83
2026-07-14 13:57:32,24.34,625.4,92.27,27.5,13.0,28.78,23.97,2.62,51.13
2026-07-14 14:12:24,24.92,620.8,106.05,13.4,12.69,24.14,12.69,9.03,56.72
2026-07-14 14:18:02,24.16,545.3,96.62,9.9,7.84,17.88,19.05,6.59,53.36
2026-07-14 14:26:02,23.94,580.7,88.45,25.2,12.61,28.4,24.02,0.35,56.75
2026-07-14 14:38:29,25.06,572.4,73.97,7.5,5.84,27.65,13.0,17.05,55.59
2026-07-14 14:50:23,24.8,587.5,107.91,34.5,14.39,23.89,20.79,5.82,54.59
2026-07-14 15:01:16,24.33,595.7,101.82,6.0,2.8,29.2,17.47,0.52,54.04
2026-07-14 15:07:35,23.72,558.4,95.26,21.4,7.49,32.4,16.17,5.74,55.02
2026-07-14 15:17:55,23.33,593.1,99.14,12.8,8.84,36.44,5.85,0.95,54.86
2026-07-14 15:26:47,22.96,543.9,85.95,5.9,9.9,32.02,19.38,0.39,55.33
2026-07-14 15:39:41,23.11,577.4,81.14,19.3,16.8,36.66,10.94,1.4,52.99
2026-07-14 15:49:18,23.99,529.3,74.78,31.9,9.5,27.44,18.22,3.68,58.71
2026-07-14 15:54:19,23.18,535.9,80.68,9.7,12.49,19.26,18.62,7.22,53.99
2026-07-14 16:05:15,23.28,525.9,85.93,20.4,11.0,33.39,14.63,1.39,51.74
2026-07-14 16:12:46,24.79,470.9,83.17,14.9,6.83,19.93,11.89,11.98,50.36
2026-07-14 16:18:49,23.31,499.7,75.95,18.4,10.59,25.27,13.78,28.33,55.04
2026-07-14 16:31:59,23.6,418.3,80.89,17.2,7.87,21.48,15.1,9.0,54.47
2026-07-14 16:42:28,23.42,455.4,57.61,39.9,12.41,28.98,9.14,4.87,50.75
2026-07-14 16:52:59,23.06,525.2,65.61,11.1,8.91,23.19,14.61,2.05,54.95
2026-07-14 16:59:21,22.31,465.9,61.21,35.4,8.15,17.97,11.01,0.36,51.63
2026-07-14 17:09:52,23.01,467.6,64.4,12.8,11.87,17.72,12.76,26.06,49.38
2026-07-14 17:23:45,21.93,463.6,70.73,30.5,4.94,31.6,12.78,3.98,51.2
2026-07-14 17:38:40,22.11,455.0,45.8,39.4,12.3,24.08,18.05,12.43,51.51
2026-07-14 17:48:35,21.53,447.1,55.82,20.8,11.35,24.8,16.05,5.11,46.86
2026-07-14 17:57:06,22.36,403.5,29.24,11.2,5.06,26.99,16.32,2.89,49.78
2026-07-14 18:11:23,20.92,473.7,57.69,19.6,6.45,17.09,17.45,1.53,50.0
2026-07-14 18:22:15,22.11,315.4,51.53,34.5,12.89,27.78,19.3,0.06,47.79
2026-07-14 18:37:14,20.82,361.3,33.43,5.5,11.12,28.18,12.13,12.99,47.88
2026-07-14 18:47:43,21.28,400.5,76.01,6.6,10.08,13.98,15.3,9.51,50.43
2026-07-14 19:00:56,21.47,335.5,71.72,7.6,10.01,23.22,14.41,0.13,51.84
2026-07-14 19:12:17,20.29,347.7,78.39,38.4,13.03,22.74,14.71,4.9,45.45
2026-07-14 19:24:08,20.62,315.5,65.03,24.8,11.09,28.05,13.55,11.63,48.11
2026-07-14 19:29:39,20.82,315.9,67.04,29.3,10.86,27.36,18.97,0.74,47.83
2026-07-14 19:39:03,20.67,333.7,71.09,6.5,13.47,17.71,19.18,4.48,44.22
2026-07-14 19:50:59,20.55,289.0,93.03,26.3,4.9,15.22,8.3,0.96,45.05
2026-07-14 19:59:27,19.87,308.3,63.43,33.7,7.25,26.24,14.26,17.52,48.5
2026-07-14 20:09:11,21.28,315.9,72.95,31.8,8.21,8.35,18.41,8.58,48.67
2026-07-14 20:19:41,20.07,251.2,83.33,25.2,7.32,29.01,22.98,1.71,46.82
2026-07-14 20:32:57,20.54,269.4,89.86,24.0,10.02,23.64,22.91,2.11,44.41
2026-07-14 20:38:53,20.02,263.4,105.79,16.6,10.31,15.89,7.92,0.63,48.59
2026-07-14 20:47:03,19.96,242.7,77.66,37.8,14.04,23.78,7.68,17.76,49.02
2026-07-14 20:57:36,20.14,211.0,84.41,24.5,10.71,23.81,16.76,9.15,47.22
2026-07-14 21:03:36,20.25,238.8,91.48,11.4,8.56,27.62,21.36,5.59,44.47
2026-07-14 21:16:36,20.41,237.3,98.66,39.1,14.88,20.47,10.83,2.03,45.69
2026-07-14 21:29:57,19.25,214.4,89.45,28.0,11.69,26.1,13.9,5.23,44.03
2026-07-14 21:35:19,18.37,201.7,87.91,30.3,5.95,25.06,20.66,3.97,43.22
2026-07-14 21:48:48,19.56,175.0,87.84,26.3,9.78,26.42,18.25,8.48,40.99
2026-07-14 21:55:50,19.73,195.8,98.57,21.0,6.9,33.87,14.4,4.4,46.69
2026-07-14 22:02:27,19.73,192.8,102.06,16.0,11.74,25.53,15.3,5.7,45.16
2026-07-14 22:07:40,19.47,247.2,106.31,5.3,9.89,31.47,16.25,9.21,46.69
2026-07-14 22:15:35,19.72,254.6,111.46,33.7,11.11,23.4,15.33,9.56,44.57
2026-07-14 22:22:22,18.18,163.2,99.92,9.0,10.17,23.6,19.33,4.34,45.56
2026-07-14 22:31:34,19.63,231.0,102.86,35.5,11.55,23.25,14.57,2.19,45.52
2026-07-14 22:40:51,18.97,148.9,116.71,6.7,8.2,18.47,15.72,1.91,42.62
2026-07-14 22:47:34,20.42,193.5,121.0,35.1,7.19,30.69,20.92,1.29,43.25
2026-07-14 23:02:18,19.54,178.8,96.82,15.9,9.35,26.28,11.05,1.0,48.06
2026-07-14 23:09:42,17.63,192.4,103.9,7.0,5.96,25.62,12.69,11.34,44.07
2026-07-14 23:22:30,19.1,157.8,115.69,32.4,11.55,26.16,15.66,0.35,42.36
2026-07-14 23:33:25,18.49,154.7,93.4,21.1,14.59,27.22,18.19,14.86,44.15
2026-07-14 23:41:29,19.58,137.6,112.05,29.7,9.66,28.92,15.26,0.96,44.36
2026-07-14 23:47:18,19.46,154.5,119.08,38.5,10.44,11.44,17.1,8.59,45.03
2026-07-15 00:00:54,19.73,146.9,106.86,7.9,8.88,23.51,21.4,1.38,43.76
2026-07-15 00:07:43,18.35,144.7,119.9,36.8,9.17,18.57,17.9,11.29,45.14
2026-07-15 00:17:45,19.14,145.4,107.74,15.6,7.1,28.09,10.82,0.54,45.79
2026-07-15 00:29:25,19.48,120.4,121.3,12.0,8.17,27.4,11.04,4.28,41.86
2026-07-15 00:43:40,17.75,182.6,97.95,25.1,6.69,22.37,14.09,2.24,43.01
2026-07-15 00:54:38,19.84,164.2,99.35,16.2,10.54,20.14,14.33,1.01,43.38
2026-07-15 01:01:38,20.09,176.2,114.3,33.9,7.71,31.38,8.7,0.75,42.24
2026-07-15 01:14:09,18.98,192.8,96.07,32.3,8.17,34.54,14.03,3.35,44.58
2026-07-15 01:26:01,18.61,178.3,95.25,18.5,8.15,29.0,11.35,3.45,44.04
2026-07-15 01:32:47,19.59,198.5,92.95,37.8,9.7,14.29,11.37,7.65,44.24
2026-07-15 01:40:54,19.75,224.4,101.12,25.0,9.64,22.62,16.42,0.91,46.32
2026-07-15 01:51:52,19.34,130.5,95.98,29.6,10.46,21.55,14.85,0.33,41.09
2026-07-15 02:03:25,19.4,182.1,98.31,15.6,11.24,17.64,14.77,18.87,46.25
2026-07-15 02:09:57,19.64,206.1,76.72,26.2,12.67,35.36,13.63,4.43,45.36
2026-07-15 02:23:44,18.84,220.0,98.9,20.8,12.53,20.7,16.68,1.03,47.7
2026-07-15 02:34:19,19.3,212.0,96.17,9.1,6.62,11.72,13.68,11.4,40.02
2026-07-15 02:41:38,20.13,235.8,77.94,22.0,8.68,19.57,7.45,2.19,43.81
2026-07-15 02:50:06,19.31,236.7,92.15,38.9,10.46,12.78,16.13,3.78,45.43
2026-07-15 03:01:23,19.79,242.8,102.96,23.8,6.17,34.5,15.85,0.08,45.06
2026-07-15 03:08:00,19.53,225.8,91.4,16.2,2.51,22.03,20.21,0.55,46.95
2026-07-15 03:20:26,20.08,232.8,89.21,9.7,7.43,32.65,14.39,0.4,48.08
2026-07-15 03:28:35,20.35,228.3,93.94,38.2,8.42,26.15,13.68,3.71,44.14
2026-07-15 03:41:25,20.72,274.3,81.16,16.8,16.29,33.05,13.75,2.51,45.38
2026-07-15 03:47:16,20.01,226.9,110.4,25.7,11.01,20.85,15.06,3.21,45.14
2026-07-15 04:00:06,20.43,289.6,89.54,27.3,10.56,19.55,22.2,5.7,48.27
2026-07-15 04:09:44,20.39,295.8,61.14,18.3,11.58,39.34,15.24,1.84,47.01
2026-07-15 04:20:33,20.3,333.6,77.35,31.4,9.34,25.12,15.31,8.88,45.67
2026-07-15 04:32:00,21.3,309.7,57.26,24.2,10.48,21.47,19.57,1.1,49.15
2026-07-15 04:38:51,20.37,314.0,49.75,14.3,8.28,32.91,17.78,0.81,50.36
2026-07-15 04:48:31,20.44,316.2,68.89,10.2,10.9,26.91,9.89,0.68,47.45
2026-07-15 04:55:30,21.24,284.3,67.35,31.4,10.48,30.72,11.28,0.11,47.62
2026-07-15 05:02:50,21.08,329.7,73.69,15.9,11.3,28.09,10.6,0.58,47.2
2026-07-15 05:11:59,21.7,367.0,61.1,39.4,10.02,26.51,17.87,1.65,51.16
2026-07-15 05:18:04,22.31,319.2,70.31,16.2,1.34,25.91,16.05,0.66,50.0
2026-07-15 05:25:17,21.85,377.2,67.09,25.9,15.69,24.16,11.53,2.01,48.12
2026-07-15 05:33:32,22.3,359.9,78.14,30.1,7.63,20.19,13.36,4.0,49.77
2026-07-15 05:40:45,21.85,408.3,38.53,18.9,13.2,24.12,14.62,0.14,49.1
2026-07-15 05:54:10,21.82,359.4,50.98,27.4,4.66,30.25,7.1,1.33,51.15
2026-07-15 06:00:33,22.11,414.4,52.8,38.7,12.25,25.09,15.82,1.45,51.04
2026-07-15 06:06:02,22.24,442.6,64.99,17.1,9.83,21.74,18.26,0.52,49.98
2026-07-15 06:11:43,21.92,405.4,48.42,30.6,10.68,30.39,17.34,0.8,53.43
2026-07-15 06:17:36,21.79,369.2,34.43,18.8,11.03,28.29,17.69,3.81,51.96
2026-07-15 06:28:59,22.5,439.4,61.32,21.6,13.2,31.77,14.75,2.19,50.54
2026-07-15 06:42:53,22.61,399.8,59.74,12.2,15.88,25.93,13.03,1.21,53.59
2026-07-15 06:57:03,23.09,446.6,41.8,34.3,5.33,24.41,13.85,9.46,46.59
2026-07-15 07:04:30,23.02,456.4,68.74,10.1,6.4,24.52,6.58,11.17,47.79
2026-07-15 07:09:40,23.18,479.0,56.23,17.4,12.34,31.43,13.13,9.32,49.39
2026-07-15 07:16:47,23.31,472.6,74.76,18.0,14.43,19.42,21.35,10.65,52.71
2026-07-15 07:27:03,23.29,480.0,79.43,30.1,12.79,26.44,20.8,1.7,56.83
2026-07-15 07:40:18,23.41,495.9,74.63,11.9,9.06,25.65,21.31,1.75,50.62
2026-07-15 07:50:55,23.34,563.3,79.61,14.7,8.53,20.76,20.61,8.54,50.63
2026-07-15 07:56:32,23.33,479.2,74.2,6.1,7.77,32.95,12.89,2.78,52.3
2026-07-15 08:09:46,23.2,558.3,93.47,37.7,6.26,30.68,14.38,0.85,51.13
2026-07-15 08:21:04,23.83,503.1,76.66,38.0,9.04,20.53,17.68,1.52,53.96
2026-07-15 08:27:44,24.04,494.3,103.84,21.4,13.25,27.82,11.7,14.05,54.65
2026-07-15 08:34:06,22.94,495.8,108.82,21.8,10.88,25.01,11.91,3.15,54.3
2026-07-15 08:45:21,24.0,597.1,80.7,9.0,10.21,31.5,15.81,11.61,51.37
2026-07-15 08:57:49,23.74,603.8,90.99,29.2,12.44,18.8,11.51,0.34,53.93
2026-07-15 09:10:24,24.2,606.4,94.65,38.6,12.99,24.19,12.17,0.35,53.81
2026-07-15 09:23:19,24.28,555.1,90.62,5.0,5.83,26.02,15.54,17.16,52.24
2026-07-15 09:32:28,24.21,580.7,95.65,22.1,9.15,27.99,23.22,3.73,57.76
2026-07-15 09:46:54,24.65,642.9,108.86,22.0,8.7,33.35,20.66,13.69,55.33
2026-07-15 10:01:24,25.06,595.9,95.21,15.3,6.83,13.37,15.58,19.86,52.08
2026-07-15 10:07:21,24.26,662.6,109.32,27.1,5.7,22.16,12.17,3.89,56.93
2026-07-15 10:13:08,25.28,598.0,106.27,26.8,8.97,37.32,19.21,0.28,53.6
2026-07-15 10:22:34,25.59,587.7,113.16,8.7,12.84,13.69,7.67,5.53,56.06
2026-07-15 10:33:57,24.98,656.9,114.4,23.4,13.09,25.57,17.98,2.34,57.62
2026-07-15 10:42:16,25.36,621.9,88.08,27.1,9.51,24.1,14.91,0.14,53.87
2026-07-15 10:56:21,25.04,641.5,104.72,33.7,5.27,23.04,11.14,2.64,58.92
2026-07-15 11:01:49,25.59,670.1,96.35,37.3,9.94,28.32,11.07,6.55,52.63
2026-07-15 11:10:18,25.56,645.3,113.59,22.1,7.18,28.1,10.53,1.23,56.31
2026-07-15 11:15:49,25.21,656.7,109.66,35.0,7.85,30.9,9.89,9.08,56.28
2026-07-15 11:26:42,24.66,656.5,115.52,31.6,13.54,22.68,16.21,12.22,56.74
2026-07-15 11:37:28,25.02,627.7,105.6,18.9,13.18,22.83,17.73,21.92,56.82
2026-07-15 11:43:08,24.92,650.5,97.84,34.6,12.83,23.95,13.87,3.19,51.83
2026-07-15 11:54:26,25.1,601.2,104.02,15.3,9.13,21.23,15.36,12.2,55.35
2026-07-15 12:04:03,25.44,664.8,115.53,11.1,6.43,15.63,18.87,7.29,58.69
2026-07-15 12:12:15,24.38,646.5,126.55,39.2,8.32,27.59,10.86,2.64,55.9
2026-07-15 12:17:32,24.98,631.8,118.21,25.4,14.24,25.38,6.22,3.37,56.43
2026-07-15 12:30:34,25.63,664.4,106.81,18.1,9.57,30.63,20.04,5.85,56.93
2026-07-15 12:41:51,24.38,638.0,92.84,30.4,6.03,25.27,12.95,4.58,56.93
2026-07-15 12:47:41,25.55,606.3,106.95,37.2,13.22,22.74,13.16,9.57,56.06
2026-07-15 12:59:37,24.92,600.3,114.1,15.6,15.17,22.66,21.09,4.74,57.97
2026-07-15 13:13:00,25.18,667.4,106.26,15.6,11.1,21.59,21.83,11.29,55.59
2026-07-15 13:26:31,24.78,633.5,98.88,10.8,13.5,22.51,17.85,0.94,57.58
2026-07-15 13:40:18,24.26,617.2,90.28,5.6,9.44,25.97,26.46,3.06,57.45
2026-07-15 13:45:31,23.64,610.1,113.26,29.8,7.66,19.79,14.28,8.01,58.49
2026-07-15 13:57:32,24.24,614.4,107.32,22.7,5.85,24.63,14.11,5.78,52.26
2026-07-15 14:03:36,24.86,605.9,126.27,38.9,7.13,19.2,13.21,2.2,55.96
2026-07-15 14:16:52,24.23,565.3,92.0,22.7,13.82,29.51,17.72,7.74,55.18
2026-07-15 14:29:07,24.58,533.2,101.77,7.3,7.95,22.73,21.77,5.94,56.03
2026-07-15 14:37:33,24.45,530.6,94.97,31.4,11.79,31.18,10.34,6.41,52.73
2026-07-15 14:50:57,24.75,585.4,92.9,33.4,14.12,31.28,19.47,0.07,52.51
2026-07-15 14:57:05,23.96,597.4,74.43,30.3,6.36,23.21,22.35,4.62,50.66
2026-07-15 15:03:45,24.29,576.9,83.44,21.9,9.86,24.36,20.04,1.76,57.62
2026-07-15 15:13:47,24.17,606.4,99.83,14.9,15.58,18.91,15.31,13.59,52.66
2026-07-15 15:26:33,23.47,528.9,84.29,35.6,9.47,29.21,15.85,0.08,52.77
2026-07-15 15:40:53,23.84,449.7,85.96,24.3,7.35,22.38,16.01,2.94,52.96
2026-07-15 15:46:29,23.21,546.8,77.26,26.8,8.52,33.49,9.42,5.67,51.76
2026-07-15 15:56:42,23.95,493.7,91.32,26.6,8.44,26.5,17.16,6.17,50.24
2026-07-15 16:05:39,22.93,492.1,80.03,20.7,7.46,20.61,11.31,5.59,53.39
2026-07-15 16:18:40,23.22,504.9,79.03,38.5,7.18,26.72,22.32,10.12,53.37
2026-07-15 16:25:37,23.05,514.8,79.81,20.4,8.25,25.2,14.57,2.72,49.56
2026-07-15 16:31:10,22.15,509.5,70.56,7.6,6.88,26.06,18.95,0.81,48.88
2026-07-15 16:41:01,22.96,471.3,62.95,26.8,5.81,33.47,11.57,4.31,51.45
2026-07-15 16:51:36,23.07,488.9,68.94,34.5,10.94,34.41,17.36,1.7,52.41
2026-07-15 17:00:59,22.85,466.2,62.68,21.2,11.37,29.61,21.43,11.01,49.4
2026-07-15 17:11:53,21.92,400.7,67.4,20.2,11.63,21.57,13.33,11.72,47.9
2026-07-15 17:19:43,22.76,454.3,39.11,24.6,10.15,27.22,9.42,1.71,49.86
2026-07-15 17:34:16,23.3,469.2,74.31,5.3,10.67,20.65,8.12,5.42,53.88
2026-07-15 17:44:12,22.28,434.6,45.07,8.7,8.58,25.0,21.59,8.03,51.96
2026-07-15 17:58:08,22.51,364.5,30.03,33.3,15.9,21.3,15.5,21.66,48.83
2026-07-15 18:04:12,21.41,392.9,46.0,23.4,6.07,32.47,16.55,1.16,52.82
2026-07-15 18:10:08,20.91,401.1,35.2,22.6,7.36,20.47,18.55,0.49,50.23
2026-07-15 18:17:54,20.81,394.1,72.45,11.2,2.11,29.41,17.45,2.55,49.35
2026-07-15 18:24:00,21.92,352.8,61.47,33.3,9.01,24.48,16.02,0.39,47.0
2026-07-15 18:30:14,21.25,319.0,39.6,27.0,12.69,30.35,9.97,0.33,49.8
2026-07-15 18:39:02,21.68,383.8,69.59,36.1,8.09,33.35,15.32,3.09,47.52
2026-07-15 18:49:25,20.99,404.5,59.88,29.3,13.81,26.03,20.71,4.22,45.61
2026-07-15 19:02:21,21.17,377.4,90.1,24.7,10.91,32.19,14.33,4.13,45.28
2026-07-15 19:08:34,21.6,348.2,65.57,8.7,15.41,26.02,11.61,3.18,46.48
2026-07-15 19:18:31,20.8,326.8,67.33,14.3,10.83,20.63,9.97,2.59,47.41
2026-07-15 19:31:02,21.41,335.9,80.99,22.0,5.75,21.44,9.78,8.34,50.52
2026-07-15 19:36:40,21.36,281.2,70.96,15.3,9.3,26.66,17.72,2.68,44.41
2026-07-15 19:47:20,19.71,291.8,71.83,37.2,14.24,18.79,20.24,8.29,46.75
2026-07-15 19:57:53,20.08,288.1,88.76,22.9,6.12,26.36,14.87,8.56,47.21
2026-07-15 20:10:50,20.79,269.1,92.07,27.5,12.12,28.64,16.78,7.74,45.85
2026-07-15 20:18:47,20.1,230.3,73.76,11.8,8.47,26.64,11.36,14.8,47.18
2026-07-15 20:31:01,19.72,243.8,91.11,25.7,5.42,19.9,16.2,1.79,46.18
2026-07-15 20:39:24,19.17,267.2,75.38,6.7,10.01,33.77,10.49,14.21,44.33
2026-07-15 20:50:22,19.57,221.4,78.55,10.5,11.0,23.38,15.98,3.54,47.25
2026-07-15 21:03:32,19.55,236.7,93.43,9.5,7.67,23.2,19.64,0.61,42.98
2026-07-15 21:13:13,20.56,192.1,91.38,5.6,5.0,25.69,12.42,6.78,45.96
2026-07-15 21:26:58,19.29,195.1,101.74,25.9,6.58,23.06,11.47,3.78,44.15
2026-07-15 21:41:34,18.24,211.3,97.36,35.4,13.55,20.7,7.09,27.71,45.55
2026-07-15 21:54:01,19.15,205.2,98.64,5.5,12.33,35.32,12.78,12.1,43.19
2026-07-15 22:02:02,19.24,196.0,102.8,36.3,6.91,22.34,21.14,1.49,44.8
2026-07-15 22:15:43,18.57,154.3,113.24,15.6,7.16,18.63,19.31,4.78,44.81
2026-07-15 22:26:51,18.45,124.0,110.14,13.0,15.79,16.16,19.5,4.93,45.09
2026-07-15 22:38:02,19.02,207.4,103.25,6.2,15.61,26.17,14.29,7.13,46.46
2026-07-15 22:43:35,20.06,166.2,108.38,25.3,13.9,27.72,17.66,28.72,47.41
2026-07-15 22:50:25,18.89,168.0,93.42,39.6,5.83,21.65,18.13,3.4,43.35
2026-07-15 22:57:43,18.83,148.3,130.36,38.5,12.78,27.88,16.9,3.58,43.3
2026-07-15 23:04:39,18.03,140.7,111.48,31.7,6.16,28.88,20.43,0.86,39.94
2026-07-15 23:16:58,18.71,199.9,130.63,38.4,11.02,31.85,11.96,16.73,40.99
2026-07-15 23:29:10,19.11,154.4,121.0,37.4,11.44,24.08,19.1,9.13,43.34
2026-07-15 23:38:56,18.38,152.1,113.95,37.6,14.04,32.5,9.31,1.34,42.24
2026-07-15 23:44:04,19.57,177.6,99.32,32.2,8.66,17.68,15.93,0.12,43.28
2026-07-15 23:56:49,18.65,147.5,92.61,7.4,6.75,28.52,16.22,0.32,44.3
2026-07-16 00:09:57,18.91,182.2,116.61,8.4,8.73,16.77,17.66,2.69,42.79
2026-07-16 00:23:27,19.47,175.6,137.11,35.5,11.48,14.91,22.81,1.02,43.29
2026-07-16 00:37:23,18.37,182.7,99.93,8.7,2.62,26.44,17.72,1.98,46.16
2026-07-16 00:47:54,19.75,152.3,89.11,7.1,8.71,23.53,16.74,4.5,47.52
2026-07-16 00:56:27,19.44,147.3,91.48,32.9,13.16,27.63,18.84,5.43,43.99
2026-07-16 01:05:40,18.7,184.5,96.91,28.1,10.31,35.73,15.15,1.79,47.59
2026-07-16 01:19:52,18.47,129.9,114.17,18.3,11.01,23.71,12.93,16.51,45.64
2026-07-16 01:28:38,19.65,174.1,106.23,38.6,8.37,33.48,14.12,2.65,47.75
2026-07-16 01:42:03,18.99,125.3,95.02,19.4,5.27,28.88,15.52,3.15,43.99
2026-07-16 01:55:29,19.78,237.9,116.21,5.4,13.79,27.81,16.97,4.46,44.2
2026-07-16 02:10:20,18.96,185.7,93.34,24.8,12.43,20.96,15.71,0.5,46.36
2026-07-16 02:24:41,19.65,266.9,106.97,31.3,11.24,26.09,13.98,3.87,48.19
2026-07-16 02:36:23,19.73,188.2,98.11,37.1,5.0,24.79,18.89,5.76,45.24
2026-07-16 02:46:40,19.64,196.4,95.62,9.2,11.71,25.49,16.13,7.78,45.79
2026-07-16 02:54:58,19.57,187.2,87.44,27.7,9.7,28.73,12.22,1.11,46.09
2026-07-16 03:05:30,18.72,205.5,91.42,21.3,11.77,32.99,18.18,4.53,48.51
2026-07-16 03:11:30,19.56,222.0,103.52,32.8,4.46,26.15,18.03,14.01,45.06
2026-07-16 03:20:12,20.56,242.3,83.56,20.7,7.18,30.13,14.78,3.32,46.97
2026-07-16 03:29:43,20.44,249.4,76.62,33.7,7.83,23.52,12.51,2.08,48.7
2026-07-16 03:35:33,19.85,205.5,69.82,5.9,6.76,26.99,12.57,2.74,44.0
2026-07-16 03:50:23,20.03,244.6,88.23,37.5,16.34,23.01,21.88,4.67,48.41
2026-07-16 03:59:48,19.86,238.3,82.66,16.8,10.47,27.79,19.56,1.4,46.04
2026-07-16 04:09:19,19.5,299.8,86.06,30.3,7.27,29.53,17.74,0.39,46.12
2026-07-16 04:19:02,20.83,287.7,93.14,17.1,11.92,24.14,16.64,3.62,48.56
2026-07-16 04:34:00,20.77,276.3,79.0,11.9,10.3,19.04,15.41,10.41,49.39
2026-07-16 04:43:20,21.45,307.4,75.24,6.2,10.5,30.38,12.39,0.76,47.22
2026-07-16 04:49:40,21.53,306.9,54.69,7.7,11.25,30.56,12.37,2.56,49.5
2026-07-16 05:03:46,21.23,349.1,61.15,37.1,13.44,29.57,11.73,8.05,47.84
2026-07-16 05:09:29,21.22,343.8,63.47,31.9,12.41,21.67,17.75,6.08,48.0
2026-07-16 05:22:59,21.39,273.6,69.95,37.2,9.03,23.9,15.34,0.42,49.39
2026-07-16 05:35:05,22.1,376.2,57.57,19.7,8.07,28.83,18.22,5.19,50.6
2026-07-16 05:41:07,22.06,421.6,48.76,17.5,13.29,22.0,14.32,0.53,50.63
2026-07-16 05:46:27,22.34,420.8,50.29,12.3,9.01,28.43,17.4,0.5,50.53
2026-07-16 05:53:11,22.48,373.4,60.82,21.1,15.61,25.36,17.6,0.81,52.71
2026-07-16 06:05:48,21.53,397.2,54.77,37.9,9.83,28.55,11.8,1.25,49.7
2026-07-16 06:13:18,22.3,415.3,52.04,20.7,10.82,22.59,21.83,2.87,51.16
2026-07-16 06:23:01,22.43,431.3,68.67,7.4,17.66,21.44,22.4,5.93,50.1
2026-07-16 06:37:14,21.89,444.6,55.48,20.8,10.21,19.76,11.55,3.36,51.17
2026-07-16 06:49:34,22.43,472.3,48.87,23.8,10.67,28.52,16.01,2.12,53.31
2026-07-16 06:56:55,22.1,401.7,69.64,7.4,5.08,23.37,16.67,0.75,51.08
2026-07-16 07:05:49,22.57,506.7,80.67,26.7,12.83,28.39,15.9,0.46,51.54
2026-07-16 07:12:15,23.0,482.3,59.55,34.9,14.0,23.01,10.91,5.25,51.52
2026-07-16 07:22:16,23.67,465.5,66.72,29.7,12.89,29.26,10.45,2.25,51.0
2026-07-16 07:30:29,23.41,495.3,68.45,13.9,12.69,24.74,11.05,5.0,48.87
2026-07-16 07:43:47,23.96,556.5,65.22,5.4,5.89,24.54,21.82,0.36,51.44
2026-07-16 07:53:27,23.11,513.7,79.12,32.0,9.9,21.84,6.69,2.66,54.27
2026-07-16 07:58:39,23.98,541.0,94.84,16.5,7.98,29.92,13.9,0.69,54.13
2026-07-16 08:10:52,23.45,550.5,80.18,7.1,8.38,24.43,19.85,1.75,56.35
2026-07-16 08:25:11,23.67,570.6,99.84,14.4,11.02,21.06,19.71,10.42,53.51
2026-07-16 08:36:42,23.35,557.5,89.77,36.6,4.66,32.35,7.25,8.74,56.22
2026-07-16 08:47:19,24.37,655.6,96.79,32.1,10.63,17.89,18.89,1.26,51.77
2026-07-16 09:01:13,24.22,564.2,90.69,17.0,13.64,30.48,14.37,0.94,58.6
2026-07-16 09:15:24,24.57,624.4,94.58,16.7,17.17,23.01,13.43,5.11,56.25
2026-07-16 09:24:41,24.69,582.0,100.22,6.7,12.71,33.84,14.62,3.15,54.17
2026-07-16 09:29:42,23.36,575.3,82.03,27.1,14.76,23.09,17.9,1.72,54.54
2026-07-16 09:42:55,25.2,605.2,99.61,17.2,4.94,30.8,10.98,0.5,55.13
2026-07-16 09:51:05,24.59,609.4,88.97,35.6,12.08,24.47,13.13,2.0,51.18
2026-07-16 09:58:42,25.37,627.2,96.45,27.8,8.15,26.99,11.62,6.45,52.55
2026-07-16 10:08:22,25.34,649.3,119.58,37.0,5.84,27.99,21.06,24.14,51.19
2026-07-16 10:16:30,25.01,662.6,116.57,20.6,9.83,25.94,16.38,1.09,56.32
2026-07-16 10:28:58,25.3,641.3,121.33,15.5,9.61,24.8,18.16,1.22,55.77
2026-07-16 10:36:57,24.68,653.2,122.79,22.5,7.63,23.61,7.9,9.27,53.27
2026-07-16 10:47:12,24.85,603.9,107.78,13.5,9.75,30.44,13.72,12.64,54.26
2026-07-16 10:54:47,24.98,607.5,108.74,39.8,15.58,27.37,13.79,4.02,57.52
2026-07-16 11:09:03,25.54,610.9,104.81,24.5,5.36,22.0,18.6,2.45,55.4
2026-07-16 11:16:25,24.52,663.5,90.07,27.1,12.5,31.99,12.76,4.31,60.86
2026-07-16 11:27:19,24.6,639.7,109.07,33.0,7.67,16.65,18.49,1.24,57.1
2026-07-16 11:35:08,25.06,595.5,104.19,8.8,11.28,28.94,22.14,6.82,56.49
2026-07-16 11:47:35,24.61,642.0,100.05,15.1,7.39,33.93,17.91,5.45,54.67
2026-07-16 11:54:16,24.61,680.0,124.72,22.3,10.31,22.56,12.41,6.61,59.79
2026-07-16 12:03:15,25.52,635.1,96.89,8.9,10.07,19.45,15.95,9.05,59.1
2026-07-16 12:12:24,25.4,591.3,110.88,26.9,7.44,30.69,17.31,5.83,56.88
2026-07-16 12:19:34,25.37,631.9,123.82,12.8,12.63,23.08,17.67,4.82,54.69
2026-07-16 12:33:30,25.49,655.3,104.65,16.9,13.78,27.75,15.16,6.56,54.37
2026-07-16 12:39:27,25.68,633.4,94.44,24.7,7.3,26.83,18.36,1.9,56.91
2026-07-16 12:54:06,25.99,635.6,103.49,25.8,9.8,28.05,11.44,4.65,57.26
2026-07-16 13:04:19,25.21,621.7,124.18,6.0,8.86,30.61,24.31,16.64,55.07
2026-07-16 13:16:28,25.55,639.0,110.57,33.7,8.69,24.62,12.79,1.47,59.22
2026-07-16 13:23:45,24.89,628.2,98.85,9.6,11.31,21.69,6.15,1.75,52.31
2026-07-16 13:37:33,24.61,635.0,107.09,7.7,7.2,17.11,19.22,1.77,53.03
2026-07-16 13:44:53,24.15,641.7,114.36,33.1,8.97,13.49,18.35,0.18,52.77
2026-07-16 13:52:41,24.71,624.8,108.1,19.5,10.58,26.22,22.9,2.31,52.54
2026-07-16 14:04:41,24.07,557.0,103.51,39.1,12.38,23.42,8.93,3.55,52.0
2026-07-16 14:15:50,25.02,588.8,109.25,28.0,9.33,27.69,12.2,2.26,55.19
2026-07-16 14:23:53,23.78,582.1,103.78,26.7,12.02,30.54,19.92,7.36,54.65
2026-07-16 14:29:41,25.08,576.0,95.68,14.8,9.4,28.79,14.78,6.47,57.08
2026-07-16 14:43:50,23.95,631.7,104.74,25.5,11.23,30.72,9.32,0.26,57.75
2026-07-16 14:57:51,23.68,596.7,92.74,16.1,9.85,28.27,11.93,0.76,54.11
2026-07-16 15:08:36,24.3,588.7,98.82,13.0,11.8,22.25,10.12,1.52,56.24
2026-07-16 15:22:02,23.73,507.9,70.74,15.8,7.94,21.46,18.27,0.34,55.41
2026-07-16 15:33:13,23.65,550.0,79.03,30.4,9.94,20.98,21.57,2.32,53.39
2026-07-16 15:42:50,23.66,521.6,101.74,39.8,11.82,29.11,18.46,5.17,53.96
2026-07-16 15:52:32,23.79,535.0,83.75,8.1,13.44,23.34,22.9,5.83,51.3
2026-07-16 16:04:19,23.26,558.6,93.43,16.0,10.01,16.17,8.22,0.16,54.88
2026-07-16 16:10:13,23.77,502.7,83.03,8.0,13.32,31.66,15.75,6.3,53.2
2026-07-16 16:18:54,23.54,497.8,60.11,25.3,7.99,33.79,9.07,1.45,52.98
2026-07-16 16:30:05,23.37,535.0,56.79,32.3,10.12,24.28,5.24,19.48,51.82
2026-07-16 16:44:43,23.12,463.5,72.01,5.3,9.6,24.61,11.2,11.12,52.89
2026-07-16 16:56:11,22.76,446.5,55.64,27.5,11.5,22.61,14.92,15.06,49.32
2026-07-16 17:02:22,22.66,484.8,51.66,20.9,9.86,29.36,20.13,5.5,50.83
2026-07-16 17:15:28,22.49,403.8,71.42,30.6,6.24,28.95,11.93,4.94,52.45
2026-07-16 17:20:42,22.73,470.8,52.26,23.0,5.76,33.52,22.8,3.5,48.87
2026-07-16 17:26:30,21.77,401.2,69.31,10.2,7.06,30.18,11.5,2.5,50.82
2026-07-16 17:32:33,23.26,383.7,49.11,32.4,11.23,23.28,19.58,1.74,50.96
2026-07-16 17:39:58,22.38,408.6,61.96,8.9,11.98,24.73,17.56,0.98,54.43
2026-07-16 17:54:39,21.66,361.3,37.26,33.0,10.89,28.18,15.52,2.99,51.77
2026-07-16 18:08:46,21.7,388.4,58.08,38.1,11.12,23.8,17.24,1.27,49.27
2026-07-16 18:20:30,23.0,376.2,54.39,27.1,6.33,33.15,16.21,4.7,51.02
2026-07-16 18:30:26,21.65,409.8,76.64,34.8,5.84,27.94,15.19,2.69,52.11
2026-07-16 18:39:52,21.73,398.8,54.88,23.8,9.78,23.87,12.94,22.45,49.15
2026-07-16 18:52:53,21.28,341.6,59.27,10.2,13.8,30.25,17.25,4.64,50.65
2026-07-16 19:03:18,20.71,332.6,57.07,27.1,8.7,26.9,15.8,12.86,50.15
2026-07-16 19:14:53,20.6,341.9,69.68,8.9,17.6,29.54,17.69,0.11,47.78
2026-07-16 19:27:44,20.9,340.3,73.87,22.5,8.54,26.02,12.74,0.43,44.47
2026-07-16 19:39:23,20.38,270.3,65.19,32.9,8.07,24.73,15.8,3.07,47.49
2026-07-16 19:49:38,21.13,323.6,89.86,25.5,14.0,31.02,12.8,0.29,47.16
2026-07-16 20:03:06,20.48,257.5,80.21,27.2,10.63,23.09,13.17,4.47,47.86
2026-07-16 20:09:46,21.05,195.9,94.23,9.1,12.33,29.43,9.16,0.77,45.92
2026-07-16 20:23:18,21.86,242.7,80.59,7.9,6.92,32.62,19.28,9.67,51.85
2026-07-16 20:28:53,20.7,281.9,76.09,17.2,12.8,22.27,17.61,4.51,50.49
2026-07-16 20:34:28,20.66,181.0,79.8,24.4,12.97,21.92,15.18,6.13,47.29
2026-07-16 20:47:15,20.15,259.7,96.35,27.7,8.63,23.25,10.85,4.26,46.65
2026-07-16 21:01:46,19.83,224.4,108.33,29.3,12.38,24.18,12.42,8.13,43.3
2026-07-16 21:08:11,19.07,245.6,90.74,35.9,6.73,25.37,7.14,1.5,45.02
2026-07-16 21:16:22,20.05,255.9,102.37,38.4,3.5,25.45,16.81,8.79,45.38
2026-07-16 21:24:22,20.19,172.8,85.03,27.9,10.95,28.43,9.17,3.88,40.61
2026-07-16 21:37:31,19.92,208.2,89.63,6.7,9.15,23.56,16.3,10.22,46.33
2026-07-16 21:43:02,18.69,197.5,100.87,16.1,13.11,20.71,11.87,3.99,45.32
2026-07-16 21:54:27,19.72,201.1,109.87,5.2,12.45,26.95,13.65,11.68,45.83
2026-07-16 22:08:01,19.6,129.7,115.75,16.8,4.05,23.05,9.32,0.41,47.72
2026-07-16 22:22:27,19.44,100.4,96.84,6.5,4.78,25.87,12.95,3.55,44.65
2026-07-16 22:33:47,19.87,206.1,94.5,22.7,8.17,31.02,15.25,4.09,48.68
2026-07-16 22:39:03,19.52,181.7,118.67,27.1,14.0,29.86,16.52,1.32,48.53
2026-07-16 22:54:01,19.62,174.0,111.74,24.7,13.26,23.44,15.9,0.92,44.14
2026-07-16 23:01:44,19.08,200.4,119.89,7.1,7.77,25.7,14.24,8.43,45.82
2026-07-16 23:13:47,18.52,139.8,105.59,10.5,8.88,32.45,18.24,2.92,43.79
2026-07-16 23:25:27,18.33,158.3,97.54,33.6,9.24,34.78,19.67,4.28,44.1
2026-07-16 23:30:29,19.62,182.0,109.39,16.6,11.83,22.4,9.5,0.31,42.68
2026-07-16 23:44:19,19.04,117.7,84.83,32.7,12.38,19.77,10.51,0.17,43.01
2026-07-16 23:57:59,18.93,168.3,103.66,12.7,16.21,33.72,19.96,4.92,43.57
2026-07-17 00:07:09,19.05,152.1,113.87,29.0,12.44,26.53,17.5,7.15,43.55
2026-07-17 00:17:49,19.74,149.4,113.55,18.0,11.96,27.1,21.62,2.14,41.34
2026-07-17 00:32:10,18.89,189.1,118.37,18.4,10.87,22.17,12.11,3.63,43.41
2026-07-17 00:46:09,19.37,141.0,100.45,19.2,9.89,21.51,10.93,1.47,42.8
2026-07-17 00:59:18,19.23,140.0,99.45,24.9,9.25,23.32,5.49,15.44,46.59
2026-07-17 01:11:43,19.4,164.6,109.37,23.0,11.43,33.2,18.59,9.0,45.29
2026-07-17 01:24:03,19.23,121.1,102.34,38.6,13.11,31.68,16.54,1.64,43.8
2026-07-17 01:37:40,20.5,144.2,105.36,38.1,10.75,25.3,13.66,2.19,44.21
2026-07-17 01:47:53,18.36,176.8,121.97,35.3,11.97,29.3,13.94,4.84,42.51
2026-07-17 02:00:23,19.63,184.8,93.98,37.5,9.82,37.92,15.52,0.76,43.78
2026-07-17 02:09:56,19.41,200.4,102.75,26.2,9.92,26.4,6.29,0.68,44.71
2026-07-17 02:19:32,20.09,199.7,95.22,15.4,6.83,18.22,18.4,6.21,46.39
2026-07-17 02:30:07,19.56,174.8,112.23,8.0,11.56,29.96,22.1,5.83,47.28
2026-07-17 02:35:23,20.11,215.1,114.92,32.1,14.01,24.88,10.5,12.27,45.76
2026-07-17 02:46:58,19.91,256.5,106.83,31.7,4.12,18.92,13.64,0.46,49.2
2026-07-17 02:54:36,20.18,205.0,80.13,34.4,8.76,27.19,19.17,5.39,47.64
2026-07-17 03:00:45,19.25,279.4,70.28,22.5,7.68,25.68,10.06,1.61,43.17
2026-07-17 03:06:01,19.48,179.0,107.99,7.8,6.94,21.51,21.13,1.07,43.25
2026-07-17 03:21:01,20.45,137.0,91.37,33.3,13.78,29.86,12.44,0.55,47.0
2026-07-17 03:34:14,20.4,244.4,85.14,10.3,8.12,20.22,13.36,1.26,45.75
2026-07-17 03:43:20,20.87,294.1,73.16,21.8,0.29,18.36,21.13,2.77,42.2
2026-07-17 03:55:08,21.0,273.3,79.17,5.8,5.13,36.12,12.91,2.01,46.64
2026-07-17 04:09:37,20.13,317.2,77.37,26.5,11.7,27.66,20.43,1.31,51.03
2026-07-17 04:19:34,21.13,326.3,85.58,22.6,11.18,40.92,14.44,1.43,46.78
2026-07-17 04:34:33,21.22,308.8,78.19,9.2,11.42,23.31,6.52,3.4,46.21
2026-07-17 04:41:28,20.06,285.7,72.03,37.2,12.62,15.26,6.17,0.27,45.19
2026-07-17 04:51:27,20.75,331.1,85.09,14.9,8.2,28.79,9.54,1.8,48.1
2026-07-17 05:02:47,21.31,388.8,84.96,8.5,11.68,24.97,15.67,1.66,50.47
2026-07-17 05:15:23,21.66,367.4,62.4,7.6,10.32,15.78,10.55,6.57,47.51
2026-07-17 05:20:43,21.84,365.9,69.33,37.3,8.73,24.24,15.28,8.47,45.18
2026-07-17 05:34:10,21.32,376.2,64.88,29.6,5.77,31.48,18.27,1.44,47.3
2026-07-17 05:42:27,21.58,393.4,63.63,21.9,9.94,28.76,18.95,2.01,49.17
2026-07-17 05:49:42,21.42,383.8,60.86,25.9,0.85,24.05,9.76,1.22,48.16
2026-07-17 06:03:06,21.93,335.1,56.43,19.3,8.25,34.23,17.88,11.94,50.83
2026-07-17 06:15:42,21.76,439.7,67.22,19.4,15.54,31.87,17.21,0.59,51.67
2026-07-17 06:21:52,22.35,417.7,60.81,29.8,12.55,38.32,11.87,21.29,49.96
2026-07-17 06:32:47,22.28,435.7,47.43,39.7,13.18,25.46,15.45,3.57,52.5
2026-07-17 06:41:04,23.11,469.9,72.31,8.1,6.05,30.84,19.52,10.55,52.55
2026-07-17 06:54:33,22.92,426.3,61.85,36.6,7.84,24.48,11.77,0.01,47.41
2026-07-17 07:04:49,23.51,462.3,57.82,34.8,9.71,25.46,19.53,0.24,48.69
2026-07-17 07:14:06,23.45,461.4,66.15,22.7,11.92,17.57,13.82,3.16,52.81
2026-07-17 07:23:35,23.48,457.2,48.49,11.3,11.24,24.46,19.27,4.53,48.98
2026-07-17 07:31:10,23.18,506.0,62.43,16.8,9.18,27.26,16.62,8.66,52.01
2026-07-17 07:39:53,23.78,447.2,68.33,26.2,11.2,22.91,10.09,12.77,53.7
2026-07-17 07:52:39,23.02,558.3,69.81,29.3,7.68,38.64,18.94,0.22,48.34
2026-07-17 07:58:07,23.15,461.3,68.05,39.1,13.91,26.52,12.07,4.68,52.5
2026-07-17 08:05:09,24.25,510.1,64.87,29.9,10.33,25.47,20.53,3.82,53.23
2026-07-17 08:12:38,22.93,540.4,71.9,17.3,13.2,21.83,12.69,0.51,50.59
2026-07-17 08:22:08,23.77,577.7,71.23,18.4,12.85,24.05,22.63,4.72,52.46
2026-07-17 08:36:17,24.44,567.0,89.39,11.7,5.26,24.09,21.51,6.12,53.98
2026-07-17 08:49:00,23.7,568.0,81.68,14.8,10.91,24.86,13.02,4.94,55.38
2026-07-17 08:56:56,23.5,568.0,114.32,23.7,12.69,16.93,15.59,2.68,56.33
2026-07-17 09:04:39,24.26,575.4,79.95,35.5,6.37,32.33,18.62,4.11,52.94
2026-07-17 09:14:32,24.53,556.8,93.11,35.8,8.7,22.92,13.25,18.62,56.8
2026-07-17 09:28:05,24.55,547.1,92.25,30.6,10.1,19.6,15.59,0.19,50.59
2026-07-17 09:42:13,24.13,648.5,111.15,6.2,11.05,31.49,14.48,5.18,53.77
2026-07-17 09:50:47,24.04,604.5,102.35,10.3,9.06,20.52,9.79,10.99,54.51
2026-07-17 09:57:58,24.78,594.8,104.64,38.7,10.06,26.21,9.72,5.48,54.2
2026-07-17 10:07:42,24.21,570.9,93.36,33.5,7.58,25.28,16.56,6.27,53.62
2026-07-17 10:15:57,24.82,634.3,104.65,39.8,9.7,23.81,12.12,7.49,52.9
2026-07-17 10:28:19,24.99,579.9,111.99,12.7,15.43,20.74,19.27,2.24,57.79
2026-07-17 10:42:23,24.97,617.3,110.97,38.0,6.0,15.92,13.91,3.92,55.04
2026-07-17 10:47:30,24.23,643.2,113.0,33.0,9.39,15.96,19.73,0.44,54.46
2026-07-17 10:55:04,25.31,687.9,99.23,12.1,10.26,28.24,15.55,2.07,55.19
2026-07-17 11:05:13,24.53,677.0,108.67,37.5,11.28,30.54,17.73,6.89,55.19
2026-07-17 11:19:07,25.29,612.5,103.36,6.4,15.71,22.93,19.21,7.89,54.13
2026-07-17 11:25:37,24.72,644.4,124.44,28.8,10.5,23.7,11.23,0.26,54.63
2026-07-17 11:35:59,25.05,642.7,89.09,28.1,9.89,18.86,14.74,0.87,54.86
2026-07-17 11:49:15,24.24,636.9,112.27,19.6,6.8,33.7,16.28,0.42,55.55
2026-07-17 11:55:04,25.18,650.7,104.44,37.7,9.9,27.46,14.55,0.78,55.46
2026-07-17 12:00:25,25.13,679.6,123.32,32.1,4.55,22.4,21.74,4.58,56.45
2026-07-17 12:12:35,24.01,592.0,120.77,29.2,8.36,18.13,15.91,0.16,56.59
2026-07-17 12:25:29,25.48,671.3,111.66,20.7,8.15,27.45,16.38,0.96,55.81
2026-07-17 12:31:33,24.62,655.8,111.59,5.2,8.25,24.19,19.73,1.67,55.43
2026-07-17 12:39:44,24.8,635.2,105.76,23.4,11.25,27.82,8.2,1.07,55.87
2026-07-17 12:46:10,24.69,638.1,118.31,27.1,12.18,21.12,10.97,5.91,58.28
2026-07-17 13:00:32,24.4,623.2,114.8,39.0,7.52,21.06,20.64,1.5,54.66
2026-07-17 13:07:16,24.74,600.3,113.98,24.2,6.82,28.84,16.07,0.37,58.38
2026-07-17 13:17:07,24.7,639.1,98.72,38.8,12.33,19.6,13.19,0.33,54.5
2026-07-17 13:31:20,25.05,605.5,100.4,39.5,8.1,18.23,9.34,16.51,52.35
2026-07-17 13:44:07,24.39,625.0,101.17,19.3,6.73,23.05,15.34,10.29,53.79
2026-07-17 13:55:58,24.83,616.8,113.95,25.4,13.23,22.33,20.06,7.33,51.48
2026-07-17 14:06:42,24.34,617.2,104.54,15.1,6.57,29.55,19.87,2.99,54.36
2026-07-17 14:18:49,23.87,588.8,91.08,32.8,7.52,23.95,15.04,4.12,55.04
2026-07-17 14:28:44,24.7,610.6,97.82,10.1,4.82,15.18,20.14,2.16,57.82
2026-07-17 14:40:32,24.53,603.1,99.85,9.3,7.72,21.68,4.65,4.18,57.41
2026-07-17 14:46:34,24.95,530.3,124.42,20.4,7.08,21.47,18.3,4.51,54.95
2026-07-17 14:59:08,23.57,580.3,97.38,5.4,11.53,14.31,16.11,8.87,49.75
2026-07-17 15:08:28,23.44,509.3,96.32,20.8,11.85,19.69,14.71,3.21,55.7
2026-07-17 15:19:28,23.66,465.7,79.44,38.5,11.86,23.89,13.2,1.66,53.0
2026-07-17 15:34:21,23.07,526.1,62.44,26.6,10.47,21.89,14.38,6.91,50.93
2026-07-17 15:40:46,23.83,501.2,85.71,17.3,9.22,29.55,12.86,0.61,54.87
2026-07-17 15:45:55,23.03,542.5,95.28,16.4,5.59,24.2,15.29,4.98,52.82
2026-07-17 15:51:11,24.33,489.7,67.92,14.2,6.99,21.85,10.04,19.06,50.54
2026-07-17 16:04:41,24.26,500.7,79.34,19.3,9.17,26.05,9.75,6.92,54.44
2026-07-17 16:14:21,23.09,512.7,87.15,25.3,8.6,28.29,16.77,0.87,51.26
2026-07-17 16:23:35,22.74,553.9,71.6,36.3,13.79,29.2,12.02,2.45,53.18
2026-07-17 16:37:58,24.22,431.4,75.9,12.1,10.36,29.44,11.96,0.94,51.28
2026-07-17 16:48:07,23.1,494.2,77.35,6.9,9.38,28.49,15.67,5.79,48.25
2026-07-17 17:01:08,23.38,433.2,77.19,36.6,14.35,19.83,19.35,3.59,54.47
2026-07-17 17:12:35,22.92,409.3,66.01,29.3,7.19,29.7,11.36,2.12,49.88
2026-07-17 17:23:24,22.52,401.5,52.26,21.2,11.2,12.4,11.98,1.95,50.37
2026-07-17 17:34:18,22.5,389.4,54.05,27.9,10.69,34.23,14.49,2.13,52.0
2026-07-17 17:40:47,22.53,480.4,54.87,15.3,8.18,26.37,13.83,6.27,53.51
2026-07-17 17:54:40,22.36,379.0,64.6,30.8,9.93,20.94,19.66,1.41,54.46
2026-07-17 18:01:46,21.93,421.2,46.69,36.9,12.91,16.87,14.66,4.62,50.38
2026-07-17 18:13:06,22.25,363.2,46.57,30.1,6.86,31.55,17.81,2.59,49.38
2026-07-17 18:19:11,22.17,404.4,42.57,33.3,8.08,24.61,19.55,9.43,47.29
2026-07-17 18:24:16,22.12,357.7,46.63,5.1,2.22,29.29,14.82,0.01,50.27
2026-07-17 18:38:30,21.68,387.1,50.15,11.8,9.77,27.0,15.32,7.33,48.57
2026-07-17 18:49:50,20.81,268.2,51.48,10.3,12.63,21.93,14.4,14.12,47.81
2026-07-17 18:55:37,21.34,358.8,68.05,8.4,13.92,25.77,14.37,12.71,51.5
2026-07-17 19:05:33,22.31,358.1,70.81,12.6,12.0,23.92,13.96,3.92,48.56
2026-07-17 19:12:32,21.36,316.6,58.24,34.0,11.69,20.82,15.38,0.24,48.11
2026-07-17 19:27:29,20.73,329.3,84.82,37.1,7.7,16.5,20.08,23.03,49.12
2026-07-17 19:35:47,21.34,298.9,92.79,23.8,7.79,24.75,20.41,0.71,46.12
2026-07-17 19:45:22,20.27,254.4,62.78,29.7,8.61,19.86,14.68,8.34,49.28
2026-07-17 19:59:26,20.55,267.6,76.84,15.8,12.77,16.78,14.28,0.12,42.42
2026-07-17 20:05:02,21.53,299.3,78.07,13.6,10.21,30.0,12.09,0.6,47.64
2026-07-17 20:16:55,20.71,204.8,80.9,17.4,14.05,28.99,11.88,2.19,46.73
2026-07-17 20:28:50,21.12,215.1,93.06,33.1,8.96,21.02,18.65,4.42,46.45
2026-07-17 20:37:56,20.25,266.2,104.25,16.2,9.67,17.58,18.29,0.65,46.6
2026-07-17 20:50:08,20.67,265.5,85.78,39.2,10.73,32.86,11.38,12.06,43.96
2026-07-17 20:59:58,19.69,249.6,94.87,16.5,8.2,33.06,16.51,9.87,43.94
2026-07-17 21:09:04,19.9,198.7,112.07,32.8,8.52,16.84,14.73,10.12,44.33
2026-07-17 21:19:08,20.72,179.7,107.0,32.0,10.31,32.45,17.7,4.73,46.14
2026-07-17 21:29:12,19.5,221.6,100.55,23.7,7.33,12.95,16.39,6.31,42.62
2026-07-17 21:39:28,20.22,220.3,87.36,14.8,9.97,20.4,19.07,11.07,42.75
2026-07-17 21:49:34,20.0,119.8,92.19,31.1,12.15,19.43,19.49,3.97,42.98
2026-07-17 22:02:32,19.08,188.2,102.83,16.6,7.38,27.87,6.44,4.92,43.44
2026-07-17 22:09:56,19.5,257.6,109.77,34.1,11.06,31.48,11.98,12.73,43.77
2026-07-17 22:19:35,19.39,173.2,115.17,11.2,6.52,34.17,13.68,3.41,42.0
2026-07-17 22:28:22,18.44,172.9,110.39,30.0,11.43,28.08,16.2,1.59,44.86
2026-07-17 22:33:35,19.71,209.4,117.81,8.1,12.36,24.92,11.31,1.25,42.3
2026-07-17 22:39:16,18.89,224.9,110.71,17.2,4.62,15.91,12.96,1.14,43.08
2026-07-17 22:51:17,19.6,223.3,109.36,28.3,8.16,20.7,15.01,11.12,45.89
2026-07-17 22:57:03,19.66,208.3,115.96,15.9,10.32,18.61,19.88,1.58,45.06
2026-07-17 23:11:35,18.79,176.5,104.74,28.2,10.29,17.28,17.8,31.72,43.36
2026-07-17 23:19:59,18.25,125.3,99.0,10.7,9.58,30.28,11.21,2.37,43.83
2026-07-17 23:25:33,18.55,174.1,100.64,16.1,7.97,20.58,8.56,1.39,45.01
2026-07-17 23:35:03,19.07,156.3,106.26,13.0,10.83,25.34,14.77,4.43,41.5
2026-07-17 23:45:28,18.81,152.0,114.58,13.9,8.19,26.56,21.61,5.11,45.48
2026-07-17 23:56:12,18.9,154.2,106.79,16.8,8.51,27.13,12.79,2.42,45.32
2026-07-18 00:07:17,19.03,165.2,114.0,16.8,13.37,22.97,18.84,8.97,44.52
2026-07-18 00:20:19,18.87,176.3,113.17,26.2,7.17,18.66,21.64,0.37,44.13
2026-07-18 00:30:06,17.77,172.1,107.81,38.6,11.37,31.46,9.33,2.18,45.53
2026-07-18 00:40:28,19.57,154.5,103.19,24.4,7.39,26.59,5.65,2.18,39.88
2026-07-18 00:53:49,19.32,197.0,83.62,28.3,12.91,11.64,11.3,0.92,41.56
2026-07-18 01:07:45,18.36,168.9,96.48,12.1,9.54,22.27,13.28,3.74,46.2
2026-07-18 01:15:24,18.21,190.6,114.88,33.1,10.97,25.77,11.3,16.41,45.02
2026-07-18 01:20:59,19.26,209.9,102.29,30.3,8.04,26.3,17.7,2.07,40.33
2026-07-18 01:31:27,19.4,202.4,109.68,26.6,10.95,18.31,14.25,3.69,45.18
2026-07-18 01:38:26,20.2,196.7,110.43,22.9,10.82,28.93,14.84,5.71,43.43
2026-07-18 01:52:44,19.56,179.7,127.47,13.3,9.09,27.5,18.03,5.53,48.0
2026-07-18 02:00:28,19.04,175.2,103.06,33.2,9.18,31.14,18.16,1.49,44.74
2026-07-18 02:07:33,19.87,206.0,107.09,35.5,15.36,20.82,11.32,0.29,43.03
2026-07-18 02:13:09,20.25,190.3,99.63,21.4,11.14,29.04,17.98,9.43,47.13
2026-07-18 02:27:01,19.47,228.0,112.89,23.2,8.57,26.75,17.27,9.03,45.49
2026-07-18 02:37:14,19.41,231.5,100.02,28.3,4.0,23.86,15.44,0.82,43.98
2026-07-18 02:49:07,20.35,233.1,87.69,31.4,1.63,21.45,17.84,1.69,46.23
2026-07-18 03:02:38,19.89,198.7,91.05,20.4,5.76,15.13,16.18,4.04,49.3
2026-07-18 03:13:34,19.77,280.4,93.05,33.8,10.38,26.93,17.71,4.83,49.89
2026-07-18 03:28:10,20.21,299.4,92.37,13.0,7.27,17.36,5.98,6.36,42.24
2026-07-18 03:33:44,19.88,277.5,80.63,17.2,11.45,23.56,8.08,5.14,46.85
2026-07-18 03:43:18,21.52,301.2,79.74,23.7,8.5,25.8,15.35,1.14,46.59
2026-07-18 03:49:23,20.56,297.2,84.41,17.1,6.91,18.84,12.89,0.14,44.64
2026-07-18 03:57:31,20.95,298.4,81.31,8.5,7.41,26.18,16.33,1.93,46.31
2026-07-18 04:06:53,20.08,338.3,55.31,11.2,13.06,29.86,13.72,0.71,49.08
2026-07-18 04:19:10,21.46,332.8,72.03,19.6,9.68,19.35,16.0,0.44,48.79
2026-07-18 04:26:38,21.33,330.0,69.14,31.6,5.54,35.24,12.86,27.84,49.24
2026-07-18 04:36:32,21.81,367.5,70.88,7.5,10.98,30.82,19.45,3.61,46.9
2026-07-18 04:41:32,20.06,309.9,59.0,7.6,10.01,31.48,16.0,0.23,43.75
2026-07-18 04:48:29,20.44,297.0,54.77,5.4,13.76,21.83,18.8,3.28,48.07
2026-07-18 05:00:53,21.81,359.0,46.97,24.4,12.63,17.88,12.63,11.6,49.2
2026-07-18 05:06:35,21.29,327.5,62.46,5.9,15.43,30.89,15.88,2.83,53.41
2026-07-18 05:15:49,21.75,282.8,73.8,37.7,10.95,25.74,19.6,4.52,49.19
2026-07-18 05:26:01,21.02,347.4,45.77,26.6,9.96,23.09,12.23,4.79,51.1
2026-07-18 05:32:38,21.8,395.4,54.7,22.9,13.53,18.82,14.34,3.19,49.44
2026-07-18 05:37:44,22.02,315.2,59.07,13.1,6.72,23.69,21.87,1.05,45.67
2026-07-18 05:52:21,21.92,341.1,56.3,39.3,11.67,16.38,9.02,0.58,47.91
2026-07-18 05:59:23,21.76,410.2,30.8,22.6,9.58,21.87,21.04,1.36,52.56
2026-07-18 06:11:43,21.8,435.4,41.91,11.1,9.99,20.1,18.81,3.13,51.56
2026-07-18 06:20:39,22.82,450.5,69.25,23.0,6.36,29.58,11.39,4.35,48.14
2026-07-18 06:34:32,22.64,436.9,57.75,12.9,3.6,24.17,14.9,0.99,53.37
2026-07-18 06:41:52,22.37,476.4,52.08,15.1,9.98,21.67,17.1,8.87,52.97
2026-07-18 06:46:54,22.72,421.5,48.13,32.8,7.86,24.99,13.76,1.12,51.56
2026-07-18 06:53:07,22.41,470.5,66.27,12.3,6.5,20.31,15.69,6.0,50.9
2026-07-18 07:07:46,23.04,433.7,78.43,31.3,2.39,29.14,17.14,4.23,49.27
2026-07-18 07:20:53,23.71,503.7,69.48,26.1,10.77,22.59,25.96,1.05,53.56
2026-07-18 07:31:44,23.25,449.4,79.98,10.2,16.94,18.69,13.61,6.04,54.76
2026-07-18 07:41:59,23.69,515.2,82.67,9.4,16.96,19.3,11.65,1.68,55.22
2026-07-18 07:51:35,22.91,502.4,69.07,31.8,5.38,25.13,11.22,4.5,52.48
2026-07-18 07:57:57,23.13,537.2,97.68,14.8,10.13,32.12,12.02,3.16,53.14
2026-07-18 08:05:34,23.04,528.5,77.31,12.1,8.69,28.75,19.37,4.55,51.94
2026-07-18 08:19:46,23.99,537.4,87.72,19.8,10.48,22.22,19.28,0.05,52.89
2026-07-18 08:28:51,23.85,510.5,77.95,38.1,11.33,21.88,14.04,7.39,55.01
2026-07-18 08:43:22,23.81,599.1,100.48,15.8,15.48,27.58,12.78,2.65,54.35
2026-07-18 08:56:10,22.96,547.7,89.81,19.6,8.65,29.47,19.61,6.8,47.7
2026-07-18 09:03:22,24.29,598.0,92.56,7.5,4.69,27.25,3.93,14.81,54.62
2026-07-18 09:16:31,24.43,592.2,93.95,16.9,8.77,19.26,14.91,2.94,56.35
2026-07-18 09:26:28,24.55,612.9,89.22,28.3,12.09,20.74,19.26,2.41,51.14
2026-07-18 09:37:54,23.99,549.9,96.46,31.1,9.42,29.31,10.67,6.44,53.79
2026-07-18 09:46:43,24.87,595.1,107.38,37.4,8.38,24.11,11.96,2.02,55.67
2026-07-18 09:52:41,24.86,534.1,104.95,38.5,6.35,31.19,23.12,1.83,56.42
2026-07-18 09:58:42,24.83,590.8,107.63,34.9,13.54,18.1,11.34,7.56,55.32
2026-07-18 10:10:50,24.43,628.3,83.66,10.3,7.13,30.29,14.19,4.49,53.98
2026-07-18 10:21:10,25.13,605.9,108.17,26.2,13.17,24.02,15.07,1.98,55.61
2026-07-18 10:30:27,24.56,698.9,107.34,31.5,13.04,31.46,13.85,3.24,59.05
2026-07-18 10:38:03,24.73,620.1,106.36,24.5,13.84,19.81,25.39,2.81,53.22
2026-07-18 10:45:02,24.52,621.3,107.53,30.3,5.53,24.15,20.24,2.8,52.4
2026-07-18 10:59:13,24.97,577.7,115.33,31.1,13.23,15.93,18.39,0.15,55.73
2026-07-18 11:13:21,24.97,587.3,93.29,29.0,17.66,27.84,8.46,2.73,55.1
2026-07-18 11:25:54,24.11,603.1,111.6,24.6,6.26,23.02,17.1,2.86,59.56
2026-07-18 11:31:57,24.48,646.7,103.56,27.0,10.49,28.55,15.43,9.69,57.07
2026-07-18 11:46:24,25.23,648.8,110.78,38.3,11.72,15.44,14.35,7.14,56.72
2026-07-18 11:59:08,25.74,690.3,114.95,39.5,7.9,26.25,15.17,3.15,57.22
2026-07-18 12:07:29,24.7,649.0,114.81,15.6,12.86,26.66,6.77,5.37,53.51
2026-07-18 12:14:17,25.71,644.9,115.02,12.1,10.63,29.71,16.45,4.2,57.09
2026-07-18 12:23:51,25.51,607.9,117.91,16.6,8.48,29.2,16.02,0.01,54.97
2026-07-18 12:35:46,25.34,607.9,119.22,18.0,8.65,18.73,11.3,16.69,57.53
2026-07-18 12:44:47,24.13,638.2,108.62,6.5,11.59,21.92,8.74,1.78,56.75
2026-07-18 12:52:23,24.94,624.9,116.71,14.9,11.51,29.96,12.38,11.17,51.77
2026-07-18 13:01:37,24.85,649.0,110.57,31.1,10.14,17.66,16.74,1.98,57.86
2026-07-18 13:15:17,24.84,562.1,101.84,20.0,8.1,23.74,14.55,28.84,54.41
2026-07-18 13:24:39,25.24,629.4,110.45,11.1,8.57,28.77,17.89,4.92,57.31
2026-07-18 13:38:14,24.22,614.4,90.5,35.5,10.86,31.27,24.64,9.39,54.75
2026-07-18 13:46:54,24.07,570.8,98.7,23.6,10.76,18.83,22.09,3.08,54.16
2026-07-18 13:54:24,23.98,611.5,80.98,17.0,10.36,31.14,12.84,6.6,52.49
2026-07-18 14:02:14,24.75,585.8,99.93,26.7,5.25,25.13,8.83,4.13,53.2
2026-07-18 14:13:36,24.6,582.1,106.56,6.6,11.56,19.92,8.87,10.33,58.96
2026-07-18 14:26:54,24.37,609.4,84.36,27.8,10.09,30.18,12.09,0.1,53.81
2026-07-18 14:37:42,24.77,610.0,97.96,9.4,13.12,33.53,18.33,10.35,54.51
2026-07-18 14:49:09,24.98,618.5,107.56,13.5,8.43,32.11,15.49,5.51,54.57
2026-07-18 14:56:18,24.39,550.2,84.0,20.6,8.78,26.07,10.94,1.35,53.5
2026-07-18 15:05:43,24.02,560.5,100.09,30.0,13.85,15.74,22.62,4.01,52.82
2026-07-18 15:16:33,23.66,510.6,97.13,13.3,9.54,25.52,13.34,0.27,52.85
2026-07-18 15:26:04,22.9,542.9,85.16,39.0,11.65,36.41,20.28,3.0,55.23
2026-07-18 15:35:18,24.45,551.7,80.81,17.7,15.11,24.35,17.86,3.9,54.23
2026-07-18 15:43:56,23.56,557.0,77.51,39.2,9.2,28.39,10.88,9.27,59.78
2026-07-18 15:53:54,23.49,500.0,76.69,14.7,9.09,29.82,17.91,17.22,52.18
2026-07-18 15:59:38,22.88,589.3,69.88,36.8,10.95,20.03,17.62,10.65,52.03
2026-07-18 16:12:52,23.96,511.8,71.56,9.8,3.68,27.95,10.58,0.91,51.06
2026-07-18 16:24:53,23.18,502.9,68.16,12.8,15.04,16.51,10.91,1.88,50.42
2026-07-18 16:32:53,22.61,459.6,93.89,14.7,13.74,26.0,14.37,3.69,56.07
2026-07-18 16:43:25,22.63,479.3,66.5,31.6,13.4,25.17,13.66,8.88,55.0
2026-07-18 16:56:55,22.66,461.1,69.17,28.2,9.86,31.53,19.21,9.53,50.37
2026-07-18 17:06:14,21.94,478.1,73.67,35.5,12.66,26.34,14.77,10.38,49.78
2026-07-18 17:20:09,22.33,399.4,50.96,25.4,6.0,18.19,6.95,5.65,54.34
2026-07-18 17:25:54,22.51,399.1,48.26,33.3,12.46,26.0,16.12,9.58,51.6
2026-07-18 17:34:25,22.74,415.9,62.21,25.9,10.72,20.67,11.05,5.92,52.32
2026-07-18 17:47:43,21.93,413.4,68.32,20.4,7.24,23.8,19.44,9.31,48.84
2026-07-18 18:01:37,21.95,414.5,34.89,29.4,14.76,26.93,16.47,4.0,47.04
2026-07-18 18:14:48,22.3,377.2,45.3,25.4,10.84,25.12,12.95,2.29,48.71
2026-07-18 18:21:10,22.13,369.6,61.48,14.7,11.05,26.73,16.3,1.31,48.76
2026-07-18 18:32:57,21.73,350.1,43.33,15.8,13.09,26.09,17.0,1.03,48.92
2026-07-18 18:47:32,21.02,321.7,49.18,8.6,11.05,22.32,16.08,13.35,48.91
2026-07-18 19:02:17,21.14,327.6,59.23,33.5,8.6,29.7,19.4,13.11,48.1
2026-07-18 19:14:15,20.84,336.4,66.82,33.7,9.6,29.42,19.08,0.35,46.38
2026-07-18 19:25:27,20.6,342.3,64.25,10.0,10.41,30.49,22.33,0.03,46.66
2026-07-18 19:32:56,20.97,329.8,73.92,34.7,9.08,30.22,16.26,1.69,51.62
2026-07-18 19:47:45,20.73,264.9,73.4,18.2,11.09,29.8,16.94,1.08,46.12
2026-07-18 19:58:00,21.75,255.1,92.39,17.1,4.17,16.03,14.72,2.83,44.76
2026-07-18 20:05:25,20.42,287.3,107.07,21.9,4.45,28.43,14.5,2.01,48.13
2026-07-18 20:16:20,19.86,244.9,73.06,32.6,9.65,26.18,16.03,9.1,45.66
2026-07-18 20:28:21,20.62,265.7,90.2,18.6,0,22.62,17.5,1.19,46.03
2026-07-18 20:33:49,21.52,298.1,94.68,39.5,5.12,15.4,19.34,5.27,49.22
2026-07-18 20:46:42,19.74,253.3,68.67,9.8,2.02,25.41,20.41,8.07,43.93
2026-07-18 20:56:43,19.94,214.8,89.74,8.7,7.84,30.35,26.0,8.1,49.24
2026-07-18 21:07:29,19.25,184.4,82.28,9.8,13.91,27.68,13.28,1.1,41.75
2026-07-18 21:16:49,20.56,257.3,92.31,15.3,12.78,21.69,17.2,2.81,47.62
2026-07-18 21:29:04,20.04,196.7,98.74,37.6,10.64,32.28,17.81,5.39,43.93
2026-07-18 21:35:51,19.77,196.9,103.86,32.0,9.21,22.36,19.8,3.05,45.96
2026-07-18 21:41:01,19.79,222.7,102.06,30.0,10.41,27.18,18.16,1.91,44.58
2026-07-18 21:54:07,19.95,174.5,110.89,27.6,8.06,27.68,16.43,2.33,43.47
2026-07-18 21:59:57,19.45,212.9,102.44,14.0,12.87,23.96,12.74,0.91,48.06
2026-07-18 22:14:10,19.86,196.0,88.21,7.7,6.44,24.01,19.48,2.26,48.33
2026-07-18 22:19:56,19.12,159.3,109.67,6.9,11.85,20.0,21.33,9.75,45.16
2026-07-18 22:34:24,19.3,146.4,109.53,12.9,12.04,17.91,13.55,1.59,46.12
2026-07-18 22:39:41,19.05,208.8,113.13,31.5,8.49,18.7,17.54,0.71,42.04
2026-07-18 22:51:06,19.61,181.6,112.03,7.7,9.95,29.17,22.43,12.21,45.44
2026-07-18 22:58:22,18.11,198.0,115.69,18.6,10.51,24.8,13.82,5.61,43.97
2026-07-18 23:07:26,19.46,144.2,112.29,9.0,10.68,29.55,18.82,7.84,42.68
2026-07-18 23:17:38,19.15,126.3,94.21,13.3,12.35,27.93,19.47,1.06,46.6
2026-07-18 23:31:13,19.23,132.8,119.29,18.7,12.61,27.32,21.49,0.19,46.12
2026-07-18 23:39:05,19.14,115.6,87.77,27.6,11.25,27.94,15.11,8.07,43.8
2026-07-18 23:50:10,18.68,177.0,97.48,38.0,9.27,20.83,19.09,5.44,44.78
2026-07-19 00:01:13,18.91,107.0,117.4,24.3,8.96,23.89,14.31,5.91,41.42
2026-07-19 00:11:10,18.34,146.4,114.77,11.0,9.43,33.13,16.12,0.06,43.15
2026-07-19 00:18:13,18.28,176.7,135.79,33.6,12.85,39.71,12.62,2.34,45.94
2026-07-19 00:27:59,18.62,147.0,109.47,37.6,10.76,20.63,21.65,0.83,40.06
2026-07-19 00:35:46,19.36,205.9,109.98,15.1,15.22,23.06,18.38,0.59,42.68
2026-07-19 00:45:40,18.82,172.9,91.19,34.3,5.93,29.5,11.93,8.06,44.69
2026-07-19 00:52:22,18.04,141.1,132.0,7.5,12.82,24.79,20.61,4.48,40.3
2026-07-19 01:00:16,19.42,152.0,93.85,18.3,13.92,22.33,18.08,2.91,43.21
2026-07-19 01:09:47,18.82,137.9,102.55,32.2,10.86,25.11,16.49,1.51,46.96
2026-07-19 01:24:17,19.46,139.7,124.3,5.3,9.51,30.7,6.9,10.09,44.35
2026-07-19 01:35:00,19.55,233.3,101.05,11.9,16.8,24.07,17.3,0.02,49.09
2026-07-19 01:43:19,19.09,263.2,85.11,32.8,11.34,28.38,21.56,9.7,45.27
2026-07-19 01:56:54,19.38,173.7,92.72,15.1,9.36,23.87,14.64,3.4,42.83
2026-07-19 02:04:37,19.27,166.9,95.68,33.3,10.47,23.39,18.79,2.93,43.41
2026-07-19 02:17:13,19.73,215.1,96.64,8.8,8.5,31.22,19.59,1.02,44.89
2026-07-19 02:26:34,19.52,201.3,108.94,21.3,11.61,26.97,17.37,4.67,49.51
2026-07-19 02:34:06,19.33,197.7,85.9,24.7,0,23.23,11.55,0.8,46.06
2026-07-19 02:40:40,18.16,206.6,98.49,14.9,9.9,19.99,13.67,5.83,45.82
2026-07-19 02:50:14,20.16,274.7,79.88,5.3,8.53,22.58,11.67,3.17,47.93
2026-07-19 02:59:15,19.19,230.0,97.49,34.7,13.24,10.78,25.0,15.11,46.36
2026-07-19 03:06:52,18.62,211.7,89.25,15.9,7.07,30.34,7.3,11.93,47.99
2026-07-19 03:21:04,20.49,214.0,86.0,21.8,6.48,36.2,13.35,3.42,47.49
2026-07-19 03:27:48,20.11,210.4,101.06,32.4,8.6,33.85,17.44,5.52,46.08
2026-07-19 03:38:14,20.68,248.4,78.69,10.5,14.77,30.03,16.25,2.62,47.33
2026-07-19 03:48:01,20.66,259.7,68.56,16.3,12.18,30.33,16.25,0.42,46.92
2026-07-19 03:54:07,19.93,274.8,84.6,36.0,7.18,29.51,10.67,6.18,48.32
2026-07-19 04:00:01,20.86,236.9,64.65,27.2,5.45,28.08,11.72,2.99,46.19
2026-07-19 04:14:50,20.26,269.1,85.32,24.6,8.57,26.31,7.94,6.94,47.69
2026-07-19 04:25:44,20.76,254.5,79.64,35.9,10.11,27.72,11.86,0.36,48.45
2026-07-19 04:39:10,21.26,336.8,60.33,25.2,8.74,33.01,8.85,1.41,48.52
2026-07-19 04:47:02,21.01,330.5,65.04,26.1,10.95,24.23,13.13,2.79,52.17
2026-07-19 04:55:08,21.29,301.6,66.32,34.5,7.55,21.99,11.22,8.4,50.16
2026-07-19 05:06:35,22.05,347.9,61.31,17.2,10.86,31.24,18.67,2.37,52.17
2026-07-19 05:17:12,21.47,310.7,65.06,30.9,9.18,22.04,9.07,3.26,48.74
2026-07-19 05:28:01,21.03,375.2,46.5,18.8,4.68,20.4,12.14,4.01,49.65
2026-07-19 05:35:09,21.66,358.2,58.33,21.2,11.56,26.16,13.39,3.18,47.71
2026-07-19 05:48:28,21.61,410.2,68.12,20.2,10.06,24.97,16.9,1.86,52.36
2026-07-19 05:56:11,22.49,418.5,66.65,28.6,7.24,33.42,20.02,2.67,50.74
2026-07-19 06:01:36,21.95,431.6,55.47,38.8,13.62,29.52,16.27,0.12,49.23
2026-07-19 06:06:42,21.17,426.3,48.05,22.3,11.5,24.69,21.29,0.77,50.07
2026-07-19 06:13:23,21.99,383.4,64.07,12.7,6.29,24.98,13.02,3.92,52.92
2026-07-19 06:25:12,22.87,418.9,48.53,14.5,6.67,20.21,20.49,3.23,47.66
2026-07-19 06:39:43,22.78,405.2,58.85,24.2,8.48,25.56,13.26,2.57,48.54
2026-07-19 06:54:24,23.14,500.8,72.89,35.1,17.72,30.04,16.99,4.21,53.03
2026-07-19 07:08:48,22.48,512.6,72.71,10.5,11.01,30.95,14.51,3.91,56.38
2026-07-19 07:21:02,22.82,452.9,59.89,25.0,10.61,19.99,14.32,1.45,49.6
2026-07-19 07:28:44,23.18,491.0,59.73,14.4,7.33,21.91,11.61,7.25,50.45
2026-07-19 07:43:31,24.39,533.2,85.98,28.8,11.76,26.02,18.49,9.06,53.68
2026-07-19 07:58:01,22.58,553.3,86.6,5.0,14.96,11.47,10.81,0.76,50.43
2026-07-19 08:04:40,23.66,511.2,78.6,18.5,11.33,16.52,9.8,1.69,54.11
2026-07-19 08:10:02,23.76,484.5,77.85,24.7,14.53,28.8,6.52,4.57,53.17
2026-07-19 08:17:21,24.16,494.3,70.19,8.5,6.11,33.15,21.06,1.98,52.27
2026-07-19 08:31:58,23.37,574.4,62.84,31.0,8.19,37.05,20.99,2.63,54.72
2026-07-19 08:40:48,24.05,545.9,93.13,13.2,9.42,18.2,14.16,15.23,53.14
2026-07-19 08:46:14,23.33,593.4,87.17,18.7,6.48,23.81,9.51,7.74,51.82
2026-07-19 08:51:40,24.23,595.9,85.49,29.2,13.98,26.96,21.4,12.35,56.34
2026-07-19 09:04:35,24.74,536.5,106.46,13.5,9.48,25.19,8.81,5.72,50.83
2026-07-19 09:11:24,24.7,562.2,97.08,19.6,12.63,27.92,16.19,12.24,56.24
2026-07-19 09:17:48,24.3,578.7,99.32,18.1,11.05,38.03,21.36,10.79,55.46
2026-07-19 09:28:59,23.54,603.5,99.49,21.3,8.64,22.62,16.83,1.88,55.85
2026-07-19 09:40:00,23.79,529.1,101.02,23.0,6.13,24.46,17.13,1.71,51.76
2026-07-19 09:51:23,24.62,624.3,102.69,28.8,8.53,24.55,20.65,0.92,57.18
2026-07-19 10:00:18,24.22,648.0,88.55,12.9,11.19,14.51,22.35,34.63,59.19
2026-07-19 10:10:07,25.51,586.5,104.86,12.9,9.2,25.48,22.49,1.25,57.65
2026-07-19 10:18:19,25.03,577.7,108.45,27.6,11.38,21.07,4.22,16.35,55.91
2026-07-19 10:24:35,24.48,592.4,100.11,37.6,11.29,26.83,17.01,3.35,53.7
2026-07-19 10:35:50,25.11,601.8,103.93,12.8,11.32,20.18,12.8,1.14,55.7
2026-07-19 10:46:30,24.33,629.9,88.07,34.1,7.58,25.99,17.48,6.32,55.52
2026-07-19 10:53:43,24.0,626.5,122.22,28.2,8.87,19.03,9.69,2.24,56.72
2026-07-19 10:59:43,24.19,617.9,116.08,14.7,11.76,19.35,14.47,5.96,59.02
2026-07-19 11:09:32,25.07,645.4,88.26,36.1,9.57,19.72,17.11,0.68,55.44
2026-07-19 11:24:20,24.69,614.7,116.6,10.2,10.88,32.51,10.0,6.32,55.14
2026-07-19 11:35:24,25.18,654.8,95.17,10.2,13.17,19.13,11.18,15.4,55.95
2026-07-19 11:40:55,25.11,647.0,114.94,10.0,11.93,25.57,16.92,0.11,54.03
2026-07-19 11:50:56,24.18,639.7,129.66,6.7,7.86,24.2,15.27,7.61,56.94
2026-07-19 11:58:56,24.78,616.2,126.74,29.6,8.68,29.93,15.09,5.32,55.93
2026-07-19 12:05:07,25.68,616.3,114.6,36.6,6.75,30.57,12.38,0.42,57.83
2026-07-19 12:17:44,24.84,596.0,115.85,17.4,13.09,31.5,14.47,10.98,52.81
2026-07-19 12:30:18,24.83,634.0,126.96,29.3,0.38,25.22,13.16,4.59,56.37
2026-07-19 12:38:24,24.56,631.5,121.97,32.2,10.11,32.28,15.62,4.38,56.85
2026-07-19 12:45:14,24.72,600.1,85.71,6.0,6.03,21.99,15.15,4.68,57.83
2026-07-19 12:54:25,24.96,633.1,129.86,26.0,14.4,22.83,13.12,3.76,56.48
2026-07-19 13:02:22,25.16,607.7,117.94,17.6,9.98,23.85,15.65,14.08,52.31
2026-07-19 13:16:31,25.15,636.3,119.22,13.7,9.33,22.31,14.74,6.64,54.37
2026-07-19 13:29:13,25.48,711.2,105.16,24.7,6.36,28.33,13.44,0.87,52.42
2026-07-19 13:34:53,24.86,673.8,85.31,28.7,6.88,23.63,15.83,0.03,55.13
2026-07-19 13:45:10,25.18,587.1,102.86,10.0,8.25,33.31,14.17,2.71,54.85
2026-07-19 13:50:13,25.29,671.1,109.4,30.9,4.39,24.38,16.13,0.59,56.73
2026-07-19 13:57:32,24.88,572.0,97.1,35.8,15.36,28.15,9.39,2.16,59.2
2026-07-19 14:05:14,23.48,627.1,106.06,21.9,10.96,27.46,15.02,13.64,57.01
2026-07-19 14:14:45,24.27,612.3,68.48,19.6,12.69,30.05,14.75,3.38,53.32
2026-07-19 14:26:46,23.75,594.7,100.24,15.5,8.48,14.49,12.8,0.91,54.65
2026-07-19 14:36:00,23.97,610.6,106.27,32.2,11.76,20.84,12.76,0.7,52.25
2026-07-19 14:48:31,23.7,582.8,74.32,12.9,16.11,21.25,17.67,0.79,54.15
2026-07-19 14:59:32,23.9,607.9,107.13,38.1,11.7,24.47,15.77,5.84,53.48
2026-07-19 15:09:56,23.75,560.5,91.73,11.9,5.82,24.5,8.38,3.12,50.84
2026-07-19 15:17:35,24.2,567.9,92.81,15.1,9.31,31.05,18.72,15.34,58.36
2026-07-19 15:24:58,24.22,520.9,88.36,30.3,12.77,25.87,13.51,3.91,54.15
2026-07-19 15:30:42,23.27,569.1,86.95,35.7,9.86,20.27,9.9,0.96,53.3
2026-07-19 15:43:18,23.56,565.5,86.79,11.0,16.67,31.17,17.51,1.46,57.35
2026-07-19 15:52:16,23.8,581.8,90.47,28.0,10.3,31.46,15.97,0.44,55.99
2026-07-19 16:02:15,24.05,491.0,91.87,29.3,7.51,24.5,13.9,5.01,54.29
2026-07-19 16:07:18,23.9,486.0,78.07,21.1,12.07,31.39,13.94,3.44,52.25
2026-07-19 16:19:08,22.97,552.1,76.0,38.8,10.78,25.42,3.31,8.93,51.55
2026-07-19 16:25:49,23.38,436.4,82.5,25.6,17.67,21.33,11.56,13.1,50.74
2026-07-19 16:36:27,22.59,482.3,67.75,9.4,7.12,22.11,16.94,2.06,49.71
2026-07-19 16:41:49,23.39,491.3,50.09,23.4,10.11,26.81,7.12,2.83,52.72
2026-07-19 16:48:05,22.74,512.7,93.81,12.4,6.7,23.87,12.03,4.0,48.7
2026-07-19 16:57:01,22.95,491.5,49.13,21.6,7.25,20.58,14.27,2.37,51.13
2026-07-19 17:06:01,22.43,431.9,82.4,27.8,11.92,20.6,13.74,8.99,49.43
2026-07-19 17:14:05,22.65,463.2,57.38,18.7,10.9,27.93,13.49,9.96,50.94
2026-07-19 17:22:31,23.72,461.2,72.91,17.2,9.92,30.86,6.83,1.6,52.5
2026-07-19 17:31:25,22.08,425.3,54.72,16.1,8.11,14.99,14.61,2.07,50.35
2026-07-19 17:42:32,21.98,449.6,43.83,15.0,8.9,22.65,16.3,4.72,51.67
2026-07-19 17:57:16,22.31,381.3,55.4,37.0,5.22,13.72,5.45,2.57,51.1
2026-07-19 18:12:10,21.74,374.7,82.17,11.4,5.1,24.5,20.77,2.6,49.47
2026-07-19 18:23:19,20.86,375.7,51.66,35.5,8.6,21.77,10.22,4.65,49.98
2026-07-19 18:35:52,21.0,404.5,60.35,32.6,12.94,27.44,13.15,7.07,51.48
2026-07-19 18:45:38,21.36,399.6,51.41,34.4,8.53,24.27,11.16,18.39,48.61
2026-07-19 19:00:22,21.73,361.4,56.26,13.9,8.5,32.13,10.03,0.12,47.55
2026-07-19 19:13:35,20.28,340.7,57.79,11.2,6.06,26.25,16.94,0.9,45.38
2026-07-19 19:19:11,21.45,294.7,70.84,32.4,10.59,22.04,4.87,0.44,49.13
2026-07-19 19:34:01,20.69,321.5,86.44,36.6,11.5,33.04,20.3,4.53,47.57
2026-07-19 19:39:45,20.47,232.0,94.49,17.3,12.4,25.08,7.15,0.88,45.25
2026-07-19 19:48:24,20.65,319.4,79.22,33.3,15.85,19.25,16.53,3.83,46.85
2026-07-19 19:53:39,20.69,244.6,73.82,36.4,9.06,19.95,15.69,1.9,45.62
2026-07-19 20:04:34,20.21,293.1,77.18,31.6,8.36,21.19,11.93,0.4,47.53
2026-07-19 20:11:57,20.96,298.3,75.56,17.6,9.03,24.9,24.26,2.68,47.6
2026-07-19 20:21:27,21.19,248.4,85.88,29.2,6.03,11.87,18.85,2.43,48.0
2026-07-19 20:27:36,20.37,282.0,75.88,22.4,10.59,31.26,12.94,3.19,48.38
2026-07-19 20:33:32,21.17,336.1,97.35,9.7,9.7,35.56,13.22,6.92,44.34
2026-07-19 20:48:07,20.09,250.8,95.52,12.4,12.01,23.31,13.76,3.01,46.91
2026-07-19 21:02:32,19.68,268.1,97.09,7.3,12.75,30.5,17.74,22.02,44.84
2026-07-19 21:07:46,19.32,267.1,107.52,21.5,12.73,25.01,17.15,1.32,44.29
2026-07-19 21:21:10,19.68,194.8,90.31,16.9,9.95,29.89,19.91,1.1,42.81
2026-07-19 21:33:29,19.38,162.9,100.98,14.6,6.43,31.93,13.43,5.11,44.1
2026-07-19 21:40:53,20.17,224.3,119.87,31.1,8.64,23.96,15.94,23.7,44.53
2026-07-19 21:55:29,19.41,194.8,93.64,29.0,9.97,27.26,9.97,1.61,43.11
2026-07-19 22:05:41,19.59,200.9,108.68,21.3,9.71,31.23,17.16,4.45,47.5
2026-07-19 22:16:40,19.7,236.1,85.97,39.6,13.49,25.84,19.62,5.46,42.07
2026-07-19 22:23:01,18.51,170.8,107.01,12.1,13.36,13.73,14.89,3.17,42.6
2026-07-19 22:33:24,18.66,194.7,111.07,6.9,9.33,24.86,13.28,9.16,44.08
2026-07-19 22:46:49,20.03,231.7,105.33,25.4,9.59,10.97,18.06,4.0,44.51
2026-07-19 22:53:30,19.43,133.3,113.72,8.1,14.94,26.6,11.16,1.85,46.68
2026-07-19 22:59:44,18.06,194.0,122.33,33.8,11.77,24.8,17.58,1.68,45.02
2026-07-19 23:06:17,19.02,207.7,89.95,21.9,9.71,26.52,13.33,0.51,45.83
2026-07-19 23:13:41,19.57,195.7,113.33,31.0,10.66,24.42,16.95,1.02,44.6
2026-07-19 23:25:24,19.24,173.1,122.79,5.5,9.01,25.81,11.94,6.9,41.21
2026-07-19 23:37:45,20.08,96.6,133.71,31.5,9.35,34.29,12.67,0.67,39.54
2026-07-19 23:43:33,18.6,161.8,120.15,33.1,11.65,18.59,10.62,2.79,43.81
2026-07-19 23:54:05,19.14,128.1,110.04,38.4,15.1,24.86,16.4,7.53,44.58
2026-07-20 00:03:59,18.41,193.1,105.02,7.8,11.42,31.26,15.94,5.07,40.47
2026-07-20 00:17:54,18.4,116.5,105.65,26.3,5.35,27.32,12.89,1.23,43.54
2026-07-20 00:30:51,18.67,175.7,115.28,31.9,14.42,28.89,15.02,1.46,43.46
2026-07-20 00:36:24,19.96,171.9,103.5,13.0,4.81,28.29,8.77,6.29,42.26
2026-07-20 00:46:22,19.29,157.7,103.19,16.1,7.37,26.89,9.95,4.95,44.78
2026-07-20 00:53:36,19.04,133.0,113.45,16.6,7.67,30.61,10.15,1.51,45.19
2026-07-20 01:00:02,18.86,171.1,93.71,29.7,10.75,26.57,7.74,10.8,43.06
2026-07-20 01:06:40,19.47,194.1,115.01,16.5,9.86,32.89,14.53,3.4,44.32
2026-07-20 01:20:42,18.88,167.5,103.41,9.0,8.58,22.47,15.58,3.65,43.0
2026-07-20 01:32:00,18.69,140.1,97.25,11.1,16.28,26.03,14.27,10.24,44.0
2026-07-20 01:39:07,19.31,146.2,111.09,20.5,3.02,22.19,13.9,17.24,43.51
2026-07-20 01:53:42,19.97,146.6,101.65,28.5,7.72,20.38,16.55,1.93,42.41
2026-07-20 02:05:19,18.73,183.0,98.19,23.1,6.34,20.8,12.95,11.29,46.13
2026-07-20 02:14:09,19.93,127.8,97.59,33.4,6.66,15.56,14.03,1.43,43.34
2026-07-20 02:28:44,19.12,249.5,116.07,17.7,11.97,23.03,15.22,1.15,42.28
2026-07-20 02:40:02,18.74,173.9,78.6,10.8,8.84,24.7,12.59,1.17,46.43
2026-07-20 02:47:10,20.82,229.6,107.84,6.8,12.68,23.69,12.58,3.75,45.05
2026-07-20 02:55:56,19.93,246.1,85.86,32.0,6.84,30.0,10.9,2.07,42.72
2026-07-20 03:10:36,19.61,230.1,92.96,31.8,8.13,27.16,12.04,0.12,42.49
2026-07-20 03:21:32,20.69,249.0,105.09,9.8,9.03,26.79,8.77,0.69,47.49
2026-07-20 03:29:16,20.75,301.4,83.51,25.4,6.16,23.96,16.1,2.25,46.22
2026-07-20 03:35:43,20.99,280.5,79.87,29.7,12.87,30.18,14.79,10.41,43.84
2026-07-20 03:48:55,19.94,290.9,76.31,10.0,8.25,21.18,18.63,26.85,49.58
2026-07-20 03:55:38,19.93,222.8,84.52,36.0,10.95,21.73,11.33,5.62,44.57
2026-07-20 04:02:01,20.8,277.2,84.24,38.1,6.91,23.03,14.31,11.94,48.22
2026-07-20 04:16:03,20.81,328.8,91.79,6.1,13.92,31.21,14.99,15.65,43.92
2026-07-20 04:23:55,20.39,348.0,85.41,20.0,7.09,38.71,12.81,9.28,47.28
2026-07-20 04:33:42,21.03,324.5,59.68,13.5,8.16,20.36,18.32,4.94,47.07
2026-07-20 04:43:43,22.21,388.8,70.49,20.5,11.79,28.02,14.88,1.33,51.86
2026-07-20 04:51:11,20.53,342.5,75.41,24.5,10.44,26.72,18.68,1.69,47.56
2026-07-20 04:58:38,20.41,402.2,63.36,32.0,11.55,26.03,17.31,2.27,48.81
2026-07-20 05:06:41,20.49,358.0,63.26,29.4,7.85,23.12,15.47,3.38,49.05
2026-07-20 05:14:03,21.81,403.4,32.96,26.8,11.6,29.94,16.5,5.26,49.87
2026-07-20 05:25:22,21.62,406.9,56.87,9.9,12.1,18.37,11.68,11.74,47.69
2026-07-20 05:30:49,21.05,413.1,49.21,17.7,14.31,19.49,11.36,8.81,46.89
2026-07-20 05:44:40,21.83,394.8,67.76,10.7,10.88,27.9,18.31,3.89,49.58
2026-07-20 05:56:32,21.83,406.8,55.09,6.0,9.8,18.98,14.52,5.19,52.64
2026-07-20 06:03:42,22.76,365.5,56.31,31.8,16.02,26.22,10.42,3.57,50.9
2026-07-20 06:10:04,22.21,436.6,47.89,35.8,13.44,23.07,17.21,0.54,51.82
2026-07-20 06:21:39,21.92,463.4,70.57,7.8,6.09,16.58,13.63,22.47,48.62
2026-07-20 06:29:57,23.45,469.9,61.16,14.1,9.49,30.51,8.53,0.6,53.43
2026-07-20 06:35:57,22.74,421.3,80.58,31.5,11.5,31.15,19.9,3.36,51.99
2026-07-20 06:47:28,22.43,445.7,66.52,25.8,11.9,28.17,14.27,5.19,51.96
2026-07-20 07:01:42,22.24,488.8,76.04,17.9,13.94,24.97,16.07,1.07,50.71
2026-07-20 07:16:02,23.06,476.3,62.67,34.8,9.7,23.84,27.21,3.79,50.4
2026-07-20 07:26:18,23.06,506.2,84.69,18.9,8.37,36.57,12.73,1.15,50.5
2026-07-20 07:34:22,23.87,496.7,70.54,5.8,13.2,23.62,14.57,0.41,51.44
2026-07-20 07:42:05,23.56,491.2,71.25,6.6,6.01,29.49,15.68,14.79,51.17
2026-07-20 07:56:09,23.58,516.0,75.22,19.4,11.03,20.49,15.67,9.0,54.5
2026-07-20 08:09:21,23.48,517.0,90.75,16.9,12.02,29.03,17.6,1.61,53.93
2026-07-20 08:16:32,23.45,565.8,96.49,5.2,7.08,30.29,11.88,0.87,53.88
2026-07-20 08:27:46,23.87,523.8,85.38,24.8,1.49,22.27,11.41,4.1,49.59
2026-07-20 08:40:49,23.91,565.3,89.2,20.0,6.92,29.13,25.4,9.32,54.79
2026-07-20 08:53:50,23.7,546.1,80.64,7.0,11.49,25.38,19.12,4.73,56.6
2026-07-20 09:05:48,24.61,565.6,99.57,35.3,9.52,28.61,17.39,7.08,54.74
2026-07-20 09:18:06,23.97,536.4,104.6,5.0,8.29,12.73,21.01,0.44,53.63
2026-07-20 09:28:15,24.94,534.5,90.26,14.6,8.62,26.0,13.03,10.62,54.72
2026-07-20 09:34:05,24.21,595.9,105.58,25.8,18.29,25.97,17.42,0.67,55.07
2026-07-20 09:46:32,24.09,610.0,97.94,31.7,13.83,28.33,9.68,2.2,53.32
2026-07-20 09:58:38,24.68,632.6,89.74,27.4,8.32,26.96,17.11,1.94,54.48
2026-07-20 10:13:00,24.96,616.6,119.1,20.8,4.14,17.14,14.51,3.46,53.54
2026-07-20 10:20:53,24.04,613.3,99.38,18.9,2.07,26.96,13.63,1.17,57.75
2026-07-20 10:34:59,24.52,679.3,94.81,23.0,10.11,27.52,17.83,3.1,52.11
2026-07-20 10:46:35,24.74,635.0,123.99,6.2,4.3,26.35,14.09,10.4,54.82
2026-07-20 10:54:23,24.94,639.6,107.57,13.0,8.86,25.6,9.24,0.79,58.35
2026-07-20 11:07:31,24.36,597.5,119.73,35.1,9.45,20.03,17.3,10.07,59.13
2026-07-20 11:14:13,25.37,660.5,116.34,34.5,10.04,25.32,20.35,12.4,56.57
2026-07-20 11:23:35,24.45,600.8,102.67,30.3,5.31,22.4,23.3,6.57,56.37
2026-07-20 11:30:51,24.67,670.3,104.27,37.1,9.69,17.86,9.54,0.0,54.83
2026-07-20 11:43:57,24.98,702.7,120.89,13.7,11.35,37.06,13.55,0.37,55.63
2026-07-20 11:53:53,25.08,642.3,123.25,17.2,8.57,29.39,14.9,1.43,58.74
2026-07-20 12:00:29,25.32,665.6,110.48,19.6,5.05,21.12,8.92,5.02,53.72
2026-07-20 12:10:37,24.43,608.7,106.62,14.1,7.16,18.58,21.76,0.91,58.23
2026-07-20 12:20:42,25.24,639.7,108.43,30.0,8.44,31.05,14.12,2.85,57.48
2026-07-20 12:27:11,24.81,671.3,103.29,16.6,9.85,26.63,11.22,0.13,55.03
2026-07-20 12:39:48,24.91,645.2,107.91,26.5,4.46,24.94,16.64,30.14,54.98
2026-07-20 12:47:00,24.76,605.7,96.38,23.9,7.15,25.33,14.51,1.52,57.7
2026-07-20 12:56:54,23.89,630.4,116.18,30.9,10.99,23.0,13.97,6.39,60.42
2026-07-20 13:04:31,25.04,596.1,120.37,33.5,6.42,25.66,11.72,2.16,54.14
2026-07-20 13:15:00,24.55,614.9,106.57,17.8,11.18,28.54,12.88,1.26,54.46
2026-07-20 13:28:10,25.0,613.7,107.68,11.9,6.78,19.16,16.94,2.26,55.4
2026-07-20 13:41:23,24.53,609.7,102.76,7.0,10.25,29.26,13.79,9.47,52.98
2026-07-20 13:52:27,24.36,615.4,109.12,22.1,13.89,28.63,19.29,12.92,50.62
2026-07-20 14:03:33,24.57,551.4,100.09,24.3,12.09,22.29,18.61,6.27,54.57
2026-07-20 14:12:38,24.87,576.6,99.2,38.1,11.7,15.26,8.61,6.23,53.35
2026-07-20 14:22:01,24.14,570.1,88.08,10.5,17.36,25.45,9.13,3.06,55.21
2026-07-20 14:30:42,24.16,588.7,85.3,29.1,9.3,31.55,23.8,4.43,55.31
2026-07-20 14:36:31,24.82,614.2,94.71,8.3,8.74,28.75,14.5,2.61,57.9
2026-07-20 14:50:55,24.84,560.5,90.43,26.3,8.16,23.49,13.68,0.48,58.09
2026-07-20 14:59:21,23.77,574.9,88.48,5.7,9.29,24.53,21.64,5.59,56.27
2026-07-20 15:12:03,23.92,553.9,89.04,11.8,9.59,17.66,15.17,1.59,53.88
2026-07-20 15:23:00,24.02,605.0,65.33,24.7,10.56,26.95,17.19,0.31,51.92
2026-07-20 15:30:50,23.74,570.9,96.49,38.6,13.2,17.8,15.95,1.42,55.72
2026-07-20 15:43:10,23.92,546.0,90.05,31.2,8.57,25.84,20.87,6.05,52.38
2026-07-20 15:49:35,24.04,482.2,94.22,27.4,7.4,25.05,14.5,10.99,50.59
2026-07-20 16:04:32,23.33,487.7,71.45,22.4,11.72,24.95,21.68,0.55,51.62
2026-07-20 16:18:34,23.6,477.5,65.75,39.5,8.33,23.86,10.18,2.95,50.75
2026-07-20 16:28:12,23.18,548.2,67.58,30.5,12.15,27.14,16.03,4.49,50.4
2026-07-20 16:35:26,22.72,454.5,71.62,26.4,13.27,22.93,16.11,8.03,52.18
2026-07-20 16:41:54,23.01,471.1,60.06,38.9,12.1,23.63,15.36,0.26,49.36
2026-07-20 16:52:31,22.95,412.1,69.5,30.6,6.58,24.21,17.18,11.93,50.62
2026-07-20 16:59:09,22.61,437.8,52.02,16.0,13.24,23.02,11.08,2.35,52.83
2026-07-20 17:06:28,22.32,505.5,76.71,23.7,14.97,18.5,20.02,2.11,52.34
2026-07-20 17:21:13,22.02,425.9,60.32,23.0,12.19,26.52,16.48,0.87,50.8
2026-07-20 17:28:45,23.23,433.5,72.26,18.9,9.29,22.68,22.71,1.18,49.96
2026-07-20 17:35:53,21.67,409.5,67.36,22.9,10.34,25.58,9.95,4.12,50.33
2026-07-20 17:45:44,21.75,378.1,69.82,28.9,9.04,20.64,20.97,8.29,50.36
2026-07-20 17:54:16,22.4,389.0,92.38,6.4,13.14,27.34,15.31,2.01,49.48
